============================= test session starts ==============================
platform darwin -- Python 3.11.13, pytest-8.4.1, pluggy-1.6.0
benchmark: 5.2.3 (defaults: timer=time.perf_counter disable_gc=False min_rounds=5 min_time=0.000005 max_time=1.0 calibration_precision=10 warmup=False warmup_iterations=100000)
Using --randomly-seed=1400474758
rootdir: /Users/macbook-dev/Documents/GitHub/tldw_server2
configfile: pyproject.toml
plugins: anyio-4.12.1, benchmark-5.2.3, locust-2.43.3, asyncio-1.1.0, xdist-3.8.0, split-0.11.0, timeout-2.4.0, randomly-4.1.0, hypothesis-6.138.2, cov-6.2.1, mock-3.14.1
asyncio: mode=Mode.AUTO, asyncio_default_fixture_loop_scope=function, asyncio_default_test_loop_scope=function
timeout: 300.0s
timeout method: thread
timeout func_only: False
collected 30 items

tldw_Server_API/tests/DB_Management/test_conversation_settings_read_backends.py . [  3%]
...FF..F..F.F                                                            [ 46%]
tldw_Server_API/tests/DB_Management/test_character_world_book_reads_backends.py . [ 50%]
F..FFF.FFF.FF..                                                          [100%]

=================================== FAILURES ===================================
_ test_settings_roundtrip_preserves_document_version_and_timestamp[postgres-settings0] _
tldw_Server_API/tests/DB_Management/test_conversation_settings_read_backends.py:47: in test_settings_roundtrip_preserves_document_version_and_timestamp
    assert row is not None
E   assert None is not None
---------------------------- Captured stderr setup -----------------------------
2026-09-17 00:11:59.416 | INFO     | tldw_Server_API.app.core.DB_Management.backends.factory:create_backend:392 - Creating postgresql backend
2026-09-17 00:11:59.416 | INFO     | tldw_Server_API.app.core.config:_buffered_log:210 - Determined ACTUAL_PROJECT_ROOT for database paths: /Users/macbook-dev/Documents/GitHub/tldw_server2
2026-09-17 00:11:59.417 | INFO     | tldw_Server_API.app.core.config:_buffered_log:210 - Early loading environment variables from: /Users/macbook-dev/Documents/GitHub/tldw_server2/tldw_Server_API/Config_Files/.env
2026-09-17 00:11:59.421 | INFO     | tldw_Server_API.app.core.config:_buffered_log:210 - Early loading environment variables from: /Users/macbook-dev/Documents/GitHub/tldw_server2/tldw_Server_API/Config_Files/.ENV
2026-09-17 00:11:59.426 | DEBUG    | tldw_Server_API.app.core.config:_buffered_log:210 - load_and_log_configs(): Loading and logging configurations...
2026-09-17 00:11:59.426 | INFO     | tldw_Server_API.app.core.config:_buffered_log:210 - Loading environment variables from: /Users/macbook-dev/Documents/GitHub/tldw_server2/tldw_Server_API/Config_Files/.env
2026-09-17 00:11:59.430 | INFO     | tldw_Server_API.app.core.config:_buffered_log:210 - Loading environment variables from: /Users/macbook-dev/Documents/GitHub/tldw_server2/tldw_Server_API/Config_Files/.ENV
2026-09-17 00:11:59.435 | INFO     | tldw_Server_API.app.core.config:_buffered_log:210 - Attempting to load comprehensive config from: /Users/macbook-dev/Documents/GitHub/tldw_server2/tldw_Server_API/Config_Files/config.txt
2026-09-17 00:11:59.437 | INFO     | tldw_Server_API.app.core.config:_buffered_log:210 - load_comprehensive_config(): Sections found in config: ['Setup', 'UI', 'Server', 'Files', 'Image-Generation', 'ACP', 'WORKSPACES', 'ACP-WORKSPACE', 'ACP-SANDBOX', 'Audit', 'Processing', 'Media-Processing', 'Chat-Dictionaries', 'Chat-Module', 'Chat-Commands', 'Chat-Templating', 'Character-Chat', 'Settings', 'Auto-Save', 'Prompts', 'Database', 'Chunking', 'Visual-RAG', 'AuthNZ', 'Streaming', 'HTTP', 'Egress', 'Embeddings', 'Claims', 'ClaimsMonitoring', 'RAG', 'Search-Agent', 'ResourceGovernor', 'Jobs', 'SlidesStandaloneHtml', 'Diarization', 'API', 'MLX', 'Local-API', 'LlamaCpp', 'STT-Settings', 'external_providers', 'TTS-Settings', 'VibeVoice', 'Audio-Quota', 'API-Routes', 'Search-Engines', 'Web-Scraper', 'Logging', 'Moderation', 'Redis', 'Web-Scraping', 'personalization', 'persona', 'persona.rbac']
2026-09-17 00:11:59.439 | INFO     | tldw_Server_API.app.core.config:_buffered_log:210 - Ensured main SQLite database directory exists: /Users/macbook-dev/Documents/GitHub/tldw_server2/Databases
2026-09-17 00:11:59.439 | INFO     | tldw_Server_API.app.core.config:_buffered_log:210 - Ensured user data base directory exists: Databases/user_databases
2026-09-17 00:11:59.440 | WARNING  | tldw_Server_API.app.core.DB_Management.db_path_utils:resolve_user_db_base_dir:491 - USER_DB_BASE_DIR not configured in tests, using isolated fallback: /private/var/folders/sn/m80n2j152t9gw3w8qwk2nykh0000gn/T/tldw_user_databases_test/default-b4fffb23
2026-09-17 00:11:59.440 | INFO     | tldw_Server_API.app.core.DB_Management.ChaChaNotes_DB:__init__:7657 - Initializing CharactersRAGDB for path: /private/var/folders/sn/m80n2j152t9gw3w8qwk2nykh0000gn/T/pytest-of-macbook-dev/pytest-645/test_settings_roundtrip_preser2/settings.db [Client ID: 2] (backend=postgresql)
2026-09-17 00:12:00.908 | DEBUG    | tldw_Server_API.app.core.DB_Management.ChaChaNotes_DB:__init__:7664 - CharactersRAGDB initialization completed successfully for /private/var/folders/sn/m80n2j152t9gw3w8qwk2nykh0000gn/T/pytest-of-macbook-dev/pytest-645/test_settings_roundtrip_preser2/settings.db
----------------------------- Captured stderr call -----------------------------
2026-09-17 00:12:00.910 | DEBUG    | tldw_Server_API.app.core.DB_Management.ChaChaNotes_DB:_get_connection_for_state:8036 - Acquired backend connection (postgresql) for thread 8346099072
2026-09-17 00:12:00.912 | INFO     | tldw_Server_API.app.core.DB_Management.chacha.conversation_store:add_conversation:483 - Added conversation ID: f9f5cd68-6c72-4983-be5d-0819b196f18d.
2026-09-17 00:12:00.923 | WARNING  | tldw_Server_API.app.core.DB_Management.chacha.conversation_store:get_conversation_settings:243 - get_conversation_settings failed for f9f5cd68-6c72-4983-be5d-0819b196f18d: 'QueryResult' object has no attribute 'fetchone'
--------------------------- Captured stderr teardown ---------------------------
2026-09-17 00:12:00.976 | DEBUG    | tldw_Server_API.app.core.DB_Management.ChaChaNotes_DB:close_connection:8110 - Returned backend connection (postgresql) for thread 8346099072.
2026-09-17 00:12:01.080 | INFO     | tldw_Server_API.app.api.v1.API_Deps.ChaCha_Notes_DB_Deps:close_all_chacha_db_instances:876 - Closing all cached ChaChaNotesDB instances (0)...
2026-09-17 00:12:01.080 | INFO     | tldw_Server_API.app.api.v1.API_Deps.ChaCha_Notes_DB_Deps:close_all_chacha_db_instances:892 - All ChaChaNotesDB instances closed and cache cleared.
2026-09-17 00:12:01.080 | INFO     | tldw_Server_API.app.api.v1.API_Deps.ChaCha_Notes_DB_Deps:close_all_chacha_db_instances:876 - Closing all cached ChaChaNotesDB instances (0)...
2026-09-17 00:12:01.080 | INFO     | tldw_Server_API.app.api.v1.API_Deps.ChaCha_Notes_DB_Deps:close_all_chacha_db_instances:892 - All ChaChaNotesDB instances closed and cache cleared.
_ test_settings_roundtrip_preserves_document_version_and_timestamp[postgres-settings1] _
tldw_Server_API/tests/DB_Management/test_conversation_settings_read_backends.py:47: in test_settings_roundtrip_preserves_document_version_and_timestamp
    assert row is not None
E   assert None is not None
---------------------------- Captured stderr setup -----------------------------
2026-09-17 00:12:01.101 | INFO     | tldw_Server_API.app.core.DB_Management.backends.factory:create_backend:392 - Creating postgresql backend
2026-09-17 00:12:01.101 | INFO     | tldw_Server_API.app.core.config:_buffered_log:210 - Determined ACTUAL_PROJECT_ROOT for database paths: /Users/macbook-dev/Documents/GitHub/tldw_server2
2026-09-17 00:12:01.101 | INFO     | tldw_Server_API.app.core.config:_buffered_log:210 - Early loading environment variables from: /Users/macbook-dev/Documents/GitHub/tldw_server2/tldw_Server_API/Config_Files/.env
2026-09-17 00:12:01.106 | INFO     | tldw_Server_API.app.core.config:_buffered_log:210 - Early loading environment variables from: /Users/macbook-dev/Documents/GitHub/tldw_server2/tldw_Server_API/Config_Files/.ENV
2026-09-17 00:12:01.110 | DEBUG    | tldw_Server_API.app.core.config:_buffered_log:210 - load_and_log_configs(): Loading and logging configurations...
2026-09-17 00:12:01.110 | INFO     | tldw_Server_API.app.core.config:_buffered_log:210 - Loading environment variables from: /Users/macbook-dev/Documents/GitHub/tldw_server2/tldw_Server_API/Config_Files/.env
2026-09-17 00:12:01.115 | INFO     | tldw_Server_API.app.core.config:_buffered_log:210 - Loading environment variables from: /Users/macbook-dev/Documents/GitHub/tldw_server2/tldw_Server_API/Config_Files/.ENV
2026-09-17 00:12:01.120 | INFO     | tldw_Server_API.app.core.config:_buffered_log:210 - Attempting to load comprehensive config from: /Users/macbook-dev/Documents/GitHub/tldw_server2/tldw_Server_API/Config_Files/config.txt
2026-09-17 00:12:01.121 | INFO     | tldw_Server_API.app.core.config:_buffered_log:210 - load_comprehensive_config(): Sections found in config: ['Setup', 'UI', 'Server', 'Files', 'Image-Generation', 'ACP', 'WORKSPACES', 'ACP-WORKSPACE', 'ACP-SANDBOX', 'Audit', 'Processing', 'Media-Processing', 'Chat-Dictionaries', 'Chat-Module', 'Chat-Commands', 'Chat-Templating', 'Character-Chat', 'Settings', 'Auto-Save', 'Prompts', 'Database', 'Chunking', 'Visual-RAG', 'AuthNZ', 'Streaming', 'HTTP', 'Egress', 'Embeddings', 'Claims', 'ClaimsMonitoring', 'RAG', 'Search-Agent', 'ResourceGovernor', 'Jobs', 'SlidesStandaloneHtml', 'Diarization', 'API', 'MLX', 'Local-API', 'LlamaCpp', 'STT-Settings', 'external_providers', 'TTS-Settings', 'VibeVoice', 'Audio-Quota', 'API-Routes', 'Search-Engines', 'Web-Scraper', 'Logging', 'Moderation', 'Redis', 'Web-Scraping', 'personalization', 'persona', 'persona.rbac']
2026-09-17 00:12:01.124 | INFO     | tldw_Server_API.app.core.config:_buffered_log:210 - Ensured main SQLite database directory exists: /Users/macbook-dev/Documents/GitHub/tldw_server2/Databases
2026-09-17 00:12:01.124 | INFO     | tldw_Server_API.app.core.config:_buffered_log:210 - Ensured user data base directory exists: Databases/user_databases
2026-09-17 00:12:01.124 | WARNING  | tldw_Server_API.app.core.DB_Management.db_path_utils:resolve_user_db_base_dir:491 - USER_DB_BASE_DIR not configured in tests, using isolated fallback: /private/var/folders/sn/m80n2j152t9gw3w8qwk2nykh0000gn/T/tldw_user_databases_test/default-b4fffb23
2026-09-17 00:12:01.124 | INFO     | tldw_Server_API.app.core.DB_Management.ChaChaNotes_DB:__init__:7657 - Initializing CharactersRAGDB for path: /private/var/folders/sn/m80n2j152t9gw3w8qwk2nykh0000gn/T/pytest-of-macbook-dev/pytest-645/test_settings_roundtrip_preser3/settings.db [Client ID: 2] (backend=postgresql)
2026-09-17 00:12:02.575 | DEBUG    | tldw_Server_API.app.core.DB_Management.ChaChaNotes_DB:__init__:7664 - CharactersRAGDB initialization completed successfully for /private/var/folders/sn/m80n2j152t9gw3w8qwk2nykh0000gn/T/pytest-of-macbook-dev/pytest-645/test_settings_roundtrip_preser3/settings.db
----------------------------- Captured stderr call -----------------------------
2026-09-17 00:12:02.577 | DEBUG    | tldw_Server_API.app.core.DB_Management.ChaChaNotes_DB:_get_connection_for_state:8036 - Acquired backend connection (postgresql) for thread 8346099072
2026-09-17 00:12:02.579 | INFO     | tldw_Server_API.app.core.DB_Management.chacha.conversation_store:add_conversation:483 - Added conversation ID: d502793d-1c0e-4e84-8e11-b50525231c48.
2026-09-17 00:12:02.589 | WARNING  | tldw_Server_API.app.core.DB_Management.chacha.conversation_store:get_conversation_settings:243 - get_conversation_settings failed for d502793d-1c0e-4e84-8e11-b50525231c48: 'QueryResult' object has no attribute 'fetchone'
--------------------------- Captured stderr teardown ---------------------------
2026-09-17 00:12:02.591 | DEBUG    | tldw_Server_API.app.core.DB_Management.ChaChaNotes_DB:close_connection:8110 - Returned backend connection (postgresql) for thread 8346099072.
2026-09-17 00:12:02.686 | INFO     | tldw_Server_API.app.api.v1.API_Deps.ChaCha_Notes_DB_Deps:close_all_chacha_db_instances:876 - Closing all cached ChaChaNotesDB instances (0)...
2026-09-17 00:12:02.686 | INFO     | tldw_Server_API.app.api.v1.API_Deps.ChaCha_Notes_DB_Deps:close_all_chacha_db_instances:892 - All ChaChaNotesDB instances closed and cache cleared.
2026-09-17 00:12:02.686 | INFO     | tldw_Server_API.app.api.v1.API_Deps.ChaCha_Notes_DB_Deps:close_all_chacha_db_instances:876 - Closing all cached ChaChaNotesDB instances (0)...
2026-09-17 00:12:02.686 | INFO     | tldw_Server_API.app.api.v1.API_Deps.ChaCha_Notes_DB_Deps:close_all_chacha_db_instances:892 - All ChaChaNotesDB instances closed and cache cleared.
__ test_postgres_standalone_settings_read_returns_connections_idle[postgres] ___
tldw_Server_API/tests/DB_Management/test_conversation_settings_read_backends.py:107: in test_postgres_standalone_settings_read_returns_connections_idle
    assert settings_db.get_conversation_settings(conversation_id)["settings"] == {"temperature": 0.2}
           ^^^^^^^^^^^^^^^^^^^^^^^^^^^^^^^^^^^^^^^^^^^^^^^^^^^^^^^^^^^^^^^^^^
E   TypeError: 'NoneType' object is not subscriptable
---------------------------- Captured stderr setup -----------------------------
2026-09-17 00:12:04.043 | INFO     | tldw_Server_API.app.core.DB_Management.backends.factory:create_backend:392 - Creating postgresql backend
2026-09-17 00:12:04.043 | INFO     | tldw_Server_API.app.core.config:_buffered_log:210 - Determined ACTUAL_PROJECT_ROOT for database paths: /Users/macbook-dev/Documents/GitHub/tldw_server2
2026-09-17 00:12:04.043 | INFO     | tldw_Server_API.app.core.config:_buffered_log:210 - Early loading environment variables from: /Users/macbook-dev/Documents/GitHub/tldw_server2/tldw_Server_API/Config_Files/.env
2026-09-17 00:12:04.048 | INFO     | tldw_Server_API.app.core.config:_buffered_log:210 - Early loading environment variables from: /Users/macbook-dev/Documents/GitHub/tldw_server2/tldw_Server_API/Config_Files/.ENV
2026-09-17 00:12:04.052 | DEBUG    | tldw_Server_API.app.core.config:_buffered_log:210 - load_and_log_configs(): Loading and logging configurations...
2026-09-17 00:12:04.053 | INFO     | tldw_Server_API.app.core.config:_buffered_log:210 - Loading environment variables from: /Users/macbook-dev/Documents/GitHub/tldw_server2/tldw_Server_API/Config_Files/.env
2026-09-17 00:12:04.057 | INFO     | tldw_Server_API.app.core.config:_buffered_log:210 - Loading environment variables from: /Users/macbook-dev/Documents/GitHub/tldw_server2/tldw_Server_API/Config_Files/.ENV
2026-09-17 00:12:04.062 | INFO     | tldw_Server_API.app.core.config:_buffered_log:210 - Attempting to load comprehensive config from: /Users/macbook-dev/Documents/GitHub/tldw_server2/tldw_Server_API/Config_Files/config.txt
2026-09-17 00:12:04.064 | INFO     | tldw_Server_API.app.core.config:_buffered_log:210 - load_comprehensive_config(): Sections found in config: ['Setup', 'UI', 'Server', 'Files', 'Image-Generation', 'ACP', 'WORKSPACES', 'ACP-WORKSPACE', 'ACP-SANDBOX', 'Audit', 'Processing', 'Media-Processing', 'Chat-Dictionaries', 'Chat-Module', 'Chat-Commands', 'Chat-Templating', 'Character-Chat', 'Settings', 'Auto-Save', 'Prompts', 'Database', 'Chunking', 'Visual-RAG', 'AuthNZ', 'Streaming', 'HTTP', 'Egress', 'Embeddings', 'Claims', 'ClaimsMonitoring', 'RAG', 'Search-Agent', 'ResourceGovernor', 'Jobs', 'SlidesStandaloneHtml', 'Diarization', 'API', 'MLX', 'Local-API', 'LlamaCpp', 'STT-Settings', 'external_providers', 'TTS-Settings', 'VibeVoice', 'Audio-Quota', 'API-Routes', 'Search-Engines', 'Web-Scraper', 'Logging', 'Moderation', 'Redis', 'Web-Scraping', 'personalization', 'persona', 'persona.rbac']
2026-09-17 00:12:04.066 | INFO     | tldw_Server_API.app.core.config:_buffered_log:210 - Ensured main SQLite database directory exists: /Users/macbook-dev/Documents/GitHub/tldw_server2/Databases
2026-09-17 00:12:04.066 | INFO     | tldw_Server_API.app.core.config:_buffered_log:210 - Ensured user data base directory exists: Databases/user_databases
2026-09-17 00:12:04.067 | WARNING  | tldw_Server_API.app.core.DB_Management.db_path_utils:resolve_user_db_base_dir:491 - USER_DB_BASE_DIR not configured in tests, using isolated fallback: /private/var/folders/sn/m80n2j152t9gw3w8qwk2nykh0000gn/T/tldw_user_databases_test/default-b4fffb23
2026-09-17 00:12:04.067 | INFO     | tldw_Server_API.app.core.DB_Management.ChaChaNotes_DB:__init__:7657 - Initializing CharactersRAGDB for path: /private/var/folders/sn/m80n2j152t9gw3w8qwk2nykh0000gn/T/pytest-of-macbook-dev/pytest-645/test_postgres_standalone_setti1/settings.db [Client ID: 2] (backend=postgresql)
2026-09-17 00:12:05.543 | DEBUG    | tldw_Server_API.app.core.DB_Management.ChaChaNotes_DB:__init__:7664 - CharactersRAGDB initialization completed successfully for /private/var/folders/sn/m80n2j152t9gw3w8qwk2nykh0000gn/T/pytest-of-macbook-dev/pytest-645/test_postgres_standalone_setti1/settings.db
----------------------------- Captured stderr call -----------------------------
2026-09-17 00:12:05.545 | DEBUG    | tldw_Server_API.app.core.DB_Management.ChaChaNotes_DB:_get_connection_for_state:8036 - Acquired backend connection (postgresql) for thread 8346099072
2026-09-17 00:12:05.547 | INFO     | tldw_Server_API.app.core.DB_Management.chacha.conversation_store:add_conversation:483 - Added conversation ID: 52df519d-1dff-442c-8769-efdcabc9ebd2.
2026-09-17 00:12:05.559 | WARNING  | tldw_Server_API.app.core.DB_Management.chacha.conversation_store:get_conversation_settings:243 - get_conversation_settings failed for 52df519d-1dff-442c-8769-efdcabc9ebd2: 'QueryResult' object has no attribute 'fetchone'
--------------------------- Captured stderr teardown ---------------------------
2026-09-17 00:12:05.561 | DEBUG    | tldw_Server_API.app.core.DB_Management.ChaChaNotes_DB:close_connection:8110 - Returned backend connection (postgresql) for thread 8346099072.
2026-09-17 00:12:05.654 | INFO     | tldw_Server_API.app.api.v1.API_Deps.ChaCha_Notes_DB_Deps:close_all_chacha_db_instances:876 - Closing all cached ChaChaNotesDB instances (0)...
2026-09-17 00:12:05.654 | INFO     | tldw_Server_API.app.api.v1.API_Deps.ChaCha_Notes_DB_Deps:close_all_chacha_db_instances:892 - All ChaChaNotesDB instances closed and cache cleared.
2026-09-17 00:12:05.654 | INFO     | tldw_Server_API.app.api.v1.API_Deps.ChaCha_Notes_DB_Deps:close_all_chacha_db_instances:876 - Closing all cached ChaChaNotesDB instances (0)...
2026-09-17 00:12:05.654 | INFO     | tldw_Server_API.app.api.v1.API_Deps.ChaCha_Notes_DB_Deps:close_all_chacha_db_instances:892 - All ChaChaNotesDB instances closed and cache cleared.
_ test_actual_chat_settings_route_returns_persisted_public_settings[postgres] __
tldw_Server_API/tests/DB_Management/test_conversation_settings_read_backends.py:88: in test_actual_chat_settings_route_returns_persisted_public_settings
    assert response.json()["settings"] == {"temperature": 0.2, "greetingScope": "chat"}
E   AssertionError: assert {} == {'greetingSco...erature': 0.2}
E
E     Right contains 2 more items:
E     {'greetingScope': 'chat', 'temperature': 0.2}
E     Use -v to get more diff
---------------------------- Captured stderr setup -----------------------------
2026-09-17 00:12:08.053 | INFO     | tldw_Server_API.app.core.DB_Management.backends.factory:create_backend:392 - Creating postgresql backend
2026-09-17 00:12:08.054 | INFO     | tldw_Server_API.app.core.config:_buffered_log:210 - Determined ACTUAL_PROJECT_ROOT for database paths: /Users/macbook-dev/Documents/GitHub/tldw_server2
2026-09-17 00:12:08.054 | INFO     | tldw_Server_API.app.core.config:_buffered_log:210 - Early loading environment variables from: /Users/macbook-dev/Documents/GitHub/tldw_server2/tldw_Server_API/Config_Files/.env
2026-09-17 00:12:08.058 | INFO     | tldw_Server_API.app.core.config:_buffered_log:210 - Early loading environment variables from: /Users/macbook-dev/Documents/GitHub/tldw_server2/tldw_Server_API/Config_Files/.ENV
2026-09-17 00:12:08.063 | DEBUG    | tldw_Server_API.app.core.config:_buffered_log:210 - load_and_log_configs(): Loading and logging configurations...
2026-09-17 00:12:08.064 | INFO     | tldw_Server_API.app.core.config:_buffered_log:210 - Loading environment variables from: /Users/macbook-dev/Documents/GitHub/tldw_server2/tldw_Server_API/Config_Files/.env
2026-09-17 00:12:08.069 | INFO     | tldw_Server_API.app.core.config:_buffered_log:210 - Loading environment variables from: /Users/macbook-dev/Documents/GitHub/tldw_server2/tldw_Server_API/Config_Files/.ENV
2026-09-17 00:12:08.073 | INFO     | tldw_Server_API.app.core.config:_buffered_log:210 - Attempting to load comprehensive config from: /Users/macbook-dev/Documents/GitHub/tldw_server2/tldw_Server_API/Config_Files/config.txt
2026-09-17 00:12:08.076 | INFO     | tldw_Server_API.app.core.config:_buffered_log:210 - load_comprehensive_config(): Sections found in config: ['Setup', 'UI', 'Server', 'Files', 'Image-Generation', 'ACP', 'WORKSPACES', 'ACP-WORKSPACE', 'ACP-SANDBOX', 'Audit', 'Processing', 'Media-Processing', 'Chat-Dictionaries', 'Chat-Module', 'Chat-Commands', 'Chat-Templating', 'Character-Chat', 'Settings', 'Auto-Save', 'Prompts', 'Database', 'Chunking', 'Visual-RAG', 'AuthNZ', 'Streaming', 'HTTP', 'Egress', 'Embeddings', 'Claims', 'ClaimsMonitoring', 'RAG', 'Search-Agent', 'ResourceGovernor', 'Jobs', 'SlidesStandaloneHtml', 'Diarization', 'API', 'MLX', 'Local-API', 'LlamaCpp', 'STT-Settings', 'external_providers', 'TTS-Settings', 'VibeVoice', 'Audio-Quota', 'API-Routes', 'Search-Engines', 'Web-Scraper', 'Logging', 'Moderation', 'Redis', 'Web-Scraping', 'personalization', 'persona', 'persona.rbac']
2026-09-17 00:12:08.078 | INFO     | tldw_Server_API.app.core.config:_buffered_log:210 - Ensured main SQLite database directory exists: /Users/macbook-dev/Documents/GitHub/tldw_server2/Databases
2026-09-17 00:12:08.078 | INFO     | tldw_Server_API.app.core.config:_buffered_log:210 - Ensured user data base directory exists: Databases/user_databases
2026-09-17 00:12:08.079 | WARNING  | tldw_Server_API.app.core.DB_Management.db_path_utils:resolve_user_db_base_dir:491 - USER_DB_BASE_DIR not configured in tests, using isolated fallback: /private/var/folders/sn/m80n2j152t9gw3w8qwk2nykh0000gn/T/tldw_user_databases_test/default-b4fffb23
2026-09-17 00:12:08.079 | INFO     | tldw_Server_API.app.core.DB_Management.ChaChaNotes_DB:__init__:7657 - Initializing CharactersRAGDB for path: /private/var/folders/sn/m80n2j152t9gw3w8qwk2nykh0000gn/T/pytest-of-macbook-dev/pytest-645/test_actual_chat_settings_rout0/settings.db [Client ID: 2] (backend=postgresql)
2026-09-17 00:12:09.513 | DEBUG    | tldw_Server_API.app.core.DB_Management.ChaChaNotes_DB:__init__:7664 - CharactersRAGDB initialization completed successfully for /private/var/folders/sn/m80n2j152t9gw3w8qwk2nykh0000gn/T/pytest-of-macbook-dev/pytest-645/test_actual_chat_settings_rout0/settings.db
----------------------------- Captured stderr call -----------------------------
2026-09-17 00:12:09.515 | DEBUG    | tldw_Server_API.app.core.DB_Management.ChaChaNotes_DB:_get_connection_for_state:8036 - Acquired backend connection (postgresql) for thread 8346099072
2026-09-17 00:12:09.517 | INFO     | tldw_Server_API.app.core.DB_Management.chacha.conversation_store:add_conversation:483 - Added conversation ID: 89c73525-a1af-4f32-beff-c7e4f6d9e7ba.
2026-09-17 00:12:09.552 | DEBUG    | tldw_Server_API.app.core.DB_Management.ChaChaNotes_DB:_get_connection_for_state:8036 - Acquired backend connection (postgresql) for thread 6196490240
2026-09-17 00:12:09.552 | DEBUG    | tldw_Server_API.app.core.DB_Management.ChaChaNotes_DB:execute_query:8286 - Executing SQL (script=False, backend=postgresql): SELECT * FROM conversations WHERE id = ? AND deleted = 0... Params: ('89c73525-a1af-4f32-beff-c7e4f6d9e7ba',)...
2026-09-17 00:12:09.560 | WARNING  | tldw_Server_API.app.core.DB_Management.chacha.conversation_store:get_conversation_settings:243 - get_conversation_settings failed for 89c73525-a1af-4f32-beff-c7e4f6d9e7ba: 'QueryResult' object has no attribute 'fetchone'
--------------------------- Captured stderr teardown ---------------------------
2026-09-17 00:12:09.563 | DEBUG    | tldw_Server_API.app.core.DB_Management.ChaChaNotes_DB:close_connection:8110 - Returned backend connection (postgresql) for thread 8346099072.
2026-09-17 00:12:09.744 | INFO     | tldw_Server_API.app.api.v1.API_Deps.ChaCha_Notes_DB_Deps:close_all_chacha_db_instances:876 - Closing all cached ChaChaNotesDB instances (0)...
2026-09-17 00:12:09.744 | INFO     | tldw_Server_API.app.api.v1.API_Deps.ChaCha_Notes_DB_Deps:close_all_chacha_db_instances:892 - All ChaChaNotesDB instances closed and cache cleared.
2026-09-17 00:12:09.745 | INFO     | tldw_Server_API.app.api.v1.API_Deps.ChaCha_Notes_DB_Deps:close_all_chacha_db_instances:876 - Closing all cached ChaChaNotesDB instances (0)...
2026-09-17 00:12:09.745 | INFO     | tldw_Server_API.app.api.v1.API_Deps.ChaCha_Notes_DB_Deps:close_all_chacha_db_instances:892 - All ChaChaNotesDB instances closed and cache cleared.
______ test_settings_read_does_not_commit_callers_pending_write[postgres] ______
tldw_Server_API/tests/DB_Management/test_conversation_settings_read_backends.py:72: in test_settings_read_does_not_commit_callers_pending_write
    assert settings_db.get_conversation_settings(conversation_id)["settings"] == {"temperature": 0.2}
           ^^^^^^^^^^^^^^^^^^^^^^^^^^^^^^^^^^^^^^^^^^^^^^^^^^^^^^^^^^^^^^^^^^
E   TypeError: 'NoneType' object is not subscriptable
---------------------------- Captured stderr setup -----------------------------
2026-09-17 00:12:10.491 | INFO     | tldw_Server_API.app.core.DB_Management.backends.factory:create_backend:392 - Creating postgresql backend
2026-09-17 00:12:10.492 | INFO     | tldw_Server_API.app.core.config:_buffered_log:210 - Determined ACTUAL_PROJECT_ROOT for database paths: /Users/macbook-dev/Documents/GitHub/tldw_server2
2026-09-17 00:12:10.493 | INFO     | tldw_Server_API.app.core.config:_buffered_log:210 - Early loading environment variables from: /Users/macbook-dev/Documents/GitHub/tldw_server2/tldw_Server_API/Config_Files/.env
2026-09-17 00:12:10.498 | INFO     | tldw_Server_API.app.core.config:_buffered_log:210 - Early loading environment variables from: /Users/macbook-dev/Documents/GitHub/tldw_server2/tldw_Server_API/Config_Files/.ENV
2026-09-17 00:12:10.503 | DEBUG    | tldw_Server_API.app.core.config:_buffered_log:210 - load_and_log_configs(): Loading and logging configurations...
2026-09-17 00:12:10.504 | INFO     | tldw_Server_API.app.core.config:_buffered_log:210 - Loading environment variables from: /Users/macbook-dev/Documents/GitHub/tldw_server2/tldw_Server_API/Config_Files/.env
2026-09-17 00:12:10.508 | INFO     | tldw_Server_API.app.core.config:_buffered_log:210 - Loading environment variables from: /Users/macbook-dev/Documents/GitHub/tldw_server2/tldw_Server_API/Config_Files/.ENV
2026-09-17 00:12:10.513 | INFO     | tldw_Server_API.app.core.config:_buffered_log:210 - Attempting to load comprehensive config from: /Users/macbook-dev/Documents/GitHub/tldw_server2/tldw_Server_API/Config_Files/config.txt
2026-09-17 00:12:10.515 | INFO     | tldw_Server_API.app.core.config:_buffered_log:210 - load_comprehensive_config(): Sections found in config: ['Setup', 'UI', 'Server', 'Files', 'Image-Generation', 'ACP', 'WORKSPACES', 'ACP-WORKSPACE', 'ACP-SANDBOX', 'Audit', 'Processing', 'Media-Processing', 'Chat-Dictionaries', 'Chat-Module', 'Chat-Commands', 'Chat-Templating', 'Character-Chat', 'Settings', 'Auto-Save', 'Prompts', 'Database', 'Chunking', 'Visual-RAG', 'AuthNZ', 'Streaming', 'HTTP', 'Egress', 'Embeddings', 'Claims', 'ClaimsMonitoring', 'RAG', 'Search-Agent', 'ResourceGovernor', 'Jobs', 'SlidesStandaloneHtml', 'Diarization', 'API', 'MLX', 'Local-API', 'LlamaCpp', 'STT-Settings', 'external_providers', 'TTS-Settings', 'VibeVoice', 'Audio-Quota', 'API-Routes', 'Search-Engines', 'Web-Scraper', 'Logging', 'Moderation', 'Redis', 'Web-Scraping', 'personalization', 'persona', 'persona.rbac']
2026-09-17 00:12:10.518 | INFO     | tldw_Server_API.app.core.config:_buffered_log:210 - Ensured main SQLite database directory exists: /Users/macbook-dev/Documents/GitHub/tldw_server2/Databases
2026-09-17 00:12:10.518 | INFO     | tldw_Server_API.app.core.config:_buffered_log:210 - Ensured user data base directory exists: Databases/user_databases
2026-09-17 00:12:10.519 | WARNING  | tldw_Server_API.app.core.DB_Management.db_path_utils:resolve_user_db_base_dir:491 - USER_DB_BASE_DIR not configured in tests, using isolated fallback: /private/var/folders/sn/m80n2j152t9gw3w8qwk2nykh0000gn/T/tldw_user_databases_test/default-b4fffb23
2026-09-17 00:12:10.519 | INFO     | tldw_Server_API.app.core.DB_Management.ChaChaNotes_DB:__init__:7657 - Initializing CharactersRAGDB for path: /private/var/folders/sn/m80n2j152t9gw3w8qwk2nykh0000gn/T/pytest-of-macbook-dev/pytest-645/test_settings_read_does_not_co1/settings.db [Client ID: 2] (backend=postgresql)
2026-09-17 00:12:12.122 | DEBUG    | tldw_Server_API.app.core.DB_Management.ChaChaNotes_DB:__init__:7664 - CharactersRAGDB initialization completed successfully for /private/var/folders/sn/m80n2j152t9gw3w8qwk2nykh0000gn/T/pytest-of-macbook-dev/pytest-645/test_settings_read_does_not_co1/settings.db
----------------------------- Captured stderr call -----------------------------
2026-09-17 00:12:12.123 | DEBUG    | tldw_Server_API.app.core.DB_Management.ChaChaNotes_DB:_get_connection_for_state:8036 - Acquired backend connection (postgresql) for thread 8346099072
2026-09-17 00:12:12.125 | INFO     | tldw_Server_API.app.core.DB_Management.chacha.conversation_store:add_conversation:483 - Added conversation ID: c4cae2e7-acd1-49f7-8e70-ed00091866d9.
2026-09-17 00:12:12.136 | WARNING  | tldw_Server_API.app.core.DB_Management.chacha.conversation_store:get_conversation_settings:243 - get_conversation_settings failed for c4cae2e7-acd1-49f7-8e70-ed00091866d9: 'QueryResult' object has no attribute 'fetchone'
--------------------------- Captured stderr teardown ---------------------------
2026-09-17 00:12:12.138 | DEBUG    | tldw_Server_API.app.core.DB_Management.ChaChaNotes_DB:close_connection:8110 - Returned backend connection (postgresql) for thread 8346099072.
2026-09-17 00:12:12.224 | INFO     | tldw_Server_API.app.api.v1.API_Deps.ChaCha_Notes_DB_Deps:close_all_chacha_db_instances:876 - Closing all cached ChaChaNotesDB instances (0)...
2026-09-17 00:12:12.224 | INFO     | tldw_Server_API.app.api.v1.API_Deps.ChaCha_Notes_DB_Deps:close_all_chacha_db_instances:892 - All ChaChaNotesDB instances closed and cache cleared.
2026-09-17 00:12:12.224 | INFO     | tldw_Server_API.app.api.v1.API_Deps.ChaCha_Notes_DB_Deps:close_all_chacha_db_instances:876 - Closing all cached ChaChaNotesDB instances (0)...
2026-09-17 00:12:12.225 | INFO     | tldw_Server_API.app.api.v1.API_Deps.ChaCha_Notes_DB_Deps:close_all_chacha_db_instances:892 - All ChaChaNotesDB instances closed and cache cleared.
_ test_actual_character_world_books_route_returns_complete_rows[postgres-False] _
tldw_Server_API/tests/DB_Management/test_character_world_book_reads_backends.py:89: in test_actual_character_world_books_route_returns_complete_rows
    assert response.status_code == 200, response.text
E   AssertionError: {"detail":"Failed to list character world books"}
E   assert 500 == 200
E    +  where 500 = <Response [500 Internal Server Error]>.status_code
---------------------------- Captured stderr setup -----------------------------
2026-09-17 00:12:12.949 | INFO     | tldw_Server_API.app.core.DB_Management.backends.factory:create_backend:392 - Creating postgresql backend
2026-09-17 00:12:12.950 | INFO     | tldw_Server_API.app.core.config:_buffered_log:210 - Determined ACTUAL_PROJECT_ROOT for database paths: /Users/macbook-dev/Documents/GitHub/tldw_server2
2026-09-17 00:12:12.950 | INFO     | tldw_Server_API.app.core.config:_buffered_log:210 - Early loading environment variables from: /Users/macbook-dev/Documents/GitHub/tldw_server2/tldw_Server_API/Config_Files/.env
2026-09-17 00:12:12.955 | INFO     | tldw_Server_API.app.core.config:_buffered_log:210 - Early loading environment variables from: /Users/macbook-dev/Documents/GitHub/tldw_server2/tldw_Server_API/Config_Files/.ENV
2026-09-17 00:12:12.960 | DEBUG    | tldw_Server_API.app.core.config:_buffered_log:210 - load_and_log_configs(): Loading and logging configurations...
2026-09-17 00:12:12.961 | INFO     | tldw_Server_API.app.core.config:_buffered_log:210 - Loading environment variables from: /Users/macbook-dev/Documents/GitHub/tldw_server2/tldw_Server_API/Config_Files/.env
2026-09-17 00:12:12.965 | INFO     | tldw_Server_API.app.core.config:_buffered_log:210 - Loading environment variables from: /Users/macbook-dev/Documents/GitHub/tldw_server2/tldw_Server_API/Config_Files/.ENV
2026-09-17 00:12:12.970 | INFO     | tldw_Server_API.app.core.config:_buffered_log:210 - Attempting to load comprehensive config from: /Users/macbook-dev/Documents/GitHub/tldw_server2/tldw_Server_API/Config_Files/config.txt
2026-09-17 00:12:12.972 | INFO     | tldw_Server_API.app.core.config:_buffered_log:210 - load_comprehensive_config(): Sections found in config: ['Setup', 'UI', 'Server', 'Files', 'Image-Generation', 'ACP', 'WORKSPACES', 'ACP-WORKSPACE', 'ACP-SANDBOX', 'Audit', 'Processing', 'Media-Processing', 'Chat-Dictionaries', 'Chat-Module', 'Chat-Commands', 'Chat-Templating', 'Character-Chat', 'Settings', 'Auto-Save', 'Prompts', 'Database', 'Chunking', 'Visual-RAG', 'AuthNZ', 'Streaming', 'HTTP', 'Egress', 'Embeddings', 'Claims', 'ClaimsMonitoring', 'RAG', 'Search-Agent', 'ResourceGovernor', 'Jobs', 'SlidesStandaloneHtml', 'Diarization', 'API', 'MLX', 'Local-API', 'LlamaCpp', 'STT-Settings', 'external_providers', 'TTS-Settings', 'VibeVoice', 'Audio-Quota', 'API-Routes', 'Search-Engines', 'Web-Scraper', 'Logging', 'Moderation', 'Redis', 'Web-Scraping', 'personalization', 'persona', 'persona.rbac']
2026-09-17 00:12:12.974 | INFO     | tldw_Server_API.app.core.config:_buffered_log:210 - Ensured main SQLite database directory exists: /Users/macbook-dev/Documents/GitHub/tldw_server2/Databases
2026-09-17 00:12:12.974 | INFO     | tldw_Server_API.app.core.config:_buffered_log:210 - Ensured user data base directory exists: Databases/user_databases
2026-09-17 00:12:12.975 | WARNING  | tldw_Server_API.app.core.DB_Management.db_path_utils:resolve_user_db_base_dir:491 - USER_DB_BASE_DIR not configured in tests, using isolated fallback: /private/var/folders/sn/m80n2j152t9gw3w8qwk2nykh0000gn/T/tldw_user_databases_test/default-b4fffb23
2026-09-17 00:12:12.975 | INFO     | tldw_Server_API.app.core.DB_Management.ChaChaNotes_DB:__init__:7657 - Initializing CharactersRAGDB for path: /private/var/folders/sn/m80n2j152t9gw3w8qwk2nykh0000gn/T/pytest-of-macbook-dev/pytest-645/test_actual_character_world_bo0/book-reads.db [Client ID: 2] (backend=postgresql)
2026-09-17 00:12:14.447 | DEBUG    | tldw_Server_API.app.core.DB_Management.ChaChaNotes_DB:__init__:7664 - CharactersRAGDB initialization completed successfully for /private/var/folders/sn/m80n2j152t9gw3w8qwk2nykh0000gn/T/pytest-of-macbook-dev/pytest-645/test_actual_character_world_bo0/book-reads.db
2026-09-17 00:12:14.449 | DEBUG    | tldw_Server_API.app.core.DB_Management.ChaChaNotes_DB:_get_connection_for_state:8036 - Acquired backend connection (postgresql) for thread 8346099072
2026-09-17 00:12:14.453 | INFO     | tldw_Server_API.app.core.Character_Chat.world_book_manager:_init_tables:614 - World book tables initialized
2026-09-17 00:12:14.455 | INFO     | tldw_Server_API.app.core.DB_Management.chacha.character_store:add_character_card:199 - Added character card 'WorldBook reader' with ID: 2.
----------------------------- Captured stderr call -----------------------------
2026-09-17 00:12:14.486 | DEBUG    | tldw_Server_API.app.core.DB_Management.ChaChaNotes_DB:_get_connection_for_state:8036 - Acquired backend connection (postgresql) for thread 6196490240
2026-09-17 00:12:14.486 | DEBUG    | tldw_Server_API.app.core.DB_Management.ChaChaNotes_DB:execute_query:8286 - Executing SQL (script=False, backend=postgresql): SELECT * FROM character_cards WHERE id = ? AND deleted = FALSE AND client_id = ?... Params: (2, '2')...
2026-09-17 00:12:14.489 | INFO     | tldw_Server_API.app.core.Character_Chat.world_book_manager:_init_tables:614 - World book tables initialized
2026-09-17 00:12:14.489 | ERROR    | tldw_Server_API.app.core.Character_Chat.world_book_manager:get_character_world_books:1644 - Error fetching character world books: 'BackendConnectionWrapper' object does not support the context manager protocol
2026-09-17 00:12:14.489 | ERROR    | tldw_Server_API.app.api.v1.endpoints.characters_endpoint:get_character_world_books:2645 - DB error getting world books for character 2: Error fetching character world books: 'BackendConnectionWrapper' object does not support the context manager protocol
2026-09-17 00:12:14.489 | ERROR    | tldw_Server_API.app.api.v1.utils.http_errors:_log_db_mapping_error:194 - DatabaseError from DB layer
--------------------------- Captured stderr teardown ---------------------------
2026-09-17 00:12:14.493 | DEBUG    | tldw_Server_API.app.core.DB_Management.ChaChaNotes_DB:close_connection:8110 - Returned backend connection (postgresql) for thread 8346099072.
2026-09-17 00:12:14.667 | INFO     | tldw_Server_API.app.api.v1.API_Deps.ChaCha_Notes_DB_Deps:close_all_chacha_db_instances:876 - Closing all cached ChaChaNotesDB instances (0)...
2026-09-17 00:12:14.667 | INFO     | tldw_Server_API.app.api.v1.API_Deps.ChaCha_Notes_DB_Deps:close_all_chacha_db_instances:892 - All ChaChaNotesDB instances closed and cache cleared.
2026-09-17 00:12:14.667 | INFO     | tldw_Server_API.app.api.v1.API_Deps.ChaCha_Notes_DB_Deps:close_all_chacha_db_instances:876 - Closing all cached ChaChaNotesDB instances (0)...
2026-09-17 00:12:14.667 | INFO     | tldw_Server_API.app.api.v1.API_Deps.ChaCha_Notes_DB_Deps:close_all_chacha_db_instances:892 - All ChaChaNotesDB instances closed and cache cleared.
__________________ test_empty_character_world_books[postgres] __________________
tldw_Server_API/app/core/Character_Chat/world_book_manager.py:1625: in get_character_world_books
    with self.db.get_connection() as conn:
E   TypeError: 'BackendConnectionWrapper' object does not support the context manager protocol

The above exception was the direct cause of the following exception:
tldw_Server_API/tests/DB_Management/test_character_world_book_reads_backends.py:54: in test_empty_character_world_books
    assert service.get_character_world_books(character) == []
           ^^^^^^^^^^^^^^^^^^^^^^^^^^^^^^^^^^^^^^^^^^^^
tldw_Server_API/app/core/Character_Chat/world_book_manager.py:1645: in get_character_world_books
    raise CharactersRAGDBError(f"Error fetching character world books: {e}") from e
E   tldw_Server_API.app.core.DB_Management.ChaChaNotes_DB.CharactersRAGDBError: Error fetching character world books: 'BackendConnectionWrapper' object does not support the context manager protocol
---------------------------- Captured stderr setup -----------------------------
2026-09-17 00:12:16.041 | INFO     | tldw_Server_API.app.core.DB_Management.backends.factory:create_backend:392 - Creating postgresql backend
2026-09-17 00:12:16.042 | INFO     | tldw_Server_API.app.core.config:_buffered_log:210 - Determined ACTUAL_PROJECT_ROOT for database paths: /Users/macbook-dev/Documents/GitHub/tldw_server2
2026-09-17 00:12:16.042 | INFO     | tldw_Server_API.app.core.config:_buffered_log:210 - Early loading environment variables from: /Users/macbook-dev/Documents/GitHub/tldw_server2/tldw_Server_API/Config_Files/.env
2026-09-17 00:12:16.047 | INFO     | tldw_Server_API.app.core.config:_buffered_log:210 - Early loading environment variables from: /Users/macbook-dev/Documents/GitHub/tldw_server2/tldw_Server_API/Config_Files/.ENV
2026-09-17 00:12:16.051 | DEBUG    | tldw_Server_API.app.core.config:_buffered_log:210 - load_and_log_configs(): Loading and logging configurations...
2026-09-17 00:12:16.052 | INFO     | tldw_Server_API.app.core.config:_buffered_log:210 - Loading environment variables from: /Users/macbook-dev/Documents/GitHub/tldw_server2/tldw_Server_API/Config_Files/.env
2026-09-17 00:12:16.056 | INFO     | tldw_Server_API.app.core.config:_buffered_log:210 - Loading environment variables from: /Users/macbook-dev/Documents/GitHub/tldw_server2/tldw_Server_API/Config_Files/.ENV
2026-09-17 00:12:16.061 | INFO     | tldw_Server_API.app.core.config:_buffered_log:210 - Attempting to load comprehensive config from: /Users/macbook-dev/Documents/GitHub/tldw_server2/tldw_Server_API/Config_Files/config.txt
2026-09-17 00:12:16.063 | INFO     | tldw_Server_API.app.core.config:_buffered_log:210 - load_comprehensive_config(): Sections found in config: ['Setup', 'UI', 'Server', 'Files', 'Image-Generation', 'ACP', 'WORKSPACES', 'ACP-WORKSPACE', 'ACP-SANDBOX', 'Audit', 'Processing', 'Media-Processing', 'Chat-Dictionaries', 'Chat-Module', 'Chat-Commands', 'Chat-Templating', 'Character-Chat', 'Settings', 'Auto-Save', 'Prompts', 'Database', 'Chunking', 'Visual-RAG', 'AuthNZ', 'Streaming', 'HTTP', 'Egress', 'Embeddings', 'Claims', 'ClaimsMonitoring', 'RAG', 'Search-Agent', 'ResourceGovernor', 'Jobs', 'SlidesStandaloneHtml', 'Diarization', 'API', 'MLX', 'Local-API', 'LlamaCpp', 'STT-Settings', 'external_providers', 'TTS-Settings', 'VibeVoice', 'Audio-Quota', 'API-Routes', 'Search-Engines', 'Web-Scraper', 'Logging', 'Moderation', 'Redis', 'Web-Scraping', 'personalization', 'persona', 'persona.rbac']
2026-09-17 00:12:16.065 | INFO     | tldw_Server_API.app.core.config:_buffered_log:210 - Ensured main SQLite database directory exists: /Users/macbook-dev/Documents/GitHub/tldw_server2/Databases
2026-09-17 00:12:16.065 | INFO     | tldw_Server_API.app.core.config:_buffered_log:210 - Ensured user data base directory exists: Databases/user_databases
2026-09-17 00:12:16.066 | WARNING  | tldw_Server_API.app.core.DB_Management.db_path_utils:resolve_user_db_base_dir:491 - USER_DB_BASE_DIR not configured in tests, using isolated fallback: /private/var/folders/sn/m80n2j152t9gw3w8qwk2nykh0000gn/T/tldw_user_databases_test/default-b4fffb23
2026-09-17 00:12:16.066 | INFO     | tldw_Server_API.app.core.DB_Management.ChaChaNotes_DB:__init__:7657 - Initializing CharactersRAGDB for path: /private/var/folders/sn/m80n2j152t9gw3w8qwk2nykh0000gn/T/pytest-of-macbook-dev/pytest-645/test_empty_character_world_boo1/book-reads.db [Client ID: 2] (backend=postgresql)
2026-09-17 00:12:17.578 | DEBUG    | tldw_Server_API.app.core.DB_Management.ChaChaNotes_DB:__init__:7664 - CharactersRAGDB initialization completed successfully for /private/var/folders/sn/m80n2j152t9gw3w8qwk2nykh0000gn/T/pytest-of-macbook-dev/pytest-645/test_empty_character_world_boo1/book-reads.db
2026-09-17 00:12:17.579 | DEBUG    | tldw_Server_API.app.core.DB_Management.ChaChaNotes_DB:_get_connection_for_state:8036 - Acquired backend connection (postgresql) for thread 8346099072
2026-09-17 00:12:17.584 | INFO     | tldw_Server_API.app.core.Character_Chat.world_book_manager:_init_tables:614 - World book tables initialized
2026-09-17 00:12:17.585 | INFO     | tldw_Server_API.app.core.DB_Management.chacha.character_store:add_character_card:199 - Added character card 'WorldBook reader' with ID: 2.
----------------------------- Captured stderr call -----------------------------
2026-09-17 00:12:17.586 | ERROR    | tldw_Server_API.app.core.Character_Chat.world_book_manager:get_character_world_books:1644 - Error fetching character world books: 'BackendConnectionWrapper' object does not support the context manager protocol
--------------------------- Captured stderr teardown ---------------------------
2026-09-17 00:12:17.603 | DEBUG    | tldw_Server_API.app.core.DB_Management.ChaChaNotes_DB:close_connection:8110 - Returned backend connection (postgresql) for thread 8346099072.
2026-09-17 00:12:17.782 | INFO     | tldw_Server_API.app.api.v1.API_Deps.ChaCha_Notes_DB_Deps:close_all_chacha_db_instances:876 - Closing all cached ChaChaNotesDB instances (0)...
2026-09-17 00:12:17.782 | INFO     | tldw_Server_API.app.api.v1.API_Deps.ChaCha_Notes_DB_Deps:close_all_chacha_db_instances:892 - All ChaChaNotesDB instances closed and cache cleared.
2026-09-17 00:12:17.782 | INFO     | tldw_Server_API.app.api.v1.API_Deps.ChaCha_Notes_DB_Deps:close_all_chacha_db_instances:876 - Closing all cached ChaChaNotesDB instances (0)...
2026-09-17 00:12:17.782 | INFO     | tldw_Server_API.app.api.v1.API_Deps.ChaCha_Notes_DB_Deps:close_all_chacha_db_instances:892 - All ChaChaNotesDB instances closed and cache cleared.
______ test_readers_preserve_callers_pending_writes_and_rollback[sqlite] _______
tldw_Server_API/tests/DB_Management/test_character_world_book_reads_backends.py:107: in test_readers_preserve_callers_pending_writes_and_rollback
    assert service.get_character_world_books(character)[0]["name"] == "Top"
E   AssertionError: assert 'Pending name' == 'Top'
E
E     - Top
E     + Pending name
---------------------------- Captured stderr setup -----------------------------
2026-09-17 00:12:17.784 | INFO     | tldw_Server_API.app.core.config:_buffered_log:210 - Determined ACTUAL_PROJECT_ROOT for database paths: /Users/macbook-dev/Documents/GitHub/tldw_server2
2026-09-17 00:12:17.784 | INFO     | tldw_Server_API.app.core.config:_buffered_log:210 - Early loading environment variables from: /Users/macbook-dev/Documents/GitHub/tldw_server2/tldw_Server_API/Config_Files/.env
2026-09-17 00:12:17.788 | INFO     | tldw_Server_API.app.core.config:_buffered_log:210 - Early loading environment variables from: /Users/macbook-dev/Documents/GitHub/tldw_server2/tldw_Server_API/Config_Files/.ENV
2026-09-17 00:12:17.793 | DEBUG    | tldw_Server_API.app.core.config:_buffered_log:210 - load_and_log_configs(): Loading and logging configurations...
2026-09-17 00:12:17.793 | INFO     | tldw_Server_API.app.core.config:_buffered_log:210 - Loading environment variables from: /Users/macbook-dev/Documents/GitHub/tldw_server2/tldw_Server_API/Config_Files/.env
2026-09-17 00:12:17.798 | INFO     | tldw_Server_API.app.core.config:_buffered_log:210 - Loading environment variables from: /Users/macbook-dev/Documents/GitHub/tldw_server2/tldw_Server_API/Config_Files/.ENV
2026-09-17 00:12:17.803 | INFO     | tldw_Server_API.app.core.config:_buffered_log:210 - Attempting to load comprehensive config from: /Users/macbook-dev/Documents/GitHub/tldw_server2/tldw_Server_API/Config_Files/config.txt
2026-09-17 00:12:17.805 | INFO     | tldw_Server_API.app.core.config:_buffered_log:210 - load_comprehensive_config(): Sections found in config: ['Setup', 'UI', 'Server', 'Files', 'Image-Generation', 'ACP', 'WORKSPACES', 'ACP-WORKSPACE', 'ACP-SANDBOX', 'Audit', 'Processing', 'Media-Processing', 'Chat-Dictionaries', 'Chat-Module', 'Chat-Commands', 'Chat-Templating', 'Character-Chat', 'Settings', 'Auto-Save', 'Prompts', 'Database', 'Chunking', 'Visual-RAG', 'AuthNZ', 'Streaming', 'HTTP', 'Egress', 'Embeddings', 'Claims', 'ClaimsMonitoring', 'RAG', 'Search-Agent', 'ResourceGovernor', 'Jobs', 'SlidesStandaloneHtml', 'Diarization', 'API', 'MLX', 'Local-API', 'LlamaCpp', 'STT-Settings', 'external_providers', 'TTS-Settings', 'VibeVoice', 'Audio-Quota', 'API-Routes', 'Search-Engines', 'Web-Scraper', 'Logging', 'Moderation', 'Redis', 'Web-Scraping', 'personalization', 'persona', 'persona.rbac']
2026-09-17 00:12:17.807 | INFO     | tldw_Server_API.app.core.config:_buffered_log:210 - Ensured main SQLite database directory exists: /Users/macbook-dev/Documents/GitHub/tldw_server2/Databases
2026-09-17 00:12:17.807 | INFO     | tldw_Server_API.app.core.config:_buffered_log:210 - Ensured user data base directory exists: Databases/user_databases
2026-09-17 00:12:17.808 | WARNING  | tldw_Server_API.app.core.DB_Management.db_path_utils:resolve_user_db_base_dir:491 - USER_DB_BASE_DIR not configured in tests, using isolated fallback: /private/var/folders/sn/m80n2j152t9gw3w8qwk2nykh0000gn/T/tldw_user_databases_test/default-b4fffb23
2026-09-17 00:12:17.809 | WARNING  | tldw_Server_API.app.core.DB_Management.db_path_utils:resolve_user_db_base_dir:491 - USER_DB_BASE_DIR not configured in tests, using isolated fallback: /private/var/folders/sn/m80n2j152t9gw3w8qwk2nykh0000gn/T/tldw_user_databases_test/default-b4fffb23
2026-09-17 00:12:17.809 | INFO     | tldw_Server_API.app.core.DB_Management.ChaChaNotes_DB:__init__:7657 - Initializing CharactersRAGDB for path: /private/var/folders/sn/m80n2j152t9gw3w8qwk2nykh0000gn/T/pytest-of-macbook-dev/pytest-645/test_readers_preserve_callers_0/book-reads.db [Client ID: 2] (backend=sqlite)
2026-09-17 00:12:17.809 | DEBUG    | tldw_Server_API.app.core.DB_Management.ChaChaNotes_DB:_get_connection_for_state:8015 - Opened/Reopened SQLite connection to /private/var/folders/sn/m80n2j152t9gw3w8qwk2nykh0000gn/T/pytest-of-macbook-dev/pytest-645/test_readers_preserve_callers_0/book-reads.db for thread 8346099072
2026-09-17 00:12:17.810 | DEBUG    | tldw_Server_API.app.core.DB_Management.ChaChaNotes_DB:__enter__:45122 - Transaction started (outermost) on thread 8346099072.
2026-09-17 00:12:17.810 | INFO     | tldw_Server_API.app.core.DB_Management.ChaChaNotes_DB:_initialize_schema_sqlite:20341 - Checking DB schema 'rag_char_chat_schema'. Current version: 0. Code supports: 67
2026-09-17 00:12:17.810 | INFO     | tldw_Server_API.app.core.DB_Management.ChaChaNotes_DB:_apply_schema_v4:8715 - Applying schema Version 4 for 'rag_char_chat_schema' to DB: /private/var/folders/sn/m80n2j152t9gw3w8qwk2nykh0000gn/T/pytest-of-macbook-dev/pytest-645/test_readers_preserve_callers_0/book-reads.db...
2026-09-17 00:12:17.816 | DEBUG    | tldw_Server_API.app.core.DB_Management.ChaChaNotes_DB:_apply_schema_v4:8719 - [rag_char_chat_schema V4] Full schema script executed.
2026-09-17 00:12:17.816 | INFO     | tldw_Server_API.app.core.DB_Management.ChaChaNotes_DB:_apply_schema_v4:8725 - [rag_char_chat_schema V4] Schema 4 applied and version confirmed for DB: /private/var/folders/sn/m80n2j152t9gw3w8qwk2nykh0000gn/T/pytest-of-macbook-dev/pytest-645/test_readers_preserve_callers_0/book-reads.db.
2026-09-17 00:12:17.816 | INFO     | tldw_Server_API.app.core.DB_Management.ChaChaNotes_DB:_migrate_from_v4_to_v5:8772 - Migrating 'rag_char_chat_schema' schema from V4 to V5 for DB: /private/var/folders/sn/m80n2j152t9gw3w8qwk2nykh0000gn/T/pytest-of-macbook-dev/pytest-645/test_readers_preserve_callers_0/book-reads.db...
2026-09-17 00:12:17.819 | INFO     | tldw_Server_API.app.core.DB_Management.ChaChaNotes_DB:_migrate_from_v4_to_v5:8779 - [rag_char_chat_schema] Migration to V5 completed.
2026-09-17 00:12:17.819 | INFO     | tldw_Server_API.app.core.DB_Management.ChaChaNotes_DB:_migrate_from_v5_to_v6:8793 - Migrating 'rag_char_chat_schema' schema from V5 to V6 for DB: /private/var/folders/sn/m80n2j152t9gw3w8qwk2nykh0000gn/T/pytest-of-macbook-dev/pytest-645/test_readers_preserve_callers_0/book-reads.db...
2026-09-17 00:12:17.821 | INFO     | tldw_Server_API.app.core.DB_Management.ChaChaNotes_DB:_migrate_from_v5_to_v6:8800 - [rag_char_chat_schema] Migration to V6 completed.
2026-09-17 00:12:17.821 | INFO     | tldw_Server_API.app.core.DB_Management.ChaChaNotes_DB:_migrate_from_v6_to_v7:8812 - Migrating 'rag_char_chat_schema' schema from V6 to V7 for DB: /private/var/folders/sn/m80n2j152t9gw3w8qwk2nykh0000gn/T/pytest-of-macbook-dev/pytest-645/test_readers_preserve_callers_0/book-reads.db...
2026-09-17 00:12:17.823 | INFO     | tldw_Server_API.app.core.DB_Management.ChaChaNotes_DB:_migrate_from_v6_to_v7:8819 - [rag_char_chat_schema] Migration to V7 completed.
2026-09-17 00:12:17.823 | INFO     | tldw_Server_API.app.core.DB_Management.ChaChaNotes_DB:_migrate_from_v7_to_v8:8831 - Migrating 'rag_char_chat_schema' schema from V7 to V8 for DB: /private/var/folders/sn/m80n2j152t9gw3w8qwk2nykh0000gn/T/pytest-of-macbook-dev/pytest-645/test_readers_preserve_callers_0/book-reads.db...
2026-09-17 00:12:17.823 | INFO     | tldw_Server_API.app.core.DB_Management.ChaChaNotes_DB:_migrate_from_v7_to_v8:8838 - [rag_char_chat_schema] Migration to V8 completed.
2026-09-17 00:12:17.823 | INFO     | tldw_Server_API.app.core.DB_Management.ChaChaNotes_DB:_migrate_from_v8_to_v9:8850 - Migrating 'rag_char_chat_schema' schema from V8 to V9 for DB: /private/var/folders/sn/m80n2j152t9gw3w8qwk2nykh0000gn/T/pytest-of-macbook-dev/pytest-645/test_readers_preserve_callers_0/book-reads.db...
2026-09-17 00:12:17.823 | INFO     | tldw_Server_API.app.core.DB_Management.ChaChaNotes_DB:_migrate_from_v8_to_v9:8857 - [rag_char_chat_schema] Migration to V9 completed.
2026-09-17 00:12:17.824 | INFO     | tldw_Server_API.app.core.DB_Management.ChaChaNotes_DB:_migrate_from_v9_to_v10:8869 - Migrating 'rag_char_chat_schema' schema from V9 to V10 for DB: /private/var/folders/sn/m80n2j152t9gw3w8qwk2nykh0000gn/T/pytest-of-macbook-dev/pytest-645/test_readers_preserve_callers_0/book-reads.db...
2026-09-17 00:12:17.833 | INFO     | tldw_Server_API.app.core.DB_Management.ChaChaNotes_DB:_migrate_from_v9_to_v10:8877 - [rag_char_chat_schema] Migration to V10 completed.
2026-09-17 00:12:17.833 | INFO     | tldw_Server_API.app.core.DB_Management.ChaChaNotes_DB:_migrate_from_v10_to_v11:8889 - Migrating 'rag_char_chat_schema' schema from V10 to V11 for DB: /private/var/folders/sn/m80n2j152t9gw3w8qwk2nykh0000gn/T/pytest-of-macbook-dev/pytest-645/test_readers_preserve_callers_0/book-reads.db...
2026-09-17 00:12:17.839 | INFO     | tldw_Server_API.app.core.DB_Management.ChaChaNotes_DB:_migrate_from_v10_to_v11:8908 - [rag_char_chat_schema] Migration to V11 completed.
2026-09-17 00:12:17.839 | INFO     | tldw_Server_API.app.core.DB_Management.ChaChaNotes_DB:_migrate_from_v11_to_v12:8920 - Migrating 'rag_char_chat_schema' schema from V11 to V12 for DB: /private/var/folders/sn/m80n2j152t9gw3w8qwk2nykh0000gn/T/pytest-of-macbook-dev/pytest-645/test_readers_preserve_callers_0/book-reads.db...
2026-09-17 00:12:17.842 | INFO     | tldw_Server_API.app.core.DB_Management.ChaChaNotes_DB:_migrate_from_v11_to_v12:8928 - [rag_char_chat_schema] Migration to V12 completed.
2026-09-17 00:12:17.842 | INFO     | tldw_Server_API.app.core.DB_Management.ChaChaNotes_DB:_migrate_from_v12_to_v13:8940 - Migrating 'rag_char_chat_schema' schema from V12 to V13 for DB: /private/var/folders/sn/m80n2j152t9gw3w8qwk2nykh0000gn/T/pytest-of-macbook-dev/pytest-645/test_readers_preserve_callers_0/book-reads.db...
2026-09-17 00:12:17.842 | INFO     | tldw_Server_API.app.core.DB_Management.ChaChaNotes_DB:_migrate_from_v12_to_v13:8948 - [rag_char_chat_schema] Migration to V13 completed.
2026-09-17 00:12:17.843 | INFO     | tldw_Server_API.app.core.DB_Management.ChaChaNotes_DB:_migrate_from_v13_to_v14:8960 - Migrating 'rag_char_chat_schema' schema from V13 to V14 for DB: /private/var/folders/sn/m80n2j152t9gw3w8qwk2nykh0000gn/T/pytest-of-macbook-dev/pytest-645/test_readers_preserve_callers_0/book-reads.db...
2026-09-17 00:12:17.850 | INFO     | tldw_Server_API.app.core.DB_Management.ChaChaNotes_DB:_migrate_from_v13_to_v14:9026 - [rag_char_chat_schema] Migration to V14 completed.
2026-09-17 00:12:17.850 | INFO     | tldw_Server_API.app.core.DB_Management.ChaChaNotes_DB:_migrate_from_v14_to_v15:9038 - Migrating 'rag_char_chat_schema' schema from V14 to V15 for DB: /private/var/folders/sn/m80n2j152t9gw3w8qwk2nykh0000gn/T/pytest-of-macbook-dev/pytest-645/test_readers_preserve_callers_0/book-reads.db...
2026-09-17 00:12:17.852 | INFO     | tldw_Server_API.app.core.DB_Management.ChaChaNotes_DB:_migrate_from_v14_to_v15:9046 - [rag_char_chat_schema] Migration to V15 completed.
2026-09-17 00:12:17.852 | INFO     | tldw_Server_API.app.core.DB_Management.ChaChaNotes_DB:_migrate_from_v15_to_v16:9058 - Migrating 'rag_char_chat_schema' schema from V15 to V16 for DB: /private/var/folders/sn/m80n2j152t9gw3w8qwk2nykh0000gn/T/pytest-of-macbook-dev/pytest-645/test_readers_preserve_callers_0/book-reads.db...
2026-09-17 00:12:17.853 | INFO     | tldw_Server_API.app.core.DB_Management.ChaChaNotes_DB:_migrate_from_v15_to_v16:9066 - [rag_char_chat_schema] Migration to V16 completed.
2026-09-17 00:12:17.853 | INFO     | tldw_Server_API.app.core.DB_Management.ChaChaNotes_DB:_migrate_from_v16_to_v17:9078 - Migrating 'rag_char_chat_schema' schema from V16 to V17 for DB: /private/var/folders/sn/m80n2j152t9gw3w8qwk2nykh0000gn/T/pytest-of-macbook-dev/pytest-645/test_readers_preserve_callers_0/book-reads.db...
2026-09-17 00:12:17.853 | INFO     | tldw_Server_API.app.core.DB_Management.ChaChaNotes_DB:_migrate_from_v16_to_v17:9105 - [rag_char_chat_schema] Migration to V17 completed.
2026-09-17 00:12:17.853 | INFO     | tldw_Server_API.app.core.DB_Management.ChaChaNotes_DB:_migrate_from_v17_to_v18:9117 - Migrating 'rag_char_chat_schema' schema from V17 to V18 for DB: /private/var/folders/sn/m80n2j152t9gw3w8qwk2nykh0000gn/T/pytest-of-macbook-dev/pytest-645/test_readers_preserve_callers_0/book-reads.db...
2026-09-17 00:12:17.854 | INFO     | tldw_Server_API.app.core.DB_Management.ChaChaNotes_DB:_migrate_from_v17_to_v18:9125 - [rag_char_chat_schema] Migration to V18 completed.
2026-09-17 00:12:17.854 | INFO     | tldw_Server_API.app.core.DB_Management.ChaChaNotes_DB:_migrate_from_v18_to_v19:9137 - Migrating 'rag_char_chat_schema' schema from V18 to V19 for DB: /private/var/folders/sn/m80n2j152t9gw3w8qwk2nykh0000gn/T/pytest-of-macbook-dev/pytest-645/test_readers_preserve_callers_0/book-reads.db...
2026-09-17 00:12:17.854 | INFO     | tldw_Server_API.app.core.DB_Management.ChaChaNotes_DB:_migrate_from_v18_to_v19:9145 - [rag_char_chat_schema] Migration to V19 completed.
2026-09-17 00:12:17.854 | INFO     | tldw_Server_API.app.core.DB_Management.ChaChaNotes_DB:_migrate_from_v19_to_v20:9157 - Migrating 'rag_char_chat_schema' schema from V19 to V20 for DB: /private/var/folders/sn/m80n2j152t9gw3w8qwk2nykh0000gn/T/pytest-of-macbook-dev/pytest-645/test_readers_preserve_callers_0/book-reads.db...
2026-09-17 00:12:17.855 | INFO     | tldw_Server_API.app.core.DB_Management.ChaChaNotes_DB:_migrate_from_v19_to_v20:9165 - [rag_char_chat_schema] Migration to V20 completed.
2026-09-17 00:12:17.855 | INFO     | tldw_Server_API.app.core.DB_Management.ChaChaNotes_DB:_migrate_from_v20_to_v21:9177 - Migrating 'rag_char_chat_schema' schema from V20 to V21 for DB: /private/var/folders/sn/m80n2j152t9gw3w8qwk2nykh0000gn/T/pytest-of-macbook-dev/pytest-645/test_readers_preserve_callers_0/book-reads.db...
2026-09-17 00:12:17.855 | INFO     | tldw_Server_API.app.core.DB_Management.ChaChaNotes_DB:_migrate_from_v20_to_v21:9185 - [rag_char_chat_schema] Migration to V21 completed.
2026-09-17 00:12:17.855 | INFO     | tldw_Server_API.app.core.DB_Management.ChaChaNotes_DB:_migrate_from_v21_to_v22:9197 - Migrating 'rag_char_chat_schema' schema from V21 to V22 for DB: /private/var/folders/sn/m80n2j152t9gw3w8qwk2nykh0000gn/T/pytest-of-macbook-dev/pytest-645/test_readers_preserve_callers_0/book-reads.db...
2026-09-17 00:12:17.856 | INFO     | tldw_Server_API.app.core.DB_Management.ChaChaNotes_DB:_migrate_from_v21_to_v22:9205 - [rag_char_chat_schema] Migration to V22 completed.
2026-09-17 00:12:17.856 | INFO     | tldw_Server_API.app.core.DB_Management.ChaChaNotes_DB:_migrate_from_v22_to_v23:9217 - Migrating 'rag_char_chat_schema' schema from V22 to V23 for DB: /private/var/folders/sn/m80n2j152t9gw3w8qwk2nykh0000gn/T/pytest-of-macbook-dev/pytest-645/test_readers_preserve_callers_0/book-reads.db...
2026-09-17 00:12:17.864 | INFO     | tldw_Server_API.app.core.DB_Management.ChaChaNotes_DB:_migrate_from_v22_to_v23:9225 - [rag_char_chat_schema] Migration to V23 completed.
2026-09-17 00:12:17.864 | INFO     | tldw_Server_API.app.core.DB_Management.ChaChaNotes_DB:_migrate_from_v23_to_v24:9237 - Migrating 'rag_char_chat_schema' schema from V23 to V24 for DB: /private/var/folders/sn/m80n2j152t9gw3w8qwk2nykh0000gn/T/pytest-of-macbook-dev/pytest-645/test_readers_preserve_callers_0/book-reads.db...
2026-09-17 00:12:17.873 | INFO     | tldw_Server_API.app.core.DB_Management.ChaChaNotes_DB:_migrate_from_v23_to_v24:9245 - [rag_char_chat_schema] Migration to V24 completed.
2026-09-17 00:12:17.873 | INFO     | tldw_Server_API.app.core.DB_Management.ChaChaNotes_DB:_migrate_from_v24_to_v25:9257 - Migrating 'rag_char_chat_schema' schema from V24 to V25 for DB: /private/var/folders/sn/m80n2j152t9gw3w8qwk2nykh0000gn/T/pytest-of-macbook-dev/pytest-645/test_readers_preserve_callers_0/book-reads.db...
2026-09-17 00:12:17.879 | INFO     | tldw_Server_API.app.core.DB_Management.ChaChaNotes_DB:_migrate_from_v24_to_v25:9283 - [rag_char_chat_schema] Migration to V25 completed.
2026-09-17 00:12:17.879 | INFO     | tldw_Server_API.app.core.DB_Management.ChaChaNotes_DB:_migrate_from_v25_to_v26:9295 - Migrating 'rag_char_chat_schema' schema from V25 to V26 for DB: /private/var/folders/sn/m80n2j152t9gw3w8qwk2nykh0000gn/T/pytest-of-macbook-dev/pytest-645/test_readers_preserve_callers_0/book-reads.db...
2026-09-17 00:12:17.882 | INFO     | tldw_Server_API.app.core.DB_Management.ChaChaNotes_DB:_migrate_from_v25_to_v26:9303 - [rag_char_chat_schema] Migration to V26 completed.
2026-09-17 00:12:17.882 | INFO     | tldw_Server_API.app.core.DB_Management.ChaChaNotes_DB:_migrate_from_v26_to_v27:9315 - Migrating 'rag_char_chat_schema' schema from V26 to V27 for DB: /private/var/folders/sn/m80n2j152t9gw3w8qwk2nykh0000gn/T/pytest-of-macbook-dev/pytest-645/test_readers_preserve_callers_0/book-reads.db...
2026-09-17 00:12:17.886 | INFO     | tldw_Server_API.app.core.DB_Management.ChaChaNotes_DB:_migrate_from_v26_to_v27:9343 - [rag_char_chat_schema] Migration to V27 completed.
2026-09-17 00:12:17.886 | INFO     | tldw_Server_API.app.core.DB_Management.ChaChaNotes_DB:_migrate_from_v27_to_v28:9355 - Migrating 'rag_char_chat_schema' schema from V27 to V28 for DB: /private/var/folders/sn/m80n2j152t9gw3w8qwk2nykh0000gn/T/pytest-of-macbook-dev/pytest-645/test_readers_preserve_callers_0/book-reads.db...
2026-09-17 00:12:17.888 | INFO     | tldw_Server_API.app.core.DB_Management.ChaChaNotes_DB:_migrate_from_v27_to_v28:9376 - [rag_char_chat_schema] Migration to V28 completed.
2026-09-17 00:12:17.888 | INFO     | tldw_Server_API.app.core.DB_Management.ChaChaNotes_DB:_migrate_from_v28_to_v29:9388 - Migrating 'rag_char_chat_schema' schema from V28 to V29 for DB: /private/var/folders/sn/m80n2j152t9gw3w8qwk2nykh0000gn/T/pytest-of-macbook-dev/pytest-645/test_readers_preserve_callers_0/book-reads.db...
2026-09-17 00:12:17.889 | INFO     | tldw_Server_API.app.core.DB_Management.ChaChaNotes_DB:_migrate_from_v28_to_v29:9396 - [rag_char_chat_schema] Migration to V29 completed.
2026-09-17 00:12:17.889 | INFO     | tldw_Server_API.app.core.DB_Management.ChaChaNotes_DB:_migrate_from_v29_to_v30:9408 - Migrating 'rag_char_chat_schema' schema from V29 to V30 for DB: /private/var/folders/sn/m80n2j152t9gw3w8qwk2nykh0000gn/T/pytest-of-macbook-dev/pytest-645/test_readers_preserve_callers_0/book-reads.db...
2026-09-17 00:12:17.891 | INFO     | tldw_Server_API.app.core.DB_Management.ChaChaNotes_DB:_migrate_from_v29_to_v30:9426 - [rag_char_chat_schema] Migration to V30 completed.
2026-09-17 00:12:17.891 | INFO     | tldw_Server_API.app.core.DB_Management.ChaChaNotes_DB:_migrate_from_v30_to_v31:9438 - Migrating 'rag_char_chat_schema' schema from V30 to V31 for DB: /private/var/folders/sn/m80n2j152t9gw3w8qwk2nykh0000gn/T/pytest-of-macbook-dev/pytest-645/test_readers_preserve_callers_0/book-reads.db...
2026-09-17 00:12:17.897 | INFO     | tldw_Server_API.app.core.DB_Management.ChaChaNotes_DB:_migrate_from_v30_to_v31:9460 - [rag_char_chat_schema] Migration to V31 completed.
2026-09-17 00:12:17.897 | INFO     | tldw_Server_API.app.core.DB_Management.ChaChaNotes_DB:_migrate_from_v31_to_v32:9472 - Migrating 'rag_char_chat_schema' schema from V31 to V32 for DB: /private/var/folders/sn/m80n2j152t9gw3w8qwk2nykh0000gn/T/pytest-of-macbook-dev/pytest-645/test_readers_preserve_callers_0/book-reads.db...
2026-09-17 00:12:17.903 | INFO     | tldw_Server_API.app.core.DB_Management.ChaChaNotes_DB:_migrate_from_v31_to_v32:9516 - [rag_char_chat_schema] Migration to V32 completed.
2026-09-17 00:12:17.904 | INFO     | tldw_Server_API.app.core.DB_Management.ChaChaNotes_DB:_migrate_from_v32_to_v33:9528 - Migrating 'rag_char_chat_schema' schema from V32 to V33 for DB: /private/var/folders/sn/m80n2j152t9gw3w8qwk2nykh0000gn/T/pytest-of-macbook-dev/pytest-645/test_readers_preserve_callers_0/book-reads.db...
2026-09-17 00:12:17.904 | INFO     | tldw_Server_API.app.core.DB_Management.ChaChaNotes_DB:_migrate_from_v32_to_v33:9536 - [rag_char_chat_schema] Migration to V33 completed.
2026-09-17 00:12:17.904 | INFO     | tldw_Server_API.app.core.DB_Management.ChaChaNotes_DB:_migrate_from_v33_to_v34:9548 - Migrating 'rag_char_chat_schema' schema from V33 to V34 for DB: /private/var/folders/sn/m80n2j152t9gw3w8qwk2nykh0000gn/T/pytest-of-macbook-dev/pytest-645/test_readers_preserve_callers_0/book-reads.db...
2026-09-17 00:12:17.906 | INFO     | tldw_Server_API.app.core.DB_Management.ChaChaNotes_DB:_migrate_from_v33_to_v34:9568 - [rag_char_chat_schema] Migration to V34 completed.
2026-09-17 00:12:17.906 | INFO     | tldw_Server_API.app.core.DB_Management.ChaChaNotes_DB:_migrate_from_v34_to_v35:9580 - Migrating 'rag_char_chat_schema' schema from V34 to V35 for DB: /private/var/folders/sn/m80n2j152t9gw3w8qwk2nykh0000gn/T/pytest-of-macbook-dev/pytest-645/test_readers_preserve_callers_0/book-reads.db...
2026-09-17 00:12:17.908 | INFO     | tldw_Server_API.app.core.DB_Management.ChaChaNotes_DB:_migrate_from_v34_to_v35:9600 - [rag_char_chat_schema] Migration to V35 completed.
2026-09-17 00:12:17.908 | INFO     | tldw_Server_API.app.core.DB_Management.ChaChaNotes_DB:_migrate_from_v35_to_v36:9612 - Migrating 'rag_char_chat_schema' schema from V35 to V36 for DB: /private/var/folders/sn/m80n2j152t9gw3w8qwk2nykh0000gn/T/pytest-of-macbook-dev/pytest-645/test_readers_preserve_callers_0/book-reads.db...
2026-09-17 00:12:17.913 | INFO     | tldw_Server_API.app.core.DB_Management.ChaChaNotes_DB:_migrate_from_v35_to_v36:9663 - [rag_char_chat_schema] Migration to V36 completed.
2026-09-17 00:12:17.913 | INFO     | tldw_Server_API.app.core.DB_Management.ChaChaNotes_DB:_migrate_from_v36_to_v37:9675 - Migrating 'rag_char_chat_schema' schema from V36 to V37 for DB: /private/var/folders/sn/m80n2j152t9gw3w8qwk2nykh0000gn/T/pytest-of-macbook-dev/pytest-645/test_readers_preserve_callers_0/book-reads.db...
2026-09-17 00:12:17.970 | INFO     | tldw_Server_API.app.core.DB_Management.ChaChaNotes_DB:_migrate_from_v36_to_v37:9686 - [rag_char_chat_schema] Migration to V37 completed.
2026-09-17 00:12:17.970 | INFO     | tldw_Server_API.app.core.DB_Management.ChaChaNotes_DB:_migrate_from_v37_to_v38:9698 - Migrating 'rag_char_chat_schema' schema from V37 to V38 for DB: /private/var/folders/sn/m80n2j152t9gw3w8qwk2nykh0000gn/T/pytest-of-macbook-dev/pytest-645/test_readers_preserve_callers_0/book-reads.db...
2026-09-17 00:12:17.971 | INFO     | tldw_Server_API.app.core.DB_Management.ChaChaNotes_DB:_migrate_from_v37_to_v38:9707 - [rag_char_chat_schema] Migration to V38 completed.
2026-09-17 00:12:17.971 | INFO     | tldw_Server_API.app.core.DB_Management.ChaChaNotes_DB:_migrate_from_v38_to_v39:9719 - Migrating 'rag_char_chat_schema' schema from V38 to V39 for DB: /private/var/folders/sn/m80n2j152t9gw3w8qwk2nykh0000gn/T/pytest-of-macbook-dev/pytest-645/test_readers_preserve_callers_0/book-reads.db...
2026-09-17 00:12:17.973 | INFO     | tldw_Server_API.app.core.DB_Management.ChaChaNotes_DB:_migrate_from_v38_to_v39:9728 - [rag_char_chat_schema] Migration to V39 completed.
2026-09-17 00:12:17.973 | INFO     | tldw_Server_API.app.core.DB_Management.ChaChaNotes_DB:_migrate_from_v39_to_v40:9740 - Migrating 'rag_char_chat_schema' schema from V39 to V40 for DB: /private/var/folders/sn/m80n2j152t9gw3w8qwk2nykh0000gn/T/pytest-of-macbook-dev/pytest-645/test_readers_preserve_callers_0/book-reads.db...
2026-09-17 00:12:17.974 | INFO     | tldw_Server_API.app.core.DB_Management.ChaChaNotes_DB:_migrate_from_v39_to_v40:9748 - [rag_char_chat_schema] Migration to V40 completed.
2026-09-17 00:12:17.974 | INFO     | tldw_Server_API.app.core.DB_Management.ChaChaNotes_DB:_migrate_from_v40_to_v41:9760 - Migrating 'rag_char_chat_schema' schema from V40 to V41 for DB: /private/var/folders/sn/m80n2j152t9gw3w8qwk2nykh0000gn/T/pytest-of-macbook-dev/pytest-645/test_readers_preserve_callers_0/book-reads.db...
2026-09-17 00:12:17.978 | INFO     | tldw_Server_API.app.core.DB_Management.ChaChaNotes_DB:_migrate_from_v40_to_v41:9768 - [rag_char_chat_schema] Migration to V41 completed.
2026-09-17 00:12:17.978 | INFO     | tldw_Server_API.app.core.DB_Management.ChaChaNotes_DB:_migrate_from_v41_to_v42:9780 - Migrating 'rag_char_chat_schema' schema from V41 to V42 for DB: /private/var/folders/sn/m80n2j152t9gw3w8qwk2nykh0000gn/T/pytest-of-macbook-dev/pytest-645/test_readers_preserve_callers_0/book-reads.db...
2026-09-17 00:12:17.983 | INFO     | tldw_Server_API.app.core.DB_Management.ChaChaNotes_DB:_migrate_from_v41_to_v42:9788 - [rag_char_chat_schema] Migration to V42 completed.
2026-09-17 00:12:17.984 | INFO     | tldw_Server_API.app.core.DB_Management.ChaChaNotes_DB:_migrate_from_v42_to_v43:9800 - Migrating 'rag_char_chat_schema' schema from V42 to V43 for DB: /private/var/folders/sn/m80n2j152t9gw3w8qwk2nykh0000gn/T/pytest-of-macbook-dev/pytest-645/test_readers_preserve_callers_0/book-reads.db...
2026-09-17 00:12:17.985 | INFO     | tldw_Server_API.app.core.DB_Management.ChaChaNotes_DB:_migrate_from_v42_to_v43:9808 - [rag_char_chat_schema] Migration to V43 completed.
2026-09-17 00:12:17.985 | INFO     | tldw_Server_API.app.core.DB_Management.ChaChaNotes_DB:_migrate_from_v43_to_v44:9820 - Migrating 'rag_char_chat_schema' schema from V43 to V44 for DB: /private/var/folders/sn/m80n2j152t9gw3w8qwk2nykh0000gn/T/pytest-of-macbook-dev/pytest-645/test_readers_preserve_callers_0/book-reads.db...
2026-09-17 00:12:17.986 | INFO     | tldw_Server_API.app.core.DB_Management.ChaChaNotes_DB:_migrate_from_v43_to_v44:9841 - [rag_char_chat_schema] Migration to V44 completed.
2026-09-17 00:12:17.986 | INFO     | tldw_Server_API.app.core.DB_Management.ChaChaNotes_DB:_migrate_from_v44_to_v45:9853 - Migrating 'rag_char_chat_schema' schema from V44 to V45 for DB: /private/var/folders/sn/m80n2j152t9gw3w8qwk2nykh0000gn/T/pytest-of-macbook-dev/pytest-645/test_readers_preserve_callers_0/book-reads.db...
2026-09-17 00:12:17.995 | INFO     | tldw_Server_API.app.core.DB_Management.ChaChaNotes_DB:_migrate_from_v44_to_v45:9862 - [rag_char_chat_schema] Migration to V45 completed.
2026-09-17 00:12:17.995 | INFO     | tldw_Server_API.app.core.DB_Management.ChaChaNotes_DB:_migrate_from_v45_to_v46:9874 - Migrating 'rag_char_chat_schema' schema from V45 to V46 for DB: /private/var/folders/sn/m80n2j152t9gw3w8qwk2nykh0000gn/T/pytest-of-macbook-dev/pytest-645/test_readers_preserve_callers_0/book-reads.db...
2026-09-17 00:12:17.996 | INFO     | tldw_Server_API.app.core.DB_Management.ChaChaNotes_DB:_migrate_from_v45_to_v46:9882 - [rag_char_chat_schema] Migration to V46 completed.
2026-09-17 00:12:17.996 | INFO     | tldw_Server_API.app.core.DB_Management.ChaChaNotes_DB:_migrate_from_v46_to_v47:9894 - Migrating 'rag_char_chat_schema' schema from V46 to V47 for DB: /private/var/folders/sn/m80n2j152t9gw3w8qwk2nykh0000gn/T/pytest-of-macbook-dev/pytest-645/test_readers_preserve_callers_0/book-reads.db...
2026-09-17 00:12:18.000 | INFO     | tldw_Server_API.app.core.DB_Management.ChaChaNotes_DB:_migrate_from_v46_to_v47:9909 - [rag_char_chat_schema] Migration to V47 completed.
2026-09-17 00:12:18.000 | INFO     | tldw_Server_API.app.core.DB_Management.ChaChaNotes_DB:_migrate_from_v47_to_v48:9921 - Migrating 'rag_char_chat_schema' schema from V47 to V48 for DB: /private/var/folders/sn/m80n2j152t9gw3w8qwk2nykh0000gn/T/pytest-of-macbook-dev/pytest-645/test_readers_preserve_callers_0/book-reads.db...
2026-09-17 00:12:18.002 | INFO     | tldw_Server_API.app.core.DB_Management.ChaChaNotes_DB:_migrate_from_v47_to_v48:9929 - [rag_char_chat_schema] Migration to V48 completed.
2026-09-17 00:12:18.002 | INFO     | tldw_Server_API.app.core.DB_Management.ChaChaNotes_DB:_migrate_from_v48_to_v49:9941 - Migrating 'rag_char_chat_schema' schema from V48 to V49 for DB: /private/var/folders/sn/m80n2j152t9gw3w8qwk2nykh0000gn/T/pytest-of-macbook-dev/pytest-645/test_readers_preserve_callers_0/book-reads.db...
2026-09-17 00:12:18.002 | INFO     | tldw_Server_API.app.core.DB_Management.ChaChaNotes_DB:_migrate_from_v48_to_v49:9950 - [rag_char_chat_schema] Migration to V49 completed.
2026-09-17 00:12:18.002 | INFO     | tldw_Server_API.app.core.DB_Management.ChaChaNotes_DB:_migrate_from_v49_to_v50:9962 - Migrating 'rag_char_chat_schema' schema from V49 to V50 for DB: /private/var/folders/sn/m80n2j152t9gw3w8qwk2nykh0000gn/T/pytest-of-macbook-dev/pytest-645/test_readers_preserve_callers_0/book-reads.db...
2026-09-17 00:12:18.003 | INFO     | tldw_Server_API.app.core.DB_Management.ChaChaNotes_DB:_migrate_from_v49_to_v50:9971 - [rag_char_chat_schema] Migration to V50 completed.
2026-09-17 00:12:18.003 | INFO     | tldw_Server_API.app.core.DB_Management.ChaChaNotes_DB:_migrate_from_v50_to_v51:9983 - Migrating 'rag_char_chat_schema' schema from V50 to V51 for DB: /private/var/folders/sn/m80n2j152t9gw3w8qwk2nykh0000gn/T/pytest-of-macbook-dev/pytest-645/test_readers_preserve_callers_0/book-reads.db...
2026-09-17 00:12:18.004 | INFO     | tldw_Server_API.app.core.DB_Management.ChaChaNotes_DB:_migrate_from_v50_to_v51:9999 - [rag_char_chat_schema] Migration to V51 completed.
2026-09-17 00:12:18.004 | INFO     | tldw_Server_API.app.core.DB_Management.ChaChaNotes_DB:_migrate_from_v51_to_v52:10011 - Migrating 'rag_char_chat_schema' schema from V51 to V52 for DB: /private/var/folders/sn/m80n2j152t9gw3w8qwk2nykh0000gn/T/pytest-of-macbook-dev/pytest-645/test_readers_preserve_callers_0/book-reads.db...
2026-09-17 00:12:18.007 | INFO     | tldw_Server_API.app.core.DB_Management.ChaChaNotes_DB:_migrate_from_v51_to_v52:10023 - [rag_char_chat_schema] Migration to V52 completed.
2026-09-17 00:12:18.007 | INFO     | tldw_Server_API.app.core.DB_Management.ChaChaNotes_DB:_migrate_from_v52_to_v53:10037 - Migrating 'rag_char_chat_schema' schema from V52 to V53 for DB: /private/var/folders/sn/m80n2j152t9gw3w8qwk2nykh0000gn/T/pytest-of-macbook-dev/pytest-645/test_readers_preserve_callers_0/book-reads.db...
2026-09-17 00:12:18.016 | INFO     | tldw_Server_API.app.core.DB_Management.ChaChaNotes_DB:_migrate_from_v52_to_v53:10050 - [rag_char_chat_schema] Migration to V53 completed.
2026-09-17 00:12:18.016 | INFO     | tldw_Server_API.app.core.DB_Management.ChaChaNotes_DB:_migrate_from_v53_to_v54:10064 - Migrating 'rag_char_chat_schema' schema from V53 to V54 for DB: /private/var/folders/sn/m80n2j152t9gw3w8qwk2nykh0000gn/T/pytest-of-macbook-dev/pytest-645/test_readers_preserve_callers_0/book-reads.db...
2026-09-17 00:12:18.016 | INFO     | tldw_Server_API.app.core.DB_Management.ChaChaNotes_DB:_migrate_from_v53_to_v54:10076 - [rag_char_chat_schema] Migration to V54 completed.
2026-09-17 00:12:18.017 | INFO     | tldw_Server_API.app.core.DB_Management.ChaChaNotes_DB:_migrate_from_v54_to_v55:10090 - Migrating 'rag_char_chat_schema' schema from V54 to V55 for DB: /private/var/folders/sn/m80n2j152t9gw3w8qwk2nykh0000gn/T/pytest-of-macbook-dev/pytest-645/test_readers_preserve_callers_0/book-reads.db...
2026-09-17 00:12:18.019 | INFO     | tldw_Server_API.app.core.DB_Management.ChaChaNotes_DB:_migrate_from_v54_to_v55:10168 - [rag_char_chat_schema] Migration to V55 completed.
2026-09-17 00:12:18.019 | INFO     | tldw_Server_API.app.core.DB_Management.ChaChaNotes_DB:_migrate_from_v55_to_v56:10272 - Migrating 'rag_char_chat_schema' schema from V55 to V56 for DB: /private/var/folders/sn/m80n2j152t9gw3w8qwk2nykh0000gn/T/pytest-of-macbook-dev/pytest-645/test_readers_preserve_callers_0/book-reads.db...
2026-09-17 00:12:18.319 | INFO     | tldw_Server_API.app.core.DB_Management.ChaChaNotes_DB:_migrate_from_v64_to_v65:17796 - Migrating 'rag_char_chat_schema' schema from V64 to V65 for DB: /private/var/folders/sn/m80n2j152t9gw3w8qwk2nykh0000gn/T/pytest-of-macbook-dev/pytest-645/test_readers_preserve_callers_0/book-reads.db...
2026-09-17 00:12:18.331 | INFO     | tldw_Server_API.app.core.DB_Management.ChaChaNotes_DB:_migrate_from_v64_to_v65:17813 - [rag_char_chat_schema] Migration to V65 completed.
2026-09-17 00:12:18.444 | WARNING  | tldw_Server_API.app.core.DB_Management.ChaChaNotes_DB:_self_heal_character_cards_fts_sqlite:24822 - character_cards_fts out of sync (active=1 indexed=0); rebuilding.
2026-09-17 00:12:18.444 | INFO     | tldw_Server_API.app.core.DB_Management.ChaChaNotes_DB:_initialize_schema_sqlite:21121 - Database schema 'rag_char_chat_schema' successfully initialized/migrated to version 67.
2026-09-17 00:12:18.444 | DEBUG    | tldw_Server_API.app.core.DB_Management.ChaChaNotes_DB:__exit__:45150 - Transaction (outermost) committed successfully on thread 8346099072.
2026-09-17 00:12:18.444 | DEBUG    | tldw_Server_API.app.core.DB_Management.ChaChaNotes_DB:execute_query:8286 - Executing SQL (script=False, backend=sqlite):
                CREATE TABLE IF NOT EXISTS message_metadata(
                  message_id TEXT PRIMARY KEY REFERENCES messages(id) ON DELETE CASCADE,
                  tool_calls_json TEXT,
                  extra_json TEXT,
                  last_modified DATETIME NOT NULL DEFAULT CURRENT_TIMESTAM... Params: None...
2026-09-17 00:12:18.444 | DEBUG    | tldw_Server_API.app.core.DB_Management.ChaChaNotes_DB:execute_query:8313 - Committed directly by execute_query.
2026-09-17 00:12:18.444 | DEBUG    | tldw_Server_API.app.core.DB_Management.ChaChaNotes_DB:execute_query:8286 - Executing SQL (script=False, backend=sqlite):
                CREATE TABLE IF NOT EXISTS persona_live_voice_session_summaries(
                  id INTEGER PRIMARY KEY AUTOINCREMENT,
                  user_id INTEGER NOT NULL,
                  persona_id TEXT NOT NULL,
                  session_id TEXT NOT NULL,
                  created_at D... Params: None...
2026-09-17 00:12:18.445 | DEBUG    | tldw_Server_API.app.core.DB_Management.ChaChaNotes_DB:execute_query:8313 - Committed directly by execute_query.
2026-09-17 00:12:18.445 | DEBUG    | tldw_Server_API.app.core.DB_Management.ChaChaNotes_DB:execute_query:8286 - Executing SQL (script=False, backend=sqlite):
                CREATE INDEX IF NOT EXISTS idx_persona_live_voice_session_summaries_persona_time
                ON persona_live_voice_session_summaries(persona_id, started_at, updated_at)
                ... Params: None...
2026-09-17 00:12:18.445 | DEBUG    | tldw_Server_API.app.core.DB_Management.ChaChaNotes_DB:execute_query:8313 - Committed directly by execute_query.
2026-09-17 00:12:18.445 | DEBUG    | tldw_Server_API.app.core.DB_Management.ChaChaNotes_DB:execute_query:8286 - Executing SQL (script=False, backend=sqlite):
                CREATE TABLE IF NOT EXISTS conversation_settings(
                  conversation_id TEXT PRIMARY KEY REFERENCES conversations(id) ON DELETE CASCADE,
                  settings_json TEXT NOT NULL,
                  settings_version INTEGER NOT NULL DEFAULT 1 CHECK(settings_version >=... Params: None...
2026-09-17 00:12:18.445 | DEBUG    | tldw_Server_API.app.core.DB_Management.ChaChaNotes_DB:execute_query:8313 - Committed directly by execute_query.
2026-09-17 00:12:18.445 | DEBUG    | tldw_Server_API.app.core.DB_Management.ChaChaNotes_DB:__init__:7664 - CharactersRAGDB initialization completed successfully for /private/var/folders/sn/m80n2j152t9gw3w8qwk2nykh0000gn/T/pytest-of-macbook-dev/pytest-645/test_readers_preserve_callers_0/book-reads.db
2026-09-17 00:12:18.445 | DEBUG    | tldw_Server_API.app.core.DB_Management.ChaChaNotes_DB:__enter__:45122 - Transaction started (outermost) on thread 8346099072.
2026-09-17 00:12:18.446 | INFO     | tldw_Server_API.app.core.Character_Chat.world_book_manager:_init_tables:614 - World book tables initialized
2026-09-17 00:12:18.446 | DEBUG    | tldw_Server_API.app.core.DB_Management.ChaChaNotes_DB:__exit__:45150 - Transaction (outermost) committed successfully on thread 8346099072.
2026-09-17 00:12:18.446 | DEBUG    | tldw_Server_API.app.core.DB_Management.ChaChaNotes_DB:__enter__:45122 - Transaction started (outermost) on thread 8346099072.
2026-09-17 00:12:18.446 | INFO     | tldw_Server_API.app.core.DB_Management.chacha.character_store:add_character_card:199 - Added character card 'WorldBook reader' with ID: 2.
2026-09-17 00:12:18.447 | DEBUG    | tldw_Server_API.app.core.DB_Management.ChaChaNotes_DB:__exit__:45150 - Transaction (outermost) committed successfully on thread 8346099072.
----------------------------- Captured stderr call -----------------------------
2026-09-17 00:12:18.447 | DEBUG    | tldw_Server_API.app.core.DB_Management.ChaChaNotes_DB:__enter__:45122 - Transaction started (outermost) on thread 8346099072.
2026-09-17 00:12:18.447 | DEBUG    | tldw_Server_API.app.core.DB_Management.ChaChaNotes_DB:__exit__:45150 - Transaction (outermost) committed successfully on thread 8346099072.
2026-09-17 00:12:18.447 | DEBUG    | tldw_Server_API.app.core.DB_Management.ChaChaNotes_DB:__enter__:45122 - Transaction started (outermost) on thread 8346099072.
2026-09-17 00:12:18.448 | ERROR    | tldw_Server_API.app.core.DB_Management.ChaChaNotes_DB:__exit__:45139 - Transaction (outermost) failed, rolling back on thread 8346099072: RuntimeError - caller rollback
2026-09-17 00:12:18.448 | DEBUG    | tldw_Server_API.app.core.DB_Management.ChaChaNotes_DB:__exit__:45144 - Rollback successful on thread 8346099072.
--------------------------- Captured stderr teardown ---------------------------
2026-09-17 00:12:18.449 | DEBUG    | tldw_Server_API.app.core.DB_Management.ChaChaNotes_DB:close_connection:8092 - Attempting WAL checkpoint (TRUNCATE) before closing /private/var/folders/sn/m80n2j152t9gw3w8qwk2nykh0000gn/T/pytest-of-macbook-dev/pytest-645/test_readers_preserve_callers_0/book-reads.db on thread 8346099072.
2026-09-17 00:12:18.451 | DEBUG    | tldw_Server_API.app.core.DB_Management.ChaChaNotes_DB:close_connection:8098 - WAL checkpoint TRUNCATE executed for /private/var/folders/sn/m80n2j152t9gw3w8qwk2nykh0000gn/T/pytest-of-macbook-dev/pytest-645/test_readers_preserve_callers_0/book-reads.db.
2026-09-17 00:12:18.452 | DEBUG    | tldw_Server_API.app.core.DB_Management.ChaChaNotes_DB:close_connection:8103 - Closed SQLite connection for thread 8346099072 to /private/var/folders/sn/m80n2j152t9gw3w8qwk2nykh0000gn/T/pytest-of-macbook-dev/pytest-645/test_readers_preserve_callers_0/book-reads.db.
2026-09-17 00:12:18.452 | INFO     | tldw_Server_API.app.api.v1.API_Deps.ChaCha_Notes_DB_Deps:close_all_chacha_db_instances:876 - Closing all cached ChaChaNotesDB instances (0)...
2026-09-17 00:12:18.452 | INFO     | tldw_Server_API.app.api.v1.API_Deps.ChaCha_Notes_DB_Deps:close_all_chacha_db_instances:892 - All ChaChaNotesDB instances closed and cache cleared.
2026-09-17 00:12:18.452 | INFO     | tldw_Server_API.app.api.v1.API_Deps.ChaCha_Notes_DB_Deps:close_all_chacha_db_instances:876 - Closing all cached ChaChaNotesDB instances (0)...
2026-09-17 00:12:18.452 | INFO     | tldw_Server_API.app.api.v1.API_Deps.ChaCha_Notes_DB_Deps:close_all_chacha_db_instances:892 - All ChaChaNotesDB instances closed and cache cleared.
_____ test_readers_preserve_callers_pending_writes_and_rollback[postgres] ______
tldw_Server_API/app/core/Character_Chat/world_book_manager.py:1625: in get_character_world_books
    with self.db.get_connection() as conn:
E   TypeError: 'BackendConnectionWrapper' object does not support the context manager protocol

The above exception was the direct cause of the following exception:
tldw_Server_API/tests/DB_Management/test_character_world_book_reads_backends.py:104: in test_readers_preserve_callers_pending_writes_and_rollback
    assert service.get_character_world_books(character)[0]["name"] == "Pending name"
           ^^^^^^^^^^^^^^^^^^^^^^^^^^^^^^^^^^^^^^^^^^^^
tldw_Server_API/app/core/Character_Chat/world_book_manager.py:1645: in get_character_world_books
    raise CharactersRAGDBError(f"Error fetching character world books: {e}") from e
E   tldw_Server_API.app.core.DB_Management.ChaChaNotes_DB.CharactersRAGDBError: Error fetching character world books: 'BackendConnectionWrapper' object does not support the context manager protocol
---------------------------- Captured stderr setup -----------------------------
2026-09-17 00:12:18.470 | INFO     | tldw_Server_API.app.core.DB_Management.backends.factory:create_backend:392 - Creating postgresql backend
2026-09-17 00:12:18.471 | INFO     | tldw_Server_API.app.core.config:_buffered_log:210 - Determined ACTUAL_PROJECT_ROOT for database paths: /Users/macbook-dev/Documents/GitHub/tldw_server2
2026-09-17 00:12:18.471 | INFO     | tldw_Server_API.app.core.config:_buffered_log:210 - Early loading environment variables from: /Users/macbook-dev/Documents/GitHub/tldw_server2/tldw_Server_API/Config_Files/.env
2026-09-17 00:12:18.476 | INFO     | tldw_Server_API.app.core.config:_buffered_log:210 - Early loading environment variables from: /Users/macbook-dev/Documents/GitHub/tldw_server2/tldw_Server_API/Config_Files/.ENV
2026-09-17 00:12:18.480 | DEBUG    | tldw_Server_API.app.core.config:_buffered_log:210 - load_and_log_configs(): Loading and logging configurations...
2026-09-17 00:12:18.480 | INFO     | tldw_Server_API.app.core.config:_buffered_log:210 - Loading environment variables from: /Users/macbook-dev/Documents/GitHub/tldw_server2/tldw_Server_API/Config_Files/.env
2026-09-17 00:12:18.485 | INFO     | tldw_Server_API.app.core.config:_buffered_log:210 - Loading environment variables from: /Users/macbook-dev/Documents/GitHub/tldw_server2/tldw_Server_API/Config_Files/.ENV
2026-09-17 00:12:18.490 | INFO     | tldw_Server_API.app.core.config:_buffered_log:210 - Attempting to load comprehensive config from: /Users/macbook-dev/Documents/GitHub/tldw_server2/tldw_Server_API/Config_Files/config.txt
2026-09-17 00:12:18.492 | INFO     | tldw_Server_API.app.core.config:_buffered_log:210 - load_comprehensive_config(): Sections found in config: ['Setup', 'UI', 'Server', 'Files', 'Image-Generation', 'ACP', 'WORKSPACES', 'ACP-WORKSPACE', 'ACP-SANDBOX', 'Audit', 'Processing', 'Media-Processing', 'Chat-Dictionaries', 'Chat-Module', 'Chat-Commands', 'Chat-Templating', 'Character-Chat', 'Settings', 'Auto-Save', 'Prompts', 'Database', 'Chunking', 'Visual-RAG', 'AuthNZ', 'Streaming', 'HTTP', 'Egress', 'Embeddings', 'Claims', 'ClaimsMonitoring', 'RAG', 'Search-Agent', 'ResourceGovernor', 'Jobs', 'SlidesStandaloneHtml', 'Diarization', 'API', 'MLX', 'Local-API', 'LlamaCpp', 'STT-Settings', 'external_providers', 'TTS-Settings', 'VibeVoice', 'Audio-Quota', 'API-Routes', 'Search-Engines', 'Web-Scraper', 'Logging', 'Moderation', 'Redis', 'Web-Scraping', 'personalization', 'persona', 'persona.rbac']
2026-09-17 00:12:18.494 | INFO     | tldw_Server_API.app.core.config:_buffered_log:210 - Ensured main SQLite database directory exists: /Users/macbook-dev/Documents/GitHub/tldw_server2/Databases
2026-09-17 00:12:18.494 | INFO     | tldw_Server_API.app.core.config:_buffered_log:210 - Ensured user data base directory exists: Databases/user_databases
2026-09-17 00:12:18.495 | WARNING  | tldw_Server_API.app.core.DB_Management.db_path_utils:resolve_user_db_base_dir:491 - USER_DB_BASE_DIR not configured in tests, using isolated fallback: /private/var/folders/sn/m80n2j152t9gw3w8qwk2nykh0000gn/T/tldw_user_databases_test/default-b4fffb23
2026-09-17 00:12:18.495 | INFO     | tldw_Server_API.app.core.DB_Management.ChaChaNotes_DB:__init__:7657 - Initializing CharactersRAGDB for path: /private/var/folders/sn/m80n2j152t9gw3w8qwk2nykh0000gn/T/pytest-of-macbook-dev/pytest-645/test_readers_preserve_callers_1/book-reads.db [Client ID: 2] (backend=postgresql)
2026-09-17 00:12:19.943 | DEBUG    | tldw_Server_API.app.core.DB_Management.ChaChaNotes_DB:__init__:7664 - CharactersRAGDB initialization completed successfully for /private/var/folders/sn/m80n2j152t9gw3w8qwk2nykh0000gn/T/pytest-of-macbook-dev/pytest-645/test_readers_preserve_callers_1/book-reads.db
2026-09-17 00:12:19.945 | DEBUG    | tldw_Server_API.app.core.DB_Management.ChaChaNotes_DB:_get_connection_for_state:8036 - Acquired backend connection (postgresql) for thread 8346099072
2026-09-17 00:12:19.949 | INFO     | tldw_Server_API.app.core.Character_Chat.world_book_manager:_init_tables:614 - World book tables initialized
2026-09-17 00:12:19.950 | INFO     | tldw_Server_API.app.core.DB_Management.chacha.character_store:add_character_card:199 - Added character card 'WorldBook reader' with ID: 2.
----------------------------- Captured stderr call -----------------------------
2026-09-17 00:12:19.955 | ERROR    | tldw_Server_API.app.core.Character_Chat.world_book_manager:get_character_world_books:1644 - Error fetching character world books: 'BackendConnectionWrapper' object does not support the context manager protocol
--------------------------- Captured stderr teardown ---------------------------
2026-09-17 00:12:19.971 | DEBUG    | tldw_Server_API.app.core.DB_Management.ChaChaNotes_DB:close_connection:8110 - Returned backend connection (postgresql) for thread 8346099072.
2026-09-17 00:12:19.988 | INFO     | tldw_Server_API.app.api.v1.API_Deps.ChaCha_Notes_DB_Deps:close_all_chacha_db_instances:876 - Closing all cached ChaChaNotesDB instances (0)...
2026-09-17 00:12:19.988 | INFO     | tldw_Server_API.app.api.v1.API_Deps.ChaCha_Notes_DB_Deps:close_all_chacha_db_instances:892 - All ChaChaNotesDB instances closed and cache cleared.
2026-09-17 00:12:19.988 | INFO     | tldw_Server_API.app.api.v1.API_Deps.ChaCha_Notes_DB_Deps:close_all_chacha_db_instances:876 - Closing all cached ChaChaNotesDB instances (0)...
2026-09-17 00:12:19.988 | INFO     | tldw_Server_API.app.api.v1.API_Deps.ChaCha_Notes_DB_Deps:close_all_chacha_db_instances:892 - All ChaChaNotesDB instances closed and cache cleared.
_ test_populated_character_books_keep_enabled_deleted_and_order[postgres-False-expected1] _
tldw_Server_API/app/core/Character_Chat/world_book_manager.py:1625: in get_character_world_books
    with self.db.get_connection() as conn:
E   TypeError: 'BackendConnectionWrapper' object does not support the context manager protocol

The above exception was the direct cause of the following exception:
tldw_Server_API/tests/DB_Management/test_character_world_book_reads_backends.py:64: in test_populated_character_books_keep_enabled_deleted_and_order
    rows = service.get_character_world_books(character, enabled_only=enabled_only)
           ^^^^^^^^^^^^^^^^^^^^^^^^^^^^^^^^^^^^^^^^^^^^^^^^^^^^^^^^^^^^^^^^^^^^^^^
tldw_Server_API/app/core/Character_Chat/world_book_manager.py:1645: in get_character_world_books
    raise CharactersRAGDBError(f"Error fetching character world books: {e}") from e
E   tldw_Server_API.app.core.DB_Management.ChaChaNotes_DB.CharactersRAGDBError: Error fetching character world books: 'BackendConnectionWrapper' object does not support the context manager protocol
---------------------------- Captured stderr setup -----------------------------
2026-09-17 00:12:20.658 | INFO     | tldw_Server_API.app.core.DB_Management.backends.factory:create_backend:392 - Creating postgresql backend
2026-09-17 00:12:20.658 | INFO     | tldw_Server_API.app.core.config:_buffered_log:210 - Determined ACTUAL_PROJECT_ROOT for database paths: /Users/macbook-dev/Documents/GitHub/tldw_server2
2026-09-17 00:12:20.659 | INFO     | tldw_Server_API.app.core.config:_buffered_log:210 - Early loading environment variables from: /Users/macbook-dev/Documents/GitHub/tldw_server2/tldw_Server_API/Config_Files/.env
2026-09-17 00:12:20.663 | INFO     | tldw_Server_API.app.core.config:_buffered_log:210 - Early loading environment variables from: /Users/macbook-dev/Documents/GitHub/tldw_server2/tldw_Server_API/Config_Files/.ENV
2026-09-17 00:12:20.667 | DEBUG    | tldw_Server_API.app.core.config:_buffered_log:210 - load_and_log_configs(): Loading and logging configurations...
2026-09-17 00:12:20.668 | INFO     | tldw_Server_API.app.core.config:_buffered_log:210 - Loading environment variables from: /Users/macbook-dev/Documents/GitHub/tldw_server2/tldw_Server_API/Config_Files/.env
2026-09-17 00:12:20.672 | INFO     | tldw_Server_API.app.core.config:_buffered_log:210 - Loading environment variables from: /Users/macbook-dev/Documents/GitHub/tldw_server2/tldw_Server_API/Config_Files/.ENV
2026-09-17 00:12:20.677 | INFO     | tldw_Server_API.app.core.config:_buffered_log:210 - Attempting to load comprehensive config from: /Users/macbook-dev/Documents/GitHub/tldw_server2/tldw_Server_API/Config_Files/config.txt
2026-09-17 00:12:20.679 | INFO     | tldw_Server_API.app.core.config:_buffered_log:210 - load_comprehensive_config(): Sections found in config: ['Setup', 'UI', 'Server', 'Files', 'Image-Generation', 'ACP', 'WORKSPACES', 'ACP-WORKSPACE', 'ACP-SANDBOX', 'Audit', 'Processing', 'Media-Processing', 'Chat-Dictionaries', 'Chat-Module', 'Chat-Commands', 'Chat-Templating', 'Character-Chat', 'Settings', 'Auto-Save', 'Prompts', 'Database', 'Chunking', 'Visual-RAG', 'AuthNZ', 'Streaming', 'HTTP', 'Egress', 'Embeddings', 'Claims', 'ClaimsMonitoring', 'RAG', 'Search-Agent', 'ResourceGovernor', 'Jobs', 'SlidesStandaloneHtml', 'Diarization', 'API', 'MLX', 'Local-API', 'LlamaCpp', 'STT-Settings', 'external_providers', 'TTS-Settings', 'VibeVoice', 'Audio-Quota', 'API-Routes', 'Search-Engines', 'Web-Scraper', 'Logging', 'Moderation', 'Redis', 'Web-Scraping', 'personalization', 'persona', 'persona.rbac']
2026-09-17 00:12:20.682 | INFO     | tldw_Server_API.app.core.config:_buffered_log:210 - Ensured main SQLite database directory exists: /Users/macbook-dev/Documents/GitHub/tldw_server2/Databases
2026-09-17 00:12:20.682 | INFO     | tldw_Server_API.app.core.config:_buffered_log:210 - Ensured user data base directory exists: Databases/user_databases
2026-09-17 00:12:20.682 | WARNING  | tldw_Server_API.app.core.DB_Management.db_path_utils:resolve_user_db_base_dir:491 - USER_DB_BASE_DIR not configured in tests, using isolated fallback: /private/var/folders/sn/m80n2j152t9gw3w8qwk2nykh0000gn/T/tldw_user_databases_test/default-b4fffb23
2026-09-17 00:12:20.682 | INFO     | tldw_Server_API.app.core.DB_Management.ChaChaNotes_DB:__init__:7657 - Initializing CharactersRAGDB for path: /private/var/folders/sn/m80n2j152t9gw3w8qwk2nykh0000gn/T/pytest-of-macbook-dev/pytest-645/test_populated_character_books1/book-reads.db [Client ID: 2] (backend=postgresql)
2026-09-17 00:12:22.138 | DEBUG    | tldw_Server_API.app.core.DB_Management.ChaChaNotes_DB:__init__:7664 - CharactersRAGDB initialization completed successfully for /private/var/folders/sn/m80n2j152t9gw3w8qwk2nykh0000gn/T/pytest-of-macbook-dev/pytest-645/test_populated_character_books1/book-reads.db
2026-09-17 00:12:22.139 | DEBUG    | tldw_Server_API.app.core.DB_Management.ChaChaNotes_DB:_get_connection_for_state:8036 - Acquired backend connection (postgresql) for thread 8346099072
2026-09-17 00:12:22.143 | INFO     | tldw_Server_API.app.core.Character_Chat.world_book_manager:_init_tables:614 - World book tables initialized
2026-09-17 00:12:22.144 | INFO     | tldw_Server_API.app.core.DB_Management.chacha.character_store:add_character_card:199 - Added character card 'WorldBook reader' with ID: 2.
----------------------------- Captured stderr call -----------------------------
2026-09-17 00:12:22.149 | ERROR    | tldw_Server_API.app.core.Character_Chat.world_book_manager:get_character_world_books:1644 - Error fetching character world books: 'BackendConnectionWrapper' object does not support the context manager protocol
--------------------------- Captured stderr teardown ---------------------------
2026-09-17 00:12:22.164 | DEBUG    | tldw_Server_API.app.core.DB_Management.ChaChaNotes_DB:close_connection:8110 - Returned backend connection (postgresql) for thread 8346099072.
2026-09-17 00:12:22.186 | INFO     | tldw_Server_API.app.api.v1.API_Deps.ChaCha_Notes_DB_Deps:close_all_chacha_db_instances:876 - Closing all cached ChaChaNotesDB instances (0)...
2026-09-17 00:12:22.186 | INFO     | tldw_Server_API.app.api.v1.API_Deps.ChaCha_Notes_DB_Deps:close_all_chacha_db_instances:892 - All ChaChaNotesDB instances closed and cache cleared.
2026-09-17 00:12:22.186 | INFO     | tldw_Server_API.app.api.v1.API_Deps.ChaCha_Notes_DB_Deps:close_all_chacha_db_instances:876 - Closing all cached ChaChaNotesDB instances (0)...
2026-09-17 00:12:22.186 | INFO     | tldw_Server_API.app.api.v1.API_Deps.ChaCha_Notes_DB_Deps:close_all_chacha_db_instances:892 - All ChaChaNotesDB instances closed and cache cleared.
_ test_entry_counts_normalize_subset_and_keep_zero_and_disabled_entries[postgres] _
tldw_Server_API/app/core/Character_Chat/world_book_manager.py:807: in get_entry_counts_for_world_books
    with self.db.get_connection() as conn:
E   TypeError: 'BackendConnectionWrapper' object does not support the context manager protocol

The above exception was the direct cause of the following exception:
tldw_Server_API/tests/DB_Management/test_character_world_book_reads_backends.py:73: in test_entry_counts_normalize_subset_and_keep_zero_and_disabled_entries
    assert service.get_entry_counts_for_world_books([101, "101", 102, 999, -1, "bad"]) == {
           ^^^^^^^^^^^^^^^^^^^^^^^^^^^^^^^^^^^^^^^^^^^^^^^^^^^^^^^^^^^^^^^^^^^^^^^^^^^
tldw_Server_API/app/core/Character_Chat/world_book_manager.py:835: in get_entry_counts_for_world_books
    raise CharactersRAGDBError(f"Error fetching world book entry counts: {e}") from e
E   tldw_Server_API.app.core.DB_Management.ChaChaNotes_DB.CharactersRAGDBError: Error fetching world book entry counts: 'BackendConnectionWrapper' object does not support the context manager protocol
---------------------------- Captured stderr setup -----------------------------
2026-09-17 00:12:22.204 | INFO     | tldw_Server_API.app.core.DB_Management.backends.factory:create_backend:392 - Creating postgresql backend
2026-09-17 00:12:22.204 | INFO     | tldw_Server_API.app.core.config:_buffered_log:210 - Determined ACTUAL_PROJECT_ROOT for database paths: /Users/macbook-dev/Documents/GitHub/tldw_server2
2026-09-17 00:12:22.204 | INFO     | tldw_Server_API.app.core.config:_buffered_log:210 - Early loading environment variables from: /Users/macbook-dev/Documents/GitHub/tldw_server2/tldw_Server_API/Config_Files/.env
2026-09-17 00:12:22.209 | INFO     | tldw_Server_API.app.core.config:_buffered_log:210 - Early loading environment variables from: /Users/macbook-dev/Documents/GitHub/tldw_server2/tldw_Server_API/Config_Files/.ENV
2026-09-17 00:12:22.213 | DEBUG    | tldw_Server_API.app.core.config:_buffered_log:210 - load_and_log_configs(): Loading and logging configurations...
2026-09-17 00:12:22.213 | INFO     | tldw_Server_API.app.core.config:_buffered_log:210 - Loading environment variables from: /Users/macbook-dev/Documents/GitHub/tldw_server2/tldw_Server_API/Config_Files/.env
2026-09-17 00:12:22.217 | INFO     | tldw_Server_API.app.core.config:_buffered_log:210 - Loading environment variables from: /Users/macbook-dev/Documents/GitHub/tldw_server2/tldw_Server_API/Config_Files/.ENV
2026-09-17 00:12:22.222 | INFO     | tldw_Server_API.app.core.config:_buffered_log:210 - Attempting to load comprehensive config from: /Users/macbook-dev/Documents/GitHub/tldw_server2/tldw_Server_API/Config_Files/config.txt
2026-09-17 00:12:22.223 | INFO     | tldw_Server_API.app.core.config:_buffered_log:210 - load_comprehensive_config(): Sections found in config: ['Setup', 'UI', 'Server', 'Files', 'Image-Generation', 'ACP', 'WORKSPACES', 'ACP-WORKSPACE', 'ACP-SANDBOX', 'Audit', 'Processing', 'Media-Processing', 'Chat-Dictionaries', 'Chat-Module', 'Chat-Commands', 'Chat-Templating', 'Character-Chat', 'Settings', 'Auto-Save', 'Prompts', 'Database', 'Chunking', 'Visual-RAG', 'AuthNZ', 'Streaming', 'HTTP', 'Egress', 'Embeddings', 'Claims', 'ClaimsMonitoring', 'RAG', 'Search-Agent', 'ResourceGovernor', 'Jobs', 'SlidesStandaloneHtml', 'Diarization', 'API', 'MLX', 'Local-API', 'LlamaCpp', 'STT-Settings', 'external_providers', 'TTS-Settings', 'VibeVoice', 'Audio-Quota', 'API-Routes', 'Search-Engines', 'Web-Scraper', 'Logging', 'Moderation', 'Redis', 'Web-Scraping', 'personalization', 'persona', 'persona.rbac']
2026-09-17 00:12:22.225 | INFO     | tldw_Server_API.app.core.config:_buffered_log:210 - Ensured main SQLite database directory exists: /Users/macbook-dev/Documents/GitHub/tldw_server2/Databases
2026-09-17 00:12:22.225 | INFO     | tldw_Server_API.app.core.config:_buffered_log:210 - Ensured user data base directory exists: Databases/user_databases
2026-09-17 00:12:22.225 | WARNING  | tldw_Server_API.app.core.DB_Management.db_path_utils:resolve_user_db_base_dir:491 - USER_DB_BASE_DIR not configured in tests, using isolated fallback: /private/var/folders/sn/m80n2j152t9gw3w8qwk2nykh0000gn/T/tldw_user_databases_test/default-b4fffb23
2026-09-17 00:12:22.226 | INFO     | tldw_Server_API.app.core.DB_Management.ChaChaNotes_DB:__init__:7657 - Initializing CharactersRAGDB for path: /private/var/folders/sn/m80n2j152t9gw3w8qwk2nykh0000gn/T/pytest-of-macbook-dev/pytest-645/test_entry_counts_normalize_su1/book-reads.db [Client ID: 2] (backend=postgresql)
2026-09-17 00:12:23.647 | DEBUG    | tldw_Server_API.app.core.DB_Management.ChaChaNotes_DB:__init__:7664 - CharactersRAGDB initialization completed successfully for /private/var/folders/sn/m80n2j152t9gw3w8qwk2nykh0000gn/T/pytest-of-macbook-dev/pytest-645/test_entry_counts_normalize_su1/book-reads.db
2026-09-17 00:12:23.648 | DEBUG    | tldw_Server_API.app.core.DB_Management.ChaChaNotes_DB:_get_connection_for_state:8036 - Acquired backend connection (postgresql) for thread 8346099072
2026-09-17 00:12:23.653 | INFO     | tldw_Server_API.app.core.Character_Chat.world_book_manager:_init_tables:614 - World book tables initialized
2026-09-17 00:12:23.655 | INFO     | tldw_Server_API.app.core.DB_Management.chacha.character_store:add_character_card:199 - Added character card 'WorldBook reader' with ID: 2.
----------------------------- Captured stderr call -----------------------------
2026-09-17 00:12:23.660 | ERROR    | tldw_Server_API.app.core.Character_Chat.world_book_manager:get_entry_counts_for_world_books:834 - Error fetching world book entry counts: 'BackendConnectionWrapper' object does not support the context manager protocol
--------------------------- Captured stderr teardown ---------------------------
2026-09-17 00:12:23.678 | DEBUG    | tldw_Server_API.app.core.DB_Management.ChaChaNotes_DB:close_connection:8110 - Returned backend connection (postgresql) for thread 8346099072.
2026-09-17 00:12:23.835 | INFO     | tldw_Server_API.app.api.v1.API_Deps.ChaCha_Notes_DB_Deps:close_all_chacha_db_instances:876 - Closing all cached ChaChaNotesDB instances (0)...
2026-09-17 00:12:23.835 | INFO     | tldw_Server_API.app.api.v1.API_Deps.ChaCha_Notes_DB_Deps:close_all_chacha_db_instances:892 - All ChaChaNotesDB instances closed and cache cleared.
2026-09-17 00:12:23.835 | INFO     | tldw_Server_API.app.api.v1.API_Deps.ChaCha_Notes_DB_Deps:close_all_chacha_db_instances:876 - Closing all cached ChaChaNotesDB instances (0)...
2026-09-17 00:12:23.835 | INFO     | tldw_Server_API.app.api.v1.API_Deps.ChaCha_Notes_DB_Deps:close_all_chacha_db_instances:892 - All ChaChaNotesDB instances closed and cache cleared.
_ test_populated_character_books_keep_enabled_deleted_and_order[postgres-True-expected0] _
tldw_Server_API/app/core/Character_Chat/world_book_manager.py:1625: in get_character_world_books
    with self.db.get_connection() as conn:
E   TypeError: 'BackendConnectionWrapper' object does not support the context manager protocol

The above exception was the direct cause of the following exception:
tldw_Server_API/tests/DB_Management/test_character_world_book_reads_backends.py:64: in test_populated_character_books_keep_enabled_deleted_and_order
    rows = service.get_character_world_books(character, enabled_only=enabled_only)
           ^^^^^^^^^^^^^^^^^^^^^^^^^^^^^^^^^^^^^^^^^^^^^^^^^^^^^^^^^^^^^^^^^^^^^^^
tldw_Server_API/app/core/Character_Chat/world_book_manager.py:1645: in get_character_world_books
    raise CharactersRAGDBError(f"Error fetching character world books: {e}") from e
E   tldw_Server_API.app.core.DB_Management.ChaChaNotes_DB.CharactersRAGDBError: Error fetching character world books: 'BackendConnectionWrapper' object does not support the context manager protocol
---------------------------- Captured stderr setup -----------------------------
2026-09-17 00:12:23.854 | INFO     | tldw_Server_API.app.core.DB_Management.backends.factory:create_backend:392 - Creating postgresql backend
2026-09-17 00:12:23.855 | INFO     | tldw_Server_API.app.core.config:_buffered_log:210 - Determined ACTUAL_PROJECT_ROOT for database paths: /Users/macbook-dev/Documents/GitHub/tldw_server2
2026-09-17 00:12:23.855 | INFO     | tldw_Server_API.app.core.config:_buffered_log:210 - Early loading environment variables from: /Users/macbook-dev/Documents/GitHub/tldw_server2/tldw_Server_API/Config_Files/.env
2026-09-17 00:12:23.860 | INFO     | tldw_Server_API.app.core.config:_buffered_log:210 - Early loading environment variables from: /Users/macbook-dev/Documents/GitHub/tldw_server2/tldw_Server_API/Config_Files/.ENV
2026-09-17 00:12:23.864 | DEBUG    | tldw_Server_API.app.core.config:_buffered_log:210 - load_and_log_configs(): Loading and logging configurations...
2026-09-17 00:12:23.864 | INFO     | tldw_Server_API.app.core.config:_buffered_log:210 - Loading environment variables from: /Users/macbook-dev/Documents/GitHub/tldw_server2/tldw_Server_API/Config_Files/.env
2026-09-17 00:12:23.869 | INFO     | tldw_Server_API.app.core.config:_buffered_log:210 - Loading environment variables from: /Users/macbook-dev/Documents/GitHub/tldw_server2/tldw_Server_API/Config_Files/.ENV
2026-09-17 00:12:23.874 | INFO     | tldw_Server_API.app.core.config:_buffered_log:210 - Attempting to load comprehensive config from: /Users/macbook-dev/Documents/GitHub/tldw_server2/tldw_Server_API/Config_Files/config.txt
2026-09-17 00:12:23.876 | INFO     | tldw_Server_API.app.core.config:_buffered_log:210 - load_comprehensive_config(): Sections found in config: ['Setup', 'UI', 'Server', 'Files', 'Image-Generation', 'ACP', 'WORKSPACES', 'ACP-WORKSPACE', 'ACP-SANDBOX', 'Audit', 'Processing', 'Media-Processing', 'Chat-Dictionaries', 'Chat-Module', 'Chat-Commands', 'Chat-Templating', 'Character-Chat', 'Settings', 'Auto-Save', 'Prompts', 'Database', 'Chunking', 'Visual-RAG', 'AuthNZ', 'Streaming', 'HTTP', 'Egress', 'Embeddings', 'Claims', 'ClaimsMonitoring', 'RAG', 'Search-Agent', 'ResourceGovernor', 'Jobs', 'SlidesStandaloneHtml', 'Diarization', 'API', 'MLX', 'Local-API', 'LlamaCpp', 'STT-Settings', 'external_providers', 'TTS-Settings', 'VibeVoice', 'Audio-Quota', 'API-Routes', 'Search-Engines', 'Web-Scraper', 'Logging', 'Moderation', 'Redis', 'Web-Scraping', 'personalization', 'persona', 'persona.rbac']
2026-09-17 00:12:23.878 | INFO     | tldw_Server_API.app.core.config:_buffered_log:210 - Ensured main SQLite database directory exists: /Users/macbook-dev/Documents/GitHub/tldw_server2/Databases
2026-09-17 00:12:23.878 | INFO     | tldw_Server_API.app.core.config:_buffered_log:210 - Ensured user data base directory exists: Databases/user_databases
2026-09-17 00:12:23.879 | WARNING  | tldw_Server_API.app.core.DB_Management.db_path_utils:resolve_user_db_base_dir:491 - USER_DB_BASE_DIR not configured in tests, using isolated fallback: /private/var/folders/sn/m80n2j152t9gw3w8qwk2nykh0000gn/T/tldw_user_databases_test/default-b4fffb23
2026-09-17 00:12:23.879 | INFO     | tldw_Server_API.app.core.DB_Management.ChaChaNotes_DB:__init__:7657 - Initializing CharactersRAGDB for path: /private/var/folders/sn/m80n2j152t9gw3w8qwk2nykh0000gn/T/pytest-of-macbook-dev/pytest-645/test_populated_character_books2/book-reads.db [Client ID: 2] (backend=postgresql)
2026-09-17 00:12:25.391 | DEBUG    | tldw_Server_API.app.core.DB_Management.ChaChaNotes_DB:__init__:7664 - CharactersRAGDB initialization completed successfully for /private/var/folders/sn/m80n2j152t9gw3w8qwk2nykh0000gn/T/pytest-of-macbook-dev/pytest-645/test_populated_character_books2/book-reads.db
2026-09-17 00:12:25.394 | DEBUG    | tldw_Server_API.app.core.DB_Management.ChaChaNotes_DB:_get_connection_for_state:8036 - Acquired backend connection (postgresql) for thread 8346099072
2026-09-17 00:12:25.399 | INFO     | tldw_Server_API.app.core.Character_Chat.world_book_manager:_init_tables:614 - World book tables initialized
2026-09-17 00:12:25.401 | INFO     | tldw_Server_API.app.core.DB_Management.chacha.character_store:add_character_card:199 - Added character card 'WorldBook reader' with ID: 2.
----------------------------- Captured stderr call -----------------------------
2026-09-17 00:12:25.406 | ERROR    | tldw_Server_API.app.core.Character_Chat.world_book_manager:get_character_world_books:1644 - Error fetching character world books: 'BackendConnectionWrapper' object does not support the context manager protocol
--------------------------- Captured stderr teardown ---------------------------
2026-09-17 00:12:25.485 | DEBUG    | tldw_Server_API.app.core.DB_Management.ChaChaNotes_DB:close_connection:8110 - Returned backend connection (postgresql) for thread 8346099072.
2026-09-17 00:12:25.657 | INFO     | tldw_Server_API.app.api.v1.API_Deps.ChaCha_Notes_DB_Deps:close_all_chacha_db_instances:876 - Closing all cached ChaChaNotesDB instances (0)...
2026-09-17 00:12:25.657 | INFO     | tldw_Server_API.app.api.v1.API_Deps.ChaCha_Notes_DB_Deps:close_all_chacha_db_instances:892 - All ChaChaNotesDB instances closed and cache cleared.
2026-09-17 00:12:25.657 | INFO     | tldw_Server_API.app.api.v1.API_Deps.ChaCha_Notes_DB_Deps:close_all_chacha_db_instances:876 - Closing all cached ChaChaNotesDB instances (0)...
2026-09-17 00:12:25.657 | INFO     | tldw_Server_API.app.api.v1.API_Deps.ChaCha_Notes_DB_Deps:close_all_chacha_db_instances:892 - All ChaChaNotesDB instances closed and cache cleared.
_ test_standalone_world_book_reads_finish_owned_postgres_transaction[postgres] _
tldw_Server_API/app/core/Character_Chat/world_book_manager.py:1625: in get_character_world_books
    with self.db.get_connection() as conn:
E   TypeError: 'BackendConnectionWrapper' object does not support the context manager protocol

The above exception was the direct cause of the following exception:
tldw_Server_API/tests/DB_Management/test_character_world_book_reads_backends.py:114: in test_standalone_world_book_reads_finish_owned_postgres_transaction
    assert len(service.get_character_world_books(character)) == 3
               ^^^^^^^^^^^^^^^^^^^^^^^^^^^^^^^^^^^^^^^^^^^^
tldw_Server_API/app/core/Character_Chat/world_book_manager.py:1645: in get_character_world_books
    raise CharactersRAGDBError(f"Error fetching character world books: {e}") from e
E   tldw_Server_API.app.core.DB_Management.ChaChaNotes_DB.CharactersRAGDBError: Error fetching character world books: 'BackendConnectionWrapper' object does not support the context manager protocol
---------------------------- Captured stderr setup -----------------------------
2026-09-17 00:12:26.388 | INFO     | tldw_Server_API.app.core.DB_Management.backends.factory:create_backend:392 - Creating postgresql backend
2026-09-17 00:12:26.389 | INFO     | tldw_Server_API.app.core.config:_buffered_log:210 - Determined ACTUAL_PROJECT_ROOT for database paths: /Users/macbook-dev/Documents/GitHub/tldw_server2
2026-09-17 00:12:26.389 | INFO     | tldw_Server_API.app.core.config:_buffered_log:210 - Early loading environment variables from: /Users/macbook-dev/Documents/GitHub/tldw_server2/tldw_Server_API/Config_Files/.env
2026-09-17 00:12:26.394 | INFO     | tldw_Server_API.app.core.config:_buffered_log:210 - Early loading environment variables from: /Users/macbook-dev/Documents/GitHub/tldw_server2/tldw_Server_API/Config_Files/.ENV
2026-09-17 00:12:26.398 | DEBUG    | tldw_Server_API.app.core.config:_buffered_log:210 - load_and_log_configs(): Loading and logging configurations...
2026-09-17 00:12:26.399 | INFO     | tldw_Server_API.app.core.config:_buffered_log:210 - Loading environment variables from: /Users/macbook-dev/Documents/GitHub/tldw_server2/tldw_Server_API/Config_Files/.env
2026-09-17 00:12:26.404 | INFO     | tldw_Server_API.app.core.config:_buffered_log:210 - Loading environment variables from: /Users/macbook-dev/Documents/GitHub/tldw_server2/tldw_Server_API/Config_Files/.ENV
2026-09-17 00:12:26.409 | INFO     | tldw_Server_API.app.core.config:_buffered_log:210 - Attempting to load comprehensive config from: /Users/macbook-dev/Documents/GitHub/tldw_server2/tldw_Server_API/Config_Files/config.txt
2026-09-17 00:12:26.411 | INFO     | tldw_Server_API.app.core.config:_buffered_log:210 - load_comprehensive_config(): Sections found in config: ['Setup', 'UI', 'Server', 'Files', 'Image-Generation', 'ACP', 'WORKSPACES', 'ACP-WORKSPACE', 'ACP-SANDBOX', 'Audit', 'Processing', 'Media-Processing', 'Chat-Dictionaries', 'Chat-Module', 'Chat-Commands', 'Chat-Templating', 'Character-Chat', 'Settings', 'Auto-Save', 'Prompts', 'Database', 'Chunking', 'Visual-RAG', 'AuthNZ', 'Streaming', 'HTTP', 'Egress', 'Embeddings', 'Claims', 'ClaimsMonitoring', 'RAG', 'Search-Agent', 'ResourceGovernor', 'Jobs', 'SlidesStandaloneHtml', 'Diarization', 'API', 'MLX', 'Local-API', 'LlamaCpp', 'STT-Settings', 'external_providers', 'TTS-Settings', 'VibeVoice', 'Audio-Quota', 'API-Routes', 'Search-Engines', 'Web-Scraper', 'Logging', 'Moderation', 'Redis', 'Web-Scraping', 'personalization', 'persona', 'persona.rbac']
2026-09-17 00:12:26.413 | INFO     | tldw_Server_API.app.core.config:_buffered_log:210 - Ensured main SQLite database directory exists: /Users/macbook-dev/Documents/GitHub/tldw_server2/Databases
2026-09-17 00:12:26.413 | INFO     | tldw_Server_API.app.core.config:_buffered_log:210 - Ensured user data base directory exists: Databases/user_databases
2026-09-17 00:12:26.414 | WARNING  | tldw_Server_API.app.core.DB_Management.db_path_utils:resolve_user_db_base_dir:491 - USER_DB_BASE_DIR not configured in tests, using isolated fallback: /private/var/folders/sn/m80n2j152t9gw3w8qwk2nykh0000gn/T/tldw_user_databases_test/default-b4fffb23
2026-09-17 00:12:26.414 | INFO     | tldw_Server_API.app.core.DB_Management.ChaChaNotes_DB:__init__:7657 - Initializing CharactersRAGDB for path: /private/var/folders/sn/m80n2j152t9gw3w8qwk2nykh0000gn/T/pytest-of-macbook-dev/pytest-645/test_standalone_world_book_rea1/book-reads.db [Client ID: 2] (backend=postgresql)
2026-09-17 00:12:27.869 | DEBUG    | tldw_Server_API.app.core.DB_Management.ChaChaNotes_DB:__init__:7664 - CharactersRAGDB initialization completed successfully for /private/var/folders/sn/m80n2j152t9gw3w8qwk2nykh0000gn/T/pytest-of-macbook-dev/pytest-645/test_standalone_world_book_rea1/book-reads.db
2026-09-17 00:12:27.871 | DEBUG    | tldw_Server_API.app.core.DB_Management.ChaChaNotes_DB:_get_connection_for_state:8036 - Acquired backend connection (postgresql) for thread 8346099072
2026-09-17 00:12:27.875 | INFO     | tldw_Server_API.app.core.Character_Chat.world_book_manager:_init_tables:614 - World book tables initialized
2026-09-17 00:12:27.876 | INFO     | tldw_Server_API.app.core.DB_Management.chacha.character_store:add_character_card:199 - Added character card 'WorldBook reader' with ID: 2.
----------------------------- Captured stderr call -----------------------------
2026-09-17 00:12:27.881 | ERROR    | tldw_Server_API.app.core.Character_Chat.world_book_manager:get_character_world_books:1644 - Error fetching character world books: 'BackendConnectionWrapper' object does not support the context manager protocol
--------------------------- Captured stderr teardown ---------------------------
2026-09-17 00:12:27.897 | DEBUG    | tldw_Server_API.app.core.DB_Management.ChaChaNotes_DB:close_connection:8110 - Returned backend connection (postgresql) for thread 8346099072.
2026-09-17 00:12:27.971 | INFO     | tldw_Server_API.app.api.v1.API_Deps.ChaCha_Notes_DB_Deps:close_all_chacha_db_instances:876 - Closing all cached ChaChaNotesDB instances (0)...
2026-09-17 00:12:27.971 | INFO     | tldw_Server_API.app.api.v1.API_Deps.ChaCha_Notes_DB_Deps:close_all_chacha_db_instances:892 - All ChaChaNotesDB instances closed and cache cleared.
2026-09-17 00:12:27.972 | INFO     | tldw_Server_API.app.api.v1.API_Deps.ChaCha_Notes_DB_Deps:close_all_chacha_db_instances:876 - Closing all cached ChaChaNotesDB instances (0)...
2026-09-17 00:12:27.972 | INFO     | tldw_Server_API.app.api.v1.API_Deps.ChaCha_Notes_DB_Deps:close_all_chacha_db_instances:892 - All ChaChaNotesDB instances closed and cache cleared.
_ test_actual_character_world_books_route_returns_complete_rows[postgres-True] _
tldw_Server_API/tests/DB_Management/test_character_world_book_reads_backends.py:89: in test_actual_character_world_books_route_returns_complete_rows
    assert response.status_code == 200, response.text
E   AssertionError: {"detail":"Failed to list character world books"}
E   assert 500 == 200
E    +  where 500 = <Response [500 Internal Server Error]>.status_code
---------------------------- Captured stderr setup -----------------------------
2026-09-17 00:12:27.991 | INFO     | tldw_Server_API.app.core.DB_Management.backends.factory:create_backend:392 - Creating postgresql backend
2026-09-17 00:12:27.992 | INFO     | tldw_Server_API.app.core.config:_buffered_log:210 - Determined ACTUAL_PROJECT_ROOT for database paths: /Users/macbook-dev/Documents/GitHub/tldw_server2
2026-09-17 00:12:27.992 | INFO     | tldw_Server_API.app.core.config:_buffered_log:210 - Early loading environment variables from: /Users/macbook-dev/Documents/GitHub/tldw_server2/tldw_Server_API/Config_Files/.env
2026-09-17 00:12:27.997 | INFO     | tldw_Server_API.app.core.config:_buffered_log:210 - Early loading environment variables from: /Users/macbook-dev/Documents/GitHub/tldw_server2/tldw_Server_API/Config_Files/.ENV
2026-09-17 00:12:28.002 | DEBUG    | tldw_Server_API.app.core.config:_buffered_log:210 - load_and_log_configs(): Loading and logging configurations...
2026-09-17 00:12:28.003 | INFO     | tldw_Server_API.app.core.config:_buffered_log:210 - Loading environment variables from: /Users/macbook-dev/Documents/GitHub/tldw_server2/tldw_Server_API/Config_Files/.env
2026-09-17 00:12:28.007 | INFO     | tldw_Server_API.app.core.config:_buffered_log:210 - Loading environment variables from: /Users/macbook-dev/Documents/GitHub/tldw_server2/tldw_Server_API/Config_Files/.ENV
2026-09-17 00:12:28.012 | INFO     | tldw_Server_API.app.core.config:_buffered_log:210 - Attempting to load comprehensive config from: /Users/macbook-dev/Documents/GitHub/tldw_server2/tldw_Server_API/Config_Files/config.txt
2026-09-17 00:12:28.014 | INFO     | tldw_Server_API.app.core.config:_buffered_log:210 - load_comprehensive_config(): Sections found in config: ['Setup', 'UI', 'Server', 'Files', 'Image-Generation', 'ACP', 'WORKSPACES', 'ACP-WORKSPACE', 'ACP-SANDBOX', 'Audit', 'Processing', 'Media-Processing', 'Chat-Dictionaries', 'Chat-Module', 'Chat-Commands', 'Chat-Templating', 'Character-Chat', 'Settings', 'Auto-Save', 'Prompts', 'Database', 'Chunking', 'Visual-RAG', 'AuthNZ', 'Streaming', 'HTTP', 'Egress', 'Embeddings', 'Claims', 'ClaimsMonitoring', 'RAG', 'Search-Agent', 'ResourceGovernor', 'Jobs', 'SlidesStandaloneHtml', 'Diarization', 'API', 'MLX', 'Local-API', 'LlamaCpp', 'STT-Settings', 'external_providers', 'TTS-Settings', 'VibeVoice', 'Audio-Quota', 'API-Routes', 'Search-Engines', 'Web-Scraper', 'Logging', 'Moderation', 'Redis', 'Web-Scraping', 'personalization', 'persona', 'persona.rbac']
2026-09-17 00:12:28.017 | INFO     | tldw_Server_API.app.core.config:_buffered_log:210 - Ensured main SQLite database directory exists: /Users/macbook-dev/Documents/GitHub/tldw_server2/Databases
2026-09-17 00:12:28.017 | INFO     | tldw_Server_API.app.core.config:_buffered_log:210 - Ensured user data base directory exists: Databases/user_databases
2026-09-17 00:12:28.017 | WARNING  | tldw_Server_API.app.core.DB_Management.db_path_utils:resolve_user_db_base_dir:491 - USER_DB_BASE_DIR not configured in tests, using isolated fallback: /private/var/folders/sn/m80n2j152t9gw3w8qwk2nykh0000gn/T/tldw_user_databases_test/default-b4fffb23
2026-09-17 00:12:28.018 | INFO     | tldw_Server_API.app.core.DB_Management.ChaChaNotes_DB:__init__:7657 - Initializing CharactersRAGDB for path: /private/var/folders/sn/m80n2j152t9gw3w8qwk2nykh0000gn/T/pytest-of-macbook-dev/pytest-645/test_actual_character_world_bo2/book-reads.db [Client ID: 2] (backend=postgresql)
2026-09-17 00:12:29.514 | DEBUG    | tldw_Server_API.app.core.DB_Management.ChaChaNotes_DB:__init__:7664 - CharactersRAGDB initialization completed successfully for /private/var/folders/sn/m80n2j152t9gw3w8qwk2nykh0000gn/T/pytest-of-macbook-dev/pytest-645/test_actual_character_world_bo2/book-reads.db
2026-09-17 00:12:29.515 | DEBUG    | tldw_Server_API.app.core.DB_Management.ChaChaNotes_DB:_get_connection_for_state:8036 - Acquired backend connection (postgresql) for thread 8346099072
2026-09-17 00:12:29.520 | INFO     | tldw_Server_API.app.core.Character_Chat.world_book_manager:_init_tables:614 - World book tables initialized
2026-09-17 00:12:29.521 | INFO     | tldw_Server_API.app.core.DB_Management.chacha.character_store:add_character_card:199 - Added character card 'WorldBook reader' with ID: 2.
----------------------------- Captured stderr call -----------------------------
2026-09-17 00:12:29.555 | DEBUG    | tldw_Server_API.app.core.DB_Management.ChaChaNotes_DB:_get_connection_for_state:8036 - Acquired backend connection (postgresql) for thread 6196490240
2026-09-17 00:12:29.555 | DEBUG    | tldw_Server_API.app.core.DB_Management.ChaChaNotes_DB:execute_query:8286 - Executing SQL (script=False, backend=postgresql): SELECT * FROM character_cards WHERE id = ? AND deleted = FALSE AND client_id = ?... Params: (2, '2')...
2026-09-17 00:12:29.558 | INFO     | tldw_Server_API.app.core.Character_Chat.world_book_manager:_init_tables:614 - World book tables initialized
2026-09-17 00:12:29.558 | ERROR    | tldw_Server_API.app.core.Character_Chat.world_book_manager:get_character_world_books:1644 - Error fetching character world books: 'BackendConnectionWrapper' object does not support the context manager protocol
2026-09-17 00:12:29.558 | ERROR    | tldw_Server_API.app.api.v1.endpoints.characters_endpoint:get_character_world_books:2645 - DB error getting world books for character 2: Error fetching character world books: 'BackendConnectionWrapper' object does not support the context manager protocol
2026-09-17 00:12:29.559 | ERROR    | tldw_Server_API.app.api.v1.utils.http_errors:_log_db_mapping_error:194 - DatabaseError from DB layer
--------------------------- Captured stderr teardown ---------------------------
2026-09-17 00:12:29.561 | DEBUG    | tldw_Server_API.app.core.DB_Management.ChaChaNotes_DB:close_connection:8110 - Returned backend connection (postgresql) for thread 8346099072.
2026-09-17 00:12:29.619 | INFO     | tldw_Server_API.app.api.v1.API_Deps.ChaCha_Notes_DB_Deps:close_all_chacha_db_instances:876 - Closing all cached ChaChaNotesDB instances (0)...
2026-09-17 00:12:29.619 | INFO     | tldw_Server_API.app.api.v1.API_Deps.ChaCha_Notes_DB_Deps:close_all_chacha_db_instances:892 - All ChaChaNotesDB instances closed and cache cleared.
2026-09-17 00:12:29.619 | INFO     | tldw_Server_API.app.api.v1.API_Deps.ChaCha_Notes_DB_Deps:close_all_chacha_db_instances:876 - Closing all cached ChaChaNotesDB instances (0)...
2026-09-17 00:12:29.619 | INFO     | tldw_Server_API.app.api.v1.API_Deps.ChaCha_Notes_DB_Deps:close_all_chacha_db_instances:892 - All ChaChaNotesDB instances closed and cache cleared.
=========================== short test summary info ============================
FAILED tldw_Server_API/tests/DB_Management/test_conversation_settings_read_backends.py::test_settings_roundtrip_preserves_document_version_and_timestamp[postgres-settings0]
FAILED tldw_Server_API/tests/DB_Management/test_conversation_settings_read_backends.py::test_settings_roundtrip_preserves_document_version_and_timestamp[postgres-settings1]
FAILED tldw_Server_API/tests/DB_Management/test_conversation_settings_read_backends.py::test_postgres_standalone_settings_read_returns_connections_idle[postgres]
FAILED tldw_Server_API/tests/DB_Management/test_conversation_settings_read_backends.py::test_actual_chat_settings_route_returns_persisted_public_settings[postgres]
FAILED tldw_Server_API/tests/DB_Management/test_conversation_settings_read_backends.py::test_settings_read_does_not_commit_callers_pending_write[postgres]
FAILED tldw_Server_API/tests/DB_Management/test_character_world_book_reads_backends.py::test_actual_character_world_books_route_returns_complete_rows[postgres-False]
FAILED tldw_Server_API/tests/DB_Management/test_character_world_book_reads_backends.py::test_empty_character_world_books[postgres]
FAILED tldw_Server_API/tests/DB_Management/test_character_world_book_reads_backends.py::test_readers_preserve_callers_pending_writes_and_rollback[sqlite]2026-09-17 00:12:31.033 | INFO     | tldw_Server_API.app.core.config:_buffered_log:210 - Determined ACTUAL_PROJECT_ROOT for database paths: /Users/macbook-dev/Documents/GitHub/tldw_server2
2026-09-17 00:12:31.034 | INFO     | tldw_Server_API.app.core.config:_buffered_log:210 - Early loading environment variables from: /Users/macbook-dev/Documents/GitHub/tldw_server2/tldw_Server_API/Config_Files/.env
2026-09-17 00:12:31.038 | INFO     | tldw_Server_API.app.core.config:_buffered_log:210 - Early loading environment variables from: /Users/macbook-dev/Documents/GitHub/tldw_server2/tldw_Server_API/Config_Files/.ENV
2026-09-17 00:12:31.043 | DEBUG    | tldw_Server_API.app.core.config:_buffered_log:210 - load_and_log_configs(): Loading and logging configurations...
2026-09-17 00:12:31.043 | INFO     | tldw_Server_API.app.core.config:_buffered_log:210 - Loading environment variables from: /Users/macbook-dev/Documents/GitHub/tldw_server2/tldw_Server_API/Config_Files/.env
2026-09-17 00:12:31.047 | INFO     | tldw_Server_API.app.core.config:_buffered_log:210 - Loading environment variables from: /Users/macbook-dev/Documents/GitHub/tldw_server2/tldw_Server_API/Config_Files/.ENV
2026-09-17 00:12:31.052 | INFO     | tldw_Server_API.app.core.config:_buffered_log:210 - Attempting to load comprehensive config from: /Users/macbook-dev/Documents/GitHub/tldw_server2/tldw_Server_API/Config_Files/config.txt
2026-09-17 00:12:31.054 | INFO     | tldw_Server_API.app.core.config:_buffered_log:210 - load_comprehensive_config(): Sections found in config: ['Setup', 'UI', 'Server', 'Files', 'Image-Generation', 'ACP', 'WORKSPACES', 'ACP-WORKSPACE', 'ACP-SANDBOX', 'Audit', 'Processing', 'Media-Processing', 'Chat-Dictionaries', 'Chat-Module', 'Chat-Commands', 'Chat-Templating', 'Character-Chat', 'Settings', 'Auto-Save', 'Prompts', 'Database', 'Chunking', 'Visual-RAG', 'AuthNZ', 'Streaming', 'HTTP', 'Egress', 'Embeddings', 'Claims', 'ClaimsMonitoring', 'RAG', 'Search-Agent', 'ResourceGovernor', 'Jobs', 'SlidesStandaloneHtml', 'Diarization', 'API', 'MLX', 'Local-API', 'LlamaCpp', 'STT-Settings', 'external_providers', 'TTS-Settings', 'VibeVoice', 'Audio-Quota', 'API-Routes', 'Search-Engines', 'Web-Scraper', 'Logging', 'Moderation', 'Redis', 'Web-Scraping', 'personalization', 'persona', 'persona.rbac']
2026-09-17 00:12:31.056 | INFO     | tldw_Server_API.app.core.config:_buffered_log:210 - Ensured main SQLite database directory exists: /Users/macbook-dev/Documents/GitHub/tldw_server2/Databases
2026-09-17 00:12:31.056 | INFO     | tldw_Server_API.app.core.config:_buffered_log:210 - Ensured user data base directory exists: Databases/user_databases
2026-09-17 00:12:31.056 | INFO     | tldw_Server_API.app.api.v1.API_Deps.Audit_DB_Deps:shutdown_all_audit_services:1034 - Shutting down audit services for 0 instances...
2026-09-17 00:12:31.056 | INFO     | tldw_Server_API.app.api.v1.API_Deps.Audit_DB_Deps:shutdown_all_audit_services:1091 - All audit services shut down successfully.
2026-09-17 00:12:31.068 | DEBUG    | tldw_Server_API.app.core.AuthNZ.settings:_ensure_jwt_secret:899 - Single-user mode - skipping JWT secret initialization
2026-09-17 00:12:31.068 | WARNING  | tldw_Server_API.app.core.AuthNZ.settings:_validate_api_key:1013 - SINGLE_USER_API_KEY uses a legacy format; generate a new server-generated key for improved security.
2026-09-17 00:12:31.068 | INFO     | tldw_Server_API.app.core.AuthNZ.settings:get_settings:1588 - Settings initialized - Auth mode: single_user, profile=local-single-user
2026-09-17 00:12:31.068 | INFO     | tldw_Server_API.app.core.AuthNZ.db_config:_detect_backend:83 - Detected database backend: sqlite
2026-09-17 00:12:31.115 | DEBUG    | tldw_Server_API.app.core.Scheduler.base.registry:decorator:81 - Registered task handler: watchlist_run
2026-09-17 00:12:31.116 | DEBUG    | tldw_Server_API.app.core.Scheduler.base.registry:decorator:81 - Registered task handler: watchlists_enrich_output
2026-09-17 00:12:31.116 | DEBUG    | tldw_Server_API.app.core.Scheduler.base.registry:decorator:81 - Registered task handler: watchlists_deliver_briefing
2026-09-17 00:12:31.116 | DEBUG    | tldw_Server_API.app.core.Scheduler.base.registry:decorator:81 - Registered task handler: acp_run
2026-09-17 00:12:31.116 | DEBUG    | tldw_Server_API.app.core.Scheduler.base.registry:decorator:81 - Registered task handler: workflow_run
2026-09-17 00:12:31.116 | WARNING  | tldw_Server_API.app.core.DB_Management.db_path_utils:resolve_user_db_base_dir:491 - USER_DB_BASE_DIR not configured in tests, using isolated fallback: /private/var/folders/sn/m80n2j152t9gw3w8qwk2nykh0000gn/T/tldw_user_databases_test/default-b4fffb23
2026-09-17 00:12:31.117 | DEBUG    | tldw_Server_API.app.core.DB_Management.backends.factory:_get_or_create_shared_sqlite_backend:325 - Creating sqlite backend for /private/var/folders/sn/m80n2j152t9gw3w8qwk2nykh0000gn/T/tldw_user_databases_test/default-b4fffb23/1/workflows/workflows_scheduler.db
2026-09-17 00:12:31.119 | INFO     | tldw_Server_API.app.core.DB_Management.Workflows_Scheduler_DB:__init__:210 - WorkflowsSchedulerDB using SQLite path: /private/var/folders/sn/m80n2j152t9gw3w8qwk2nykh0000gn/T/tldw_user_databases_test/default-b4fffb23/1/workflows/workflows_scheduler.db
2026-09-17 00:12:31.119 | INFO     | tldw_Server_API.app.services.workflows_scheduler:stop:183 - Workflows recurring scheduler stopped
2026-09-17 00:12:31.119 | INFO     | tldw_Server_API.app.api.v1.API_Deps.ChaCha_Notes_DB_Deps:close_all_chacha_db_instances:876 - Closing all cached ChaChaNotesDB instances (0)...
2026-09-17 00:12:31.119 | INFO     | tldw_Server_API.app.api.v1.API_Deps.ChaCha_Notes_DB_Deps:close_all_chacha_db_instances:892 - All ChaChaNotesDB instances closed and cache cleared.
2026-09-17 00:12:31.119 | INFO     | tldw_Server_API.app.api.v1.API_Deps.DB_Deps:<module>:57 - Using LRUCache for user DB instances (maxsize=100).

FAILED tldw_Server_API/tests/DB_Management/test_character_world_book_reads_backends.py::test_readers_preserve_callers_pending_writes_and_rollback[postgres]
FAILED tldw_Server_API/tests/DB_Management/test_character_world_book_reads_backends.py::test_populated_character_books_keep_enabled_deleted_and_order[postgres-False-expected1]
FAILED tldw_Server_API/tests/DB_Management/test_character_world_book_reads_backends.py::test_entry_counts_normalize_subset_and_keep_zero_and_disabled_entries[postgres]
FAILED tldw_Server_API/tests/DB_Management/test_character_world_book_reads_backends.py::test_populated_character_books_keep_enabled_deleted_and_order[postgres-True-expected0]
FAILED tldw_Server_API/tests/DB_Management/test_character_world_book_reads_backends.py::test_standalone_world_book_reads_finish_owned_postgres_transaction[postgres]
FAILED tldw_Server_API/tests/DB_Management/test_character_world_book_reads_backends.py::test_actual_character_world_books_route_returns_complete_rows[postgres-True]
================== 14 failed, 16 passed, 5 warnings in 36.66s ==================
