============================= test session starts ==============================
platform darwin -- Python 3.11.13, pytest-8.4.1, pluggy-1.6.0
benchmark: 5.2.3 (defaults: timer=time.perf_counter disable_gc=False min_rounds=5 min_time=0.000005 max_time=1.0 calibration_precision=10 warmup=False warmup_iterations=100000)
Using --randomly-seed=243438616
rootdir: /Users/macbook-dev/Documents/GitHub/tldw_server2
configfile: pyproject.toml
plugins: anyio-4.12.1, benchmark-5.2.3, locust-2.43.3, asyncio-1.1.0, xdist-3.8.0, split-0.11.0, timeout-2.4.0, randomly-4.1.0, hypothesis-6.138.2, cov-6.2.1, mock-3.14.1
asyncio: mode=Mode.AUTO, asyncio_default_fixture_loop_scope=function, asyncio_default_test_loop_scope=function
timeout: 300.0s
timeout method: thread
timeout func_only: False
collected 16 items / 14 deselected / 2 selected

tldw_Server_API/tests/Chat/integration/test_persona_backed_chat_conversations.py F [ 50%]
F                                                                        [100%]2026-09-15 19:26:23.270 | INFO     | trace= span= tp= req= job= ps=: | tldw_Server_API.app.core.config:_buffered_log:210 - Determined ACTUAL_PROJECT_ROOT for database paths: /Users/macbook-dev/Documents/GitHub/tldw_server2
2026-09-15 19:26:23.270 | INFO     | trace= span= tp= req= job= ps=: | tldw_Server_API.app.core.config:_buffered_log:210 - Early loading environment variables from: /Users/macbook-dev/Documents/GitHub/tldw_server2/tldw_Server_API/Config_Files/.env
2026-09-15 19:26:23.275 | INFO     | trace= span= tp= req= job= ps=: | tldw_Server_API.app.core.config:_buffered_log:210 - Early loading environment variables from: /Users/macbook-dev/Documents/GitHub/tldw_server2/tldw_Server_API/Config_Files/.ENV
2026-09-15 19:26:23.280 | INFO     | trace= span= tp= req= job= ps=: | tldw_Server_API.app.core.config:_buffered_log:210 - Loading environment variables from: /Users/macbook-dev/Documents/GitHub/tldw_server2/tldw_Server_API/Config_Files/.env
2026-09-15 19:26:23.285 | INFO     | trace= span= tp= req= job= ps=: | tldw_Server_API.app.core.config:_buffered_log:210 - Loading environment variables from: /Users/macbook-dev/Documents/GitHub/tldw_server2/tldw_Server_API/Config_Files/.ENV
2026-09-15 19:26:23.289 | INFO     | trace= span= tp= req= job= ps=: | tldw_Server_API.app.core.config:_buffered_log:210 - Attempting to load comprehensive config from: /Users/macbook-dev/Documents/GitHub/tldw_server2/tldw_Server_API/Config_Files/config.txt
2026-09-15 19:26:23.292 | INFO     | trace= span= tp= req= job= ps=: | tldw_Server_API.app.core.config:_buffered_log:210 - load_comprehensive_config(): Sections found in config: ['Setup', 'UI', 'Server', 'Files', 'Image-Generation', 'ACP', 'WORKSPACES', 'ACP-WORKSPACE', 'ACP-SANDBOX', 'Audit', 'Processing', 'Media-Processing', 'Chat-Dictionaries', 'Chat-Module', 'Chat-Commands', 'Chat-Templating', 'Character-Chat', 'Settings', 'Auto-Save', 'Prompts', 'Database', 'Chunking', 'Visual-RAG', 'AuthNZ', 'Streaming', 'HTTP', 'Egress', 'Embeddings', 'Claims', 'ClaimsMonitoring', 'RAG', 'Search-Agent', 'ResourceGovernor', 'Jobs', 'SlidesStandaloneHtml', 'Diarization', 'API', 'MLX', 'Local-API', 'LlamaCpp', 'STT-Settings', 'external_providers', 'TTS-Settings', 'VibeVoice', 'Audio-Quota', 'API-Routes', 'Search-Engines', 'Web-Scraper', 'Logging', 'Moderation', 'Redis', 'Web-Scraping', 'personalization', 'persona', 'persona.rbac']
2026-09-15 19:26:23.295 | INFO     | trace= span= tp= req= job= ps=: | tldw_Server_API.app.core.config:_buffered_log:210 - Ensured main SQLite database directory exists: /Users/macbook-dev/Documents/GitHub/tldw_server2/Databases
2026-09-15 19:26:23.295 | INFO     | trace= span= tp= req= job= ps=: | tldw_Server_API.app.core.config:_buffered_log:210 - Ensured user data base directory exists: Databases/user_databases
2026-09-15 19:26:23.296 | INFO     | trace= span= tp= req= job= ps=: | tldw_Server_API.app.api.v1.API_Deps.Audit_DB_Deps:shutdown_all_audit_services:1034 - Shutting down audit services for 0 instances...
2026-09-15 19:26:23.296 | INFO     | trace= span= tp= req= job= ps=: | tldw_Server_API.app.api.v1.API_Deps.Audit_DB_Deps:shutdown_all_audit_services:1091 - All audit services shut down successfully.
2026-09-15 19:26:23.308 | WARNING  | trace= span= tp= req= job= ps=: | tldw_Server_API.app.core.AuthNZ.settings:_validate_api_key:1013 - SINGLE_USER_API_KEY uses a legacy format; generate a new server-generated key for improved security.
2026-09-15 19:26:23.308 | INFO     | trace= span= tp= req= job= ps=: | tldw_Server_API.app.core.AuthNZ.settings:get_settings:1588 - Settings initialized - Auth mode: single_user, profile=local-single-user
2026-09-15 19:26:23.309 | INFO     | trace= span= tp= req= job= ps=: | tldw_Server_API.app.core.AuthNZ.db_config:_detect_backend:83 - Detected database backend: sqlite
2026-09-15 19:26:23.309 | INFO     | trace= span= tp= req= job= ps=: | tldw_Server_API.app.core.AuthNZ.database:close:1665 - Database pool closed
2026-09-15 19:26:23.309 | INFO     | trace= span= tp= req= job= ps=: | tldw_Server_API.app.core.MCP_unified.server:shutdown:885 - Shutting down MCP Server
2026-09-15 19:26:23.310 | INFO     | trace= span= tp= req= job= ps=: | tldw_Server_API.app.core.MCP_unified.modules.registry:shutdown_all:530 - Shutting down all modules
2026-09-15 19:26:23.310 | INFO     | trace= span= tp= req= job= ps=: | tldw_Server_API.app.core.MCP_unified.modules.registry:shutdown_all:559 - All modules shut down
2026-09-15 19:26:23.311 | WARNING  | trace= span= tp= req= job= ps=: | tldw_Server_API.app.core.DB_Management.db_path_utils:resolve_user_db_base_dir:491 - USER_DB_BASE_DIR not configured in tests, using isolated fallback: /private/var/folders/sn/m80n2j152t9gw3w8qwk2nykh0000gn/T/tldw_user_databases_test/default-12c9b71e
2026-09-15 19:26:23.314 | INFO     | trace= span= tp= req= job= ps=: | tldw_Server_API.app.core.DB_Management.Workflows_Scheduler_DB:__init__:210 - WorkflowsSchedulerDB using SQLite path: /private/var/folders/sn/m80n2j152t9gw3w8qwk2nykh0000gn/T/tldw_user_databases_test/default-12c9b71e/1/workflows/workflows_scheduler.db
2026-09-15 19:26:23.315 | INFO     | trace= span= tp= req= job= ps=: | tldw_Server_API.app.services.workflows_scheduler:stop:183 - Workflows recurring scheduler stopped
2026-09-15 19:26:23.315 | INFO     | trace= span= tp= req= job= ps=: | tldw_Server_API.app.api.v1.API_Deps.ChaCha_Notes_DB_Deps:close_all_chacha_db_instances:862 - Closing all cached ChaChaNotesDB instances (0)...
2026-09-15 19:26:23.316 | INFO     | trace= span= tp= req= job= ps=: | tldw_Server_API.app.api.v1.API_Deps.ChaCha_Notes_DB_Deps:close_all_chacha_db_instances:878 - All ChaChaNotesDB instances closed and cache cleared.


=================================== FAILURES ===================================
_______ test_saved_turn_acknowledges_exact_user_and_assistant_rows[True] _______
tldw_Server_API/tests/Chat/integration/test_persona_backed_chat_conversations.py:253: in test_saved_turn_acknowledges_exact_user_and_assistant_rows
    assert user_ids == {users[-1]["id"]}
E   AssertionError: assert set() == {'91d91f2f-29...4838751b7de0'}
E     
E     Extra items in the right set:
E     '91d91f2f-29cd-475b-bf20-4838751b7de0'
E     Use -v to get more diff
---------------------------- Captured stderr setup -----------------------------
2026-09-15 19:26:18.444 | INFO     | trace= span= tp= req= job= ps=: | tldw_Server_API.app.core.DB_Management.ChaChaNotes_DB:__init__:7605 - Initializing CharactersRAGDB for path: /private/var/folders/sn/m80n2j152t9gw3w8qwk2nykh0000gn/T/pytest-of-macbook-dev/pytest-11752/test_saved_turn_acknowledges_e0/user_dbs/1/ChaChaNotes.db [Client ID: 1] (backend=sqlite)
2026-09-15 19:26:18.695 | INFO     | trace= span= tp= req= job= ps=: | tldw_Server_API.app.core.DB_Management.ChaChaNotes_DB:_initialize_schema_sqlite:20154 - Checking DB schema 'rag_char_chat_schema'. Current version: 0. Code supports: 67
2026-09-15 19:26:18.695 | INFO     | trace= span= tp= req= job= ps=: | tldw_Server_API.app.core.DB_Management.ChaChaNotes_DB:_apply_schema_v4:8623 - Applying schema Version 4 for 'rag_char_chat_schema' to DB: /private/var/folders/sn/m80n2j152t9gw3w8qwk2nykh0000gn/T/pytest-of-macbook-dev/pytest-11752/test_saved_turn_acknowledges_e0/user_dbs/1/ChaChaNotes.db...
2026-09-15 19:26:18.703 | INFO     | trace= span= tp= req= job= ps=: | tldw_Server_API.app.core.DB_Management.ChaChaNotes_DB:_apply_schema_v4:8633 - [rag_char_chat_schema V4] Schema 4 applied and version confirmed for DB: /private/var/folders/sn/m80n2j152t9gw3w8qwk2nykh0000gn/T/pytest-of-macbook-dev/pytest-11752/test_saved_turn_acknowledges_e0/user_dbs/1/ChaChaNotes.db.
2026-09-15 19:26:18.703 | INFO     | trace= span= tp= req= job= ps=: | tldw_Server_API.app.core.DB_Management.ChaChaNotes_DB:_migrate_from_v4_to_v5:8680 - Migrating 'rag_char_chat_schema' schema from V4 to V5 for DB: /private/var/folders/sn/m80n2j152t9gw3w8qwk2nykh0000gn/T/pytest-of-macbook-dev/pytest-11752/test_saved_turn_acknowledges_e0/user_dbs/1/ChaChaNotes.db...
2026-09-15 19:26:18.706 | INFO     | trace= span= tp= req= job= ps=: | tldw_Server_API.app.core.DB_Management.ChaChaNotes_DB:_migrate_from_v4_to_v5:8687 - [rag_char_chat_schema] Migration to V5 completed.
2026-09-15 19:26:18.707 | INFO     | trace= span= tp= req= job= ps=: | tldw_Server_API.app.core.DB_Management.ChaChaNotes_DB:_migrate_from_v5_to_v6:8701 - Migrating 'rag_char_chat_schema' schema from V5 to V6 for DB: /private/var/folders/sn/m80n2j152t9gw3w8qwk2nykh0000gn/T/pytest-of-macbook-dev/pytest-11752/test_saved_turn_acknowledges_e0/user_dbs/1/ChaChaNotes.db...
2026-09-15 19:26:18.709 | INFO     | trace= span= tp= req= job= ps=: | tldw_Server_API.app.core.DB_Management.ChaChaNotes_DB:_migrate_from_v5_to_v6:8708 - [rag_char_chat_schema] Migration to V6 completed.
2026-09-15 19:26:18.710 | INFO     | trace= span= tp= req= job= ps=: | tldw_Server_API.app.core.DB_Management.ChaChaNotes_DB:_migrate_from_v6_to_v7:8720 - Migrating 'rag_char_chat_schema' schema from V6 to V7 for DB: /private/var/folders/sn/m80n2j152t9gw3w8qwk2nykh0000gn/T/pytest-of-macbook-dev/pytest-11752/test_saved_turn_acknowledges_e0/user_dbs/1/ChaChaNotes.db...
2026-09-15 19:26:18.711 | INFO     | trace= span= tp= req= job= ps=: | tldw_Server_API.app.core.DB_Management.ChaChaNotes_DB:_migrate_from_v6_to_v7:8727 - [rag_char_chat_schema] Migration to V7 completed.
2026-09-15 19:26:18.711 | INFO     | trace= span= tp= req= job= ps=: | tldw_Server_API.app.core.DB_Management.ChaChaNotes_DB:_migrate_from_v7_to_v8:8739 - Migrating 'rag_char_chat_schema' schema from V7 to V8 for DB: /private/var/folders/sn/m80n2j152t9gw3w8qwk2nykh0000gn/T/pytest-of-macbook-dev/pytest-11752/test_saved_turn_acknowledges_e0/user_dbs/1/ChaChaNotes.db...
2026-09-15 19:26:18.712 | INFO     | trace= span= tp= req= job= ps=: | tldw_Server_API.app.core.DB_Management.ChaChaNotes_DB:_migrate_from_v7_to_v8:8746 - [rag_char_chat_schema] Migration to V8 completed.
2026-09-15 19:26:18.712 | INFO     | trace= span= tp= req= job= ps=: | tldw_Server_API.app.core.DB_Management.ChaChaNotes_DB:_migrate_from_v8_to_v9:8758 - Migrating 'rag_char_chat_schema' schema from V8 to V9 for DB: /private/var/folders/sn/m80n2j152t9gw3w8qwk2nykh0000gn/T/pytest-of-macbook-dev/pytest-11752/test_saved_turn_acknowledges_e0/user_dbs/1/ChaChaNotes.db...
2026-09-15 19:26:18.713 | INFO     | trace= span= tp= req= job= ps=: | tldw_Server_API.app.core.DB_Management.ChaChaNotes_DB:_migrate_from_v8_to_v9:8765 - [rag_char_chat_schema] Migration to V9 completed.
2026-09-15 19:26:18.714 | INFO     | trace= span= tp= req= job= ps=: | tldw_Server_API.app.core.DB_Management.ChaChaNotes_DB:_migrate_from_v9_to_v10:8777 - Migrating 'rag_char_chat_schema' schema from V9 to V10 for DB: /private/var/folders/sn/m80n2j152t9gw3w8qwk2nykh0000gn/T/pytest-of-macbook-dev/pytest-11752/test_saved_turn_acknowledges_e0/user_dbs/1/ChaChaNotes.db...
2026-09-15 19:26:18.722 | INFO     | trace= span= tp= req= job= ps=: | tldw_Server_API.app.core.DB_Management.ChaChaNotes_DB:_migrate_from_v9_to_v10:8785 - [rag_char_chat_schema] Migration to V10 completed.
2026-09-15 19:26:18.722 | INFO     | trace= span= tp= req= job= ps=: | tldw_Server_API.app.core.DB_Management.ChaChaNotes_DB:_migrate_from_v10_to_v11:8797 - Migrating 'rag_char_chat_schema' schema from V10 to V11 for DB: /private/var/folders/sn/m80n2j152t9gw3w8qwk2nykh0000gn/T/pytest-of-macbook-dev/pytest-11752/test_saved_turn_acknowledges_e0/user_dbs/1/ChaChaNotes.db...
2026-09-15 19:26:18.729 | INFO     | trace= span= tp= req= job= ps=: | tldw_Server_API.app.core.DB_Management.ChaChaNotes_DB:_migrate_from_v10_to_v11:8816 - [rag_char_chat_schema] Migration to V11 completed.
2026-09-15 19:26:18.729 | INFO     | trace= span= tp= req= job= ps=: | tldw_Server_API.app.core.DB_Management.ChaChaNotes_DB:_migrate_from_v11_to_v12:8828 - Migrating 'rag_char_chat_schema' schema from V11 to V12 for DB: /private/var/folders/sn/m80n2j152t9gw3w8qwk2nykh0000gn/T/pytest-of-macbook-dev/pytest-11752/test_saved_turn_acknowledges_e0/user_dbs/1/ChaChaNotes.db...
2026-09-15 19:26:18.731 | INFO     | trace= span= tp= req= job= ps=: | tldw_Server_API.app.core.DB_Management.ChaChaNotes_DB:_migrate_from_v11_to_v12:8836 - [rag_char_chat_schema] Migration to V12 completed.
2026-09-15 19:26:18.731 | INFO     | trace= span= tp= req= job= ps=: | tldw_Server_API.app.core.DB_Management.ChaChaNotes_DB:_migrate_from_v12_to_v13:8848 - Migrating 'rag_char_chat_schema' schema from V12 to V13 for DB: /private/var/folders/sn/m80n2j152t9gw3w8qwk2nykh0000gn/T/pytest-of-macbook-dev/pytest-11752/test_saved_turn_acknowledges_e0/user_dbs/1/ChaChaNotes.db...
2026-09-15 19:26:18.732 | INFO     | trace= span= tp= req= job= ps=: | tldw_Server_API.app.core.DB_Management.ChaChaNotes_DB:_migrate_from_v12_to_v13:8856 - [rag_char_chat_schema] Migration to V13 completed.
2026-09-15 19:26:18.732 | INFO     | trace= span= tp= req= job= ps=: | tldw_Server_API.app.core.DB_Management.ChaChaNotes_DB:_migrate_from_v13_to_v14:8868 - Migrating 'rag_char_chat_schema' schema from V13 to V14 for DB: /private/var/folders/sn/m80n2j152t9gw3w8qwk2nykh0000gn/T/pytest-of-macbook-dev/pytest-11752/test_saved_turn_acknowledges_e0/user_dbs/1/ChaChaNotes.db...
2026-09-15 19:26:18.739 | INFO     | trace= span= tp= req= job= ps=: | tldw_Server_API.app.core.DB_Management.ChaChaNotes_DB:_migrate_from_v13_to_v14:8934 - [rag_char_chat_schema] Migration to V14 completed.
2026-09-15 19:26:18.739 | INFO     | trace= span= tp= req= job= ps=: | tldw_Server_API.app.core.DB_Management.ChaChaNotes_DB:_migrate_from_v14_to_v15:8946 - Migrating 'rag_char_chat_schema' schema from V14 to V15 for DB: /private/var/folders/sn/m80n2j152t9gw3w8qwk2nykh0000gn/T/pytest-of-macbook-dev/pytest-11752/test_saved_turn_acknowledges_e0/user_dbs/1/ChaChaNotes.db...
2026-09-15 19:26:18.743 | INFO     | trace= span= tp= req= job= ps=: | tldw_Server_API.app.core.DB_Management.ChaChaNotes_DB:_migrate_from_v14_to_v15:8954 - [rag_char_chat_schema] Migration to V15 completed.
2026-09-15 19:26:18.743 | INFO     | trace= span= tp= req= job= ps=: | tldw_Server_API.app.core.DB_Management.ChaChaNotes_DB:_migrate_from_v15_to_v16:8966 - Migrating 'rag_char_chat_schema' schema from V15 to V16 for DB: /private/var/folders/sn/m80n2j152t9gw3w8qwk2nykh0000gn/T/pytest-of-macbook-dev/pytest-11752/test_saved_turn_acknowledges_e0/user_dbs/1/ChaChaNotes.db...
2026-09-15 19:26:18.744 | INFO     | trace= span= tp= req= job= ps=: | tldw_Server_API.app.core.DB_Management.ChaChaNotes_DB:_migrate_from_v15_to_v16:8974 - [rag_char_chat_schema] Migration to V16 completed.
2026-09-15 19:26:18.744 | INFO     | trace= span= tp= req= job= ps=: | tldw_Server_API.app.core.DB_Management.ChaChaNotes_DB:_migrate_from_v16_to_v17:8986 - Migrating 'rag_char_chat_schema' schema from V16 to V17 for DB: /private/var/folders/sn/m80n2j152t9gw3w8qwk2nykh0000gn/T/pytest-of-macbook-dev/pytest-11752/test_saved_turn_acknowledges_e0/user_dbs/1/ChaChaNotes.db...
2026-09-15 19:26:18.745 | INFO     | trace= span= tp= req= job= ps=: | tldw_Server_API.app.core.DB_Management.ChaChaNotes_DB:_migrate_from_v16_to_v17:9013 - [rag_char_chat_schema] Migration to V17 completed.
2026-09-15 19:26:18.745 | INFO     | trace= span= tp= req= job= ps=: | tldw_Server_API.app.core.DB_Management.ChaChaNotes_DB:_migrate_from_v17_to_v18:9025 - Migrating 'rag_char_chat_schema' schema from V17 to V18 for DB: /private/var/folders/sn/m80n2j152t9gw3w8qwk2nykh0000gn/T/pytest-of-macbook-dev/pytest-11752/test_saved_turn_acknowledges_e0/user_dbs/1/ChaChaNotes.db...
2026-09-15 19:26:18.747 | INFO     | trace= span= tp= req= job= ps=: | tldw_Server_API.app.core.DB_Management.ChaChaNotes_DB:_migrate_from_v17_to_v18:9033 - [rag_char_chat_schema] Migration to V18 completed.
2026-09-15 19:26:18.747 | INFO     | trace= span= tp= req= job= ps=: | tldw_Server_API.app.core.DB_Management.ChaChaNotes_DB:_migrate_from_v18_to_v19:9045 - Migrating 'rag_char_chat_schema' schema from V18 to V19 for DB: /private/var/folders/sn/m80n2j152t9gw3w8qwk2nykh0000gn/T/pytest-of-macbook-dev/pytest-11752/test_saved_turn_acknowledges_e0/user_dbs/1/ChaChaNotes.db...
2026-09-15 19:26:18.747 | INFO     | trace= span= tp= req= job= ps=: | tldw_Server_API.app.core.DB_Management.ChaChaNotes_DB:_migrate_from_v18_to_v19:9053 - [rag_char_chat_schema] Migration to V19 completed.
2026-09-15 19:26:18.748 | INFO     | trace= span= tp= req= job= ps=: | tldw_Server_API.app.core.DB_Management.ChaChaNotes_DB:_migrate_from_v19_to_v20:9065 - Migrating 'rag_char_chat_schema' schema from V19 to V20 for DB: /private/var/folders/sn/m80n2j152t9gw3w8qwk2nykh0000gn/T/pytest-of-macbook-dev/pytest-11752/test_saved_turn_acknowledges_e0/user_dbs/1/ChaChaNotes.db...
2026-09-15 19:26:18.748 | INFO     | trace= span= tp= req= job= ps=: | tldw_Server_API.app.core.DB_Management.ChaChaNotes_DB:_migrate_from_v19_to_v20:9073 - [rag_char_chat_schema] Migration to V20 completed.
2026-09-15 19:26:18.749 | INFO     | trace= span= tp= req= job= ps=: | tldw_Server_API.app.core.DB_Management.ChaChaNotes_DB:_migrate_from_v20_to_v21:9085 - Migrating 'rag_char_chat_schema' schema from V20 to V21 for DB: /private/var/folders/sn/m80n2j152t9gw3w8qwk2nykh0000gn/T/pytest-of-macbook-dev/pytest-11752/test_saved_turn_acknowledges_e0/user_dbs/1/ChaChaNotes.db...
2026-09-15 19:26:18.749 | INFO     | trace= span= tp= req= job= ps=: | tldw_Server_API.app.core.DB_Management.ChaChaNotes_DB:_migrate_from_v20_to_v21:9093 - [rag_char_chat_schema] Migration to V21 completed.
2026-09-15 19:26:18.750 | INFO     | trace= span= tp= req= job= ps=: | tldw_Server_API.app.core.DB_Management.ChaChaNotes_DB:_migrate_from_v21_to_v22:9105 - Migrating 'rag_char_chat_schema' schema from V21 to V22 for DB: /private/var/folders/sn/m80n2j152t9gw3w8qwk2nykh0000gn/T/pytest-of-macbook-dev/pytest-11752/test_saved_turn_acknowledges_e0/user_dbs/1/ChaChaNotes.db...
2026-09-15 19:26:18.751 | INFO     | trace= span= tp= req= job= ps=: | tldw_Server_API.app.core.DB_Management.ChaChaNotes_DB:_migrate_from_v21_to_v22:9113 - [rag_char_chat_schema] Migration to V22 completed.
2026-09-15 19:26:18.751 | INFO     | trace= span= tp= req= job= ps=: | tldw_Server_API.app.core.DB_Management.ChaChaNotes_DB:_migrate_from_v22_to_v23:9125 - Migrating 'rag_char_chat_schema' schema from V22 to V23 for DB: /private/var/folders/sn/m80n2j152t9gw3w8qwk2nykh0000gn/T/pytest-of-macbook-dev/pytest-11752/test_saved_turn_acknowledges_e0/user_dbs/1/ChaChaNotes.db...
2026-09-15 19:26:18.760 | INFO     | trace= span= tp= req= job= ps=: | tldw_Server_API.app.core.DB_Management.ChaChaNotes_DB:_migrate_from_v22_to_v23:9133 - [rag_char_chat_schema] Migration to V23 completed.
2026-09-15 19:26:18.760 | INFO     | trace= span= tp= req= job= ps=: | tldw_Server_API.app.core.DB_Management.ChaChaNotes_DB:_migrate_from_v23_to_v24:9145 - Migrating 'rag_char_chat_schema' schema from V23 to V24 for DB: /private/var/folders/sn/m80n2j152t9gw3w8qwk2nykh0000gn/T/pytest-of-macbook-dev/pytest-11752/test_saved_turn_acknowledges_e0/user_dbs/1/ChaChaNotes.db...
2026-09-15 19:26:18.768 | INFO     | trace= span= tp= req= job= ps=: | tldw_Server_API.app.core.DB_Management.ChaChaNotes_DB:_migrate_from_v23_to_v24:9153 - [rag_char_chat_schema] Migration to V24 completed.
2026-09-15 19:26:18.768 | INFO     | trace= span= tp= req= job= ps=: | tldw_Server_API.app.core.DB_Management.ChaChaNotes_DB:_migrate_from_v24_to_v25:9165 - Migrating 'rag_char_chat_schema' schema from V24 to V25 for DB: /private/var/folders/sn/m80n2j152t9gw3w8qwk2nykh0000gn/T/pytest-of-macbook-dev/pytest-11752/test_saved_turn_acknowledges_e0/user_dbs/1/ChaChaNotes.db...
2026-09-15 19:26:18.774 | INFO     | trace= span= tp= req= job= ps=: | tldw_Server_API.app.core.DB_Management.ChaChaNotes_DB:_migrate_from_v24_to_v25:9191 - [rag_char_chat_schema] Migration to V25 completed.
2026-09-15 19:26:18.774 | INFO     | trace= span= tp= req= job= ps=: | tldw_Server_API.app.core.DB_Management.ChaChaNotes_DB:_migrate_from_v25_to_v26:9203 - Migrating 'rag_char_chat_schema' schema from V25 to V26 for DB: /private/var/folders/sn/m80n2j152t9gw3w8qwk2nykh0000gn/T/pytest-of-macbook-dev/pytest-11752/test_saved_turn_acknowledges_e0/user_dbs/1/ChaChaNotes.db...
2026-09-15 19:26:18.779 | INFO     | trace= span= tp= req= job= ps=: | tldw_Server_API.app.core.DB_Management.ChaChaNotes_DB:_migrate_from_v25_to_v26:9211 - [rag_char_chat_schema] Migration to V26 completed.
2026-09-15 19:26:18.779 | INFO     | trace= span= tp= req= job= ps=: | tldw_Server_API.app.core.DB_Management.ChaChaNotes_DB:_migrate_from_v26_to_v27:9223 - Migrating 'rag_char_chat_schema' schema from V26 to V27 for DB: /private/var/folders/sn/m80n2j152t9gw3w8qwk2nykh0000gn/T/pytest-of-macbook-dev/pytest-11752/test_saved_turn_acknowledges_e0/user_dbs/1/ChaChaNotes.db...
2026-09-15 19:26:18.783 | INFO     | trace= span= tp= req= job= ps=: | tldw_Server_API.app.core.DB_Management.ChaChaNotes_DB:_migrate_from_v26_to_v27:9251 - [rag_char_chat_schema] Migration to V27 completed.
2026-09-15 19:26:18.784 | INFO     | trace= span= tp= req= job= ps=: | tldw_Server_API.app.core.DB_Management.ChaChaNotes_DB:_migrate_from_v27_to_v28:9263 - Migrating 'rag_char_chat_schema' schema from V27 to V28 for DB: /private/var/folders/sn/m80n2j152t9gw3w8qwk2nykh0000gn/T/pytest-of-macbook-dev/pytest-11752/test_saved_turn_acknowledges_e0/user_dbs/1/ChaChaNotes.db...
2026-09-15 19:26:18.786 | INFO     | trace= span= tp= req= job= ps=: | tldw_Server_API.app.core.DB_Management.ChaChaNotes_DB:_migrate_from_v27_to_v28:9284 - [rag_char_chat_schema] Migration to V28 completed.
2026-09-15 19:26:18.786 | INFO     | trace= span= tp= req= job= ps=: | tldw_Server_API.app.core.DB_Management.ChaChaNotes_DB:_migrate_from_v28_to_v29:9296 - Migrating 'rag_char_chat_schema' schema from V28 to V29 for DB: /private/var/folders/sn/m80n2j152t9gw3w8qwk2nykh0000gn/T/pytest-of-macbook-dev/pytest-11752/test_saved_turn_acknowledges_e0/user_dbs/1/ChaChaNotes.db...
2026-09-15 19:26:18.787 | INFO     | trace= span= tp= req= job= ps=: | tldw_Server_API.app.core.DB_Management.ChaChaNotes_DB:_migrate_from_v28_to_v29:9304 - [rag_char_chat_schema] Migration to V29 completed.
2026-09-15 19:26:18.787 | INFO     | trace= span= tp= req= job= ps=: | tldw_Server_API.app.core.DB_Management.ChaChaNotes_DB:_migrate_from_v29_to_v30:9316 - Migrating 'rag_char_chat_schema' schema from V29 to V30 for DB: /private/var/folders/sn/m80n2j152t9gw3w8qwk2nykh0000gn/T/pytest-of-macbook-dev/pytest-11752/test_saved_turn_acknowledges_e0/user_dbs/1/ChaChaNotes.db...
2026-09-15 19:26:18.790 | INFO     | trace= span= tp= req= job= ps=: | tldw_Server_API.app.core.DB_Management.ChaChaNotes_DB:_migrate_from_v29_to_v30:9334 - [rag_char_chat_schema] Migration to V30 completed.
2026-09-15 19:26:18.790 | INFO     | trace= span= tp= req= job= ps=: | tldw_Server_API.app.core.DB_Management.ChaChaNotes_DB:_migrate_from_v30_to_v31:9346 - Migrating 'rag_char_chat_schema' schema from V30 to V31 for DB: /private/var/folders/sn/m80n2j152t9gw3w8qwk2nykh0000gn/T/pytest-of-macbook-dev/pytest-11752/test_saved_turn_acknowledges_e0/user_dbs/1/ChaChaNotes.db...
2026-09-15 19:26:18.796 | INFO     | trace= span= tp= req= job= ps=: | tldw_Server_API.app.core.DB_Management.ChaChaNotes_DB:_migrate_from_v30_to_v31:9368 - [rag_char_chat_schema] Migration to V31 completed.
2026-09-15 19:26:18.796 | INFO     | trace= span= tp= req= job= ps=: | tldw_Server_API.app.core.DB_Management.ChaChaNotes_DB:_migrate_from_v31_to_v32:9380 - Migrating 'rag_char_chat_schema' schema from V31 to V32 for DB: /private/var/folders/sn/m80n2j152t9gw3w8qwk2nykh0000gn/T/pytest-of-macbook-dev/pytest-11752/test_saved_turn_acknowledges_e0/user_dbs/1/ChaChaNotes.db...
2026-09-15 19:26:18.803 | INFO     | trace= span= tp= req= job= ps=: | tldw_Server_API.app.core.DB_Management.ChaChaNotes_DB:_migrate_from_v31_to_v32:9424 - [rag_char_chat_schema] Migration to V32 completed.
2026-09-15 19:26:18.803 | INFO     | trace= span= tp= req= job= ps=: | tldw_Server_API.app.core.DB_Management.ChaChaNotes_DB:_migrate_from_v32_to_v33:9436 - Migrating 'rag_char_chat_schema' schema from V32 to V33 for DB: /private/var/folders/sn/m80n2j152t9gw3w8qwk2nykh0000gn/T/pytest-of-macbook-dev/pytest-11752/test_saved_turn_acknowledges_e0/user_dbs/1/ChaChaNotes.db...
2026-09-15 19:26:18.804 | INFO     | trace= span= tp= req= job= ps=: | tldw_Server_API.app.core.DB_Management.ChaChaNotes_DB:_migrate_from_v32_to_v33:9444 - [rag_char_chat_schema] Migration to V33 completed.
2026-09-15 19:26:18.804 | INFO     | trace= span= tp= req= job= ps=: | tldw_Server_API.app.core.DB_Management.ChaChaNotes_DB:_migrate_from_v33_to_v34:9456 - Migrating 'rag_char_chat_schema' schema from V33 to V34 for DB: /private/var/folders/sn/m80n2j152t9gw3w8qwk2nykh0000gn/T/pytest-of-macbook-dev/pytest-11752/test_saved_turn_acknowledges_e0/user_dbs/1/ChaChaNotes.db...
2026-09-15 19:26:18.806 | INFO     | trace= span= tp= req= job= ps=: | tldw_Server_API.app.core.DB_Management.ChaChaNotes_DB:_migrate_from_v33_to_v34:9476 - [rag_char_chat_schema] Migration to V34 completed.
2026-09-15 19:26:18.807 | INFO     | trace= span= tp= req= job= ps=: | tldw_Server_API.app.core.DB_Management.ChaChaNotes_DB:_migrate_from_v34_to_v35:9488 - Migrating 'rag_char_chat_schema' schema from V34 to V35 for DB: /private/var/folders/sn/m80n2j152t9gw3w8qwk2nykh0000gn/T/pytest-of-macbook-dev/pytest-11752/test_saved_turn_acknowledges_e0/user_dbs/1/ChaChaNotes.db...
2026-09-15 19:26:18.809 | INFO     | trace= span= tp= req= job= ps=: | tldw_Server_API.app.core.DB_Management.ChaChaNotes_DB:_migrate_from_v34_to_v35:9508 - [rag_char_chat_schema] Migration to V35 completed.
2026-09-15 19:26:18.809 | INFO     | trace= span= tp= req= job= ps=: | tldw_Server_API.app.core.DB_Management.ChaChaNotes_DB:_migrate_from_v35_to_v36:9520 - Migrating 'rag_char_chat_schema' schema from V35 to V36 for DB: /private/var/folders/sn/m80n2j152t9gw3w8qwk2nykh0000gn/T/pytest-of-macbook-dev/pytest-11752/test_saved_turn_acknowledges_e0/user_dbs/1/ChaChaNotes.db...
2026-09-15 19:26:18.813 | INFO     | trace= span= tp= req= job= ps=: | tldw_Server_API.app.core.DB_Management.ChaChaNotes_DB:_migrate_from_v35_to_v36:9571 - [rag_char_chat_schema] Migration to V36 completed.
2026-09-15 19:26:18.814 | INFO     | trace= span= tp= req= job= ps=: | tldw_Server_API.app.core.DB_Management.ChaChaNotes_DB:_migrate_from_v36_to_v37:9583 - Migrating 'rag_char_chat_schema' schema from V36 to V37 for DB: /private/var/folders/sn/m80n2j152t9gw3w8qwk2nykh0000gn/T/pytest-of-macbook-dev/pytest-11752/test_saved_turn_acknowledges_e0/user_dbs/1/ChaChaNotes.db...
2026-09-15 19:26:18.866 | INFO     | trace= span= tp= req= job= ps=: | tldw_Server_API.app.core.DB_Management.ChaChaNotes_DB:_migrate_from_v36_to_v37:9594 - [rag_char_chat_schema] Migration to V37 completed.
2026-09-15 19:26:18.866 | INFO     | trace= span= tp= req= job= ps=: | tldw_Server_API.app.core.DB_Management.ChaChaNotes_DB:_migrate_from_v37_to_v38:9606 - Migrating 'rag_char_chat_schema' schema from V37 to V38 for DB: /private/var/folders/sn/m80n2j152t9gw3w8qwk2nykh0000gn/T/pytest-of-macbook-dev/pytest-11752/test_saved_turn_acknowledges_e0/user_dbs/1/ChaChaNotes.db...
2026-09-15 19:26:18.867 | INFO     | trace= span= tp= req= job= ps=: | tldw_Server_API.app.core.DB_Management.ChaChaNotes_DB:_migrate_from_v37_to_v38:9615 - [rag_char_chat_schema] Migration to V38 completed.
2026-09-15 19:26:18.867 | INFO     | trace= span= tp= req= job= ps=: | tldw_Server_API.app.core.DB_Management.ChaChaNotes_DB:_migrate_from_v38_to_v39:9627 - Migrating 'rag_char_chat_schema' schema from V38 to V39 for DB: /private/var/folders/sn/m80n2j152t9gw3w8qwk2nykh0000gn/T/pytest-of-macbook-dev/pytest-11752/test_saved_turn_acknowledges_e0/user_dbs/1/ChaChaNotes.db...
2026-09-15 19:26:18.870 | INFO     | trace= span= tp= req= job= ps=: | tldw_Server_API.app.core.DB_Management.ChaChaNotes_DB:_migrate_from_v38_to_v39:9636 - [rag_char_chat_schema] Migration to V39 completed.
2026-09-15 19:26:18.870 | INFO     | trace= span= tp= req= job= ps=: | tldw_Server_API.app.core.DB_Management.ChaChaNotes_DB:_migrate_from_v39_to_v40:9648 - Migrating 'rag_char_chat_schema' schema from V39 to V40 for DB: /private/var/folders/sn/m80n2j152t9gw3w8qwk2nykh0000gn/T/pytest-of-macbook-dev/pytest-11752/test_saved_turn_acknowledges_e0/user_dbs/1/ChaChaNotes.db...
2026-09-15 19:26:18.871 | INFO     | trace= span= tp= req= job= ps=: | tldw_Server_API.app.core.DB_Management.ChaChaNotes_DB:_migrate_from_v39_to_v40:9656 - [rag_char_chat_schema] Migration to V40 completed.
2026-09-15 19:26:18.871 | INFO     | trace= span= tp= req= job= ps=: | tldw_Server_API.app.core.DB_Management.ChaChaNotes_DB:_migrate_from_v40_to_v41:9668 - Migrating 'rag_char_chat_schema' schema from V40 to V41 for DB: /private/var/folders/sn/m80n2j152t9gw3w8qwk2nykh0000gn/T/pytest-of-macbook-dev/pytest-11752/test_saved_turn_acknowledges_e0/user_dbs/1/ChaChaNotes.db...
2026-09-15 19:26:18.875 | INFO     | trace= span= tp= req= job= ps=: | tldw_Server_API.app.core.DB_Management.ChaChaNotes_DB:_migrate_from_v40_to_v41:9676 - [rag_char_chat_schema] Migration to V41 completed.
2026-09-15 19:26:18.875 | INFO     | trace= span= tp= req= job= ps=: | tldw_Server_API.app.core.DB_Management.ChaChaNotes_DB:_migrate_from_v41_to_v42:9688 - Migrating 'rag_char_chat_schema' schema from V41 to V42 for DB: /private/var/folders/sn/m80n2j152t9gw3w8qwk2nykh0000gn/T/pytest-of-macbook-dev/pytest-11752/test_saved_turn_acknowledges_e0/user_dbs/1/ChaChaNotes.db...
2026-09-15 19:26:18.881 | INFO     | trace= span= tp= req= job= ps=: | tldw_Server_API.app.core.DB_Management.ChaChaNotes_DB:_migrate_from_v41_to_v42:9696 - [rag_char_chat_schema] Migration to V42 completed.
2026-09-15 19:26:18.881 | INFO     | trace= span= tp= req= job= ps=: | tldw_Server_API.app.core.DB_Management.ChaChaNotes_DB:_migrate_from_v42_to_v43:9708 - Migrating 'rag_char_chat_schema' schema from V42 to V43 for DB: /private/var/folders/sn/m80n2j152t9gw3w8qwk2nykh0000gn/T/pytest-of-macbook-dev/pytest-11752/test_saved_turn_acknowledges_e0/user_dbs/1/ChaChaNotes.db...
2026-09-15 19:26:18.882 | INFO     | trace= span= tp= req= job= ps=: | tldw_Server_API.app.core.DB_Management.ChaChaNotes_DB:_migrate_from_v42_to_v43:9716 - [rag_char_chat_schema] Migration to V43 completed.
2026-09-15 19:26:18.882 | INFO     | trace= span= tp= req= job= ps=: | tldw_Server_API.app.core.DB_Management.ChaChaNotes_DB:_migrate_from_v43_to_v44:9728 - Migrating 'rag_char_chat_schema' schema from V43 to V44 for DB: /private/var/folders/sn/m80n2j152t9gw3w8qwk2nykh0000gn/T/pytest-of-macbook-dev/pytest-11752/test_saved_turn_acknowledges_e0/user_dbs/1/ChaChaNotes.db...
2026-09-15 19:26:18.884 | INFO     | trace= span= tp= req= job= ps=: | tldw_Server_API.app.core.DB_Management.ChaChaNotes_DB:_migrate_from_v43_to_v44:9749 - [rag_char_chat_schema] Migration to V44 completed.
2026-09-15 19:26:18.884 | INFO     | trace= span= tp= req= job= ps=: | tldw_Server_API.app.core.DB_Management.ChaChaNotes_DB:_migrate_from_v44_to_v45:9761 - Migrating 'rag_char_chat_schema' schema from V44 to V45 for DB: /private/var/folders/sn/m80n2j152t9gw3w8qwk2nykh0000gn/T/pytest-of-macbook-dev/pytest-11752/test_saved_turn_acknowledges_e0/user_dbs/1/ChaChaNotes.db...
2026-09-15 19:26:18.892 | INFO     | trace= span= tp= req= job= ps=: | tldw_Server_API.app.core.DB_Management.ChaChaNotes_DB:_migrate_from_v44_to_v45:9770 - [rag_char_chat_schema] Migration to V45 completed.
2026-09-15 19:26:18.892 | INFO     | trace= span= tp= req= job= ps=: | tldw_Server_API.app.core.DB_Management.ChaChaNotes_DB:_migrate_from_v45_to_v46:9782 - Migrating 'rag_char_chat_schema' schema from V45 to V46 for DB: /private/var/folders/sn/m80n2j152t9gw3w8qwk2nykh0000gn/T/pytest-of-macbook-dev/pytest-11752/test_saved_turn_acknowledges_e0/user_dbs/1/ChaChaNotes.db...
2026-09-15 19:26:18.893 | INFO     | trace= span= tp= req= job= ps=: | tldw_Server_API.app.core.DB_Management.ChaChaNotes_DB:_migrate_from_v45_to_v46:9790 - [rag_char_chat_schema] Migration to V46 completed.
2026-09-15 19:26:18.893 | INFO     | trace= span= tp= req= job= ps=: | tldw_Server_API.app.core.DB_Management.ChaChaNotes_DB:_migrate_from_v46_to_v47:9802 - Migrating 'rag_char_chat_schema' schema from V46 to V47 for DB: /private/var/folders/sn/m80n2j152t9gw3w8qwk2nykh0000gn/T/pytest-of-macbook-dev/pytest-11752/test_saved_turn_acknowledges_e0/user_dbs/1/ChaChaNotes.db...
2026-09-15 19:26:18.898 | INFO     | trace= span= tp= req= job= ps=: | tldw_Server_API.app.core.DB_Management.ChaChaNotes_DB:_migrate_from_v46_to_v47:9817 - [rag_char_chat_schema] Migration to V47 completed.
2026-09-15 19:26:18.898 | INFO     | trace= span= tp= req= job= ps=: | tldw_Server_API.app.core.DB_Management.ChaChaNotes_DB:_migrate_from_v47_to_v48:9829 - Migrating 'rag_char_chat_schema' schema from V47 to V48 for DB: /private/var/folders/sn/m80n2j152t9gw3w8qwk2nykh0000gn/T/pytest-of-macbook-dev/pytest-11752/test_saved_turn_acknowledges_e0/user_dbs/1/ChaChaNotes.db...
2026-09-15 19:26:18.900 | INFO     | trace= span= tp= req= job= ps=: | tldw_Server_API.app.core.DB_Management.ChaChaNotes_DB:_migrate_from_v47_to_v48:9837 - [rag_char_chat_schema] Migration to V48 completed.
2026-09-15 19:26:18.901 | INFO     | trace= span= tp= req= job= ps=: | tldw_Server_API.app.core.DB_Management.ChaChaNotes_DB:_migrate_from_v48_to_v49:9849 - Migrating 'rag_char_chat_schema' schema from V48 to V49 for DB: /private/var/folders/sn/m80n2j152t9gw3w8qwk2nykh0000gn/T/pytest-of-macbook-dev/pytest-11752/test_saved_turn_acknowledges_e0/user_dbs/1/ChaChaNotes.db...
2026-09-15 19:26:18.901 | INFO     | trace= span= tp= req= job= ps=: | tldw_Server_API.app.core.DB_Management.ChaChaNotes_DB:_migrate_from_v48_to_v49:9858 - [rag_char_chat_schema] Migration to V49 completed.
2026-09-15 19:26:18.901 | INFO     | trace= span= tp= req= job= ps=: | tldw_Server_API.app.core.DB_Management.ChaChaNotes_DB:_migrate_from_v49_to_v50:9870 - Migrating 'rag_char_chat_schema' schema from V49 to V50 for DB: /private/var/folders/sn/m80n2j152t9gw3w8qwk2nykh0000gn/T/pytest-of-macbook-dev/pytest-11752/test_saved_turn_acknowledges_e0/user_dbs/1/ChaChaNotes.db...
2026-09-15 19:26:18.902 | INFO     | trace= span= tp= req= job= ps=: | tldw_Server_API.app.core.DB_Management.ChaChaNotes_DB:_migrate_from_v49_to_v50:9879 - [rag_char_chat_schema] Migration to V50 completed.
2026-09-15 19:26:18.902 | INFO     | trace= span= tp= req= job= ps=: | tldw_Server_API.app.core.DB_Management.ChaChaNotes_DB:_migrate_from_v50_to_v51:9891 - Migrating 'rag_char_chat_schema' schema from V50 to V51 for DB: /private/var/folders/sn/m80n2j152t9gw3w8qwk2nykh0000gn/T/pytest-of-macbook-dev/pytest-11752/test_saved_turn_acknowledges_e0/user_dbs/1/ChaChaNotes.db...
2026-09-15 19:26:18.904 | INFO     | trace= span= tp= req= job= ps=: | tldw_Server_API.app.core.DB_Management.ChaChaNotes_DB:_migrate_from_v50_to_v51:9907 - [rag_char_chat_schema] Migration to V51 completed.
2026-09-15 19:26:18.904 | INFO     | trace= span= tp= req= job= ps=: | tldw_Server_API.app.core.DB_Management.ChaChaNotes_DB:_migrate_from_v51_to_v52:9919 - Migrating 'rag_char_chat_schema' schema from V51 to V52 for DB: /private/var/folders/sn/m80n2j152t9gw3w8qwk2nykh0000gn/T/pytest-of-macbook-dev/pytest-11752/test_saved_turn_acknowledges_e0/user_dbs/1/ChaChaNotes.db...
2026-09-15 19:26:18.909 | INFO     | trace= span= tp= req= job= ps=: | tldw_Server_API.app.core.DB_Management.ChaChaNotes_DB:_migrate_from_v51_to_v52:9931 - [rag_char_chat_schema] Migration to V52 completed.
2026-09-15 19:26:18.909 | INFO     | trace= span= tp= req= job= ps=: | tldw_Server_API.app.core.DB_Management.ChaChaNotes_DB:_migrate_from_v52_to_v53:9945 - Migrating 'rag_char_chat_schema' schema from V52 to V53 for DB: /private/var/folders/sn/m80n2j152t9gw3w8qwk2nykh0000gn/T/pytest-of-macbook-dev/pytest-11752/test_saved_turn_acknowledges_e0/user_dbs/1/ChaChaNotes.db...
2026-09-15 19:26:18.917 | INFO     | trace= span= tp= req= job= ps=: | tldw_Server_API.app.core.DB_Management.ChaChaNotes_DB:_migrate_from_v52_to_v53:9958 - [rag_char_chat_schema] Migration to V53 completed.
2026-09-15 19:26:18.918 | INFO     | trace= span= tp= req= job= ps=: | tldw_Server_API.app.core.DB_Management.ChaChaNotes_DB:_migrate_from_v53_to_v54:9972 - Migrating 'rag_char_chat_schema' schema from V53 to V54 for DB: /private/var/folders/sn/m80n2j152t9gw3w8qwk2nykh0000gn/T/pytest-of-macbook-dev/pytest-11752/test_saved_turn_acknowledges_e0/user_dbs/1/ChaChaNotes.db...
2026-09-15 19:26:18.918 | INFO     | trace= span= tp= req= job= ps=: | tldw_Server_API.app.core.DB_Management.ChaChaNotes_DB:_migrate_from_v53_to_v54:9984 - [rag_char_chat_schema] Migration to V54 completed.
2026-09-15 19:26:18.919 | INFO     | trace= span= tp= req= job= ps=: | tldw_Server_API.app.core.DB_Management.ChaChaNotes_DB:_migrate_from_v54_to_v55:9998 - Migrating 'rag_char_chat_schema' schema from V54 to V55 for DB: /private/var/folders/sn/m80n2j152t9gw3w8qwk2nykh0000gn/T/pytest-of-macbook-dev/pytest-11752/test_saved_turn_acknowledges_e0/user_dbs/1/ChaChaNotes.db...
2026-09-15 19:26:18.921 | INFO     | trace= span= tp= req= job= ps=: | tldw_Server_API.app.core.DB_Management.ChaChaNotes_DB:_migrate_from_v54_to_v55:10076 - [rag_char_chat_schema] Migration to V55 completed.
2026-09-15 19:26:18.921 | INFO     | trace= span= tp= req= job= ps=: | tldw_Server_API.app.core.DB_Management.ChaChaNotes_DB:_migrate_from_v55_to_v56:10180 - Migrating 'rag_char_chat_schema' schema from V55 to V56 for DB: /private/var/folders/sn/m80n2j152t9gw3w8qwk2nykh0000gn/T/pytest-of-macbook-dev/pytest-11752/test_saved_turn_acknowledges_e0/user_dbs/1/ChaChaNotes.db...
2026-09-15 19:26:19.197 | INFO     | trace= span= tp= req= job= ps=: | tldw_Server_API.app.core.DB_Management.ChaChaNotes_DB:_migrate_from_v64_to_v65:17609 - Migrating 'rag_char_chat_schema' schema from V64 to V65 for DB: /private/var/folders/sn/m80n2j152t9gw3w8qwk2nykh0000gn/T/pytest-of-macbook-dev/pytest-11752/test_saved_turn_acknowledges_e0/user_dbs/1/ChaChaNotes.db...
2026-09-15 19:26:19.208 | INFO     | trace= span= tp= req= job= ps=: | tldw_Server_API.app.core.DB_Management.ChaChaNotes_DB:_migrate_from_v64_to_v65:17626 - [rag_char_chat_schema] Migration to V65 completed.
2026-09-15 19:26:19.308 | WARNING  | trace= span= tp= req= job= ps=: | tldw_Server_API.app.core.DB_Management.ChaChaNotes_DB:_self_heal_character_cards_fts_sqlite:24635 - character_cards_fts out of sync (active=1 indexed=0); rebuilding.
2026-09-15 19:26:19.309 | INFO     | trace= span= tp= req= job= ps=: | tldw_Server_API.app.core.DB_Management.ChaChaNotes_DB:_initialize_schema_sqlite:20934 - Database schema 'rag_char_chat_schema' successfully initialized/migrated to version 67.
2026-09-15 19:26:19.313 | INFO     | trace= span= tp= req= job= ps=: | tldw_Server_API.app.core.DB_Management.chacha.character_store:add_character_card:162 - Added character card 'Helpful AI Assistant' with ID: 2.
2026-09-15 19:26:19.314 | INFO     | trace= span= tp= req= job= ps=: | tldw_Server_API.app.core.DB_Management.chacha.character_store:add_character_card:162 - Added character card 'Source Character' with ID: 3.
2026-09-15 19:26:19.317 | INFO     | trace= span= tp= req= job= ps=: | tldw_Server_API.app.core.AuthNZ.csrf_protection:__init__:281 - CSRF Protection Middleware initialized (enabled=False)
2026-09-15 19:26:19.324 | INFO     | trace= span= tp= req= job= ps=: | tldw_Server_API.app.core.startup_preflight:run_preflight_checks:202 - Preflight [ffmpeg_available]: ok - found at /opt/homebrew/bin/ffmpeg
2026-09-15 19:26:19.324 | INFO     | trace= span= tp= req= job= ps=: | tldw_Server_API.app.core.startup_preflight:run_preflight_checks:202 - Preflight [disk_space]: ok - 5331 MB free
2026-09-15 19:26:19.325 | INFO     | trace= span= tp= req= job= ps=: | tldw_Server_API.app.core.startup_preflight:run_preflight_checks:202 - Preflight [database_directories]: ok - /Users/macbook-dev/Documents/GitHub/tldw_server2/tldw_Server_API/Databases
2026-09-15 19:26:19.325 | INFO     | trace= span= tp= req= job= ps=: | tldw_Server_API.app.core.startup_preflight:run_preflight_checks:202 - Preflight [python_dependencies]: ok
2026-09-15 19:26:19.325 | INFO     | trace= span= tp= req= job= ps=: | tldw_Server_API.app.core.startup_preflight:run_preflight_checks:202 - Preflight [database_connectivity]: ok - SQLite (no remote check needed)
2026-09-15 19:26:19.326 | INFO     | trace= span= tp= req= job= ps=: | tldw_Server_API.app.services.startup_preflight_reporting:run_startup_preflight_checks:17 - Preflight: 5 checks, 0 warnings, 0 failures
2026-09-15 19:26:19.329 | INFO     | trace= span= tp= req= job= ps=: | tldw_Server_API.app.services.startup_acp_validation:validate_startup_acp_configuration:30 - App Startup: ACP runner configuration validated
2026-09-15 19:26:19.330 | INFO     | trace= span= tp= req= job= ps=: | tldw_Server_API.app.services.startup_content_backend_validation:validate_startup_content_backend:13 - App Startup: PostgreSQL content backend validated
2026-09-15 19:26:19.332 | INFO     | trace= span= tp= req= job= ps=: | tldw_Server_API.app.services.startup_claims_prompt_validation:validate_startup_claims_prompt_validation:31 - App Startup: Claims prompt validation completed (mode=warning, strict=False)
2026-09-15 19:26:19.333 | INFO     | trace= span= tp= req= job= ps=: | tldw_Server_API.app.services.startup_telemetry:initialize_startup_telemetry:16 - App Startup: Initializing telemetry and metrics...
2026-09-15 19:26:19.333 | INFO     | trace= span= tp= req= job= ps=: | tldw_Server_API.app.core.Metrics.telemetry:__init__:460 - OpenTelemetry SDK disabled via OTEL_SDK_DISABLED
2026-09-15 19:26:19.333 | INFO     | trace= span= tp= req= job= ps=: | tldw_Server_API.app.services.startup_telemetry:initialize_startup_telemetry:21 - App Startup: OpenTelemetry initialized for service: tldw_server
2026-09-15 19:26:19.336 | WARNING  | trace= span= tp= req= job= ps=: | tldw_Server_API.app.services.startup_validation:run_startup_validations:31 - First-time setup is enabled. The setup API is local-only and blocks proxied requests. If running behind a reverse proxy, ensure /setup and /api/v1/setup are not publicly exposed, or set TLDW_SETUP_ALLOW_REMOTE=1 temporarily on trusted networks.
2026-09-15 19:26:19.368 | INFO     | trace= span= tp= req= job= ps=: | tldw_Server_API.app.core.AuthNZ.startup_integrity:verify_authnz_sqlite_startup_integrity:173 - AuthNZ startup integrity check passed for /Users/macbook-dev/Documents/GitHub/tldw_server2/Databases/users.db
2026-09-15 19:26:19.369 | INFO     | trace= span= tp= req= job= ps=: | tldw_Server_API.app.services.startup_core_initialization:initialize_startup_core_components:36 - App Startup: Initializing authentication services...
2026-09-15 19:26:19.370 | INFO     | trace= span= tp= req= job= ps=: | tldw_Server_API.app.core.AuthNZ.database:initialize:942 - Using SQLite database
2026-09-15 19:26:19.374 | INFO     | trace= span= tp= req= job= ps=: | tldw_Server_API.app.core.AuthNZ.database:_create_sqlite_schema:1150 - SQLite schema harmonization: ensuring AuthNZ tables
2026-09-15 19:26:19.395 | INFO     | trace= span= tp= req= job= ps=: | tldw_Server_API.app.core.AuthNZ.database:initialize:948 - Database pool initialized successfully
2026-09-15 19:26:19.396 | INFO     | trace= span= tp= req= job= ps=: | tldw_Server_API.app.services.startup_auth:init_auth_services:45 - App Startup: Database pool initialized
2026-09-15 19:26:19.408 | INFO     | trace= span= tp= req= job= ps=: | tldw_Server_API.app.core.AuthNZ.initialize:ensure_authnz_schema_ready_once:677 - AuthNZ Startup: ensured SQLite schema at ./Databases/users.db
2026-09-15 19:26:19.433 | INFO     | trace= span= tp= req= job= ps=: | tldw_Server_API.app.core.AuthNZ.settings:get_settings:1588 - Settings initialized - Auth mode: single_user, profile=local-single-user
2026-09-15 19:26:19.434 | INFO     | trace= span= tp= req= job= ps=: | tldw_Server_API.app.core.AuthNZ.db_config:_detect_backend:83 - Detected database backend: sqlite
2026-09-15 19:26:19.434 | INFO     | trace= span= tp= req= job= ps=: | tldw_Server_API.app.core.AuthNZ.database:close:1665 - Database pool closed
2026-09-15 19:26:19.452 | INFO     | trace= span= tp= req= job= ps=: | tldw_Server_API.app.core.AuthNZ.settings:get_settings:1588 - Settings initialized - Auth mode: single_user, profile=local-single-user
2026-09-15 19:26:19.452 | INFO     | trace= span= tp= req= job= ps=: | tldw_Server_API.app.core.AuthNZ.database:initialize:942 - Using SQLite database
2026-09-15 19:26:19.457 | INFO     | trace= span= tp= req= job= ps=: | tldw_Server_API.app.core.AuthNZ.database:_create_sqlite_schema:1150 - SQLite schema harmonization: ensuring AuthNZ tables
2026-09-15 19:26:19.473 | INFO     | trace= span= tp= req= job= ps=: | tldw_Server_API.app.core.AuthNZ.database:initialize:948 - Database pool initialized successfully
2026-09-15 19:26:19.526 | INFO     | trace= span= tp= req= job= ps=: | tldw_Server_API.app.services.startup_auth:init_auth_services:74 - App Startup: Ensured single-user RBAC seed (baseline roles/permissions)
2026-09-15 19:26:19.526 | INFO     | trace= span= tp= req= job= ps=: | tldw_Server_API.app.core.AuthNZ.database:initialize:942 - Using SQLite database
2026-09-15 19:26:19.530 | INFO     | trace= span= tp= req= job= ps=: | tldw_Server_API.app.core.AuthNZ.database:_create_sqlite_schema:1150 - SQLite schema harmonization: ensuring AuthNZ tables
2026-09-15 19:26:19.547 | INFO     | trace= span= tp= req= job= ps=: | tldw_Server_API.app.core.AuthNZ.database:initialize:948 - Database pool initialized successfully
2026-09-15 19:26:19.551 | INFO     | trace= span= tp= req= job= ps=: | tldw_Server_API.app.services.startup_auth:init_auth_services:87 - App Startup: Loaded LLM provider overrides
2026-09-15 19:26:19.561 | INFO     | trace= span= tp= req= job= ps=: | tldw_Server_API.app.core.Resource_Governance.policy_loader:load_once:134 - ResourceGovernor policy loaded: version=1, policies=43, path=/Users/macbook-dev/Documents/GitHub/tldw_server2/tldw_Server_API/Config_Files/resource_governor_policies.yaml
2026-09-15 19:26:19.563 | INFO     | trace= span= tp= req= job= ps=: | tldw_Server_API.app.services.startup_resource_governor:init_resource_governor:106 - ResourceGovernor initialized (memory backend)
2026-09-15 19:26:19.573 | WARNING  | trace= span= tp= req= job= ps=: | tldw_Server_API.app.services.startup_resource_governor:_audit_route_map_coverage:227 - RG route_map missing coverage for 387 routes; sample: /api/v1/workspaces/migrations (tags=['workspaces']), /api/v1/workspaces/migrations/{migration_id} (tags=['workspaces']), /api/v1/workspaces/migrations/{migration_id}/chunks/{chunk_id} (tags=['workspaces']), /api/v1/workspaces/migrations/{migration_id}/finalize (tags=['workspaces']), /api/v1/workspaces/migrations/{migration_id}/client-delete-ack (tags=['workspaces']), /api/v1/workspaces/ (tags=['workspaces']), /api/v1/workspaces/{workspace_id} (tags=['workspaces']), /api/v1/workspaces/{workspace_id}/index (tags=['workspaces']), /api/v1/workspaces/{workspace_id}/memberships (tags=['workspaces']), /api/v1/workspaces/{workspace_id}/memberships/{resource_type}/{resource_id} (tags=['workspaces'])
2026-09-15 19:26:19.682 | INFO     | trace= span= tp= req= job= ps=: | tldw_Server_API.app.core.AuthNZ.session_manager:initialize:181 - SessionManager initialized with encryption enabled
2026-09-15 19:26:19.682 | INFO     | trace= span= tp= req= job= ps=: | tldw_Server_API.app.services.startup_auth_runtime:initialize_auth_runtime_services:35 - App Startup: Session manager initialized
2026-09-15 19:26:19.723 | INFO     | trace= span= tp= req= job= ps=: | tldw_Server_API.app.core.PrivilegeMaps.startup:validate_privilege_metadata_on_startup:31 - Privilege catalog validated (version=1.0.0, scopes=112, mapped_routes=282)
2026-09-15 19:26:19.730 | INFO     | trace= span= tp= req= job= ps=: | tldw_Server_API.app.core.Persona.archetype_loader:load_archetypes_from_directory:83 - Loaded 6 archetype(s) from /Users/macbook-dev/Documents/GitHub/tldw_server2/tldw_Server_API/Config_Files/persona_archetypes
2026-09-15 19:26:19.733 | INFO     | trace= span= tp= req= job= ps=: | mcp_unified.federation.catalog_loader:load_mcp_catalog:80 - Loaded 5 MCP catalog entry/entries from /Users/macbook-dev/Documents/GitHub/tldw_server2/tldw_Server_API/Config_Files/mcp_server_catalog.yaml
2026-09-15 19:26:19.734 | INFO     | trace= span= tp= req= job= ps=: | tldw_Server_API.app.services.startup_core_initialization:initialize_startup_core_components:61 - App Startup: Initializing Chat module components...
2026-09-15 19:26:19.735 | INFO     | trace= span= tp= req= job= ps=: | tldw_Server_API.app.core.Local_LLM.LLM_Inference_Manager:__init__:39 - Ollama handler initialized.
2026-09-15 19:26:19.736 | INFO     | trace= span= tp= req= job= ps=: | tldw_Server_API.app.core.Local_LLM.LLM_Inference_Manager:__init__:56 - HuggingFace handler initialized. Models directory: models/huggingface_models
2026-09-15 19:26:19.736 | INFO     | trace= span= tp= req= job= ps=: | tldw_Server_API.app.core.Local_LLM.Llamafile_Handler:_setup_signal_handlers:850 - Registered atexit synchronous cleanup for LlamafileHandler.
2026-09-15 19:26:19.737 | INFO     | trace= span= tp= req= job= ps=: | tldw_Server_API.app.core.Local_LLM.LLM_Inference_Manager:__init__:69 - Llamafile handler initialized. Executable dir: models/llamafile_exec, Models dir: models/llamafile_models
2026-09-15 19:26:19.737 | INFO     | trace= span= tp= req= job= ps=: | tldw_Server_API.app.services.startup_heavy_init:_init_local_llm_manager:124 - App Startup: Local LLM inference manager initialized
2026-09-15 19:26:19.738 | INFO     | trace= span= tp= req= job= ps=: | tldw_Server_API.app.core.MCP_unified.config:get_config:589 - MCP configuration loaded successfully
2026-09-15 19:26:19.739 | INFO     | trace= span= tp= req= job= ps=: | tldw_Server_API.app.core.MCP_unified.modules.registry:__init__:77 - Module registry initialized
2026-09-15 19:26:19.740 | INFO     | trace= span= tp= req= job= ps=: | tldw_Server_API.app.core.MCP_unified.monitoring.metrics:__init__:105 - Metrics collector initialized (Prometheus: True)
2026-09-15 19:26:19.740 | INFO     | trace= span= tp= req= job= ps=: | tldw_Server_API.app.core.MCP_unified.auth.jwt_manager:__init__:79 - JWT Manager initialized with secure configuration
2026-09-15 19:26:19.741 | INFO     | trace= span= tp= req= job= ps=: | tldw_Server_API.app.core.MCP_unified.protocol:__init__:471 - MCP Protocol handler initialized
2026-09-15 19:26:19.741 | INFO     | trace= span= tp= req= job= ps=: | tldw_Server_API.app.core.MCP_unified.server:__init__:386 - MCP Server created
2026-09-15 19:26:19.741 | INFO     | trace= span= tp= req= job= ps=: | tldw_Server_API.app.services.startup_heavy_init:_init_mcp_server:165 - App Startup: Initializing MCP Unified server...
2026-09-15 19:26:19.742 | INFO     | trace= span= tp= req= job= ps=: | tldw_Server_API.app.core.MCP_unified.server:initialize:718 - Initializing MCP Server
2026-09-15 19:26:19.742 | INFO     | trace= span= tp= req= job= ps=: | tldw_Server_API.app.core.MCP_unified.modules.registry:start_health_monitoring:116 - Health monitoring started
2026-09-15 19:26:19.742 | INFO     | trace= span= tp= req= job= ps=: | tldw_Server_API.app.core.MCP_unified.monitoring.metrics:start_collection:713 - Metrics collection started
2026-09-15 19:26:19.747 | INFO     | trace= span= tp= req= job= ps=: | tldw_Server_API.app.core.MCP_unified.server:_register_default_modules:1004 - Loaded 20 MCP modules from tldw_Server_API/Config_Files/mcp_modules.yaml
2026-09-15 19:26:19.748 | INFO     | trace= span= tp= req= job= ps=: | tldw_Server_API.app.core.MCP_unified.modules.registry:register_module:156 - Registering module: media
2026-09-15 19:26:19.749 | INFO     | trace= span= tp= req= job= ps=: | tldw_Server_API.app.core.MCP_unified.modules.base:__init__:371 - Module created: Media v1.0.0
2026-09-15 19:26:19.750 | INFO     | trace= span= tp= req= job= ps=: | tldw_Server_API.app.core.MCP_unified.modules.base:initialize:390 - Initializing module: Media
2026-09-15 19:26:19.750 | INFO     | trace= span= tp= req= job= ps=: | tldw_Server_API.app.core.DB_Management.media_db.runtime.bootstrap_lifecycle_ops:initialize_media_database:79 - Initializing Database object for path: /Users/macbook-dev/Documents/GitHub/tldw_server2/Databases/user_databases/1/Media_DB_v2.db [Client ID: mcp_media_Media]
2026-09-15 19:26:19.756 | INFO     | trace= span= tp= req= job= ps=: | tldw_Server_API.app.core.DB_Management.media_db.schema.backends.sqlite_helpers:bootstrap_sqlite_schema:223 - Checking DB schema. Current version: 26. Code supports: 26
2026-09-15 19:26:19.759 | INFO     | trace= span= tp= req= job= ps=: | tldw_Server_API.app.core.MCP_unified.modules.implementations.media_module:on_initialize:125 - Media module initialized with database: Databases/user_databases/1/Media_DB_v2.db
2026-09-15 19:26:19.764 | INFO     | trace= span= tp= req= job= ps=: | tldw_Server_API.app.core.MCP_unified.modules.base:initialize:405 - Module initialized successfully: Media
2026-09-15 19:26:19.768 | INFO     | trace= span= tp= req= job= ps=: | tldw_Server_API.app.core.MCP_unified.modules.registry:_initialize_module:201 - Module media initialized successfully
2026-09-15 19:26:19.768 | INFO     | trace= span= tp= req= job= ps=: | tldw_Server_API.app.core.MCP_unified.server:_register_default_modules:1260 - Registered MCP module: media (tldw_Server_API.app.core.MCP_unified.modules.implementations.media_module:MediaModule)
2026-09-15 19:26:19.769 | INFO     | trace= span= tp= req= job= ps=: | tldw_Server_API.app.core.MCP_unified.modules.registry:register_module:156 - Registering module: template
2026-09-15 19:26:19.769 | INFO     | trace= span= tp= req= job= ps=: | tldw_Server_API.app.core.MCP_unified.modules.base:__init__:371 - Module created: Template v1.0.0
2026-09-15 19:26:19.770 | INFO     | trace= span= tp= req= job= ps=: | tldw_Server_API.app.core.MCP_unified.modules.base:initialize:390 - Initializing module: Template
2026-09-15 19:26:19.770 | INFO     | trace= span= tp= req= job= ps=: | tldw_Server_API.app.core.MCP_unified.modules.implementations.template_module:on_initialize:19 - Initializing module: Template
2026-09-15 19:26:19.770 | INFO     | trace= span= tp= req= job= ps=: | tldw_Server_API.app.core.MCP_unified.modules.base:initialize:405 - Module initialized successfully: Template
2026-09-15 19:26:19.771 | INFO     | trace= span= tp= req= job= ps=: | tldw_Server_API.app.core.MCP_unified.modules.registry:_initialize_module:201 - Module template initialized successfully
2026-09-15 19:26:19.771 | INFO     | trace= span= tp= req= job= ps=: | tldw_Server_API.app.core.MCP_unified.server:_register_default_modules:1260 - Registered MCP module: template (tldw_Server_API.app.core.MCP_unified.modules.implementations.template_module:TemplateModule)
2026-09-15 19:26:19.772 | INFO     | trace= span= tp= req= job= ps=: | tldw_Server_API.app.core.MCP_unified.modules.registry:register_module:156 - Registering module: mcp_discovery
2026-09-15 19:26:19.772 | INFO     | trace= span= tp= req= job= ps=: | tldw_Server_API.app.core.MCP_unified.modules.base:__init__:371 - Module created: MCP Discovery v1.0.0
2026-09-15 19:26:19.773 | INFO     | trace= span= tp= req= job= ps=: | tldw_Server_API.app.core.MCP_unified.modules.base:initialize:390 - Initializing module: MCP Discovery
2026-09-15 19:26:19.773 | INFO     | trace= span= tp= req= job= ps=: | tldw_Server_API.app.core.MCP_unified.modules.implementations.mcp_discovery_module:on_initialize:27 - Initializing MCP discovery module: MCP Discovery
2026-09-15 19:26:19.773 | INFO     | trace= span= tp= req= job= ps=: | tldw_Server_API.app.core.MCP_unified.modules.base:initialize:405 - Module initialized successfully: MCP Discovery
2026-09-15 19:26:19.775 | INFO     | trace= span= tp= req= job= ps=: | tldw_Server_API.app.core.MCP_unified.modules.registry:_initialize_module:201 - Module mcp_discovery initialized successfully
2026-09-15 19:26:19.775 | INFO     | trace= span= tp= req= job= ps=: | tldw_Server_API.app.core.MCP_unified.server:_register_default_modules:1260 - Registered MCP module: mcp_discovery (tldw_Server_API.app.core.MCP_unified.modules.implementations.mcp_discovery_module:MCPDiscoveryModule)
2026-09-15 19:26:19.778 | INFO     | trace= span= tp= req= job= ps=: | tldw_Server_API.app.core.MCP_unified.modules.registry:register_module:156 - Registering module: governance
2026-09-15 19:26:19.779 | INFO     | trace= span= tp= req= job= ps=: | tldw_Server_API.app.core.MCP_unified.modules.base:__init__:371 - Module created: Governance v1.0.0
2026-09-15 19:26:19.779 | INFO     | trace= span= tp= req= job= ps=: | tldw_Server_API.app.core.MCP_unified.modules.base:initialize:390 - Initializing module: Governance
2026-09-15 19:26:19.781 | INFO     | trace= span= tp= req= job= ps=: | tldw_Server_API.app.core.MCP_unified.modules.implementations.governance_module:on_initialize:33 - Initializing Governance module: Governance
2026-09-15 19:26:19.781 | INFO     | trace= span= tp= req= job= ps=: | tldw_Server_API.app.core.MCP_unified.modules.base:initialize:405 - Module initialized successfully: Governance
2026-09-15 19:26:19.782 | INFO     | trace= span= tp= req= job= ps=: | tldw_Server_API.app.core.MCP_unified.modules.registry:_initialize_module:201 - Module governance initialized successfully
2026-09-15 19:26:19.782 | INFO     | trace= span= tp= req= job= ps=: | tldw_Server_API.app.core.MCP_unified.server:_register_default_modules:1260 - Registered MCP module: governance (tldw_Server_API.app.core.MCP_unified.modules.implementations.governance_module:GovernanceModule)
2026-09-15 19:26:19.783 | INFO     | trace= span= tp= req= job= ps=: | tldw_Server_API.app.core.MCP_unified.server:_register_default_modules:1229 - Skipping disabled module: external_federation
2026-09-15 19:26:19.784 | INFO     | trace= span= tp= req= job= ps=: | tldw_Server_API.app.core.MCP_unified.modules.registry:register_module:156 - Registering module: notes
2026-09-15 19:26:19.785 | INFO     | trace= span= tp= req= job= ps=: | tldw_Server_API.app.core.MCP_unified.modules.base:__init__:371 - Module created: Notes v1.0.0
2026-09-15 19:26:19.785 | INFO     | trace= span= tp= req= job= ps=: | tldw_Server_API.app.core.MCP_unified.modules.base:initialize:390 - Initializing module: Notes
2026-09-15 19:26:19.785 | INFO     | trace= span= tp= req= job= ps=: | tldw_Server_API.app.core.MCP_unified.modules.implementations.notes_module:on_initialize:128 - Initializing Notes module: Notes
2026-09-15 19:26:19.786 | INFO     | trace= span= tp= req= job= ps=: | tldw_Server_API.app.core.MCP_unified.modules.base:initialize:405 - Module initialized successfully: Notes
2026-09-15 19:26:19.790 | INFO     | trace= span= tp= req= job= ps=: | tldw_Server_API.app.core.MCP_unified.modules.registry:_initialize_module:201 - Module notes initialized successfully
2026-09-15 19:26:19.791 | INFO     | trace= span= tp= req= job= ps=: | tldw_Server_API.app.core.MCP_unified.server:_register_default_modules:1260 - Registered MCP module: notes (tldw_Server_API.app.core.MCP_unified.modules.implementations.notes_module:NotesModule)
2026-09-15 19:26:19.792 | INFO     | trace= span= tp= req= job= ps=: | tldw_Server_API.app.core.MCP_unified.modules.registry:register_module:156 - Registering module: prompts
2026-09-15 19:26:19.792 | INFO     | trace= span= tp= req= job= ps=: | tldw_Server_API.app.core.MCP_unified.modules.base:__init__:371 - Module created: Prompts v1.0.0
2026-09-15 19:26:19.793 | INFO     | trace= span= tp= req= job= ps=: | tldw_Server_API.app.core.MCP_unified.modules.base:initialize:390 - Initializing module: Prompts
2026-09-15 19:26:19.793 | INFO     | trace= span= tp= req= job= ps=: | tldw_Server_API.app.core.MCP_unified.modules.implementations.prompts_module:on_initialize:51 - Initializing Prompts module: Prompts
2026-09-15 19:26:19.793 | INFO     | trace= span= tp= req= job= ps=: | tldw_Server_API.app.core.MCP_unified.modules.base:initialize:405 - Module initialized successfully: Prompts
2026-09-15 19:26:19.794 | INFO     | trace= span= tp= req= job= ps=: | tldw_Server_API.app.core.MCP_unified.modules.registry:_initialize_module:201 - Module prompts initialized successfully
2026-09-15 19:26:19.794 | INFO     | trace= span= tp= req= job= ps=: | tldw_Server_API.app.core.MCP_unified.server:_register_default_modules:1260 - Registered MCP module: prompts (tldw_Server_API.app.core.MCP_unified.modules.implementations.prompts_module:PromptsModule)
2026-09-15 19:26:19.795 | INFO     | trace= span= tp= req= job= ps=: | tldw_Server_API.app.core.MCP_unified.modules.registry:register_module:156 - Registering module: skills
2026-09-15 19:26:19.796 | INFO     | trace= span= tp= req= job= ps=: | tldw_Server_API.app.core.MCP_unified.modules.base:__init__:371 - Module created: Skills v0.1.0
2026-09-15 19:26:19.796 | INFO     | trace= span= tp= req= job= ps=: | tldw_Server_API.app.core.MCP_unified.modules.base:initialize:390 - Initializing module: Skills
2026-09-15 19:26:19.796 | INFO     | trace= span= tp= req= job= ps=: | tldw_Server_API.app.core.MCP_unified.modules.base:initialize:405 - Module initialized successfully: Skills
2026-09-15 19:26:19.798 | INFO     | trace= span= tp= req= job= ps=: | tldw_Server_API.app.core.MCP_unified.modules.registry:_initialize_module:201 - Module skills initialized successfully
2026-09-15 19:26:19.798 | INFO     | trace= span= tp= req= job= ps=: | tldw_Server_API.app.core.MCP_unified.server:_register_default_modules:1260 - Registered MCP module: skills (tldw_Server_API.app.core.MCP_unified.modules.implementations.skills_module:SkillsModule)
2026-09-15 19:26:19.798 | INFO     | trace= span= tp= req= job= ps=: | tldw_Server_API.app.core.MCP_unified.modules.registry:register_module:156 - Registering module: cooking
2026-09-15 19:26:19.799 | INFO     | trace= span= tp= req= job= ps=: | tldw_Server_API.app.core.MCP_unified.modules.base:__init__:371 - Module created: Cooking v1.0.0
2026-09-15 19:26:19.799 | INFO     | trace= span= tp= req= job= ps=: | tldw_Server_API.app.core.MCP_unified.modules.base:initialize:390 - Initializing module: Cooking
2026-09-15 19:26:19.800 | INFO     | trace= span= tp= req= job= ps=: | tldw_Server_API.app.core.MCP_unified.modules.base:initialize:405 - Module initialized successfully: Cooking
2026-09-15 19:26:19.800 | INFO     | trace= span= tp= req= job= ps=: | tldw_Server_API.app.core.MCP_unified.modules.registry:_initialize_module:201 - Module cooking initialized successfully
2026-09-15 19:26:19.801 | INFO     | trace= span= tp= req= job= ps=: | tldw_Server_API.app.core.MCP_unified.server:_register_default_modules:1260 - Registered MCP module: cooking (tldw_Server_API.app.core.MCP_unified.modules.implementations.cooking_module:CookingModule)
2026-09-15 19:26:19.801 | INFO     | trace= span= tp= req= job= ps=: | tldw_Server_API.app.core.MCP_unified.server:_register_default_modules:1229 - Skipping disabled module: persona_visuals
2026-09-15 19:26:19.801 | INFO     | trace= span= tp= req= job= ps=: | tldw_Server_API.app.core.MCP_unified.server:_register_default_modules:1229 - Skipping disabled module: filesystem
2026-09-15 19:26:19.801 | INFO     | trace= span= tp= req= job= ps=: | tldw_Server_API.app.core.MCP_unified.server:_register_default_modules:1229 - Skipping disabled module: codegraph
2026-09-15 19:26:19.802 | INFO     | trace= span= tp= req= job= ps=: | tldw_Server_API.app.core.MCP_unified.modules.registry:register_module:156 - Registering module: knowledge
2026-09-15 19:26:19.803 | INFO     | trace= span= tp= req= job= ps=: | tldw_Server_API.app.core.MCP_unified.modules.base:__init__:371 - Module created: Knowledge v1.0.0
2026-09-15 19:26:19.803 | INFO     | trace= span= tp= req= job= ps=: | tldw_Server_API.app.core.MCP_unified.modules.base:initialize:390 - Initializing module: Knowledge
2026-09-15 19:26:19.803 | INFO     | trace= span= tp= req= job= ps=: | tldw_Server_API.app.core.MCP_unified.modules.implementations.knowledge_module:on_initialize:36 - Initializing Knowledge module: Knowledge
2026-09-15 19:26:19.804 | INFO     | trace= span= tp= req= job= ps=: | tldw_Server_API.app.core.MCP_unified.modules.base:initialize:405 - Module initialized successfully: Knowledge
2026-09-15 19:26:19.804 | INFO     | trace= span= tp= req= job= ps=: | tldw_Server_API.app.core.MCP_unified.modules.registry:_initialize_module:201 - Module knowledge initialized successfully
2026-09-15 19:26:19.805 | INFO     | trace= span= tp= req= job= ps=: | tldw_Server_API.app.core.MCP_unified.server:_register_default_modules:1260 - Registered MCP module: knowledge (tldw_Server_API.app.core.MCP_unified.modules.implementations.knowledge_module:KnowledgeModule)
2026-09-15 19:26:19.821 | INFO     | trace= span= tp= req= job= ps=: | tldw_Server_API.app.core.MCP_unified.modules.registry:register_module:156 - Registering module: docs
2026-09-15 19:26:19.821 | INFO     | trace= span= tp= req= job= ps=: | tldw_Server_API.app.core.MCP_unified.modules.base:__init__:371 - Module created: Docs Corpus v0.1.0
2026-09-15 19:26:19.822 | INFO     | trace= span= tp= req= job= ps=: | tldw_Server_API.app.core.MCP_unified.modules.base:initialize:390 - Initializing module: Docs Corpus
2026-09-15 19:26:19.824 | INFO     | trace= span= tp= req= job= ps=: | tldw_Server_API.app.core.MCP_unified.modules.implementations.docs_module:on_initialize:32 - Initialized Docs MCP module with db_path=Databases/mcp_docs.db
2026-09-15 19:26:19.824 | INFO     | trace= span= tp= req= job= ps=: | tldw_Server_API.app.core.MCP_unified.modules.base:initialize:405 - Module initialized successfully: Docs Corpus
2026-09-15 19:26:19.829 | INFO     | trace= span= tp= req= job= ps=: | tldw_Server_API.app.core.MCP_unified.modules.registry:_initialize_module:201 - Module docs initialized successfully
2026-09-15 19:26:19.829 | INFO     | trace= span= tp= req= job= ps=: | tldw_Server_API.app.core.MCP_unified.server:_register_default_modules:1260 - Registered MCP module: docs (tldw_Server_API.app.core.MCP_unified.modules.implementations.docs_module:DocsModule)
2026-09-15 19:26:19.830 | INFO     | trace= span= tp= req= job= ps=: | tldw_Server_API.app.core.MCP_unified.modules.registry:register_module:156 - Registering module: rag
2026-09-15 19:26:19.831 | INFO     | trace= span= tp= req= job= ps=: | tldw_Server_API.app.core.MCP_unified.modules.base:__init__:371 - Module created: RAG v1.0.0
2026-09-15 19:26:19.831 | INFO     | trace= span= tp= req= job= ps=: | tldw_Server_API.app.core.MCP_unified.modules.base:initialize:390 - Initializing module: RAG
2026-09-15 19:26:19.832 | INFO     | trace= span= tp= req= job= ps=: | tldw_Server_API.app.core.MCP_unified.modules.base:initialize:405 - Module initialized successfully: RAG
2026-09-15 19:26:19.833 | INFO     | trace= span= tp= req= job= ps=: | tldw_Server_API.app.core.MCP_unified.modules.registry:_initialize_module:201 - Module rag initialized successfully
2026-09-15 19:26:19.833 | INFO     | trace= span= tp= req= job= ps=: | tldw_Server_API.app.core.MCP_unified.server:_register_default_modules:1260 - Registered MCP module: rag (tldw_Server_API.app.core.MCP_unified.modules.implementations.rag_module:RagModule)
2026-09-15 19:26:19.834 | INFO     | trace= span= tp= req= job= ps=: | tldw_Server_API.app.core.MCP_unified.server:_register_default_modules:1229 - Skipping disabled module: run_command
2026-09-15 19:26:19.835 | INFO     | trace= span= tp= req= job= ps=: | tldw_Server_API.app.core.MCP_unified.modules.registry:register_module:156 - Registering module: kanban
2026-09-15 19:26:19.835 | INFO     | trace= span= tp= req= job= ps=: | tldw_Server_API.app.core.MCP_unified.modules.base:__init__:371 - Module created: Kanban v1.0.0
2026-09-15 19:26:19.836 | INFO     | trace= span= tp= req= job= ps=: | tldw_Server_API.app.core.MCP_unified.modules.base:initialize:390 - Initializing module: Kanban
2026-09-15 19:26:19.836 | INFO     | trace= span= tp= req= job= ps=: | tldw_Server_API.app.core.MCP_unified.modules.implementations.kanban_module:on_initialize:86 - Initializing Kanban module: Kanban
2026-09-15 19:26:19.837 | INFO     | trace= span= tp= req= job= ps=: | tldw_Server_API.app.core.MCP_unified.modules.base:initialize:405 - Module initialized successfully: Kanban
2026-09-15 19:26:19.849 | INFO     | trace= span= tp= req= job= ps=: | tldw_Server_API.app.core.MCP_unified.modules.registry:_initialize_module:201 - Module kanban initialized successfully
2026-09-15 19:26:19.849 | INFO     | trace= span= tp= req= job= ps=: | tldw_Server_API.app.core.MCP_unified.server:_register_default_modules:1260 - Registered MCP module: kanban (tldw_Server_API.app.core.MCP_unified.modules.implementations.kanban_module:KanbanModule)
2026-09-15 19:26:19.850 | INFO     | trace= span= tp= req= job= ps=: | tldw_Server_API.app.core.MCP_unified.modules.registry:register_module:156 - Registering module: quizzes
2026-09-15 19:26:19.851 | INFO     | trace= span= tp= req= job= ps=: | tldw_Server_API.app.core.MCP_unified.modules.base:__init__:371 - Module created: Quizzes v1.0.0
2026-09-15 19:26:19.851 | INFO     | trace= span= tp= req= job= ps=: | tldw_Server_API.app.core.MCP_unified.modules.base:initialize:390 - Initializing module: Quizzes
2026-09-15 19:26:19.851 | INFO     | trace= span= tp= req= job= ps=: | tldw_Server_API.app.core.MCP_unified.modules.implementations.quizzes_module:on_initialize:46 - Initializing Quizzes module: Quizzes
2026-09-15 19:26:19.852 | INFO     | trace= span= tp= req= job= ps=: | tldw_Server_API.app.core.MCP_unified.modules.base:initialize:405 - Module initialized successfully: Quizzes
2026-09-15 19:26:19.856 | INFO     | trace= span= tp= req= job= ps=: | tldw_Server_API.app.core.MCP_unified.modules.registry:_initialize_module:201 - Module quizzes initialized successfully
2026-09-15 19:26:19.856 | INFO     | trace= span= tp= req= job= ps=: | tldw_Server_API.app.core.MCP_unified.server:_register_default_modules:1260 - Registered MCP module: quizzes (tldw_Server_API.app.core.MCP_unified.modules.implementations.quizzes_module:QuizzesModule)
2026-09-15 19:26:19.858 | INFO     | trace= span= tp= req= job= ps=: | tldw_Server_API.app.core.MCP_unified.modules.registry:register_module:156 - Registering module: flashcards
2026-09-15 19:26:19.859 | INFO     | trace= span= tp= req= job= ps=: | tldw_Server_API.app.core.MCP_unified.modules.base:__init__:371 - Module created: Flashcards v1.0.0
2026-09-15 19:26:19.859 | INFO     | trace= span= tp= req= job= ps=: | tldw_Server_API.app.core.MCP_unified.modules.base:initialize:390 - Initializing module: Flashcards
2026-09-15 19:26:19.859 | INFO     | trace= span= tp= req= job= ps=: | tldw_Server_API.app.core.MCP_unified.modules.implementations.flashcards_module:on_initialize:49 - Initializing Flashcards module: Flashcards
2026-09-15 19:26:19.860 | INFO     | trace= span= tp= req= job= ps=: | tldw_Server_API.app.core.MCP_unified.modules.base:initialize:405 - Module initialized successfully: Flashcards
2026-09-15 19:26:19.864 | INFO     | trace= span= tp= req= job= ps=: | tldw_Server_API.app.core.MCP_unified.modules.registry:_initialize_module:201 - Module flashcards initialized successfully
2026-09-15 19:26:19.864 | INFO     | trace= span= tp= req= job= ps=: | tldw_Server_API.app.core.MCP_unified.server:_register_default_modules:1260 - Registered MCP module: flashcards (tldw_Server_API.app.core.MCP_unified.modules.implementations.flashcards_module:FlashcardsModule)
2026-09-15 19:26:19.865 | INFO     | trace= span= tp= req= job= ps=: | tldw_Server_API.app.core.MCP_unified.modules.registry:register_module:156 - Registering module: slides
2026-09-15 19:26:19.866 | INFO     | trace= span= tp= req= job= ps=: | tldw_Server_API.app.core.MCP_unified.modules.base:__init__:371 - Module created: Slides v1.0.0
2026-09-15 19:26:19.866 | INFO     | trace= span= tp= req= job= ps=: | tldw_Server_API.app.core.MCP_unified.modules.base:initialize:390 - Initializing module: Slides
2026-09-15 19:26:19.867 | INFO     | trace= span= tp= req= job= ps=: | tldw_Server_API.app.core.MCP_unified.modules.implementations.slides_module:on_initialize:63 - Initializing Slides module: Slides
2026-09-15 19:26:19.867 | INFO     | trace= span= tp= req= job= ps=: | tldw_Server_API.app.core.MCP_unified.modules.base:initialize:405 - Module initialized successfully: Slides
2026-09-15 19:26:19.873 | INFO     | trace= span= tp= req= job= ps=: | tldw_Server_API.app.core.MCP_unified.modules.registry:_initialize_module:201 - Module slides initialized successfully
2026-09-15 19:26:19.873 | INFO     | trace= span= tp= req= job= ps=: | tldw_Server_API.app.core.MCP_unified.server:_register_default_modules:1260 - Registered MCP module: slides (tldw_Server_API.app.core.MCP_unified.modules.implementations.slides_module:SlidesModule)
2026-09-15 19:26:19.883 | INFO     | trace= span= tp= req= job= ps=: | tldw_Server_API.app.core.MCP_unified.server:initialize:755 - MCP Server initialized successfully
2026-09-15 19:26:19.884 | INFO     | trace= span= tp= req= job= ps=: | tldw_Server_API.app.services.startup_heavy_init:_init_mcp_server:167 - App Startup: MCP Unified server initialized successfully
2026-09-15 19:26:19.921 | INFO     | trace= span= tp= req= job= ps=: | tldw_Server_API.app.services.startup_heavy_init:_init_provider_manager:194 - App Startup: Provider manager initialized with 124 providers
2026-09-15 19:26:19.922 | INFO     | trace= span= tp= req= job= ps=: | tldw_Server_API.app.services.startup_heavy_init:_init_request_queue:236 - App Startup: Request queue disabled (QUEUED_EXECUTION is off)
2026-09-15 19:26:19.922 | INFO     | trace= span= tp= req= job= ps=: | tldw_Server_API.app.services.startup_heavy_init:_init_rate_limiter:270 - App Startup: Rate limiter initialized
2026-09-15 19:26:19.922 | INFO     | trace= span= tp= req= job= ps=: | tldw_Server_API.app.core.config:_buffered_log:210 - Loading TTS configuration from: /Users/macbook-dev/Documents/GitHub/tldw_server2/tldw_Server_API/Config_Files/tts_providers_config.yaml
2026-09-15 19:26:19.934 | INFO     | trace= span= tp= req= job= ps=: | tldw_Server_API.app.core.config:_buffered_log:210 - TTS configuration loaded successfully
2026-09-15 19:26:19.946 | WARNING  | trace= span= tp= req= job= ps=: | tldw_Server_API.app.core.TTS.tts_config:_warn_legacy_tts_setting_keys:307 - [TTS-Settings] 'default_tts_provider' is deprecated; use 'default_provider'. Legacy aliases are scheduled for removal after 2026-06-30.
2026-09-15 19:26:19.946 | WARNING  | trace= span= tp= req= job= ps=: | tldw_Server_API.app.core.TTS.tts_config:_warn_legacy_tts_setting_keys:307 - [TTS-Settings] 'default_tts_voice' is deprecated; use 'default_voice'. Legacy aliases are scheduled for removal after 2026-06-30.
2026-09-15 19:26:19.946 | WARNING  | trace= span= tp= req= job= ps=: | tldw_Server_API.app.core.TTS.tts_config:_warn_legacy_tts_setting_keys:307 - [TTS-Settings] 'default_tts_speed' is deprecated; use 'default_speed'. Legacy aliases are scheduled for removal after 2026-06-30.
2026-09-15 19:26:19.946 | WARNING  | trace= span= tp= req= job= ps=: | tldw_Server_API.app.core.TTS.tts_config:_warn_legacy_tts_setting_keys:307 - [TTS-Settings] 'local_tts_device' is deprecated; use 'local_device'. Legacy aliases are scheduled for removal after 2026-06-30.
2026-09-15 19:26:19.948 | INFO     | trace= span= tp= req= job= ps=: | tldw_Server_API.app.core.TTS.tts_config:reload:281 - TTS configuration loaded with 22 providers
2026-09-15 19:26:19.949 | INFO     | trace= span= tp= req= job= ps=: | tldw_Server_API.app.core.TTS.adapter_registry:get_tts_factory:1599 - TTS Adapter Factory initialized
2026-09-15 19:26:19.950 | INFO     | trace= span= tp= req= job= ps=: | tldw_Server_API.app.core.TTS.circuit_breaker:get_circuit_manager:553 - Circuit breaker manager initialized
2026-09-15 19:26:19.955 | WARNING  | trace= span= tp= req= job= ps=: | tldw_Server_API.app.core.Metrics.metrics_manager:register_metric:1863 - Metric tts_ttfb_seconds already registered with incompatible definition: existing type=histogram, labels=['provider', 'voice', 'format']; candidate type=histogram, labels=['provider', 'voice', 'format']
2026-09-15 19:26:19.955 | WARNING  | trace= span= tp= req= job= ps=: | tldw_Server_API.app.core.Metrics.metrics_manager:register_metric:1863 - Metric voice_to_voice_seconds already registered with incompatible definition: existing type=histogram, labels=['provider', 'route']; candidate type=histogram, labels=['provider', 'route']
2026-09-15 19:26:19.955 | INFO     | trace= span= tp= req= job= ps=: | tldw_Server_API.app.core.TTS.tts_service_v2:get_tts_service_v2:4289 - Enhanced TTS Service (V2) initialized
2026-09-15 19:26:19.956 | INFO     | trace= span= tp= req= job= ps=: | tldw_Server_API.app.core.TTS.voice_manager:start_background_tasks:1562 - Voice manager background tasks started
2026-09-15 19:26:19.956 | INFO     | trace= span= tp= req= job= ps=: | tldw_Server_API.app.core.TTS.voice_manager:init_voice_manager:1615 - Voice manager initialized
2026-09-15 19:26:19.956 | INFO     | trace= span= tp= req= job= ps=: | tldw_Server_API.app.services.startup_heavy_init:_init_tts_service:289 - App Startup: TTS service initialized successfully
2026-09-15 19:26:19.958 | INFO     | trace= span= tp= req= job= ps=: | tldw_Server_API.app.core.DB_Management.media_db.runtime.bootstrap_lifecycle_ops:initialize_media_database:79 - Initializing Database object for path: /private/var/folders/sn/m80n2j152t9gw3w8qwk2nykh0000gn/T/pytest-of-macbook-dev/pytest-11752/test_saved_turn_acknowledges_e0/user_dbs/1/Media_DB_v2.db [Client ID: system]
2026-09-15 19:26:19.959 | INFO     | trace= span= tp= req= job= ps=: | tldw_Server_API.app.core.DB_Management.media_db.schema.backends.sqlite_helpers:bootstrap_sqlite_schema:223 - Checking DB schema. Current version: 0. Code supports: 26
2026-09-15 19:26:19.960 | INFO     | trace= span= tp= req= job= ps=: | tldw_Server_API.app.core.DB_Management.media_db.schema.features.core_media:apply_sqlite_core_media_schema:276 - Applying initial schema (Version 1) to DB: /private/var/folders/sn/m80n2j152t9gw3w8qwk2nykh0000gn/T/pytest-of-macbook-dev/pytest-11752/test_saved_turn_acknowledges_e0/user_dbs/1/Media_DB_v2.db...
2026-09-15 19:26:19.981 | INFO     | trace= span= tp= req= job= ps=: | tldw_Server_API.app.core.DB_Management.media_db.schema.features.core_media:apply_sqlite_core_media_schema:302 - [Schema V1] Core Schema V1 (incl. version update) applied successfully for DB: /private/var/folders/sn/m80n2j152t9gw3w8qwk2nykh0000gn/T/pytest-of-macbook-dev/pytest-11752/test_saved_turn_acknowledges_e0/user_dbs/1/Media_DB_v2.db.
2026-09-15 19:26:19.983 | INFO     | trace= span= tp= req= job= ps=: | tldw_Server_API.app.core.DB_Management.media_db.schema.features.core_media:apply_sqlite_core_media_schema:310 - [Schema V1] FTS Tables created successfully.
2026-09-15 19:26:19.985 | INFO     | trace= span= tp= req= job= ps=: | tldw_Server_API.app.core.DB_Management.media_db.schema.backends.sqlite_helpers:bootstrap_sqlite_schema:267 - Database schema initialized to version 26.
2026-09-15 19:26:19.986 | INFO     | trace= span= tp= req= job= ps=: | tldw_Server_API.app.core.Chunking.template_initialization:_append_template:90 - Loaded template: transcript_dialogue from pkg:transcript_dialogue.json
2026-09-15 19:26:19.986 | INFO     | trace= span= tp= req= job= ps=: | tldw_Server_API.app.core.Chunking.template_initialization:_append_template:90 - Loaded template: legal_document from pkg:legal_document.json
2026-09-15 19:26:19.987 | INFO     | trace= span= tp= req= job= ps=: | tldw_Server_API.app.core.Chunking.template_initialization:_append_template:90 - Loaded template: chat_conversation from pkg:chat_conversation.json
2026-09-15 19:26:19.987 | INFO     | trace= span= tp= req= job= ps=: | tldw_Server_API.app.core.Chunking.template_initialization:_append_template:90 - Loaded template: code_documentation from pkg:code_documentation.json
2026-09-15 19:26:19.988 | INFO     | trace= span= tp= req= job= ps=: | tldw_Server_API.app.core.Chunking.template_initialization:_append_template:90 - Loaded template: book_chapters from pkg:book_chapters.json
2026-09-15 19:26:19.988 | INFO     | trace= span= tp= req= job= ps=: | tldw_Server_API.app.core.Chunking.template_initialization:_append_template:90 - Loaded template: academic_paper from pkg:academic_paper.json
2026-09-15 19:26:19.993 | INFO     | trace= span= tp= req= job= ps=: | tldw_Server_API.app.core.DB_Management.media_db.runtime.chunk_template_ops:create_chunking_template:97 - Created chunking template 'transcript_dialogue' with UUID 791a44bd-f5a8-4bac-8ae9-516eefff335a
2026-09-15 19:26:19.993 | INFO     | trace= span= tp= req= job= ps=: | tldw_Server_API.app.core.DB_Management.media_db.api:seed_builtin_templates:1065 - Seeded built-in template: transcript_dialogue
2026-09-15 19:26:19.997 | INFO     | trace= span= tp= req= job= ps=: | tldw_Server_API.app.core.DB_Management.media_db.runtime.chunk_template_ops:create_chunking_template:97 - Created chunking template 'legal_document' with UUID 8239d86f-16a3-4381-810f-275be734e1ca
2026-09-15 19:26:19.997 | INFO     | trace= span= tp= req= job= ps=: | tldw_Server_API.app.core.DB_Management.media_db.api:seed_builtin_templates:1065 - Seeded built-in template: legal_document
2026-09-15 19:26:20.001 | INFO     | trace= span= tp= req= job= ps=: | tldw_Server_API.app.core.DB_Management.media_db.runtime.chunk_template_ops:create_chunking_template:97 - Created chunking template 'chat_conversation' with UUID f13307b4-0337-419b-b313-c4e79fa4dc95
2026-09-15 19:26:20.001 | INFO     | trace= span= tp= req= job= ps=: | tldw_Server_API.app.core.DB_Management.media_db.api:seed_builtin_templates:1065 - Seeded built-in template: chat_conversation
2026-09-15 19:26:20.005 | INFO     | trace= span= tp= req= job= ps=: | tldw_Server_API.app.core.DB_Management.media_db.runtime.chunk_template_ops:create_chunking_template:97 - Created chunking template 'code_documentation' with UUID f2def6d2-0bcb-421d-bc89-50116632b1e2
2026-09-15 19:26:20.005 | INFO     | trace= span= tp= req= job= ps=: | tldw_Server_API.app.core.DB_Management.media_db.api:seed_builtin_templates:1065 - Seeded built-in template: code_documentation
2026-09-15 19:26:20.009 | INFO     | trace= span= tp= req= job= ps=: | tldw_Server_API.app.core.DB_Management.media_db.runtime.chunk_template_ops:create_chunking_template:97 - Created chunking template 'book_chapters' with UUID 93ad2bfb-1c9e-42ac-ab9b-2dbbc1e6db18
2026-09-15 19:26:20.009 | INFO     | trace= span= tp= req= job= ps=: | tldw_Server_API.app.core.DB_Management.media_db.api:seed_builtin_templates:1065 - Seeded built-in template: book_chapters
2026-09-15 19:26:20.013 | INFO     | trace= span= tp= req= job= ps=: | tldw_Server_API.app.core.DB_Management.media_db.runtime.chunk_template_ops:create_chunking_template:97 - Created chunking template 'academic_paper' with UUID 6758ccb3-074d-4bd8-b454-82d5212b6f48
2026-09-15 19:26:20.013 | INFO     | trace= span= tp= req= job= ps=: | tldw_Server_API.app.core.DB_Management.media_db.api:seed_builtin_templates:1065 - Seeded built-in template: academic_paper
2026-09-15 19:26:20.013 | INFO     | trace= span= tp= req= job= ps=: | tldw_Server_API.app.core.Chunking.template_initialization:initialize_chunking_templates:268 - Successfully seeded 6 built-in templates into database
2026-09-15 19:26:20.014 | INFO     | trace= span= tp= req= job= ps=: | tldw_Server_API.app.core.Chunking.template_initialization:ensure_templates_initialized:346 - Initialized 6 chunking templates on startup
2026-09-15 19:26:20.014 | INFO     | trace= span= tp= req= job= ps=: | tldw_Server_API.app.services.startup_heavy_init:_init_chunking_templates:308 - App Startup: Chunking templates initialized successfully
2026-09-15 19:26:20.019 | WARNING  | trace= span= tp= req= job= ps=: | tldw_Server_API.app.services.startup_context_integrity:produce_context_integrity_startup_warnings:444 - Context integrity startup finding: new_unapproved prompt_file:README.md
2026-09-15 19:26:20.019 | WARNING  | trace= span= tp= req= job= ps=: | tldw_Server_API.app.services.startup_context_integrity:produce_context_integrity_startup_warnings:444 - Context integrity startup finding: new_unapproved prompt_file:audio.prompts.md
2026-09-15 19:26:20.020 | WARNING  | trace= span= tp= req= job= ps=: | tldw_Server_API.app.services.startup_context_integrity:produce_context_integrity_startup_warnings:444 - Context integrity startup finding: new_unapproved prompt_file:audio.prompts.yaml
2026-09-15 19:26:20.020 | WARNING  | trace= span= tp= req= job= ps=: | tldw_Server_API.app.services.startup_context_integrity:produce_context_integrity_startup_warnings:444 - Context integrity startup finding: new_unapproved prompt_file:chat.prompts.md
2026-09-15 19:26:20.020 | WARNING  | trace= span= tp= req= job= ps=: | tldw_Server_API.app.services.startup_context_integrity:produce_context_integrity_startup_warnings:444 - Context integrity startup finding: new_unapproved prompt_file:chat.prompts.yaml
2026-09-15 19:26:20.021 | WARNING  | trace= span= tp= req= job= ps=: | tldw_Server_API.app.services.startup_context_integrity:produce_context_integrity_startup_warnings:444 - Context integrity startup finding: new_unapproved prompt_file:chunking.prompts.md
2026-09-15 19:26:20.021 | WARNING  | trace= span= tp= req= job= ps=: | tldw_Server_API.app.services.startup_context_integrity:produce_context_integrity_startup_warnings:444 - Context integrity startup finding: new_unapproved prompt_file:chunking.prompts.yaml
2026-09-15 19:26:20.021 | WARNING  | trace= span= tp= req= job= ps=: | tldw_Server_API.app.services.startup_context_integrity:produce_context_integrity_startup_warnings:444 - Context integrity startup finding: new_unapproved prompt_file:document.prompts.yaml
2026-09-15 19:26:20.022 | WARNING  | trace= span= tp= req= job= ps=: | tldw_Server_API.app.services.startup_context_integrity:produce_context_integrity_startup_warnings:444 - Context integrity startup finding: new_unapproved prompt_file:embeddings.prompts.md
2026-09-15 19:26:20.022 | WARNING  | trace= span= tp= req= job= ps=: | tldw_Server_API.app.services.startup_context_integrity:produce_context_integrity_startup_warnings:444 - Context integrity startup finding: new_unapproved prompt_file:embeddings.prompts.yaml
2026-09-15 19:26:20.022 | WARNING  | trace= span= tp= req= job= ps=: | tldw_Server_API.app.services.startup_context_integrity:produce_context_integrity_startup_warnings:444 - Context integrity startup finding: new_unapproved prompt_file:evals.prompts.md
2026-09-15 19:26:20.023 | WARNING  | trace= span= tp= req= job= ps=: | tldw_Server_API.app.services.startup_context_integrity:produce_context_integrity_startup_warnings:444 - Context integrity startup finding: new_unapproved prompt_file:ingestion.prompts.md
2026-09-15 19:26:20.023 | WARNING  | trace= span= tp= req= job= ps=: | tldw_Server_API.app.services.startup_context_integrity:produce_context_integrity_startup_warnings:444 - Context integrity startup finding: new_unapproved prompt_file:ingestion.prompts.yaml
2026-09-15 19:26:20.023 | WARNING  | trace= span= tp= req= job= ps=: | tldw_Server_API.app.services.startup_context_integrity:produce_context_integrity_startup_warnings:444 - Context integrity startup finding: new_unapproved prompt_file:mcp.prompts.md
2026-09-15 19:26:20.023 | WARNING  | trace= span= tp= req= job= ps=: | tldw_Server_API.app.services.startup_context_integrity:produce_context_integrity_startup_warnings:444 - Context integrity startup finding: new_unapproved prompt_file:rag.prompts.md
2026-09-15 19:26:20.024 | WARNING  | trace= span= tp= req= job= ps=: | tldw_Server_API.app.services.startup_context_integrity:produce_context_integrity_startup_warnings:444 - Context integrity startup finding: new_unapproved prompt_file:rag.prompts.yaml
2026-09-15 19:26:20.024 | WARNING  | trace= span= tp= req= job= ps=: | tldw_Server_API.app.services.startup_context_integrity:produce_context_integrity_startup_warnings:444 - Context integrity startup finding: new_unapproved prompt_file:slides.prompts.md
2026-09-15 19:26:20.024 | WARNING  | trace= span= tp= req= job= ps=: | tldw_Server_API.app.services.startup_context_integrity:produce_context_integrity_startup_warnings:444 - Context integrity startup finding: new_unapproved prompt_file:summarization.prompts.yaml
2026-09-15 19:26:20.025 | WARNING  | trace= span= tp= req= job= ps=: | tldw_Server_API.app.services.startup_context_integrity:produce_context_integrity_startup_warnings:444 - Context integrity startup finding: new_unapproved prompt_file:webscraping.prompts.yaml
2026-09-15 19:26:20.025 | WARNING  | trace= span= tp= req= job= ps=: | tldw_Server_API.app.services.startup_context_integrity:produce_context_integrity_startup_warnings:444 - Context integrity startup finding: degraded_integrity manifest:none
2026-09-15 19:26:20.037 | INFO     | trace= span= tp= req= job= ps=: | tldw_Server_API.app.services.core_jobs_worker:run_chatbooks_core_jobs_worker:81 - Starting Core Jobs worker for Chatbooks domain
2026-09-15 19:26:20.040 | INFO     | trace= span= tp= req= job= ps=: | tldw_Server_API.app.core.Jobs.migrations:ensure_jobs_tables:1505 - Ensured Jobs schema at /Users/macbook-dev/Documents/GitHub/tldw_server2/Databases/jobs.db
2026-09-15 19:26:20.054 | INFO     | trace= span= tp= req= job= ps=: | tldw_Server_API.app.core.Jobs.manager:acquire_next_job:6185 - [JM TEST] acquire_next_job enter backend=sqlite domain=chatbooks queue=default job_type=None owner=None gate=False db=/Users/macbook-dev/Documents/GitHub/tldw_server2/Databases/jobs.db
2026-09-15 19:26:20.055 | INFO     | trace= span= tp= req= job= ps=: | tldw_Server_API.app.core.Jobs.manager:acquire_next_job:6196 - [JM TEST] queue flags paused=False drain=False
2026-09-15 19:26:20.056 | INFO     | trace= span= tp= req= job= ps=: | tldw_Server_API.app.core.Jobs.manager:acquire_next_job:6209 - [JM TEST] inflight quota=0 owner=None
2026-09-15 19:26:20.063 | INFO     | trace= span= tp= req= job= ps=: | tldw_Server_API.app.core.Jobs.migrations:ensure_jobs_tables:1505 - Ensured Jobs schema at /Users/macbook-dev/Documents/GitHub/tldw_server2/Databases/jobs.db
2026-09-15 19:26:20.064 | INFO     | trace= span= tp= req= job= ps=: | tldw_Server_API.app.core.Sharing.shared_workspace_clone_jobs_worker:run_shared_workspace_clone_jobs_worker:1580 - Shared Workspace clone Jobs worker starting
2026-09-15 19:26:20.064 | INFO     | trace= span= tp= req= job= ps=: | tldw_Server_API.app.core.Jobs.manager:acquire_next_job:6185 - [JM TEST] acquire_next_job enter backend=sqlite domain=sharing queue=workspace-clone job_type=workspace_clone owner=None gate=False db=/Users/macbook-dev/Documents/GitHub/tldw_server2/Databases/jobs.db
2026-09-15 19:26:20.065 | INFO     | trace= span= tp= req= job= ps=: | tldw_Server_API.app.core.Jobs.manager:acquire_next_job:6196 - [JM TEST] queue flags paused=False drain=False
2026-09-15 19:26:20.066 | INFO     | trace= span= tp= req= job= ps=: | tldw_Server_API.app.core.Jobs.manager:acquire_next_job:6209 - [JM TEST] inflight quota=0 owner=None
2026-09-15 19:26:20.071 | INFO     | trace= span= tp= req= job= ps=: | tldw_Server_API.app.core.Jobs.migrations:ensure_jobs_tables:1505 - Ensured Jobs schema at /Users/macbook-dev/Documents/GitHub/tldw_server2/Databases/jobs.db
2026-09-15 19:26:20.072 | WARNING  | trace= span= tp= req= job= ps=: | tldw_Server_API.app.services.startup_content_jobs_pollers:_build_standalone_html_generation_runtime:1520 - Standalone HTML generation remains closed; error_type=DigestKeyConfigError
2026-09-15 19:26:20.075 | INFO     | trace= span= tp= req= job= ps=: | tldw_Server_API.app.core.Jobs.migrations:ensure_jobs_tables:1505 - Ensured Jobs schema at /Users/macbook-dev/Documents/GitHub/tldw_server2/Databases/jobs.db
2026-09-15 19:26:20.075 | INFO     | trace= span= tp= req= job= ps=: | tldw_Server_API.app.services.jobs_notifications_service:run_forever:254 - Starting Jobs Notifications bridge service
2026-09-15 19:26:20.096 | WARNING  | trace= span= tp= req= job= ps=: | tldw_Server_API.app.services.jobs_notifications_service:process_event:104 - jobs_notifications_bridge: unresolved owner, skipping event_id=12 type=job.completed
2026-09-15 19:26:20.096 | WARNING  | trace= span= tp= req= job= ps=: | tldw_Server_API.app.services.jobs_notifications_service:process_event:104 - jobs_notifications_bridge: unresolved owner, skipping event_id=19 type=job.completed
2026-09-15 19:26:20.097 | WARNING  | trace= span= tp= req= job= ps=: | tldw_Server_API.app.services.jobs_notifications_service:process_event:104 - jobs_notifications_bridge: unresolved owner, skipping event_id=127 type=job.completed
2026-09-15 19:26:20.097 | WARNING  | trace= span= tp= req= job= ps=: | tldw_Server_API.app.services.jobs_notifications_service:process_event:104 - jobs_notifications_bridge: unresolved owner, skipping event_id=129 type=job.completed
2026-09-15 19:26:20.212 | WARNING  | trace= span= tp= req= job= ps=: | tldw_Server_API.app.services.jobs_notifications_service:process_event:104 - jobs_notifications_bridge: unresolved owner, skipping event_id=271 type=job.completed
2026-09-15 19:26:20.316 | INFO     | trace= span= tp= req= job= ps=: | tldw_Server_API.app.services.llm_usage_aggregator:_aggregator_loop:90 - Starting LLM usage aggregator task (interval: 60 min)
2026-09-15 19:26:20.317 | INFO     | trace= span= tp= req= job= ps=: | tldw_Server_API.app.services.startup_infra_services:_maybe_ensure_pg_rls:128 - PG RLS auto-ensure disabled (set RAG_ENSURE_PG_RLS=true to enable)
2026-09-15 19:26:20.318 | INFO     | trace= span= tp= req= job= ps=: | tldw_Server_API.app.services.startup_environment_reporting:_log_startup_banner:48 - ============================================================
2026-09-15 19:26:20.318 | INFO     | trace= span= tp= req= job= ps=: | tldw_Server_API.app.services.startup_environment_reporting:_log_startup_banner:49 - 🚀 TLDW Server Started Successfully
2026-09-15 19:26:20.319 | INFO     | trace= span= tp= req= job= ps=: | tldw_Server_API.app.services.startup_environment_reporting:_log_startup_banner:50 - ============================================================
2026-09-15 19:26:20.319 | INFO     | trace= span= tp= req= job= ps=: | tldw_Server_API.app.services.startup_environment_reporting:_log_startup_banner:53 - 🔐 Authentication Mode: SINGLE USER
2026-09-15 19:26:20.319 | INFO     | trace= span= tp= req= job= ps=: | tldw_Server_API.app.services.startup_environment_reporting:_log_startup_banner:58 - 🔑 API Key: test...2345 (masked; set SHOW_API_KEY_ON_STARTUP=true to display once)
2026-09-15 19:26:20.320 | INFO     | trace= span= tp= req= job= ps=: | tldw_Server_API.app.services.startup_environment_reporting:_log_startup_banner:59 - ============================================================
2026-09-15 19:26:20.320 | INFO     | trace= span= tp= req= job= ps=: | tldw_Server_API.app.services.startup_environment_reporting:_log_startup_banner:60 - Use this API key in the X-API-KEY header for requests
2026-09-15 19:26:20.320 | INFO     | trace= span= tp= req= job= ps=: | tldw_Server_API.app.services.startup_environment_reporting:_log_startup_banner:74 - 📍 API Documentation: http://127.0.0.1:8000/docs
2026-09-15 19:26:20.321 | INFO     | trace= span= tp= req= job= ps=: | tldw_Server_API.app.services.startup_environment_reporting:_log_startup_banner:75 - 🧭 Quickstart: http://127.0.0.1:8000/api/v1/config/quickstart
2026-09-15 19:26:20.321 | INFO     | trace= span= tp= req= job= ps=: | tldw_Server_API.app.services.startup_environment_reporting:_log_startup_banner:76 - 🛠 Setup UI: http://127.0.0.1:8000/setup (if required)
2026-09-15 19:26:20.321 | INFO     | trace= span= tp= req= job= ps=: | tldw_Server_API.app.services.startup_environment_reporting:_log_startup_banner:77 - ============================================================
2026-09-15 19:26:20.322 | INFO     | trace= span= tp= req= job= ps=: | tldw_Server_API.app.services.startup_environment_reporting:_log_preflight_environment_report:119 - Preflight Environment Report ─────────────────────────────────────────
2026-09-15 19:26:20.322 | INFO     | trace= span= tp= req= job= ps=: | tldw_Server_API.app.services.startup_environment_reporting:_log_preflight_environment_report:120 - • Mode: single_user | Production: False
2026-09-15 19:26:20.323 | INFO     | trace= span= tp= req= job= ps=: | tldw_Server_API.app.services.startup_environment_reporting:_log_preflight_environment_report:121 - • Database: engine=sqlite
2026-09-15 19:26:20.323 | INFO     | trace= span= tp= req= job= ps=: | tldw_Server_API.app.services.startup_environment_reporting:_log_preflight_environment_report:128 - • Database check: OK
2026-09-15 19:26:20.323 | INFO     | trace= span= tp= req= job= ps=: | tldw_Server_API.app.services.startup_environment_reporting:_log_preflight_environment_report:129 - • Redis: enabled=False
2026-09-15 19:26:20.324 | INFO     | trace= span= tp= req= job= ps=: | tldw_Server_API.app.services.startup_environment_reporting:_log_preflight_environment_report:130 - • CSRF: enabled=False
2026-09-15 19:26:20.324 | INFO     | trace= span= tp= req= job= ps=: | tldw_Server_API.app.services.startup_environment_reporting:_log_preflight_environment_report:134 - • CORS: allowed_origins=4 | allow_credentials=False
2026-09-15 19:26:20.324 | INFO     | trace= span= tp= req= job= ps=: | tldw_Server_API.app.services.startup_environment_reporting:_log_preflight_environment_report:135 - • CORS effective settings: disable=False (source=env) | allow_credentials=False (source=env) | origins=4 (source=env)
2026-09-15 19:26:20.325 | INFO     | trace= span= tp= req= job= ps=: | tldw_Server_API.app.services.startup_environment_reporting:_log_preflight_environment_report:141 - • CORS config file: path=/Users/macbook-dev/Documents/GitHub/tldw_server2/tldw_Server_API/Config_Files/config.txt | loaded=True
2026-09-15 19:26:20.325 | INFO     | trace= span= tp= req= job= ps=: | tldw_Server_API.app.services.startup_environment_reporting:_log_preflight_environment_report:147 - • CORS origins preview: http://localhost:3000, http://127.0.0.1:3000, http://localhost:8080, http://127.0.0.1:8080
2026-09-15 19:26:20.325 | INFO     | trace= span= tp= req= job= ps=: | tldw_Server_API.app.services.startup_environment_reporting:_log_preflight_environment_report:148 - • Global rate limiter: False
2026-09-15 19:26:20.326 | INFO     | trace= span= tp= req= job= ps=: | tldw_Server_API.app.services.startup_environment_reporting:_log_preflight_environment_report:149 - • Providers configured: 124
2026-09-15 19:26:20.326 | INFO     | trace= span= tp= req= job= ps=: | tldw_Server_API.app.services.startup_environment_reporting:_log_preflight_environment_report:150 - • OpenTelemetry available: True
2026-09-15 19:26:20.326 | INFO     | trace= span= tp= req= job= ps=: | tldw_Server_API.app.services.startup_environment_reporting:_log_preflight_environment_report:151 - ──────────────────────────────────────────────────────────────────────
2026-09-15 19:26:20.327 | INFO     | trace= span= tp= req= job= ps=: | tldw_Server_API.app.main:lifespan:1295 - App Startup: Audit service available via dependency injection
2026-09-15 19:26:20.327 | INFO     | trace= span= tp= req= job= ps=: | tldw_Server_API.app.core.config:validate_config:6014 - Config validation passed — no issues found
2026-09-15 19:26:20.347 | INFO     | trace= span= tp= req= job= ps=: | tldw_Server_API.app.api.v1.endpoints.embeddings_v5_production_enhanced:_embeddings_router_lifespan:1334 - Starting embeddings service v5 enhanced (with circuit breaker)
2026-09-15 19:26:20.348 | INFO     | trace= span= tp= req= job= ps=: | tldw_Server_API.app.api.v1.endpoints.embeddings_v5_production_enhanced:_embeddings_router_lifespan:1394 - Embeddings service started successfully
2026-09-15 19:26:20.354 | INFO     | trace= span= tp= req=afe3846b-3854-405e-9ab0-4782480f5c28 job= ps=: | tldw_Server_API.app.core.Logging.access_log_middleware:dispatch:70 - HTTP GET /api/v1/health -> 200 in 4ms
2026-09-15 19:26:20.355 | INFO     | trace= span= tp= req= job= ps=: | httpx._client:_send_handling_redirects:979 - HTTP Request: GET http://testserver/api/v1/health "HTTP/1.1 200 OK"
------------------------------ Captured log setup ------------------------------
DEBUG    root:media_database_impl.py:1910 Started SQLite transaction.
DEBUG    root:media_database_impl.py:1914 Committed SQLite transaction.
DEBUG    root:media_database_impl.py:1910 Started SQLite transaction.
DEBUG    root:media_database_impl.py:1914 Committed SQLite transaction.
DEBUG    root:media_database_impl.py:1910 Started SQLite transaction.
DEBUG    root:media_database_impl.py:1914 Committed SQLite transaction.
DEBUG    root:media_database_impl.py:1910 Started SQLite transaction.
DEBUG    root:media_database_impl.py:1914 Committed SQLite transaction.
DEBUG    root:media_database_impl.py:1910 Started SQLite transaction.
DEBUG    root:media_database_impl.py:1914 Committed SQLite transaction.
DEBUG    root:media_database_impl.py:1910 Started SQLite transaction.
DEBUG    root:media_database_impl.py:1914 Committed SQLite transaction.
DEBUG    root:media_database_impl.py:1910 Started SQLite transaction.
DEBUG    root:media_database_impl.py:1914 Committed SQLite transaction.
----------------------------- Captured stderr call -----------------------------
2026-09-15 19:26:20.357 | INFO     | trace= span= tp= req= job= ps=: | tldw_Server_API.app.core.DB_Management.chacha.conversation_store:add_conversation:483 - Added conversation ID: a90b5547-9e0a-4043-9afc-bfefff264d52.
2026-09-15 19:26:20.399 | WARNING  | trace= span= tp= req= job= ps=: | tldw_Server_API.app.core.AuthNZ.jwt_service:__init__:123 - JWTService initialized in single-user mode - JWT features may not work correctly
2026-09-15 19:26:20.417 | INFO     | trace= span= tp= req= job= ps=: | tldw_Server_API.app.api.v1.API_Deps.Audit_DB_Deps:_get_or_create_audit_service_for_key:715 - No cached audit service found for user_id 1. Initializing.
2026-09-15 19:26:20.418 | INFO     | trace= span= tp= req= job= ps=: | tldw_Server_API.app.api.v1.API_Deps.Audit_DB_Deps:_create_audit_service_for_user:653 - Creating audit service for user 1 at path: /private/var/folders/sn/m80n2j152t9gw3w8qwk2nykh0000gn/T/pytest-of-macbook-dev/pytest-11752/test_saved_turn_acknowledges_e0/user_dbs/1/audit/unified_audit.db
2026-09-15 19:26:20.422 | INFO     | trace= span= tp= req= job= ps=: | tldw_Server_API.app.api.v1.API_Deps.Audit_DB_Deps:_create_audit_service_for_user:669 - Audit service initialized successfully for user 1
2026-09-15 19:26:20.423 | INFO     | trace= span= tp= req= job= ps=: | tldw_Server_API.app.api.v1.API_Deps.Audit_DB_Deps:_get_or_create_audit_service_for_key:795 - Audit service created and cached successfully for user 1
2026-09-15 19:26:20.436 | INFO     | trace= span= tp= req= job= ps=: | tldw_Server_API.app.core.Jobs.migrations:ensure_jobs_tables:1505 - Ensured Jobs schema at /Users/macbook-dev/Documents/GitHub/tldw_server2/Databases/jobs.db
2026-09-15 19:26:20.464 | WARNING  | trace= span= tp= req= job= ps=: | tldw_Server_API.app.core.Chat.rate_limiter:_emit_chat_legacy_deprecation:161 - Chat legacy rate limiter is deprecated (Phase 2). Context: rg_disabled. Enable RG_ENABLED=true for enforcement. This shim will be removed in a future release.
2026-09-15 19:26:20.499 | INFO     | trace= span= tp= req= job= ps=: | tldw_Server_API.app.api.v1.endpoints.chat:create_chat_completion:4346 - Chat completion request. Provider=openai, Model=gpt-4, User=1, Stream=True, ConvID=a90b5547-9e0a-4043-9afc-bfefff264d52, CharID=None
2026-09-15 19:26:20.501 | INFO     | trace= span= tp= req= job= ps=: | tldw_Server_API.app.core.Chat.chat_helpers:get_or_create_character_context:196 - Using default character 'Helpful AI Assistant' (ID: 2)
2026-09-15 19:26:20.503 | INFO     | trace= span= tp= req= job= ps=: | tldw_Server_API.app.core.Chat.chat_service:build_context_and_messages:4238 - Loaded 0 historical messages for conv_id 'a90b5547-9e0a-4043-9afc-bfefff264d52'.
2026-09-15 19:26:20.504 | INFO     | trace= span= tp= req= job= ps=: | tldw_Server_API.app.core.DB_Management.chacha.message_store:add_message:253 - Added message ID: 91d91f2f-29cd-475b-bf20-4838751b7de0 to conversation a90b5547-9e0a-4043-9afc-bfefff264d52 (Images stored: No).
2026-09-15 19:26:20.519 | INFO     | trace= span= tp= req= job= ps=: | tldw_Server_API.app.core.DB_Management.chacha.message_store:add_message:253 - Added message ID: 8caa3c95-a9ef-49ab-912f-d69725e9e0c5 to conversation a90b5547-9e0a-4043-9afc-bfefff264d52 (Images stored: No).
2026-09-15 19:26:20.521 | INFO     | trace= span= tp= req= job= ps=: | tldw_Server_API.app.api.v1.endpoints.chat:create_chat_completion:4909 - Using requested provider openai (health check passed)
2026-09-15 19:26:20.531 | WARNING  | trace= span= tp= req= job= ps=: | tldw_Server_API.app.core.Metrics.metrics_manager:_sensitive_label_hash_key:178 - MetricsRegistry using process-local sensitive label hash key; set METRICS_SENSITIVE_LABEL_HASH_KEY for stable hashes
2026-09-15 19:26:20.531 | INFO     | trace= span= tp= req= job= ps=: | tldw_Server_API.app.core.Metrics.metrics_logger:log_histogram:114 - metric
2026-09-15 19:26:20.532 | INFO     | trace= span= tp= req= job= ps=: | tldw_Server_API.app.core.Metrics.metrics_logger:log_histogram:114 - metric
2026-09-15 19:26:20.533 | INFO     | trace= span= tp= req= job= ps=: | tldw_Server_API.app.core.Metrics.metrics_logger:log_histogram:114 - metric
2026-09-15 19:26:20.534 | INFO     | trace= span= tp= req= job= ps=: | tldw_Server_API.app.core.Metrics.metrics_logger:log_counter:99 - metric
2026-09-15 19:26:20.536 | INFO     | trace= span= tp= req= job= ps=: | tldw_Server_API.app.core.DB_Management.chacha.message_store:add_message:253 - Added message ID: 7c1627eb-2e28-4517-bc8b-5666cc15826b to conversation a90b5547-9e0a-4043-9afc-bfefff264d52 (Images stored: No).
2026-09-15 19:26:20.536 | INFO     | trace= span= tp= req=c71b3938-1ad3-4cdc-9cea-26a2a17d5c9c job= ps=: | tldw_Server_API.app.core.Logging.access_log_middleware:dispatch:70 - HTTP POST /api/v1/chat/completions -> 200 in 178ms
2026-09-15 19:26:20.549 | INFO     | trace= span= tp= req= job= ps=: | tldw_Server_API.app.core.DB_Management.Resource_Daily_Ledger:initialize:109 - ResourceDailyLedger initialized (table ensured)
2026-09-15 19:26:20.557 | INFO     | trace= span= tp= req= job= ps=: | tldw_Server_API.app.core.Chat.streaming_utils:safe_stream_generator:2192 - Saved streaming response for a90b5547-9e0a-4043-9afc-bfefff264d52 (text_len=5, tool_calls=0, function_call=no, events=0)
2026-09-15 19:26:20.561 | INFO     | trace= span= tp= req= job= ps=: | httpx._client:_send_handling_redirects:979 - HTTP Request: POST http://testserver/api/v1/chat/completions "HTTP/1.1 200 OK"
--------------------------- Captured stderr teardown ---------------------------
2026-09-15 19:26:20.653 | INFO     | trace= span= tp= req= job= ps=: | tldw_Server_API.app.api.v1.endpoints.embeddings_v5_production_enhanced:_embeddings_router_lifespan:1400 - Shutting down embeddings service
2026-09-15 19:26:20.653 | INFO     | trace= span= tp= req= job= ps=: | tldw_Server_API.app.api.v1.endpoints.embeddings_v5_production_enhanced:_embeddings_router_lifespan:1403 - Embeddings service shutdown complete
2026-09-15 19:26:20.655 | INFO     | trace= span= tp= req= job= ps=: | tldw_Server_API.app.services.shutdown_transition_handoff:shutdown_transition_handoff:46 - App Shutdown: legacy inventory visible=True phase_groups={'transition': ['lifecycle_gate']}
2026-09-15 19:26:20.656 | INFO     | trace= span= tp= req= job= ps=: | tldw_Server_API.app.services.shutdown_transition_handoff:shutdown_transition_handoff:63 - App Shutdown: legacy transition gate handoff executed via coordinator
2026-09-15 19:26:20.657 | INFO     | trace= span= tp= req= job= ps=: | tldw_Server_API.app.services.shutdown_owned_job_pollers:record_shutdown_timing_segment:131 - App Shutdown Timing: segment=transition_handoff duration_ms=2
2026-09-15 19:26:20.659 | INFO     | trace= span= tp= req= job= ps=: | tldw_Server_API.app.core.Jobs.migrations:ensure_jobs_tables:1505 - Ensured Jobs schema at /Users/macbook-dev/Documents/GitHub/tldw_server2/Databases/jobs.db
2026-09-15 19:26:20.660 | INFO     | trace= span= tp= req= job= ps=: | tldw_Server_API.app.services.shutdown_owned_job_pollers:record_shutdown_timing_segment:127 - App Shutdown Timing: segment=optional_lease_wait duration_ms=0 skipped=True initial_active=0 wait_for_leases_sec=0.0
2026-09-15 19:26:20.661 | INFO     | trace= span= tp= req= job= ps=: | tldw_Server_API.app.core.Sharing.shared_workspace_clone_jobs_worker:run_shared_workspace_clone_jobs_worker:1599 - Shared Workspace clone Jobs worker stopped
2026-09-15 19:26:21.059 | INFO     | trace= span= tp= req= job= ps=: | tldw_Server_API.app.services.core_jobs_worker:run_chatbooks_core_jobs_worker:88 - Stopping Core Jobs worker on shutdown signal
2026-09-15 19:26:21.060 | INFO     | trace= span= tp= req= job= ps=: | tldw_Server_API.app.services.shutdown_owned_job_pollers:record_shutdown_timing_segment:127 - App Shutdown Timing: segment=job_poller_quiesce duration_ms=399 poller_count=3
2026-09-15 19:26:21.061 | INFO     | trace= span= tp= req= job= ps=: | tldw_Server_API.app.services.shutdown_owned_job_pollers:record_shutdown_timing_segment:131 - App Shutdown Timing: segment=background_worker_shutdown duration_ms=0
2026-09-15 19:26:21.062 | INFO     | trace= span= tp= req= job= ps=: | tldw_Server_API.app.services.shutdown_coordinated_runtime:run_coordinated_shutdown:121 - App Shutdown: legacy coordinator summary components=['transport:prompt_studio.websocket', 'transport:mcp.websocket'] phase_groups={'transition': [], 'acceptors': ['transport:prompt_studio.websocket', 'transport:mcp.websocket'], 'producers': [], 'workers': [], 'resources': [], 'finalizers': []} wall_time_ms=0
2026-09-15 19:26:21.063 | INFO     | trace= span= tp= req= job= ps=: | tldw_Server_API.app.services.shutdown_pre_worker_cleanup:_reset_storage_service_singletons:89 - Storage service singletons reset
2026-09-15 19:26:21.064 | INFO     | trace= span= tp= req= job= ps=: | tldw_Server_API.app.services.shutdown_pre_worker_cleanup:_reset_authnz_rate_limiter_singleton:100 - AuthNZ limiter singletons reset
2026-09-15 19:26:21.065 | INFO     | trace= span= tp= req= job= ps=: | tldw_Server_API.app.services.personalization_consolidation:stop:82 - Personalization consolidation service stopped (scaffold)
2026-09-15 19:26:21.065 | INFO     | trace= span= tp= req= job= ps=: | tldw_Server_API.app.services.shutdown_personalization_consolidation:shutdown_personalization_consolidation:20 - Personalization consolidation service stopped
2026-09-15 19:26:21.066 | INFO     | trace= span= tp= req= job= ps=: | tldw_Server_API.app.services.shutdown_cleanup_timed_segments:shutdown_cleanup_timed_segments:33 - App Shutdown: Cleaning up resources...
2026-09-15 19:26:21.067 | INFO     | trace= span= tp= req= job= ps=: | tldw_Server_API.app.services.shutdown_cleanup_timed_segments:shutdown_cleanup_timed_segments:34 - App Shutdown: Audit services cleanup handled by dependency injection
2026-09-15 19:26:21.067 | INFO     | trace= span= tp= req= job= ps=: | tldw_Server_API.app.services.shutdown_auth_db_pool:shutdown_auth_db_pool:23 - App Shutdown: Skipping DB pool close in test context
2026-09-15 19:26:21.068 | INFO     | trace= span= tp= req= job= ps=: | tldw_Server_API.app.core.AuthNZ.session_manager:shutdown:2046 - SessionManager shutdown complete
2026-09-15 19:26:21.069 | INFO     | trace= span= tp= req= job= ps=: | tldw_Server_API.app.services.shutdown_resource_cleanup:_shutdown_session_manager:81 - App Shutdown: Session manager shutdown
2026-09-15 19:26:21.069 | INFO     | trace= span= tp= req= job= ps=: | tldw_Server_API.app.core.MCP_unified.server:shutdown:885 - Shutting down MCP Server
2026-09-15 19:26:21.070 | INFO     | trace= span= tp= req= job= ps=: | tldw_Server_API.app.core.MCP_unified.modules.registry:shutdown_all:530 - Shutting down all modules
2026-09-15 19:26:21.070 | INFO     | trace= span= tp= req= job= ps=: | tldw_Server_API.app.core.MCP_unified.modules.registry:stop_health_monitoring:125 - Health monitoring stopped
2026-09-15 19:26:21.070 | INFO     | trace= span= tp= req= job= ps=: | tldw_Server_API.app.core.MCP_unified.modules.base:shutdown:432 - Shutting down module: Media
2026-09-15 19:26:21.071 | INFO     | trace= span= tp= req= job= ps=: | tldw_Server_API.app.core.MCP_unified.modules.implementations.media_module:on_shutdown:160 - Media module shutdown complete
2026-09-15 19:26:21.071 | INFO     | trace= span= tp= req= job= ps=: | tldw_Server_API.app.core.MCP_unified.modules.base:shutdown:447 - Module shut down successfully: Media
2026-09-15 19:26:21.071 | INFO     | trace= span= tp= req= job= ps=: | tldw_Server_API.app.core.MCP_unified.modules.base:shutdown:432 - Shutting down module: Template
2026-09-15 19:26:21.072 | INFO     | trace= span= tp= req= job= ps=: | tldw_Server_API.app.core.MCP_unified.modules.implementations.template_module:on_shutdown:23 - Shutting down module: Template
2026-09-15 19:26:21.072 | INFO     | trace= span= tp= req= job= ps=: | tldw_Server_API.app.core.MCP_unified.modules.base:shutdown:447 - Module shut down successfully: Template
2026-09-15 19:26:21.072 | INFO     | trace= span= tp= req= job= ps=: | tldw_Server_API.app.core.MCP_unified.modules.base:shutdown:432 - Shutting down module: MCP Discovery
2026-09-15 19:26:21.073 | INFO     | trace= span= tp= req= job= ps=: | tldw_Server_API.app.core.MCP_unified.modules.implementations.mcp_discovery_module:on_shutdown:30 - Shutting down MCP discovery module: MCP Discovery
2026-09-15 19:26:21.073 | INFO     | trace= span= tp= req= job= ps=: | tldw_Server_API.app.core.MCP_unified.modules.base:shutdown:447 - Module shut down successfully: MCP Discovery
2026-09-15 19:26:21.073 | INFO     | trace= span= tp= req= job= ps=: | tldw_Server_API.app.core.MCP_unified.modules.base:shutdown:432 - Shutting down module: Governance
2026-09-15 19:26:21.074 | INFO     | trace= span= tp= req= job= ps=: | tldw_Server_API.app.core.MCP_unified.modules.implementations.governance_module:on_shutdown:36 - Shutting down Governance module: Governance
2026-09-15 19:26:21.074 | INFO     | trace= span= tp= req= job= ps=: | tldw_Server_API.app.core.MCP_unified.modules.base:shutdown:447 - Module shut down successfully: Governance
2026-09-15 19:26:21.074 | INFO     | trace= span= tp= req= job= ps=: | tldw_Server_API.app.core.MCP_unified.modules.base:shutdown:432 - Shutting down module: Notes
2026-09-15 19:26:21.075 | INFO     | trace= span= tp= req= job= ps=: | tldw_Server_API.app.core.MCP_unified.modules.implementations.notes_module:on_shutdown:131 - Shutting down Notes module: Notes
2026-09-15 19:26:21.075 | INFO     | trace= span= tp= req= job= ps=: | tldw_Server_API.app.core.MCP_unified.modules.base:shutdown:447 - Module shut down successfully: Notes
2026-09-15 19:26:21.075 | INFO     | trace= span= tp= req= job= ps=: | tldw_Server_API.app.core.MCP_unified.modules.base:shutdown:432 - Shutting down module: Prompts
2026-09-15 19:26:21.076 | INFO     | trace= span= tp= req= job= ps=: | tldw_Server_API.app.core.MCP_unified.modules.implementations.prompts_module:on_shutdown:67 - Shutting down Prompts module: Prompts
2026-09-15 19:26:21.076 | INFO     | trace= span= tp= req= job= ps=: | tldw_Server_API.app.core.MCP_unified.modules.base:shutdown:447 - Module shut down successfully: Prompts
2026-09-15 19:26:21.076 | INFO     | trace= span= tp= req= job= ps=: | tldw_Server_API.app.core.MCP_unified.modules.base:shutdown:432 - Shutting down module: Skills
2026-09-15 19:26:21.076 | INFO     | trace= span= tp= req= job= ps=: | tldw_Server_API.app.core.MCP_unified.modules.base:shutdown:447 - Module shut down successfully: Skills
2026-09-15 19:26:21.077 | INFO     | trace= span= tp= req= job= ps=: | tldw_Server_API.app.core.MCP_unified.modules.base:shutdown:432 - Shutting down module: Cooking
2026-09-15 19:26:21.077 | INFO     | trace= span= tp= req= job= ps=: | tldw_Server_API.app.core.MCP_unified.modules.base:shutdown:447 - Module shut down successfully: Cooking
2026-09-15 19:26:21.077 | INFO     | trace= span= tp= req= job= ps=: | tldw_Server_API.app.core.MCP_unified.modules.base:shutdown:432 - Shutting down module: Knowledge
2026-09-15 19:26:21.078 | INFO     | trace= span= tp= req= job= ps=: | tldw_Server_API.app.core.MCP_unified.modules.implementations.knowledge_module:on_shutdown:39 - Shutting down Knowledge module: Knowledge
2026-09-15 19:26:21.078 | INFO     | trace= span= tp= req= job= ps=: | tldw_Server_API.app.core.MCP_unified.modules.base:shutdown:447 - Module shut down successfully: Knowledge
2026-09-15 19:26:21.078 | INFO     | trace= span= tp= req= job= ps=: | tldw_Server_API.app.core.MCP_unified.modules.base:shutdown:432 - Shutting down module: Docs Corpus
2026-09-15 19:26:21.079 | INFO     | trace= span= tp= req= job= ps=: | tldw_Server_API.app.core.MCP_unified.modules.base:shutdown:447 - Module shut down successfully: Docs Corpus
2026-09-15 19:26:21.079 | INFO     | trace= span= tp= req= job= ps=: | tldw_Server_API.app.core.MCP_unified.modules.base:shutdown:432 - Shutting down module: RAG
2026-09-15 19:26:21.079 | INFO     | trace= span= tp= req= job= ps=: | tldw_Server_API.app.core.MCP_unified.modules.base:shutdown:447 - Module shut down successfully: RAG
2026-09-15 19:26:21.080 | INFO     | trace= span= tp= req= job= ps=: | tldw_Server_API.app.core.MCP_unified.modules.base:shutdown:432 - Shutting down module: Kanban
2026-09-15 19:26:21.080 | INFO     | trace= span= tp= req= job= ps=: | tldw_Server_API.app.core.MCP_unified.modules.implementations.kanban_module:on_shutdown:89 - Shutting down Kanban module: Kanban
2026-09-15 19:26:21.080 | INFO     | trace= span= tp= req= job= ps=: | tldw_Server_API.app.core.MCP_unified.modules.base:shutdown:447 - Module shut down successfully: Kanban
2026-09-15 19:26:21.080 | INFO     | trace= span= tp= req= job= ps=: | tldw_Server_API.app.core.MCP_unified.modules.base:shutdown:432 - Shutting down module: Quizzes
2026-09-15 19:26:21.081 | INFO     | trace= span= tp= req= job= ps=: | tldw_Server_API.app.core.MCP_unified.modules.implementations.quizzes_module:on_shutdown:49 - Shutting down Quizzes module: Quizzes
2026-09-15 19:26:21.081 | INFO     | trace= span= tp= req= job= ps=: | tldw_Server_API.app.core.MCP_unified.modules.base:shutdown:447 - Module shut down successfully: Quizzes
2026-09-15 19:26:21.081 | INFO     | trace= span= tp= req= job= ps=: | tldw_Server_API.app.core.MCP_unified.modules.base:shutdown:432 - Shutting down module: Flashcards
2026-09-15 19:26:21.082 | INFO     | trace= span= tp= req= job= ps=: | tldw_Server_API.app.core.MCP_unified.modules.implementations.flashcards_module:on_shutdown:52 - Shutting down Flashcards module: Flashcards
2026-09-15 19:26:21.082 | INFO     | trace= span= tp= req= job= ps=: | tldw_Server_API.app.core.MCP_unified.modules.base:shutdown:447 - Module shut down successfully: Flashcards
2026-09-15 19:26:21.082 | INFO     | trace= span= tp= req= job= ps=: | tldw_Server_API.app.core.MCP_unified.modules.base:shutdown:432 - Shutting down module: Slides
2026-09-15 19:26:21.083 | INFO     | trace= span= tp= req= job= ps=: | tldw_Server_API.app.core.MCP_unified.modules.implementations.slides_module:on_shutdown:66 - Shutting down Slides module: Slides
2026-09-15 19:26:21.083 | INFO     | trace= span= tp= req= job= ps=: | tldw_Server_API.app.core.MCP_unified.modules.base:shutdown:447 - Module shut down successfully: Slides
2026-09-15 19:26:21.083 | INFO     | trace= span= tp= req= job= ps=: | tldw_Server_API.app.core.MCP_unified.modules.registry:shutdown_all:559 - All modules shut down
2026-09-15 19:26:21.084 | INFO     | trace= span= tp= req= job= ps=: | tldw_Server_API.app.core.MCP_unified.server:_shutdown_resources:878 - MCP Server shutdown complete module_cleanup=complete
2026-09-15 19:26:21.084 | INFO     | trace= span= tp= req= job= ps=: | tldw_Server_API.app.services.shutdown_resource_cleanup:_shutdown_mcp_server:97 - App Shutdown: MCP Unified server shutdown
2026-09-15 19:26:21.084 | INFO     | trace= span= tp= req= job= ps=: | tldw_Server_API.app.services.shutdown_resource_cleanup:_shutdown_mcp_rate_limiter:116 - App Shutdown: MCP rate limiter cleanup task cancelled
2026-09-15 19:26:21.085 | INFO     | trace= span= tp= req= job= ps=: | tldw_Server_API.app.services.shutdown_resource_cleanup:_shutdown_tts_service:127 - App Shutdown: Skipping TTS service shutdown in test context
2026-09-15 19:26:21.085 | INFO     | trace= span= tp= req= job= ps=: | tldw_Server_API.app.services.shutdown_resource_cleanup:_shutdown_tts_resource_manager:143 - App Shutdown: Skipping TTS resource manager shutdown in test context
2026-09-15 19:26:21.085 | INFO     | trace= span= tp= req= job= ps=: | tldw_Server_API.app.services.shutdown_resource_cleanup:_shutdown_http_client:161 - App Shutdown: HTTP client sessions shutdown complete
2026-09-15 19:26:21.086 | INFO     | trace= span= tp= req= job= ps=: | tldw_Server_API.app.api.v1.API_Deps.ChaCha_Notes_DB_Deps:close_all_chacha_db_instances:862 - Closing all cached ChaChaNotesDB instances (0)...
2026-09-15 19:26:21.086 | INFO     | trace= span= tp= req= job= ps=: | tldw_Server_API.app.api.v1.API_Deps.ChaCha_Notes_DB_Deps:close_all_chacha_db_instances:878 - All ChaChaNotesDB instances closed and cache cleared.
2026-09-15 19:26:21.086 | INFO     | trace= span= tp= req= job= ps=: | tldw_Server_API.app.services.shutdown_resource_cleanup:_shutdown_chacha_resources:176 - App Shutdown: ChaChaNotes resources cleaned up
2026-09-15 19:26:21.087 | INFO     | trace= span= tp= req= job= ps=: | tldw_Server_API.app.api.v1.API_Deps.Prompts_DB_Deps:close_all_cached_prompts_db_instances:443 - Closing all cached PromptsDatabase instances (0)...
2026-09-15 19:26:21.087 | INFO     | trace= span= tp= req= job= ps=: | tldw_Server_API.app.api.v1.API_Deps.Prompts_DB_Deps:close_all_cached_prompts_db_instances:455 - All PromptsDatabase instances cleared from cache and locks removed.
2026-09-15 19:26:21.087 | INFO     | trace= span= tp= req= job= ps=: | tldw_Server_API.app.services.shutdown_resource_cleanup:_shutdown_prompts_resources:193 - App Shutdown: Prompts DB resources cleaned up
2026-09-15 19:26:21.087 | INFO     | trace= span= tp= req= job= ps=: | tldw_Server_API.app.services.shutdown_resource_cleanup:_shutdown_chat_workflows_resources:209 - App Shutdown: Chat workflows resources cleaned up
2026-09-15 19:26:21.088 | INFO     | trace= span= tp= req= job= ps=: | tldw_Server_API.app.services.shutdown_resource_cleanup:shutdown_resource_cleanup:57 - App Shutdown: Cleaning up Chat module components...
2026-09-15 19:26:21.088 | INFO     | trace= span= tp= req= job= ps=: | tldw_Server_API.app.services.shutdown_resource_cleanup:_shutdown_provider_manager:223 - App Shutdown: Provider manager stopped
2026-09-15 19:26:21.089 | INFO     | trace= span= tp= req= job= ps=: | tldw_Server_API.app.core.Local_LLM.LLM_Inference_Manager:cleanup_on_exit:238 - LLMInferenceManager performing cleanup_on_exit...
2026-09-15 19:26:21.089 | INFO     | trace= span= tp= req= job= ps=: | tldw_Server_API.app.core.Local_LLM.handler_utils:safe_log:296 - Cleaning up all managed llamafile servers (sync)...
2026-09-15 19:26:21.089 | INFO     | trace= span= tp= req= job= ps=: | tldw_Server_API.app.core.Local_LLM.handler_utils:safe_log:296 - Managed llamafile server synchronous cleanup complete.
2026-09-15 19:26:21.089 | INFO     | trace= span= tp= req= job= ps=: | tldw_Server_API.app.core.Local_LLM.LLM_Inference_Manager:cleanup_on_exit:247 - LLMInferenceManager cleanup_on_exit complete.
2026-09-15 19:26:21.090 | INFO     | trace= span= tp= req= job= ps=: | tldw_Server_API.app.services.shutdown_resource_cleanup:_shutdown_local_llm_manager:261 - App Shutdown: Local LLM manager cleanup complete
2026-09-15 19:26:21.091 | INFO     | trace= span= tp= req= job= ps=: | tldw_Server_API.app.services.shutdown_evaluations_resources:_shutdown_evaluations_pool:29 - App Shutdown: Evaluations connection manager shutdown (lazy)
2026-09-15 19:26:21.092 | INFO     | trace= span= tp= req= job= ps=: | tldw_Server_API.app.services.shutdown_evaluations_resources:_shutdown_evaluations_webhook_manager:40 - App Shutdown: Evaluations webhook manager shutdown (lazy)
2026-09-15 19:26:21.092 | INFO     | trace= span= tp= req= job= ps=: | tldw_Server_API.app.services.shutdown_owned_job_pollers:record_shutdown_timing_segment:131 - App Shutdown Timing: segment=evaluations_pool_shutdown duration_ms=1
2026-09-15 19:26:21.093 | INFO     | trace= span= tp= req= job= ps=: | tldw_Server_API.app.services.shutdown_unified_audit_services:shutdown_unified_audit_services:17 - App Shutdown: Shutting down unified audit services...
2026-09-15 19:26:21.094 | INFO     | trace= span= tp= req= job= ps=: | tldw_Server_API.app.api.v1.API_Deps.Audit_DB_Deps:shutdown_all_audit_services:1034 - Shutting down audit services for 1 instances...
2026-09-15 19:26:21.097 | INFO     | trace= span= tp= req= job= ps=: | tldw_Server_API.app.api.v1.API_Deps.Audit_DB_Deps:shutdown_all_audit_services:1091 - All audit services shut down successfully.
2026-09-15 19:26:21.098 | INFO     | trace= span= tp= req= job= ps=: | tldw_Server_API.app.services.shutdown_unified_audit_services:shutdown_unified_audit_services:19 - App Shutdown: Unified audit services stopped
2026-09-15 19:26:21.098 | INFO     | trace= span= tp= req= job= ps=: | tldw_Server_API.app.services.shutdown_unified_audit_services:_shutdown_sharing_audit_service:43 - App Shutdown: Sharing audit service stopped
2026-09-15 19:26:21.098 | INFO     | trace= span= tp= req= job= ps=: | tldw_Server_API.app.services.shutdown_unified_audit_services:_shutdown_embeddings_audit_adapter:54 - App Shutdown: Embeddings audit adapter loop stopped
2026-09-15 19:26:21.098 | INFO     | trace= span= tp= req= job= ps=: | tldw_Server_API.app.services.shutdown_unified_audit_services:_shutdown_evaluations_audit_adapter:65 - App Shutdown: Evaluations audit adapter loop stopped
2026-09-15 19:26:21.099 | INFO     | trace= span= tp= req= job= ps=: | tldw_Server_API.app.services.shutdown_executor_resources:shutdown_executor_resources:23 - App Shutdown: Registered executors shutdown
2026-09-15 19:26:21.100 | INFO     | trace= span= tp= req= job= ps=: | tldw_Server_API.app.services.shutdown_executor_resources:_shutdown_default_executor:40 - App Shutdown: Default executor shutdown
2026-09-15 19:26:21.100 | INFO     | trace= span= tp= req= job= ps=: | tldw_Server_API.app.services.shutdown_cpu_pools:shutdown_cpu_pools:17 - App Shutdown: CPU pools cleaned up
2026-09-15 19:26:21.101 | INFO     | trace= span= tp= req= job= ps=: | tldw_Server_API.app.services.shutdown_owned_job_pollers:record_shutdown_timing_segment:131 - App Shutdown Timing: segment=unified_audit_and_executor_shutdown duration_ms=8
2026-09-15 19:26:21.101 | INFO     | trace= span= tp= req= job= ps=: | tldw_Server_API.app.services.shutdown_telemetry_services:shutdown_telemetry_services:17 - App Shutdown: Telemetry shutdown
2026-09-15 19:26:21.101 | INFO     | trace= span= tp= req= job= ps=: | tldw_Server_API.app.services.shutdown_owned_job_pollers:record_shutdown_timing_segment:131 - App Shutdown Timing: segment=telemetry_shutdown duration_ms=0
2026-09-15 19:26:21.102 | INFO     | trace= span= tp= req= job= ps=: | tldw_Server_API.app.services.shutdown_post_runtime_cleanup:_reset_media_db_cache:42 - App Shutdown: Media DB cache cleared
2026-09-15 19:26:21.102 | INFO     | trace= span= tp= req= job= ps=: | tldw_Server_API.app.services.shutdown_post_runtime_cleanup:_shutdown_content_backend:53 - App Shutdown: Content DB backend pool closed
2026-09-15 19:26:21.103 | INFO     | trace= span= tp= req= job= ps=: | tldw_Server_API.app.core.DB_Management.backends.factory:_close_backend_instance:221 - Closed backend: sqlite::/Users/macbook-dev/Documents/GitHub/tldw_server2/Databases/user_databases/1/Media_DB_v2.db
2026-09-15 19:26:21.105 | INFO     | trace= span= tp= req= job= ps=: | tldw_Server_API.app.core.DB_Management.backends.factory:_close_backend_instance:221 - Closed backend: sqlite::/private/var/folders/sn/m80n2j152t9gw3w8qwk2nykh0000gn/T/pytest-of-macbook-dev/pytest-11752/test_saved_turn_acknowledges_e0/user_dbs/1/Media_DB_v2.db
2026-09-15 19:26:21.106 | INFO     | trace= span= tp= req= job= ps=: | tldw_Server_API.app.services.shutdown_post_runtime_cleanup:_close_managed_backend_registries:64 - App Shutdown: Database backend registries cleared
2026-09-15 19:26:21.106 | INFO     | trace= span= tp= req= job= ps=: | tldw_Server_API.app.services.shutdown_post_runtime_cleanup:_close_test_db_connections:77 - App Shutdown: No test DB instance found to close
2026-09-15 19:26:21.106 | INFO     | trace= span= tp= req= job= ps=: | tldw_Server_API.app.services.shutdown_owned_job_pollers:record_shutdown_timing_segment:131 - App Shutdown Timing: segment=total app teardown duration_ms=452
2026-09-15 19:26:21.107 | INFO     | trace= span= tp= req= job= ps=: | tldw_Server_API.app.services.shutdown_owned_job_pollers:record_shutdown_timing_total:184 - App Shutdown Timing: total duration_ms=452 slowest_segment=job_poller_quiesce slowest_duration_ms=399
2026-09-15 19:26:21.112 | INFO     | trace= span= tp= req= job= ps=: | tldw_Server_API.app.api.v1.API_Deps.ChaCha_Notes_DB_Deps:close_all_chacha_db_instances:862 - Closing all cached ChaChaNotesDB instances (0)...
2026-09-15 19:26:21.112 | INFO     | trace= span= tp= req= job= ps=: | tldw_Server_API.app.api.v1.API_Deps.ChaCha_Notes_DB_Deps:close_all_chacha_db_instances:878 - All ChaChaNotesDB instances closed and cache cleared.
2026-09-15 19:26:21.113 | INFO     | trace= span= tp= req= job= ps=: | tldw_Server_API.app.api.v1.API_Deps.ChaCha_Notes_DB_Deps:close_all_chacha_db_instances:862 - Closing all cached ChaChaNotesDB instances (0)...
2026-09-15 19:26:21.113 | INFO     | trace= span= tp= req= job= ps=: | tldw_Server_API.app.api.v1.API_Deps.ChaCha_Notes_DB_Deps:close_all_chacha_db_instances:878 - All ChaChaNotesDB instances closed and cache cleared.
______ test_saved_turn_acknowledges_exact_user_and_assistant_rows[False] _______
tldw_Server_API/tests/Chat/integration/test_persona_backed_chat_conversations.py:253: in test_saved_turn_acknowledges_exact_user_and_assistant_rows
    assert user_ids == {users[-1]["id"]}
E   AssertionError: assert set() == {'4e42b9b3-67...cade54a788b4'}
E     
E     Extra items in the right set:
E     '4e42b9b3-67c6-4055-aa72-cade54a788b4'
E     Use -v to get more diff
---------------------------- Captured stderr setup -----------------------------
2026-09-15 19:26:21.115 | INFO     | trace= span= tp= req= job= ps=: | tldw_Server_API.app.core.config:_buffered_log:210 - Determined ACTUAL_PROJECT_ROOT for database paths: /Users/macbook-dev/Documents/GitHub/tldw_server2
2026-09-15 19:26:21.115 | INFO     | trace= span= tp= req= job= ps=: | tldw_Server_API.app.core.config:_buffered_log:210 - Early loading environment variables from: /Users/macbook-dev/Documents/GitHub/tldw_server2/tldw_Server_API/Config_Files/.env
2026-09-15 19:26:21.120 | INFO     | trace= span= tp= req= job= ps=: | tldw_Server_API.app.core.config:_buffered_log:210 - Early loading environment variables from: /Users/macbook-dev/Documents/GitHub/tldw_server2/tldw_Server_API/Config_Files/.ENV
2026-09-15 19:26:21.126 | INFO     | trace= span= tp= req= job= ps=: | tldw_Server_API.app.core.config:_buffered_log:210 - Loading environment variables from: /Users/macbook-dev/Documents/GitHub/tldw_server2/tldw_Server_API/Config_Files/.env
2026-09-15 19:26:21.130 | INFO     | trace= span= tp= req= job= ps=: | tldw_Server_API.app.core.config:_buffered_log:210 - Loading environment variables from: /Users/macbook-dev/Documents/GitHub/tldw_server2/tldw_Server_API/Config_Files/.ENV
2026-09-15 19:26:21.135 | INFO     | trace= span= tp= req= job= ps=: | tldw_Server_API.app.core.config:_buffered_log:210 - Attempting to load comprehensive config from: /Users/macbook-dev/Documents/GitHub/tldw_server2/tldw_Server_API/Config_Files/config.txt
2026-09-15 19:26:21.137 | INFO     | trace= span= tp= req= job= ps=: | tldw_Server_API.app.core.config:_buffered_log:210 - load_comprehensive_config(): Sections found in config: ['Setup', 'UI', 'Server', 'Files', 'Image-Generation', 'ACP', 'WORKSPACES', 'ACP-WORKSPACE', 'ACP-SANDBOX', 'Audit', 'Processing', 'Media-Processing', 'Chat-Dictionaries', 'Chat-Module', 'Chat-Commands', 'Chat-Templating', 'Character-Chat', 'Settings', 'Auto-Save', 'Prompts', 'Database', 'Chunking', 'Visual-RAG', 'AuthNZ', 'Streaming', 'HTTP', 'Egress', 'Embeddings', 'Claims', 'ClaimsMonitoring', 'RAG', 'Search-Agent', 'ResourceGovernor', 'Jobs', 'SlidesStandaloneHtml', 'Diarization', 'API', 'MLX', 'Local-API', 'LlamaCpp', 'STT-Settings', 'external_providers', 'TTS-Settings', 'VibeVoice', 'Audio-Quota', 'API-Routes', 'Search-Engines', 'Web-Scraper', 'Logging', 'Moderation', 'Redis', 'Web-Scraping', 'personalization', 'persona', 'persona.rbac']
2026-09-15 19:26:21.140 | INFO     | trace= span= tp= req= job= ps=: | tldw_Server_API.app.core.config:_buffered_log:210 - Ensured main SQLite database directory exists: /Users/macbook-dev/Documents/GitHub/tldw_server2/Databases
2026-09-15 19:26:21.140 | INFO     | trace= span= tp= req= job= ps=: | tldw_Server_API.app.core.config:_buffered_log:210 - Ensured user data base directory exists: /private/var/folders/sn/m80n2j152t9gw3w8qwk2nykh0000gn/T/pytest-of-macbook-dev/pytest-11752/test_saved_turn_acknowledges_e1/user_dbs
2026-09-15 19:26:21.142 | INFO     | trace= span= tp= req= job= ps=: | tldw_Server_API.app.core.DB_Management.ChaChaNotes_DB:__init__:7605 - Initializing CharactersRAGDB for path: /private/var/folders/sn/m80n2j152t9gw3w8qwk2nykh0000gn/T/pytest-of-macbook-dev/pytest-11752/test_saved_turn_acknowledges_e1/user_dbs/1/ChaChaNotes.db [Client ID: 1] (backend=sqlite)
2026-09-15 19:26:21.143 | INFO     | trace= span= tp= req= job= ps=: | tldw_Server_API.app.core.DB_Management.ChaChaNotes_DB:_initialize_schema_sqlite:20154 - Checking DB schema 'rag_char_chat_schema'. Current version: 0. Code supports: 67
2026-09-15 19:26:21.144 | INFO     | trace= span= tp= req= job= ps=: | tldw_Server_API.app.core.DB_Management.ChaChaNotes_DB:_apply_schema_v4:8623 - Applying schema Version 4 for 'rag_char_chat_schema' to DB: /private/var/folders/sn/m80n2j152t9gw3w8qwk2nykh0000gn/T/pytest-of-macbook-dev/pytest-11752/test_saved_turn_acknowledges_e1/user_dbs/1/ChaChaNotes.db...
2026-09-15 19:26:21.152 | INFO     | trace= span= tp= req= job= ps=: | tldw_Server_API.app.core.DB_Management.ChaChaNotes_DB:_apply_schema_v4:8633 - [rag_char_chat_schema V4] Schema 4 applied and version confirmed for DB: /private/var/folders/sn/m80n2j152t9gw3w8qwk2nykh0000gn/T/pytest-of-macbook-dev/pytest-11752/test_saved_turn_acknowledges_e1/user_dbs/1/ChaChaNotes.db.
2026-09-15 19:26:21.152 | INFO     | trace= span= tp= req= job= ps=: | tldw_Server_API.app.core.DB_Management.ChaChaNotes_DB:_migrate_from_v4_to_v5:8680 - Migrating 'rag_char_chat_schema' schema from V4 to V5 for DB: /private/var/folders/sn/m80n2j152t9gw3w8qwk2nykh0000gn/T/pytest-of-macbook-dev/pytest-11752/test_saved_turn_acknowledges_e1/user_dbs/1/ChaChaNotes.db...
2026-09-15 19:26:21.156 | INFO     | trace= span= tp= req= job= ps=: | tldw_Server_API.app.core.DB_Management.ChaChaNotes_DB:_migrate_from_v4_to_v5:8687 - [rag_char_chat_schema] Migration to V5 completed.
2026-09-15 19:26:21.157 | INFO     | trace= span= tp= req= job= ps=: | tldw_Server_API.app.core.DB_Management.ChaChaNotes_DB:_migrate_from_v5_to_v6:8701 - Migrating 'rag_char_chat_schema' schema from V5 to V6 for DB: /private/var/folders/sn/m80n2j152t9gw3w8qwk2nykh0000gn/T/pytest-of-macbook-dev/pytest-11752/test_saved_turn_acknowledges_e1/user_dbs/1/ChaChaNotes.db...
2026-09-15 19:26:21.160 | INFO     | trace= span= tp= req= job= ps=: | tldw_Server_API.app.core.DB_Management.ChaChaNotes_DB:_migrate_from_v5_to_v6:8708 - [rag_char_chat_schema] Migration to V6 completed.
2026-09-15 19:26:21.160 | INFO     | trace= span= tp= req= job= ps=: | tldw_Server_API.app.core.DB_Management.ChaChaNotes_DB:_migrate_from_v6_to_v7:8720 - Migrating 'rag_char_chat_schema' schema from V6 to V7 for DB: /private/var/folders/sn/m80n2j152t9gw3w8qwk2nykh0000gn/T/pytest-of-macbook-dev/pytest-11752/test_saved_turn_acknowledges_e1/user_dbs/1/ChaChaNotes.db...
2026-09-15 19:26:21.162 | INFO     | trace= span= tp= req= job= ps=: | tldw_Server_API.app.core.DB_Management.ChaChaNotes_DB:_migrate_from_v6_to_v7:8727 - [rag_char_chat_schema] Migration to V7 completed.
2026-09-15 19:26:21.163 | INFO     | trace= span= tp= req= job= ps=: | tldw_Server_API.app.core.DB_Management.ChaChaNotes_DB:_migrate_from_v7_to_v8:8739 - Migrating 'rag_char_chat_schema' schema from V7 to V8 for DB: /private/var/folders/sn/m80n2j152t9gw3w8qwk2nykh0000gn/T/pytest-of-macbook-dev/pytest-11752/test_saved_turn_acknowledges_e1/user_dbs/1/ChaChaNotes.db...
2026-09-15 19:26:21.163 | INFO     | trace= span= tp= req= job= ps=: | tldw_Server_API.app.core.DB_Management.ChaChaNotes_DB:_migrate_from_v7_to_v8:8746 - [rag_char_chat_schema] Migration to V8 completed.
2026-09-15 19:26:21.163 | INFO     | trace= span= tp= req= job= ps=: | tldw_Server_API.app.core.DB_Management.ChaChaNotes_DB:_migrate_from_v8_to_v9:8758 - Migrating 'rag_char_chat_schema' schema from V8 to V9 for DB: /private/var/folders/sn/m80n2j152t9gw3w8qwk2nykh0000gn/T/pytest-of-macbook-dev/pytest-11752/test_saved_turn_acknowledges_e1/user_dbs/1/ChaChaNotes.db...
2026-09-15 19:26:21.164 | INFO     | trace= span= tp= req= job= ps=: | tldw_Server_API.app.core.DB_Management.ChaChaNotes_DB:_migrate_from_v8_to_v9:8765 - [rag_char_chat_schema] Migration to V9 completed.
2026-09-15 19:26:21.165 | INFO     | trace= span= tp= req= job= ps=: | tldw_Server_API.app.core.DB_Management.ChaChaNotes_DB:_migrate_from_v9_to_v10:8777 - Migrating 'rag_char_chat_schema' schema from V9 to V10 for DB: /private/var/folders/sn/m80n2j152t9gw3w8qwk2nykh0000gn/T/pytest-of-macbook-dev/pytest-11752/test_saved_turn_acknowledges_e1/user_dbs/1/ChaChaNotes.db...
2026-09-15 19:26:21.174 | INFO     | trace= span= tp= req= job= ps=: | tldw_Server_API.app.core.DB_Management.ChaChaNotes_DB:_migrate_from_v9_to_v10:8785 - [rag_char_chat_schema] Migration to V10 completed.
2026-09-15 19:26:21.175 | INFO     | trace= span= tp= req= job= ps=: | tldw_Server_API.app.core.DB_Management.ChaChaNotes_DB:_migrate_from_v10_to_v11:8797 - Migrating 'rag_char_chat_schema' schema from V10 to V11 for DB: /private/var/folders/sn/m80n2j152t9gw3w8qwk2nykh0000gn/T/pytest-of-macbook-dev/pytest-11752/test_saved_turn_acknowledges_e1/user_dbs/1/ChaChaNotes.db...
2026-09-15 19:26:21.181 | INFO     | trace= span= tp= req= job= ps=: | tldw_Server_API.app.core.DB_Management.ChaChaNotes_DB:_migrate_from_v10_to_v11:8816 - [rag_char_chat_schema] Migration to V11 completed.
2026-09-15 19:26:21.182 | INFO     | trace= span= tp= req= job= ps=: | tldw_Server_API.app.core.DB_Management.ChaChaNotes_DB:_migrate_from_v11_to_v12:8828 - Migrating 'rag_char_chat_schema' schema from V11 to V12 for DB: /private/var/folders/sn/m80n2j152t9gw3w8qwk2nykh0000gn/T/pytest-of-macbook-dev/pytest-11752/test_saved_turn_acknowledges_e1/user_dbs/1/ChaChaNotes.db...
2026-09-15 19:26:21.183 | INFO     | trace= span= tp= req= job= ps=: | tldw_Server_API.app.core.DB_Management.ChaChaNotes_DB:_migrate_from_v11_to_v12:8836 - [rag_char_chat_schema] Migration to V12 completed.
2026-09-15 19:26:21.184 | INFO     | trace= span= tp= req= job= ps=: | tldw_Server_API.app.core.DB_Management.ChaChaNotes_DB:_migrate_from_v12_to_v13:8848 - Migrating 'rag_char_chat_schema' schema from V12 to V13 for DB: /private/var/folders/sn/m80n2j152t9gw3w8qwk2nykh0000gn/T/pytest-of-macbook-dev/pytest-11752/test_saved_turn_acknowledges_e1/user_dbs/1/ChaChaNotes.db...
2026-09-15 19:26:21.184 | INFO     | trace= span= tp= req= job= ps=: | tldw_Server_API.app.core.DB_Management.ChaChaNotes_DB:_migrate_from_v12_to_v13:8856 - [rag_char_chat_schema] Migration to V13 completed.
2026-09-15 19:26:21.184 | INFO     | trace= span= tp= req= job= ps=: | tldw_Server_API.app.core.DB_Management.ChaChaNotes_DB:_migrate_from_v13_to_v14:8868 - Migrating 'rag_char_chat_schema' schema from V13 to V14 for DB: /private/var/folders/sn/m80n2j152t9gw3w8qwk2nykh0000gn/T/pytest-of-macbook-dev/pytest-11752/test_saved_turn_acknowledges_e1/user_dbs/1/ChaChaNotes.db...
2026-09-15 19:26:21.191 | INFO     | trace= span= tp= req= job= ps=: | tldw_Server_API.app.core.DB_Management.ChaChaNotes_DB:_migrate_from_v13_to_v14:8934 - [rag_char_chat_schema] Migration to V14 completed.
2026-09-15 19:26:21.191 | INFO     | trace= span= tp= req= job= ps=: | tldw_Server_API.app.core.DB_Management.ChaChaNotes_DB:_migrate_from_v14_to_v15:8946 - Migrating 'rag_char_chat_schema' schema from V14 to V15 for DB: /private/var/folders/sn/m80n2j152t9gw3w8qwk2nykh0000gn/T/pytest-of-macbook-dev/pytest-11752/test_saved_turn_acknowledges_e1/user_dbs/1/ChaChaNotes.db...
2026-09-15 19:26:21.194 | INFO     | trace= span= tp= req= job= ps=: | tldw_Server_API.app.core.DB_Management.ChaChaNotes_DB:_migrate_from_v14_to_v15:8954 - [rag_char_chat_schema] Migration to V15 completed.
2026-09-15 19:26:21.194 | INFO     | trace= span= tp= req= job= ps=: | tldw_Server_API.app.core.DB_Management.ChaChaNotes_DB:_migrate_from_v15_to_v16:8966 - Migrating 'rag_char_chat_schema' schema from V15 to V16 for DB: /private/var/folders/sn/m80n2j152t9gw3w8qwk2nykh0000gn/T/pytest-of-macbook-dev/pytest-11752/test_saved_turn_acknowledges_e1/user_dbs/1/ChaChaNotes.db...
2026-09-15 19:26:21.195 | INFO     | trace= span= tp= req= job= ps=: | tldw_Server_API.app.core.DB_Management.ChaChaNotes_DB:_migrate_from_v15_to_v16:8974 - [rag_char_chat_schema] Migration to V16 completed.
2026-09-15 19:26:21.195 | INFO     | trace= span= tp= req= job= ps=: | tldw_Server_API.app.core.DB_Management.ChaChaNotes_DB:_migrate_from_v16_to_v17:8986 - Migrating 'rag_char_chat_schema' schema from V16 to V17 for DB: /private/var/folders/sn/m80n2j152t9gw3w8qwk2nykh0000gn/T/pytest-of-macbook-dev/pytest-11752/test_saved_turn_acknowledges_e1/user_dbs/1/ChaChaNotes.db...
2026-09-15 19:26:21.196 | INFO     | trace= span= tp= req= job= ps=: | tldw_Server_API.app.core.DB_Management.ChaChaNotes_DB:_migrate_from_v16_to_v17:9013 - [rag_char_chat_schema] Migration to V17 completed.
2026-09-15 19:26:21.196 | INFO     | trace= span= tp= req= job= ps=: | tldw_Server_API.app.core.DB_Management.ChaChaNotes_DB:_migrate_from_v17_to_v18:9025 - Migrating 'rag_char_chat_schema' schema from V17 to V18 for DB: /private/var/folders/sn/m80n2j152t9gw3w8qwk2nykh0000gn/T/pytest-of-macbook-dev/pytest-11752/test_saved_turn_acknowledges_e1/user_dbs/1/ChaChaNotes.db...
2026-09-15 19:26:21.197 | INFO     | trace= span= tp= req= job= ps=: | tldw_Server_API.app.core.DB_Management.ChaChaNotes_DB:_migrate_from_v17_to_v18:9033 - [rag_char_chat_schema] Migration to V18 completed.
2026-09-15 19:26:21.197 | INFO     | trace= span= tp= req= job= ps=: | tldw_Server_API.app.core.DB_Management.ChaChaNotes_DB:_migrate_from_v18_to_v19:9045 - Migrating 'rag_char_chat_schema' schema from V18 to V19 for DB: /private/var/folders/sn/m80n2j152t9gw3w8qwk2nykh0000gn/T/pytest-of-macbook-dev/pytest-11752/test_saved_turn_acknowledges_e1/user_dbs/1/ChaChaNotes.db...
2026-09-15 19:26:21.198 | INFO     | trace= span= tp= req= job= ps=: | tldw_Server_API.app.core.DB_Management.ChaChaNotes_DB:_migrate_from_v18_to_v19:9053 - [rag_char_chat_schema] Migration to V19 completed.
2026-09-15 19:26:21.198 | INFO     | trace= span= tp= req= job= ps=: | tldw_Server_API.app.core.DB_Management.ChaChaNotes_DB:_migrate_from_v19_to_v20:9065 - Migrating 'rag_char_chat_schema' schema from V19 to V20 for DB: /private/var/folders/sn/m80n2j152t9gw3w8qwk2nykh0000gn/T/pytest-of-macbook-dev/pytest-11752/test_saved_turn_acknowledges_e1/user_dbs/1/ChaChaNotes.db...
2026-09-15 19:26:21.199 | INFO     | trace= span= tp= req= job= ps=: | tldw_Server_API.app.core.DB_Management.ChaChaNotes_DB:_migrate_from_v19_to_v20:9073 - [rag_char_chat_schema] Migration to V20 completed.
2026-09-15 19:26:21.199 | INFO     | trace= span= tp= req= job= ps=: | tldw_Server_API.app.core.DB_Management.ChaChaNotes_DB:_migrate_from_v20_to_v21:9085 - Migrating 'rag_char_chat_schema' schema from V20 to V21 for DB: /private/var/folders/sn/m80n2j152t9gw3w8qwk2nykh0000gn/T/pytest-of-macbook-dev/pytest-11752/test_saved_turn_acknowledges_e1/user_dbs/1/ChaChaNotes.db...
2026-09-15 19:26:21.200 | INFO     | trace= span= tp= req= job= ps=: | tldw_Server_API.app.core.DB_Management.ChaChaNotes_DB:_migrate_from_v20_to_v21:9093 - [rag_char_chat_schema] Migration to V21 completed.
2026-09-15 19:26:21.200 | INFO     | trace= span= tp= req= job= ps=: | tldw_Server_API.app.core.DB_Management.ChaChaNotes_DB:_migrate_from_v21_to_v22:9105 - Migrating 'rag_char_chat_schema' schema from V21 to V22 for DB: /private/var/folders/sn/m80n2j152t9gw3w8qwk2nykh0000gn/T/pytest-of-macbook-dev/pytest-11752/test_saved_turn_acknowledges_e1/user_dbs/1/ChaChaNotes.db...
2026-09-15 19:26:21.201 | INFO     | trace= span= tp= req= job= ps=: | tldw_Server_API.app.core.DB_Management.ChaChaNotes_DB:_migrate_from_v21_to_v22:9113 - [rag_char_chat_schema] Migration to V22 completed.
2026-09-15 19:26:21.202 | INFO     | trace= span= tp= req= job= ps=: | tldw_Server_API.app.core.DB_Management.ChaChaNotes_DB:_migrate_from_v22_to_v23:9125 - Migrating 'rag_char_chat_schema' schema from V22 to V23 for DB: /private/var/folders/sn/m80n2j152t9gw3w8qwk2nykh0000gn/T/pytest-of-macbook-dev/pytest-11752/test_saved_turn_acknowledges_e1/user_dbs/1/ChaChaNotes.db...
2026-09-15 19:26:21.210 | INFO     | trace= span= tp= req= job= ps=: | tldw_Server_API.app.core.DB_Management.ChaChaNotes_DB:_migrate_from_v22_to_v23:9133 - [rag_char_chat_schema] Migration to V23 completed.
2026-09-15 19:26:21.210 | INFO     | trace= span= tp= req= job= ps=: | tldw_Server_API.app.core.DB_Management.ChaChaNotes_DB:_migrate_from_v23_to_v24:9145 - Migrating 'rag_char_chat_schema' schema from V23 to V24 for DB: /private/var/folders/sn/m80n2j152t9gw3w8qwk2nykh0000gn/T/pytest-of-macbook-dev/pytest-11752/test_saved_turn_acknowledges_e1/user_dbs/1/ChaChaNotes.db...
2026-09-15 19:26:21.218 | INFO     | trace= span= tp= req= job= ps=: | tldw_Server_API.app.core.DB_Management.ChaChaNotes_DB:_migrate_from_v23_to_v24:9153 - [rag_char_chat_schema] Migration to V24 completed.
2026-09-15 19:26:21.218 | INFO     | trace= span= tp= req= job= ps=: | tldw_Server_API.app.core.DB_Management.ChaChaNotes_DB:_migrate_from_v24_to_v25:9165 - Migrating 'rag_char_chat_schema' schema from V24 to V25 for DB: /private/var/folders/sn/m80n2j152t9gw3w8qwk2nykh0000gn/T/pytest-of-macbook-dev/pytest-11752/test_saved_turn_acknowledges_e1/user_dbs/1/ChaChaNotes.db...
2026-09-15 19:26:21.224 | INFO     | trace= span= tp= req= job= ps=: | tldw_Server_API.app.core.DB_Management.ChaChaNotes_DB:_migrate_from_v24_to_v25:9191 - [rag_char_chat_schema] Migration to V25 completed.
2026-09-15 19:26:21.224 | INFO     | trace= span= tp= req= job= ps=: | tldw_Server_API.app.core.DB_Management.ChaChaNotes_DB:_migrate_from_v25_to_v26:9203 - Migrating 'rag_char_chat_schema' schema from V25 to V26 for DB: /private/var/folders/sn/m80n2j152t9gw3w8qwk2nykh0000gn/T/pytest-of-macbook-dev/pytest-11752/test_saved_turn_acknowledges_e1/user_dbs/1/ChaChaNotes.db...
2026-09-15 19:26:21.229 | INFO     | trace= span= tp= req= job= ps=: | tldw_Server_API.app.core.DB_Management.ChaChaNotes_DB:_migrate_from_v25_to_v26:9211 - [rag_char_chat_schema] Migration to V26 completed.
2026-09-15 19:26:21.229 | INFO     | trace= span= tp= req= job= ps=: | tldw_Server_API.app.core.DB_Management.ChaChaNotes_DB:_migrate_from_v26_to_v27:9223 - Migrating 'rag_char_chat_schema' schema from V26 to V27 for DB: /private/var/folders/sn/m80n2j152t9gw3w8qwk2nykh0000gn/T/pytest-of-macbook-dev/pytest-11752/test_saved_turn_acknowledges_e1/user_dbs/1/ChaChaNotes.db...
2026-09-15 19:26:21.233 | INFO     | trace= span= tp= req= job= ps=: | tldw_Server_API.app.core.DB_Management.ChaChaNotes_DB:_migrate_from_v26_to_v27:9251 - [rag_char_chat_schema] Migration to V27 completed.
2026-09-15 19:26:21.234 | INFO     | trace= span= tp= req= job= ps=: | tldw_Server_API.app.core.DB_Management.ChaChaNotes_DB:_migrate_from_v27_to_v28:9263 - Migrating 'rag_char_chat_schema' schema from V27 to V28 for DB: /private/var/folders/sn/m80n2j152t9gw3w8qwk2nykh0000gn/T/pytest-of-macbook-dev/pytest-11752/test_saved_turn_acknowledges_e1/user_dbs/1/ChaChaNotes.db...
2026-09-15 19:26:21.236 | INFO     | trace= span= tp= req= job= ps=: | tldw_Server_API.app.core.DB_Management.ChaChaNotes_DB:_migrate_from_v27_to_v28:9284 - [rag_char_chat_schema] Migration to V28 completed.
2026-09-15 19:26:21.237 | INFO     | trace= span= tp= req= job= ps=: | tldw_Server_API.app.core.DB_Management.ChaChaNotes_DB:_migrate_from_v28_to_v29:9296 - Migrating 'rag_char_chat_schema' schema from V28 to V29 for DB: /private/var/folders/sn/m80n2j152t9gw3w8qwk2nykh0000gn/T/pytest-of-macbook-dev/pytest-11752/test_saved_turn_acknowledges_e1/user_dbs/1/ChaChaNotes.db...
2026-09-15 19:26:21.238 | INFO     | trace= span= tp= req= job= ps=: | tldw_Server_API.app.core.DB_Management.ChaChaNotes_DB:_migrate_from_v28_to_v29:9304 - [rag_char_chat_schema] Migration to V29 completed.
2026-09-15 19:26:21.238 | INFO     | trace= span= tp= req= job= ps=: | tldw_Server_API.app.core.DB_Management.ChaChaNotes_DB:_migrate_from_v29_to_v30:9316 - Migrating 'rag_char_chat_schema' schema from V29 to V30 for DB: /private/var/folders/sn/m80n2j152t9gw3w8qwk2nykh0000gn/T/pytest-of-macbook-dev/pytest-11752/test_saved_turn_acknowledges_e1/user_dbs/1/ChaChaNotes.db...
2026-09-15 19:26:21.240 | INFO     | trace= span= tp= req= job= ps=: | tldw_Server_API.app.core.DB_Management.ChaChaNotes_DB:_migrate_from_v29_to_v30:9334 - [rag_char_chat_schema] Migration to V30 completed.
2026-09-15 19:26:21.241 | INFO     | trace= span= tp= req= job= ps=: | tldw_Server_API.app.core.DB_Management.ChaChaNotes_DB:_migrate_from_v30_to_v31:9346 - Migrating 'rag_char_chat_schema' schema from V30 to V31 for DB: /private/var/folders/sn/m80n2j152t9gw3w8qwk2nykh0000gn/T/pytest-of-macbook-dev/pytest-11752/test_saved_turn_acknowledges_e1/user_dbs/1/ChaChaNotes.db...
2026-09-15 19:26:21.246 | INFO     | trace= span= tp= req= job= ps=: | tldw_Server_API.app.core.DB_Management.ChaChaNotes_DB:_migrate_from_v30_to_v31:9368 - [rag_char_chat_schema] Migration to V31 completed.
2026-09-15 19:26:21.247 | INFO     | trace= span= tp= req= job= ps=: | tldw_Server_API.app.core.DB_Management.ChaChaNotes_DB:_migrate_from_v31_to_v32:9380 - Migrating 'rag_char_chat_schema' schema from V31 to V32 for DB: /private/var/folders/sn/m80n2j152t9gw3w8qwk2nykh0000gn/T/pytest-of-macbook-dev/pytest-11752/test_saved_turn_acknowledges_e1/user_dbs/1/ChaChaNotes.db...
2026-09-15 19:26:21.253 | INFO     | trace= span= tp= req= job= ps=: | tldw_Server_API.app.core.DB_Management.ChaChaNotes_DB:_migrate_from_v31_to_v32:9424 - [rag_char_chat_schema] Migration to V32 completed.
2026-09-15 19:26:21.254 | INFO     | trace= span= tp= req= job= ps=: | tldw_Server_API.app.core.DB_Management.ChaChaNotes_DB:_migrate_from_v32_to_v33:9436 - Migrating 'rag_char_chat_schema' schema from V32 to V33 for DB: /private/var/folders/sn/m80n2j152t9gw3w8qwk2nykh0000gn/T/pytest-of-macbook-dev/pytest-11752/test_saved_turn_acknowledges_e1/user_dbs/1/ChaChaNotes.db...
2026-09-15 19:26:21.254 | INFO     | trace= span= tp= req= job= ps=: | tldw_Server_API.app.core.DB_Management.ChaChaNotes_DB:_migrate_from_v32_to_v33:9444 - [rag_char_chat_schema] Migration to V33 completed.
2026-09-15 19:26:21.255 | INFO     | trace= span= tp= req= job= ps=: | tldw_Server_API.app.core.DB_Management.ChaChaNotes_DB:_migrate_from_v33_to_v34:9456 - Migrating 'rag_char_chat_schema' schema from V33 to V34 for DB: /private/var/folders/sn/m80n2j152t9gw3w8qwk2nykh0000gn/T/pytest-of-macbook-dev/pytest-11752/test_saved_turn_acknowledges_e1/user_dbs/1/ChaChaNotes.db...
2026-09-15 19:26:21.257 | INFO     | trace= span= tp= req= job= ps=: | tldw_Server_API.app.core.DB_Management.ChaChaNotes_DB:_migrate_from_v33_to_v34:9476 - [rag_char_chat_schema] Migration to V34 completed.
2026-09-15 19:26:21.257 | INFO     | trace= span= tp= req= job= ps=: | tldw_Server_API.app.core.DB_Management.ChaChaNotes_DB:_migrate_from_v34_to_v35:9488 - Migrating 'rag_char_chat_schema' schema from V34 to V35 for DB: /private/var/folders/sn/m80n2j152t9gw3w8qwk2nykh0000gn/T/pytest-of-macbook-dev/pytest-11752/test_saved_turn_acknowledges_e1/user_dbs/1/ChaChaNotes.db...
2026-09-15 19:26:21.260 | INFO     | trace= span= tp= req= job= ps=: | tldw_Server_API.app.core.DB_Management.ChaChaNotes_DB:_migrate_from_v34_to_v35:9508 - [rag_char_chat_schema] Migration to V35 completed.
2026-09-15 19:26:21.260 | INFO     | trace= span= tp= req= job= ps=: | tldw_Server_API.app.core.DB_Management.ChaChaNotes_DB:_migrate_from_v35_to_v36:9520 - Migrating 'rag_char_chat_schema' schema from V35 to V36 for DB: /private/var/folders/sn/m80n2j152t9gw3w8qwk2nykh0000gn/T/pytest-of-macbook-dev/pytest-11752/test_saved_turn_acknowledges_e1/user_dbs/1/ChaChaNotes.db...
2026-09-15 19:26:21.264 | INFO     | trace= span= tp= req= job= ps=: | tldw_Server_API.app.core.DB_Management.ChaChaNotes_DB:_migrate_from_v35_to_v36:9571 - [rag_char_chat_schema] Migration to V36 completed.
2026-09-15 19:26:21.265 | INFO     | trace= span= tp= req= job= ps=: | tldw_Server_API.app.core.DB_Management.ChaChaNotes_DB:_migrate_from_v36_to_v37:9583 - Migrating 'rag_char_chat_schema' schema from V36 to V37 for DB: /private/var/folders/sn/m80n2j152t9gw3w8qwk2nykh0000gn/T/pytest-of-macbook-dev/pytest-11752/test_saved_turn_acknowledges_e1/user_dbs/1/ChaChaNotes.db...
2026-09-15 19:26:21.319 | INFO     | trace= span= tp= req= job= ps=: | tldw_Server_API.app.core.DB_Management.ChaChaNotes_DB:_migrate_from_v36_to_v37:9594 - [rag_char_chat_schema] Migration to V37 completed.
2026-09-15 19:26:21.319 | INFO     | trace= span= tp= req= job= ps=: | tldw_Server_API.app.core.DB_Management.ChaChaNotes_DB:_migrate_from_v37_to_v38:9606 - Migrating 'rag_char_chat_schema' schema from V37 to V38 for DB: /private/var/folders/sn/m80n2j152t9gw3w8qwk2nykh0000gn/T/pytest-of-macbook-dev/pytest-11752/test_saved_turn_acknowledges_e1/user_dbs/1/ChaChaNotes.db...
2026-09-15 19:26:21.320 | INFO     | trace= span= tp= req= job= ps=: | tldw_Server_API.app.core.DB_Management.ChaChaNotes_DB:_migrate_from_v37_to_v38:9615 - [rag_char_chat_schema] Migration to V38 completed.
2026-09-15 19:26:21.320 | INFO     | trace= span= tp= req= job= ps=: | tldw_Server_API.app.core.DB_Management.ChaChaNotes_DB:_migrate_from_v38_to_v39:9627 - Migrating 'rag_char_chat_schema' schema from V38 to V39 for DB: /private/var/folders/sn/m80n2j152t9gw3w8qwk2nykh0000gn/T/pytest-of-macbook-dev/pytest-11752/test_saved_turn_acknowledges_e1/user_dbs/1/ChaChaNotes.db...
2026-09-15 19:26:21.323 | INFO     | trace= span= tp= req= job= ps=: | tldw_Server_API.app.core.DB_Management.ChaChaNotes_DB:_migrate_from_v38_to_v39:9636 - [rag_char_chat_schema] Migration to V39 completed.
2026-09-15 19:26:21.324 | INFO     | trace= span= tp= req= job= ps=: | tldw_Server_API.app.core.DB_Management.ChaChaNotes_DB:_migrate_from_v39_to_v40:9648 - Migrating 'rag_char_chat_schema' schema from V39 to V40 for DB: /private/var/folders/sn/m80n2j152t9gw3w8qwk2nykh0000gn/T/pytest-of-macbook-dev/pytest-11752/test_saved_turn_acknowledges_e1/user_dbs/1/ChaChaNotes.db...
2026-09-15 19:26:21.325 | INFO     | trace= span= tp= req= job= ps=: | tldw_Server_API.app.core.DB_Management.ChaChaNotes_DB:_migrate_from_v39_to_v40:9656 - [rag_char_chat_schema] Migration to V40 completed.
2026-09-15 19:26:21.325 | INFO     | trace= span= tp= req= job= ps=: | tldw_Server_API.app.core.DB_Management.ChaChaNotes_DB:_migrate_from_v40_to_v41:9668 - Migrating 'rag_char_chat_schema' schema from V40 to V41 for DB: /private/var/folders/sn/m80n2j152t9gw3w8qwk2nykh0000gn/T/pytest-of-macbook-dev/pytest-11752/test_saved_turn_acknowledges_e1/user_dbs/1/ChaChaNotes.db...
2026-09-15 19:26:21.329 | INFO     | trace= span= tp= req= job= ps=: | tldw_Server_API.app.core.DB_Management.ChaChaNotes_DB:_migrate_from_v40_to_v41:9676 - [rag_char_chat_schema] Migration to V41 completed.
2026-09-15 19:26:21.330 | INFO     | trace= span= tp= req= job= ps=: | tldw_Server_API.app.core.DB_Management.ChaChaNotes_DB:_migrate_from_v41_to_v42:9688 - Migrating 'rag_char_chat_schema' schema from V41 to V42 for DB: /private/var/folders/sn/m80n2j152t9gw3w8qwk2nykh0000gn/T/pytest-of-macbook-dev/pytest-11752/test_saved_turn_acknowledges_e1/user_dbs/1/ChaChaNotes.db...
2026-09-15 19:26:21.336 | INFO     | trace= span= tp= req= job= ps=: | tldw_Server_API.app.core.DB_Management.ChaChaNotes_DB:_migrate_from_v41_to_v42:9696 - [rag_char_chat_schema] Migration to V42 completed.
2026-09-15 19:26:21.336 | INFO     | trace= span= tp= req= job= ps=: | tldw_Server_API.app.core.DB_Management.ChaChaNotes_DB:_migrate_from_v42_to_v43:9708 - Migrating 'rag_char_chat_schema' schema from V42 to V43 for DB: /private/var/folders/sn/m80n2j152t9gw3w8qwk2nykh0000gn/T/pytest-of-macbook-dev/pytest-11752/test_saved_turn_acknowledges_e1/user_dbs/1/ChaChaNotes.db...
2026-09-15 19:26:21.338 | INFO     | trace= span= tp= req= job= ps=: | tldw_Server_API.app.core.DB_Management.ChaChaNotes_DB:_migrate_from_v42_to_v43:9716 - [rag_char_chat_schema] Migration to V43 completed.
2026-09-15 19:26:21.338 | INFO     | trace= span= tp= req= job= ps=: | tldw_Server_API.app.core.DB_Management.ChaChaNotes_DB:_migrate_from_v43_to_v44:9728 - Migrating 'rag_char_chat_schema' schema from V43 to V44 for DB: /private/var/folders/sn/m80n2j152t9gw3w8qwk2nykh0000gn/T/pytest-of-macbook-dev/pytest-11752/test_saved_turn_acknowledges_e1/user_dbs/1/ChaChaNotes.db...
2026-09-15 19:26:21.339 | INFO     | trace= span= tp= req= job= ps=: | tldw_Server_API.app.core.DB_Management.ChaChaNotes_DB:_migrate_from_v43_to_v44:9749 - [rag_char_chat_schema] Migration to V44 completed.
2026-09-15 19:26:21.340 | INFO     | trace= span= tp= req= job= ps=: | tldw_Server_API.app.core.DB_Management.ChaChaNotes_DB:_migrate_from_v44_to_v45:9761 - Migrating 'rag_char_chat_schema' schema from V44 to V45 for DB: /private/var/folders/sn/m80n2j152t9gw3w8qwk2nykh0000gn/T/pytest-of-macbook-dev/pytest-11752/test_saved_turn_acknowledges_e1/user_dbs/1/ChaChaNotes.db...
2026-09-15 19:26:21.348 | INFO     | trace= span= tp= req= job= ps=: | tldw_Server_API.app.core.DB_Management.ChaChaNotes_DB:_migrate_from_v44_to_v45:9770 - [rag_char_chat_schema] Migration to V45 completed.
2026-09-15 19:26:21.349 | INFO     | trace= span= tp= req= job= ps=: | tldw_Server_API.app.core.DB_Management.ChaChaNotes_DB:_migrate_from_v45_to_v46:9782 - Migrating 'rag_char_chat_schema' schema from V45 to V46 for DB: /private/var/folders/sn/m80n2j152t9gw3w8qwk2nykh0000gn/T/pytest-of-macbook-dev/pytest-11752/test_saved_turn_acknowledges_e1/user_dbs/1/ChaChaNotes.db...
2026-09-15 19:26:21.350 | INFO     | trace= span= tp= req= job= ps=: | tldw_Server_API.app.core.DB_Management.ChaChaNotes_DB:_migrate_from_v45_to_v46:9790 - [rag_char_chat_schema] Migration to V46 completed.
2026-09-15 19:26:21.350 | INFO     | trace= span= tp= req= job= ps=: | tldw_Server_API.app.core.DB_Management.ChaChaNotes_DB:_migrate_from_v46_to_v47:9802 - Migrating 'rag_char_chat_schema' schema from V46 to V47 for DB: /private/var/folders/sn/m80n2j152t9gw3w8qwk2nykh0000gn/T/pytest-of-macbook-dev/pytest-11752/test_saved_turn_acknowledges_e1/user_dbs/1/ChaChaNotes.db...
2026-09-15 19:26:21.355 | INFO     | trace= span= tp= req= job= ps=: | tldw_Server_API.app.core.DB_Management.ChaChaNotes_DB:_migrate_from_v46_to_v47:9817 - [rag_char_chat_schema] Migration to V47 completed.
2026-09-15 19:26:21.355 | INFO     | trace= span= tp= req= job= ps=: | tldw_Server_API.app.core.DB_Management.ChaChaNotes_DB:_migrate_from_v47_to_v48:9829 - Migrating 'rag_char_chat_schema' schema from V47 to V48 for DB: /private/var/folders/sn/m80n2j152t9gw3w8qwk2nykh0000gn/T/pytest-of-macbook-dev/pytest-11752/test_saved_turn_acknowledges_e1/user_dbs/1/ChaChaNotes.db...
2026-09-15 19:26:21.357 | INFO     | trace= span= tp= req= job= ps=: | tldw_Server_API.app.core.DB_Management.ChaChaNotes_DB:_migrate_from_v47_to_v48:9837 - [rag_char_chat_schema] Migration to V48 completed.
2026-09-15 19:26:21.357 | INFO     | trace= span= tp= req= job= ps=: | tldw_Server_API.app.core.DB_Management.ChaChaNotes_DB:_migrate_from_v48_to_v49:9849 - Migrating 'rag_char_chat_schema' schema from V48 to V49 for DB: /private/var/folders/sn/m80n2j152t9gw3w8qwk2nykh0000gn/T/pytest-of-macbook-dev/pytest-11752/test_saved_turn_acknowledges_e1/user_dbs/1/ChaChaNotes.db...
2026-09-15 19:26:21.358 | INFO     | trace= span= tp= req= job= ps=: | tldw_Server_API.app.core.DB_Management.ChaChaNotes_DB:_migrate_from_v48_to_v49:9858 - [rag_char_chat_schema] Migration to V49 completed.
2026-09-15 19:26:21.358 | INFO     | trace= span= tp= req= job= ps=: | tldw_Server_API.app.core.DB_Management.ChaChaNotes_DB:_migrate_from_v49_to_v50:9870 - Migrating 'rag_char_chat_schema' schema from V49 to V50 for DB: /private/var/folders/sn/m80n2j152t9gw3w8qwk2nykh0000gn/T/pytest-of-macbook-dev/pytest-11752/test_saved_turn_acknowledges_e1/user_dbs/1/ChaChaNotes.db...
2026-09-15 19:26:21.358 | INFO     | trace= span= tp= req= job= ps=: | tldw_Server_API.app.core.DB_Management.ChaChaNotes_DB:_migrate_from_v49_to_v50:9879 - [rag_char_chat_schema] Migration to V50 completed.
2026-09-15 19:26:21.359 | INFO     | trace= span= tp= req= job= ps=: | tldw_Server_API.app.core.DB_Management.ChaChaNotes_DB:_migrate_from_v50_to_v51:9891 - Migrating 'rag_char_chat_schema' schema from V50 to V51 for DB: /private/var/folders/sn/m80n2j152t9gw3w8qwk2nykh0000gn/T/pytest-of-macbook-dev/pytest-11752/test_saved_turn_acknowledges_e1/user_dbs/1/ChaChaNotes.db...
2026-09-15 19:26:21.360 | INFO     | trace= span= tp= req= job= ps=: | tldw_Server_API.app.core.DB_Management.ChaChaNotes_DB:_migrate_from_v50_to_v51:9907 - [rag_char_chat_schema] Migration to V51 completed.
2026-09-15 19:26:21.361 | INFO     | trace= span= tp= req= job= ps=: | tldw_Server_API.app.core.DB_Management.ChaChaNotes_DB:_migrate_from_v51_to_v52:9919 - Migrating 'rag_char_chat_schema' schema from V51 to V52 for DB: /private/var/folders/sn/m80n2j152t9gw3w8qwk2nykh0000gn/T/pytest-of-macbook-dev/pytest-11752/test_saved_turn_acknowledges_e1/user_dbs/1/ChaChaNotes.db...
2026-09-15 19:26:21.365 | INFO     | trace= span= tp= req= job= ps=: | tldw_Server_API.app.core.DB_Management.ChaChaNotes_DB:_migrate_from_v51_to_v52:9931 - [rag_char_chat_schema] Migration to V52 completed.
2026-09-15 19:26:21.365 | INFO     | trace= span= tp= req= job= ps=: | tldw_Server_API.app.core.DB_Management.ChaChaNotes_DB:_migrate_from_v52_to_v53:9945 - Migrating 'rag_char_chat_schema' schema from V52 to V53 for DB: /private/var/folders/sn/m80n2j152t9gw3w8qwk2nykh0000gn/T/pytest-of-macbook-dev/pytest-11752/test_saved_turn_acknowledges_e1/user_dbs/1/ChaChaNotes.db...
2026-09-15 19:26:21.374 | INFO     | trace= span= tp= req= job= ps=: | tldw_Server_API.app.core.DB_Management.ChaChaNotes_DB:_migrate_from_v52_to_v53:9958 - [rag_char_chat_schema] Migration to V53 completed.
2026-09-15 19:26:21.374 | INFO     | trace= span= tp= req= job= ps=: | tldw_Server_API.app.core.DB_Management.ChaChaNotes_DB:_migrate_from_v53_to_v54:9972 - Migrating 'rag_char_chat_schema' schema from V53 to V54 for DB: /private/var/folders/sn/m80n2j152t9gw3w8qwk2nykh0000gn/T/pytest-of-macbook-dev/pytest-11752/test_saved_turn_acknowledges_e1/user_dbs/1/ChaChaNotes.db...
2026-09-15 19:26:21.375 | INFO     | trace= span= tp= req= job= ps=: | tldw_Server_API.app.core.DB_Management.ChaChaNotes_DB:_migrate_from_v53_to_v54:9984 - [rag_char_chat_schema] Migration to V54 completed.
2026-09-15 19:26:21.375 | INFO     | trace= span= tp= req= job= ps=: | tldw_Server_API.app.core.DB_Management.ChaChaNotes_DB:_migrate_from_v54_to_v55:9998 - Migrating 'rag_char_chat_schema' schema from V54 to V55 for DB: /private/var/folders/sn/m80n2j152t9gw3w8qwk2nykh0000gn/T/pytest-of-macbook-dev/pytest-11752/test_saved_turn_acknowledges_e1/user_dbs/1/ChaChaNotes.db...
2026-09-15 19:26:21.377 | INFO     | trace= span= tp= req= job= ps=: | tldw_Server_API.app.core.DB_Management.ChaChaNotes_DB:_migrate_from_v54_to_v55:10076 - [rag_char_chat_schema] Migration to V55 completed.
2026-09-15 19:26:21.378 | INFO     | trace= span= tp= req= job= ps=: | tldw_Server_API.app.core.DB_Management.ChaChaNotes_DB:_migrate_from_v55_to_v56:10180 - Migrating 'rag_char_chat_schema' schema from V55 to V56 for DB: /private/var/folders/sn/m80n2j152t9gw3w8qwk2nykh0000gn/T/pytest-of-macbook-dev/pytest-11752/test_saved_turn_acknowledges_e1/user_dbs/1/ChaChaNotes.db...
2026-09-15 19:26:21.660 | INFO     | trace= span= tp= req= job= ps=: | tldw_Server_API.app.core.DB_Management.ChaChaNotes_DB:_migrate_from_v64_to_v65:17609 - Migrating 'rag_char_chat_schema' schema from V64 to V65 for DB: /private/var/folders/sn/m80n2j152t9gw3w8qwk2nykh0000gn/T/pytest-of-macbook-dev/pytest-11752/test_saved_turn_acknowledges_e1/user_dbs/1/ChaChaNotes.db...
2026-09-15 19:26:21.672 | INFO     | trace= span= tp= req= job= ps=: | tldw_Server_API.app.core.DB_Management.ChaChaNotes_DB:_migrate_from_v64_to_v65:17626 - [rag_char_chat_schema] Migration to V65 completed.
2026-09-15 19:26:21.774 | WARNING  | trace= span= tp= req= job= ps=: | tldw_Server_API.app.core.DB_Management.ChaChaNotes_DB:_self_heal_character_cards_fts_sqlite:24635 - character_cards_fts out of sync (active=1 indexed=0); rebuilding.
2026-09-15 19:26:21.774 | INFO     | trace= span= tp= req= job= ps=: | tldw_Server_API.app.core.DB_Management.ChaChaNotes_DB:_initialize_schema_sqlite:20934 - Database schema 'rag_char_chat_schema' successfully initialized/migrated to version 67.
2026-09-15 19:26:21.779 | INFO     | trace= span= tp= req= job= ps=: | tldw_Server_API.app.core.DB_Management.chacha.character_store:add_character_card:162 - Added character card 'Helpful AI Assistant' with ID: 2.
2026-09-15 19:26:21.780 | INFO     | trace= span= tp= req= job= ps=: | tldw_Server_API.app.core.DB_Management.chacha.character_store:add_character_card:162 - Added character card 'Source Character' with ID: 3.
2026-09-15 19:26:21.784 | INFO     | trace= span= tp= req= job= ps=: | tldw_Server_API.app.core.startup_preflight:run_preflight_checks:202 - Preflight [ffmpeg_available]: ok - found at /opt/homebrew/bin/ffmpeg
2026-09-15 19:26:21.785 | INFO     | trace= span= tp= req= job= ps=: | tldw_Server_API.app.core.startup_preflight:run_preflight_checks:202 - Preflight [disk_space]: ok - 5324 MB free
2026-09-15 19:26:21.785 | INFO     | trace= span= tp= req= job= ps=: | tldw_Server_API.app.core.startup_preflight:run_preflight_checks:202 - Preflight [database_directories]: ok - /Users/macbook-dev/Documents/GitHub/tldw_server2/tldw_Server_API/Databases
2026-09-15 19:26:21.785 | INFO     | trace= span= tp= req= job= ps=: | tldw_Server_API.app.core.startup_preflight:run_preflight_checks:202 - Preflight [python_dependencies]: ok
2026-09-15 19:26:21.786 | INFO     | trace= span= tp= req= job= ps=: | tldw_Server_API.app.core.startup_preflight:run_preflight_checks:202 - Preflight [database_connectivity]: ok - SQLite (no remote check needed)
2026-09-15 19:26:21.786 | INFO     | trace= span= tp= req= job= ps=: | tldw_Server_API.app.services.startup_preflight_reporting:run_startup_preflight_checks:17 - Preflight: 5 checks, 0 warnings, 0 failures
2026-09-15 19:26:21.788 | INFO     | trace= span= tp= req= job= ps=: | tldw_Server_API.app.services.startup_acp_validation:validate_startup_acp_configuration:30 - App Startup: ACP runner configuration validated
2026-09-15 19:26:21.789 | INFO     | trace= span= tp= req= job= ps=: | tldw_Server_API.app.services.startup_content_backend_validation:validate_startup_content_backend:13 - App Startup: PostgreSQL content backend validated
2026-09-15 19:26:21.790 | INFO     | trace= span= tp= req= job= ps=: | tldw_Server_API.app.services.startup_claims_prompt_validation:validate_startup_claims_prompt_validation:31 - App Startup: Claims prompt validation completed (mode=warning, strict=False)
2026-09-15 19:26:21.790 | INFO     | trace= span= tp= req= job= ps=: | tldw_Server_API.app.services.startup_telemetry:initialize_startup_telemetry:16 - App Startup: Initializing telemetry and metrics...
2026-09-15 19:26:21.790 | INFO     | trace= span= tp= req= job= ps=: | tldw_Server_API.app.core.Metrics.telemetry:__init__:460 - OpenTelemetry SDK disabled via OTEL_SDK_DISABLED
2026-09-15 19:26:21.791 | INFO     | trace= span= tp= req= job= ps=: | tldw_Server_API.app.services.startup_telemetry:initialize_startup_telemetry:21 - App Startup: OpenTelemetry initialized for service: tldw_server
2026-09-15 19:26:21.793 | WARNING  | trace= span= tp= req= job= ps=: | tldw_Server_API.app.services.startup_validation:run_startup_validations:31 - First-time setup is enabled. The setup API is local-only and blocks proxied requests. If running behind a reverse proxy, ensure /setup and /api/v1/setup are not publicly exposed, or set TLDW_SETUP_ALLOW_REMOTE=1 temporarily on trusted networks.
2026-09-15 19:26:21.810 | INFO     | trace= span= tp= req= job= ps=: | tldw_Server_API.app.core.AuthNZ.settings:get_settings:1588 - Settings initialized - Auth mode: single_user, profile=local-single-user
2026-09-15 19:26:21.818 | INFO     | trace= span= tp= req= job= ps=: | tldw_Server_API.app.core.AuthNZ.startup_integrity:verify_authnz_sqlite_startup_integrity:173 - AuthNZ startup integrity check passed for /Users/macbook-dev/Documents/GitHub/tldw_server2/Databases/users.db
2026-09-15 19:26:21.819 | INFO     | trace= span= tp= req= job= ps=: | tldw_Server_API.app.services.startup_core_initialization:initialize_startup_core_components:36 - App Startup: Initializing authentication services...
2026-09-15 19:26:21.819 | INFO     | trace= span= tp= req= job= ps=: | tldw_Server_API.app.services.startup_auth:init_auth_services:45 - App Startup: Database pool initialized
2026-09-15 19:26:21.836 | INFO     | trace= span= tp= req= job= ps=: | tldw_Server_API.app.core.AuthNZ.settings:get_settings:1588 - Settings initialized - Auth mode: single_user, profile=local-single-user
2026-09-15 19:26:21.837 | INFO     | trace= span= tp= req= job= ps=: | tldw_Server_API.app.core.AuthNZ.db_config:_detect_backend:83 - Detected database backend: sqlite
2026-09-15 19:26:21.837 | INFO     | trace= span= tp= req= job= ps=: | tldw_Server_API.app.core.AuthNZ.database:close:1665 - Database pool closed
2026-09-15 19:26:21.837 | INFO     | trace= span= tp= req= job= ps=: | tldw_Server_API.app.core.MCP_unified.server:shutdown:885 - Shutting down MCP Server
2026-09-15 19:26:21.838 | INFO     | trace= span= tp= req= job= ps=: | tldw_Server_API.app.core.MCP_unified.modules.registry:shutdown_all:530 - Shutting down all modules
2026-09-15 19:26:21.838 | INFO     | trace= span= tp= req= job= ps=: | tldw_Server_API.app.core.MCP_unified.modules.registry:shutdown_all:559 - All modules shut down
2026-09-15 19:26:21.855 | INFO     | trace= span= tp= req= job= ps=: | tldw_Server_API.app.core.AuthNZ.settings:get_settings:1588 - Settings initialized - Auth mode: single_user, profile=local-single-user
2026-09-15 19:26:21.856 | INFO     | trace= span= tp= req= job= ps=: | tldw_Server_API.app.core.AuthNZ.database:initialize:942 - Using SQLite database
2026-09-15 19:26:21.860 | INFO     | trace= span= tp= req= job= ps=: | tldw_Server_API.app.core.AuthNZ.database:_create_sqlite_schema:1150 - SQLite schema harmonization: ensuring AuthNZ tables
2026-09-15 19:26:21.876 | INFO     | trace= span= tp= req= job= ps=: | tldw_Server_API.app.core.AuthNZ.database:initialize:948 - Database pool initialized successfully
2026-09-15 19:26:21.898 | INFO     | trace= span= tp= req= job= ps=: | tldw_Server_API.app.services.startup_auth:init_auth_services:74 - App Startup: Ensured single-user RBAC seed (baseline roles/permissions)
2026-09-15 19:26:21.899 | INFO     | trace= span= tp= req= job= ps=: | tldw_Server_API.app.core.AuthNZ.database:initialize:942 - Using SQLite database
2026-09-15 19:26:21.903 | INFO     | trace= span= tp= req= job= ps=: | tldw_Server_API.app.core.AuthNZ.database:_create_sqlite_schema:1150 - SQLite schema harmonization: ensuring AuthNZ tables
2026-09-15 19:26:21.918 | INFO     | trace= span= tp= req= job= ps=: | tldw_Server_API.app.core.AuthNZ.database:initialize:948 - Database pool initialized successfully
2026-09-15 19:26:21.921 | INFO     | trace= span= tp= req= job= ps=: | tldw_Server_API.app.services.startup_auth:init_auth_services:87 - App Startup: Loaded LLM provider overrides
2026-09-15 19:26:21.932 | INFO     | trace= span= tp= req= job= ps=: | tldw_Server_API.app.core.Resource_Governance.policy_loader:load_once:134 - ResourceGovernor policy loaded: version=1, policies=43, path=/Users/macbook-dev/Documents/GitHub/tldw_server2/tldw_Server_API/Config_Files/resource_governor_policies.yaml
2026-09-15 19:26:21.932 | INFO     | trace= span= tp= req= job= ps=: | tldw_Server_API.app.services.startup_resource_governor:init_resource_governor:106 - ResourceGovernor initialized (memory backend)
2026-09-15 19:26:21.943 | WARNING  | trace= span= tp= req= job= ps=: | tldw_Server_API.app.services.startup_resource_governor:_audit_route_map_coverage:227 - RG route_map missing coverage for 387 routes; sample: /api/v1/workspaces/migrations (tags=['workspaces']), /api/v1/workspaces/migrations/{migration_id} (tags=['workspaces']), /api/v1/workspaces/migrations/{migration_id}/chunks/{chunk_id} (tags=['workspaces']), /api/v1/workspaces/migrations/{migration_id}/finalize (tags=['workspaces']), /api/v1/workspaces/migrations/{migration_id}/client-delete-ack (tags=['workspaces']), /api/v1/workspaces/ (tags=['workspaces']), /api/v1/workspaces/{workspace_id} (tags=['workspaces']), /api/v1/workspaces/{workspace_id}/index (tags=['workspaces']), /api/v1/workspaces/{workspace_id}/memberships (tags=['workspaces']), /api/v1/workspaces/{workspace_id}/memberships/{resource_type}/{resource_id} (tags=['workspaces'])
2026-09-15 19:26:21.943 | INFO     | trace= span= tp= req= job= ps=: | tldw_Server_API.app.services.startup_auth_runtime:initialize_auth_runtime_services:35 - App Startup: Session manager initialized
2026-09-15 19:26:21.954 | INFO     | trace= span= tp= req= job= ps=: | tldw_Server_API.app.core.PrivilegeMaps.startup:validate_privilege_metadata_on_startup:31 - Privilege catalog validated (version=1.0.0, scopes=112, mapped_routes=282)
2026-09-15 19:26:21.961 | INFO     | trace= span= tp= req= job= ps=: | tldw_Server_API.app.core.Persona.archetype_loader:load_archetypes_from_directory:83 - Loaded 6 archetype(s) from /Users/macbook-dev/Documents/GitHub/tldw_server2/tldw_Server_API/Config_Files/persona_archetypes
2026-09-15 19:26:21.964 | INFO     | trace= span= tp= req= job= ps=: | mcp_unified.federation.catalog_loader:load_mcp_catalog:80 - Loaded 5 MCP catalog entry/entries from /Users/macbook-dev/Documents/GitHub/tldw_server2/tldw_Server_API/Config_Files/mcp_server_catalog.yaml
2026-09-15 19:26:21.964 | INFO     | trace= span= tp= req= job= ps=: | tldw_Server_API.app.services.startup_core_initialization:initialize_startup_core_components:61 - App Startup: Initializing Chat module components...
2026-09-15 19:26:21.965 | INFO     | trace= span= tp= req= job= ps=: | tldw_Server_API.app.core.MCP_unified.config:get_config:589 - MCP configuration loaded successfully
2026-09-15 19:26:21.965 | INFO     | trace= span= tp= req= job= ps=: | tldw_Server_API.app.core.MCP_unified.modules.registry:__init__:77 - Module registry initialized
2026-09-15 19:26:21.966 | INFO     | trace= span= tp= req= job= ps=: | tldw_Server_API.app.core.MCP_unified.protocol:__init__:471 - MCP Protocol handler initialized
2026-09-15 19:26:21.966 | WARNING  | trace= span= tp= req= job= ps=: | tldw_Server_API.app.services.shutdown_transport_registry:register_family:89 - Shutdown transport family re-registered; replacing existing entry: mcp.websocket
2026-09-15 19:26:21.967 | INFO     | trace= span= tp= req= job= ps=: | tldw_Server_API.app.core.MCP_unified.server:__init__:386 - MCP Server created
2026-09-15 19:26:21.967 | INFO     | trace= span= tp= req= job= ps=: | tldw_Server_API.app.services.startup_heavy_init:_init_mcp_server:165 - App Startup: Initializing MCP Unified server...
2026-09-15 19:26:21.967 | INFO     | trace= span= tp= req= job= ps=: | tldw_Server_API.app.core.MCP_unified.server:initialize:718 - Initializing MCP Server
2026-09-15 19:26:21.968 | INFO     | trace= span= tp= req= job= ps=: | tldw_Server_API.app.core.MCP_unified.modules.registry:start_health_monitoring:116 - Health monitoring started
2026-09-15 19:26:21.972 | INFO     | trace= span= tp= req= job= ps=: | tldw_Server_API.app.core.MCP_unified.server:_register_default_modules:1004 - Loaded 20 MCP modules from tldw_Server_API/Config_Files/mcp_modules.yaml
2026-09-15 19:26:21.972 | INFO     | trace= span= tp= req= job= ps=: | tldw_Server_API.app.core.MCP_unified.modules.registry:register_module:156 - Registering module: media
2026-09-15 19:26:21.973 | INFO     | trace= span= tp= req= job= ps=: | tldw_Server_API.app.core.MCP_unified.modules.base:__init__:371 - Module created: Media v1.0.0
2026-09-15 19:26:21.973 | INFO     | trace= span= tp= req= job= ps=: | tldw_Server_API.app.core.MCP_unified.modules.base:initialize:390 - Initializing module: Media
2026-09-15 19:26:21.974 | INFO     | trace= span= tp= req= job= ps=: | tldw_Server_API.app.core.DB_Management.media_db.runtime.bootstrap_lifecycle_ops:initialize_media_database:79 - Initializing Database object for path: /Users/macbook-dev/Documents/GitHub/tldw_server2/Databases/user_databases/1/Media_DB_v2.db [Client ID: mcp_media_Media]
2026-09-15 19:26:21.977 | INFO     | trace= span= tp= req= job= ps=: | tldw_Server_API.app.core.DB_Management.media_db.schema.backends.sqlite_helpers:bootstrap_sqlite_schema:223 - Checking DB schema. Current version: 26. Code supports: 26
2026-09-15 19:26:21.978 | INFO     | trace= span= tp= req= job= ps=: | tldw_Server_API.app.core.MCP_unified.modules.implementations.media_module:on_initialize:125 - Media module initialized with database: Databases/user_databases/1/Media_DB_v2.db
2026-09-15 19:26:21.983 | INFO     | trace= span= tp= req= job= ps=: | tldw_Server_API.app.core.MCP_unified.modules.base:initialize:405 - Module initialized successfully: Media
2026-09-15 19:26:21.986 | INFO     | trace= span= tp= req= job= ps=: | tldw_Server_API.app.core.MCP_unified.modules.registry:_initialize_module:201 - Module media initialized successfully
2026-09-15 19:26:21.987 | INFO     | trace= span= tp= req= job= ps=: | tldw_Server_API.app.core.MCP_unified.server:_register_default_modules:1260 - Registered MCP module: media (tldw_Server_API.app.core.MCP_unified.modules.implementations.media_module:MediaModule)
2026-09-15 19:26:21.987 | INFO     | trace= span= tp= req= job= ps=: | tldw_Server_API.app.core.MCP_unified.modules.registry:register_module:156 - Registering module: template
2026-09-15 19:26:21.988 | INFO     | trace= span= tp= req= job= ps=: | tldw_Server_API.app.core.MCP_unified.modules.base:__init__:371 - Module created: Template v1.0.0
2026-09-15 19:26:21.988 | INFO     | trace= span= tp= req= job= ps=: | tldw_Server_API.app.core.MCP_unified.modules.base:initialize:390 - Initializing module: Template
2026-09-15 19:26:21.988 | INFO     | trace= span= tp= req= job= ps=: | tldw_Server_API.app.core.MCP_unified.modules.implementations.template_module:on_initialize:19 - Initializing module: Template
2026-09-15 19:26:21.989 | INFO     | trace= span= tp= req= job= ps=: | tldw_Server_API.app.core.MCP_unified.modules.base:initialize:405 - Module initialized successfully: Template
2026-09-15 19:26:21.989 | INFO     | trace= span= tp= req= job= ps=: | tldw_Server_API.app.core.MCP_unified.modules.registry:_initialize_module:201 - Module template initialized successfully
2026-09-15 19:26:21.990 | INFO     | trace= span= tp= req= job= ps=: | tldw_Server_API.app.core.MCP_unified.server:_register_default_modules:1260 - Registered MCP module: template (tldw_Server_API.app.core.MCP_unified.modules.implementations.template_module:TemplateModule)
2026-09-15 19:26:21.990 | INFO     | trace= span= tp= req= job= ps=: | tldw_Server_API.app.core.MCP_unified.modules.registry:register_module:156 - Registering module: mcp_discovery
2026-09-15 19:26:21.991 | INFO     | trace= span= tp= req= job= ps=: | tldw_Server_API.app.core.MCP_unified.modules.base:__init__:371 - Module created: MCP Discovery v1.0.0
2026-09-15 19:26:21.991 | INFO     | trace= span= tp= req= job= ps=: | tldw_Server_API.app.core.MCP_unified.modules.base:initialize:390 - Initializing module: MCP Discovery
2026-09-15 19:26:21.991 | INFO     | trace= span= tp= req= job= ps=: | tldw_Server_API.app.core.MCP_unified.modules.implementations.mcp_discovery_module:on_initialize:27 - Initializing MCP discovery module: MCP Discovery
2026-09-15 19:26:21.992 | INFO     | trace= span= tp= req= job= ps=: | tldw_Server_API.app.core.MCP_unified.modules.base:initialize:405 - Module initialized successfully: MCP Discovery
2026-09-15 19:26:21.993 | INFO     | trace= span= tp= req= job= ps=: | tldw_Server_API.app.core.MCP_unified.modules.registry:_initialize_module:201 - Module mcp_discovery initialized successfully
2026-09-15 19:26:21.993 | INFO     | trace= span= tp= req= job= ps=: | tldw_Server_API.app.core.MCP_unified.server:_register_default_modules:1260 - Registered MCP module: mcp_discovery (tldw_Server_API.app.core.MCP_unified.modules.implementations.mcp_discovery_module:MCPDiscoveryModule)
2026-09-15 19:26:21.993 | INFO     | trace= span= tp= req= job= ps=: | tldw_Server_API.app.core.MCP_unified.modules.registry:register_module:156 - Registering module: governance
2026-09-15 19:26:21.994 | INFO     | trace= span= tp= req= job= ps=: | tldw_Server_API.app.core.MCP_unified.modules.base:__init__:371 - Module created: Governance v1.0.0
2026-09-15 19:26:21.994 | INFO     | trace= span= tp= req= job= ps=: | tldw_Server_API.app.core.MCP_unified.modules.base:initialize:390 - Initializing module: Governance
2026-09-15 19:26:21.996 | INFO     | trace= span= tp= req= job= ps=: | tldw_Server_API.app.core.MCP_unified.modules.implementations.governance_module:on_initialize:33 - Initializing Governance module: Governance
2026-09-15 19:26:21.996 | INFO     | trace= span= tp= req= job= ps=: | tldw_Server_API.app.core.MCP_unified.modules.base:initialize:405 - Module initialized successfully: Governance
2026-09-15 19:26:21.997 | INFO     | trace= span= tp= req= job= ps=: | tldw_Server_API.app.core.MCP_unified.modules.registry:_initialize_module:201 - Module governance initialized successfully
2026-09-15 19:26:21.997 | INFO     | trace= span= tp= req= job= ps=: | tldw_Server_API.app.core.MCP_unified.server:_register_default_modules:1260 - Registered MCP module: governance (tldw_Server_API.app.core.MCP_unified.modules.implementations.governance_module:GovernanceModule)
2026-09-15 19:26:21.998 | INFO     | trace= span= tp= req= job= ps=: | tldw_Server_API.app.core.MCP_unified.server:_register_default_modules:1229 - Skipping disabled module: external_federation
2026-09-15 19:26:21.998 | INFO     | trace= span= tp= req= job= ps=: | tldw_Server_API.app.core.MCP_unified.modules.registry:register_module:156 - Registering module: notes
2026-09-15 19:26:21.999 | INFO     | trace= span= tp= req= job= ps=: | tldw_Server_API.app.core.MCP_unified.modules.base:__init__:371 - Module created: Notes v1.0.0
2026-09-15 19:26:21.999 | INFO     | trace= span= tp= req= job= ps=: | tldw_Server_API.app.core.MCP_unified.modules.base:initialize:390 - Initializing module: Notes
2026-09-15 19:26:21.999 | INFO     | trace= span= tp= req= job= ps=: | tldw_Server_API.app.core.MCP_unified.modules.implementations.notes_module:on_initialize:128 - Initializing Notes module: Notes
2026-09-15 19:26:22.000 | INFO     | trace= span= tp= req= job= ps=: | tldw_Server_API.app.core.MCP_unified.modules.base:initialize:405 - Module initialized successfully: Notes
2026-09-15 19:26:22.005 | INFO     | trace= span= tp= req= job= ps=: | tldw_Server_API.app.core.MCP_unified.modules.registry:_initialize_module:201 - Module notes initialized successfully
2026-09-15 19:26:22.005 | INFO     | trace= span= tp= req= job= ps=: | tldw_Server_API.app.core.MCP_unified.server:_register_default_modules:1260 - Registered MCP module: notes (tldw_Server_API.app.core.MCP_unified.modules.implementations.notes_module:NotesModule)
2026-09-15 19:26:22.005 | INFO     | trace= span= tp= req= job= ps=: | tldw_Server_API.app.core.MCP_unified.modules.registry:register_module:156 - Registering module: prompts
2026-09-15 19:26:22.006 | INFO     | trace= span= tp= req= job= ps=: | tldw_Server_API.app.core.MCP_unified.modules.base:__init__:371 - Module created: Prompts v1.0.0
2026-09-15 19:26:22.006 | INFO     | trace= span= tp= req= job= ps=: | tldw_Server_API.app.core.MCP_unified.modules.base:initialize:390 - Initializing module: Prompts
2026-09-15 19:26:22.007 | INFO     | trace= span= tp= req= job= ps=: | tldw_Server_API.app.core.MCP_unified.modules.implementations.prompts_module:on_initialize:51 - Initializing Prompts module: Prompts
2026-09-15 19:26:22.007 | INFO     | trace= span= tp= req= job= ps=: | tldw_Server_API.app.core.MCP_unified.modules.base:initialize:405 - Module initialized successfully: Prompts
2026-09-15 19:26:22.008 | INFO     | trace= span= tp= req= job= ps=: | tldw_Server_API.app.core.MCP_unified.modules.registry:_initialize_module:201 - Module prompts initialized successfully
2026-09-15 19:26:22.008 | INFO     | trace= span= tp= req= job= ps=: | tldw_Server_API.app.core.MCP_unified.server:_register_default_modules:1260 - Registered MCP module: prompts (tldw_Server_API.app.core.MCP_unified.modules.implementations.prompts_module:PromptsModule)
2026-09-15 19:26:22.008 | INFO     | trace= span= tp= req= job= ps=: | tldw_Server_API.app.core.MCP_unified.modules.registry:register_module:156 - Registering module: skills
2026-09-15 19:26:22.009 | INFO     | trace= span= tp= req= job= ps=: | tldw_Server_API.app.core.MCP_unified.modules.base:__init__:371 - Module created: Skills v0.1.0
2026-09-15 19:26:22.009 | INFO     | trace= span= tp= req= job= ps=: | tldw_Server_API.app.core.MCP_unified.modules.base:initialize:390 - Initializing module: Skills
2026-09-15 19:26:22.010 | INFO     | trace= span= tp= req= job= ps=: | tldw_Server_API.app.core.MCP_unified.modules.base:initialize:405 - Module initialized successfully: Skills
2026-09-15 19:26:22.011 | INFO     | trace= span= tp= req= job= ps=: | tldw_Server_API.app.core.MCP_unified.modules.registry:_initialize_module:201 - Module skills initialized successfully
2026-09-15 19:26:22.011 | INFO     | trace= span= tp= req= job= ps=: | tldw_Server_API.app.core.MCP_unified.server:_register_default_modules:1260 - Registered MCP module: skills (tldw_Server_API.app.core.MCP_unified.modules.implementations.skills_module:SkillsModule)
2026-09-15 19:26:22.011 | INFO     | trace= span= tp= req= job= ps=: | tldw_Server_API.app.core.MCP_unified.modules.registry:register_module:156 - Registering module: cooking
2026-09-15 19:26:22.012 | INFO     | trace= span= tp= req= job= ps=: | tldw_Server_API.app.core.MCP_unified.modules.base:__init__:371 - Module created: Cooking v1.0.0
2026-09-15 19:26:22.012 | INFO     | trace= span= tp= req= job= ps=: | tldw_Server_API.app.core.MCP_unified.modules.base:initialize:390 - Initializing module: Cooking
2026-09-15 19:26:22.013 | INFO     | trace= span= tp= req= job= ps=: | tldw_Server_API.app.core.MCP_unified.modules.base:initialize:405 - Module initialized successfully: Cooking
2026-09-15 19:26:22.013 | INFO     | trace= span= tp= req= job= ps=: | tldw_Server_API.app.core.MCP_unified.modules.registry:_initialize_module:201 - Module cooking initialized successfully
2026-09-15 19:26:22.013 | INFO     | trace= span= tp= req= job= ps=: | tldw_Server_API.app.core.MCP_unified.server:_register_default_modules:1260 - Registered MCP module: cooking (tldw_Server_API.app.core.MCP_unified.modules.implementations.cooking_module:CookingModule)
2026-09-15 19:26:22.014 | INFO     | trace= span= tp= req= job= ps=: | tldw_Server_API.app.core.MCP_unified.server:_register_default_modules:1229 - Skipping disabled module: persona_visuals
2026-09-15 19:26:22.014 | INFO     | trace= span= tp= req= job= ps=: | tldw_Server_API.app.core.MCP_unified.server:_register_default_modules:1229 - Skipping disabled module: filesystem
2026-09-15 19:26:22.014 | INFO     | trace= span= tp= req= job= ps=: | tldw_Server_API.app.core.MCP_unified.server:_register_default_modules:1229 - Skipping disabled module: codegraph
2026-09-15 19:26:22.015 | INFO     | trace= span= tp= req= job= ps=: | tldw_Server_API.app.core.MCP_unified.modules.registry:register_module:156 - Registering module: knowledge
2026-09-15 19:26:22.016 | INFO     | trace= span= tp= req= job= ps=: | tldw_Server_API.app.core.MCP_unified.modules.base:__init__:371 - Module created: Knowledge v1.0.0
2026-09-15 19:26:22.016 | INFO     | trace= span= tp= req= job= ps=: | tldw_Server_API.app.core.MCP_unified.modules.base:initialize:390 - Initializing module: Knowledge
2026-09-15 19:26:22.016 | INFO     | trace= span= tp= req= job= ps=: | tldw_Server_API.app.core.MCP_unified.modules.implementations.knowledge_module:on_initialize:36 - Initializing Knowledge module: Knowledge
2026-09-15 19:26:22.017 | INFO     | trace= span= tp= req= job= ps=: | tldw_Server_API.app.core.MCP_unified.modules.base:initialize:405 - Module initialized successfully: Knowledge
2026-09-15 19:26:22.018 | INFO     | trace= span= tp= req= job= ps=: | tldw_Server_API.app.core.MCP_unified.modules.registry:_initialize_module:201 - Module knowledge initialized successfully
2026-09-15 19:26:22.018 | INFO     | trace= span= tp= req= job= ps=: | tldw_Server_API.app.core.MCP_unified.server:_register_default_modules:1260 - Registered MCP module: knowledge (tldw_Server_API.app.core.MCP_unified.modules.implementations.knowledge_module:KnowledgeModule)
2026-09-15 19:26:22.018 | INFO     | trace= span= tp= req= job= ps=: | tldw_Server_API.app.core.MCP_unified.modules.registry:register_module:156 - Registering module: docs
2026-09-15 19:26:22.019 | INFO     | trace= span= tp= req= job= ps=: | tldw_Server_API.app.core.MCP_unified.modules.base:__init__:371 - Module created: Docs Corpus v0.1.0
2026-09-15 19:26:22.019 | INFO     | trace= span= tp= req= job= ps=: | tldw_Server_API.app.core.MCP_unified.modules.base:initialize:390 - Initializing module: Docs Corpus
2026-09-15 19:26:22.022 | INFO     | trace= span= tp= req= job= ps=: | tldw_Server_API.app.core.MCP_unified.modules.implementations.docs_module:on_initialize:32 - Initialized Docs MCP module with db_path=Databases/mcp_docs.db
2026-09-15 19:26:22.022 | INFO     | trace= span= tp= req= job= ps=: | tldw_Server_API.app.core.MCP_unified.modules.base:initialize:405 - Module initialized successfully: Docs Corpus
2026-09-15 19:26:22.027 | INFO     | trace= span= tp= req= job= ps=: | tldw_Server_API.app.core.MCP_unified.modules.registry:_initialize_module:201 - Module docs initialized successfully
2026-09-15 19:26:22.027 | INFO     | trace= span= tp= req= job= ps=: | tldw_Server_API.app.core.MCP_unified.server:_register_default_modules:1260 - Registered MCP module: docs (tldw_Server_API.app.core.MCP_unified.modules.implementations.docs_module:DocsModule)
2026-09-15 19:26:22.028 | INFO     | trace= span= tp= req= job= ps=: | tldw_Server_API.app.core.MCP_unified.modules.registry:register_module:156 - Registering module: rag
2026-09-15 19:26:22.028 | INFO     | trace= span= tp= req= job= ps=: | tldw_Server_API.app.core.MCP_unified.modules.base:__init__:371 - Module created: RAG v1.0.0
2026-09-15 19:26:22.029 | INFO     | trace= span= tp= req= job= ps=: | tldw_Server_API.app.core.MCP_unified.modules.base:initialize:390 - Initializing module: RAG
2026-09-15 19:26:22.029 | INFO     | trace= span= tp= req= job= ps=: | tldw_Server_API.app.core.MCP_unified.modules.base:initialize:405 - Module initialized successfully: RAG
2026-09-15 19:26:22.030 | INFO     | trace= span= tp= req= job= ps=: | tldw_Server_API.app.core.MCP_unified.modules.registry:_initialize_module:201 - Module rag initialized successfully
2026-09-15 19:26:22.031 | INFO     | trace= span= tp= req= job= ps=: | tldw_Server_API.app.core.MCP_unified.server:_register_default_modules:1260 - Registered MCP module: rag (tldw_Server_API.app.core.MCP_unified.modules.implementations.rag_module:RagModule)
2026-09-15 19:26:22.031 | INFO     | trace= span= tp= req= job= ps=: | tldw_Server_API.app.core.MCP_unified.server:_register_default_modules:1229 - Skipping disabled module: run_command
2026-09-15 19:26:22.031 | INFO     | trace= span= tp= req= job= ps=: | tldw_Server_API.app.core.MCP_unified.modules.registry:register_module:156 - Registering module: kanban
2026-09-15 19:26:22.032 | INFO     | trace= span= tp= req= job= ps=: | tldw_Server_API.app.core.MCP_unified.modules.base:__init__:371 - Module created: Kanban v1.0.0
2026-09-15 19:26:22.032 | INFO     | trace= span= tp= req= job= ps=: | tldw_Server_API.app.core.MCP_unified.modules.base:initialize:390 - Initializing module: Kanban
2026-09-15 19:26:22.033 | INFO     | trace= span= tp= req= job= ps=: | tldw_Server_API.app.core.MCP_unified.modules.implementations.kanban_module:on_initialize:86 - Initializing Kanban module: Kanban
2026-09-15 19:26:22.033 | INFO     | trace= span= tp= req= job= ps=: | tldw_Server_API.app.core.MCP_unified.modules.base:initialize:405 - Module initialized successfully: Kanban
2026-09-15 19:26:22.046 | INFO     | trace= span= tp= req= job= ps=: | tldw_Server_API.app.core.MCP_unified.modules.registry:_initialize_module:201 - Module kanban initialized successfully
2026-09-15 19:26:22.046 | INFO     | trace= span= tp= req= job= ps=: | tldw_Server_API.app.core.MCP_unified.server:_register_default_modules:1260 - Registered MCP module: kanban (tldw_Server_API.app.core.MCP_unified.modules.implementations.kanban_module:KanbanModule)
2026-09-15 19:26:22.046 | INFO     | trace= span= tp= req= job= ps=: | tldw_Server_API.app.core.MCP_unified.modules.registry:register_module:156 - Registering module: quizzes
2026-09-15 19:26:22.047 | INFO     | trace= span= tp= req= job= ps=: | tldw_Server_API.app.core.MCP_unified.modules.base:__init__:371 - Module created: Quizzes v1.0.0
2026-09-15 19:26:22.047 | INFO     | trace= span= tp= req= job= ps=: | tldw_Server_API.app.core.MCP_unified.modules.base:initialize:390 - Initializing module: Quizzes
2026-09-15 19:26:22.048 | INFO     | trace= span= tp= req= job= ps=: | tldw_Server_API.app.core.MCP_unified.modules.implementations.quizzes_module:on_initialize:46 - Initializing Quizzes module: Quizzes
2026-09-15 19:26:22.048 | INFO     | trace= span= tp= req= job= ps=: | tldw_Server_API.app.core.MCP_unified.modules.base:initialize:405 - Module initialized successfully: Quizzes
2026-09-15 19:26:22.052 | INFO     | trace= span= tp= req= job= ps=: | tldw_Server_API.app.core.MCP_unified.modules.registry:_initialize_module:201 - Module quizzes initialized successfully
2026-09-15 19:26:22.053 | INFO     | trace= span= tp= req= job= ps=: | tldw_Server_API.app.core.MCP_unified.server:_register_default_modules:1260 - Registered MCP module: quizzes (tldw_Server_API.app.core.MCP_unified.modules.implementations.quizzes_module:QuizzesModule)
2026-09-15 19:26:22.053 | INFO     | trace= span= tp= req= job= ps=: | tldw_Server_API.app.core.MCP_unified.modules.registry:register_module:156 - Registering module: flashcards
2026-09-15 19:26:22.054 | INFO     | trace= span= tp= req= job= ps=: | tldw_Server_API.app.core.MCP_unified.modules.base:__init__:371 - Module created: Flashcards v1.0.0
2026-09-15 19:26:22.054 | INFO     | trace= span= tp= req= job= ps=: | tldw_Server_API.app.core.MCP_unified.modules.base:initialize:390 - Initializing module: Flashcards
2026-09-15 19:26:22.054 | INFO     | trace= span= tp= req= job= ps=: | tldw_Server_API.app.core.MCP_unified.modules.implementations.flashcards_module:on_initialize:49 - Initializing Flashcards module: Flashcards
2026-09-15 19:26:22.055 | INFO     | trace= span= tp= req= job= ps=: | tldw_Server_API.app.core.MCP_unified.modules.base:initialize:405 - Module initialized successfully: Flashcards
2026-09-15 19:26:22.059 | INFO     | trace= span= tp= req= job= ps=: | tldw_Server_API.app.core.MCP_unified.modules.registry:_initialize_module:201 - Module flashcards initialized successfully
2026-09-15 19:26:22.059 | INFO     | trace= span= tp= req= job= ps=: | tldw_Server_API.app.core.MCP_unified.server:_register_default_modules:1260 - Registered MCP module: flashcards (tldw_Server_API.app.core.MCP_unified.modules.implementations.flashcards_module:FlashcardsModule)
2026-09-15 19:26:22.060 | INFO     | trace= span= tp= req= job= ps=: | tldw_Server_API.app.core.MCP_unified.modules.registry:register_module:156 - Registering module: slides
2026-09-15 19:26:22.060 | INFO     | trace= span= tp= req= job= ps=: | tldw_Server_API.app.core.MCP_unified.modules.base:__init__:371 - Module created: Slides v1.0.0
2026-09-15 19:26:22.061 | INFO     | trace= span= tp= req= job= ps=: | tldw_Server_API.app.core.MCP_unified.modules.base:initialize:390 - Initializing module: Slides
2026-09-15 19:26:22.061 | INFO     | trace= span= tp= req= job= ps=: | tldw_Server_API.app.core.MCP_unified.modules.implementations.slides_module:on_initialize:63 - Initializing Slides module: Slides
2026-09-15 19:26:22.061 | INFO     | trace= span= tp= req= job= ps=: | tldw_Server_API.app.core.MCP_unified.modules.base:initialize:405 - Module initialized successfully: Slides
2026-09-15 19:26:22.067 | INFO     | trace= span= tp= req= job= ps=: | tldw_Server_API.app.core.MCP_unified.modules.registry:_initialize_module:201 - Module slides initialized successfully
2026-09-15 19:26:22.067 | INFO     | trace= span= tp= req= job= ps=: | tldw_Server_API.app.core.MCP_unified.server:_register_default_modules:1260 - Registered MCP module: slides (tldw_Server_API.app.core.MCP_unified.modules.implementations.slides_module:SlidesModule)
2026-09-15 19:26:22.077 | INFO     | trace= span= tp= req= job= ps=: | tldw_Server_API.app.core.MCP_unified.server:initialize:755 - MCP Server initialized successfully
2026-09-15 19:26:22.078 | INFO     | trace= span= tp= req= job= ps=: | tldw_Server_API.app.services.startup_heavy_init:_init_mcp_server:167 - App Startup: MCP Unified server initialized successfully
2026-09-15 19:26:22.115 | INFO     | trace= span= tp= req= job= ps=: | tldw_Server_API.app.services.startup_heavy_init:_init_provider_manager:194 - App Startup: Provider manager initialized with 124 providers
2026-09-15 19:26:22.115 | INFO     | trace= span= tp= req= job= ps=: | tldw_Server_API.app.services.startup_heavy_init:_init_request_queue:236 - App Startup: Request queue disabled (QUEUED_EXECUTION is off)
2026-09-15 19:26:22.115 | INFO     | trace= span= tp= req= job= ps=: | tldw_Server_API.app.services.startup_heavy_init:_init_rate_limiter:270 - App Startup: Rate limiter initialized
2026-09-15 19:26:22.116 | INFO     | trace= span= tp= req= job= ps=: | tldw_Server_API.app.core.TTS.voice_manager:start_background_tasks:1562 - Voice manager background tasks started
2026-09-15 19:26:22.116 | INFO     | trace= span= tp= req= job= ps=: | tldw_Server_API.app.core.TTS.voice_manager:init_voice_manager:1615 - Voice manager initialized
2026-09-15 19:26:22.116 | INFO     | trace= span= tp= req= job= ps=: | tldw_Server_API.app.services.startup_heavy_init:_init_tts_service:289 - App Startup: TTS service initialized successfully
2026-09-15 19:26:22.117 | INFO     | trace= span= tp= req= job= ps=: | tldw_Server_API.app.core.DB_Management.media_db.runtime.bootstrap_lifecycle_ops:initialize_media_database:79 - Initializing Database object for path: /private/var/folders/sn/m80n2j152t9gw3w8qwk2nykh0000gn/T/pytest-of-macbook-dev/pytest-11752/test_saved_turn_acknowledges_e1/user_dbs/1/Media_DB_v2.db [Client ID: system]
2026-09-15 19:26:22.119 | INFO     | trace= span= tp= req= job= ps=: | tldw_Server_API.app.core.DB_Management.media_db.schema.backends.sqlite_helpers:bootstrap_sqlite_schema:223 - Checking DB schema. Current version: 0. Code supports: 26
2026-09-15 19:26:22.119 | INFO     | trace= span= tp= req= job= ps=: | tldw_Server_API.app.core.DB_Management.media_db.schema.features.core_media:apply_sqlite_core_media_schema:276 - Applying initial schema (Version 1) to DB: /private/var/folders/sn/m80n2j152t9gw3w8qwk2nykh0000gn/T/pytest-of-macbook-dev/pytest-11752/test_saved_turn_acknowledges_e1/user_dbs/1/Media_DB_v2.db...
2026-09-15 19:26:22.143 | INFO     | trace= span= tp= req= job= ps=: | tldw_Server_API.app.core.DB_Management.media_db.schema.features.core_media:apply_sqlite_core_media_schema:302 - [Schema V1] Core Schema V1 (incl. version update) applied successfully for DB: /private/var/folders/sn/m80n2j152t9gw3w8qwk2nykh0000gn/T/pytest-of-macbook-dev/pytest-11752/test_saved_turn_acknowledges_e1/user_dbs/1/Media_DB_v2.db.
2026-09-15 19:26:22.145 | INFO     | trace= span= tp= req= job= ps=: | tldw_Server_API.app.core.DB_Management.media_db.schema.features.core_media:apply_sqlite_core_media_schema:310 - [Schema V1] FTS Tables created successfully.
2026-09-15 19:26:22.147 | INFO     | trace= span= tp= req= job= ps=: | tldw_Server_API.app.core.DB_Management.media_db.schema.backends.sqlite_helpers:bootstrap_sqlite_schema:267 - Database schema initialized to version 26.
2026-09-15 19:26:22.148 | INFO     | trace= span= tp= req= job= ps=: | tldw_Server_API.app.core.Chunking.template_initialization:_append_template:90 - Loaded template: transcript_dialogue from pkg:transcript_dialogue.json
2026-09-15 19:26:22.148 | INFO     | trace= span= tp= req= job= ps=: | tldw_Server_API.app.core.Chunking.template_initialization:_append_template:90 - Loaded template: legal_document from pkg:legal_document.json
2026-09-15 19:26:22.149 | INFO     | trace= span= tp= req= job= ps=: | tldw_Server_API.app.core.Chunking.template_initialization:_append_template:90 - Loaded template: chat_conversation from pkg:chat_conversation.json
2026-09-15 19:26:22.149 | INFO     | trace= span= tp= req= job= ps=: | tldw_Server_API.app.core.Chunking.template_initialization:_append_template:90 - Loaded template: code_documentation from pkg:code_documentation.json
2026-09-15 19:26:22.149 | INFO     | trace= span= tp= req= job= ps=: | tldw_Server_API.app.core.Chunking.template_initialization:_append_template:90 - Loaded template: book_chapters from pkg:book_chapters.json
2026-09-15 19:26:22.150 | INFO     | trace= span= tp= req= job= ps=: | tldw_Server_API.app.core.Chunking.template_initialization:_append_template:90 - Loaded template: academic_paper from pkg:academic_paper.json
2026-09-15 19:26:22.154 | INFO     | trace= span= tp= req= job= ps=: | tldw_Server_API.app.core.DB_Management.media_db.runtime.chunk_template_ops:create_chunking_template:97 - Created chunking template 'transcript_dialogue' with UUID 73997e79-e367-41be-87c5-c8b0d01e60b4
2026-09-15 19:26:22.154 | INFO     | trace= span= tp= req= job= ps=: | tldw_Server_API.app.core.DB_Management.media_db.api:seed_builtin_templates:1065 - Seeded built-in template: transcript_dialogue
2026-09-15 19:26:22.158 | INFO     | trace= span= tp= req= job= ps=: | tldw_Server_API.app.core.DB_Management.media_db.runtime.chunk_template_ops:create_chunking_template:97 - Created chunking template 'legal_document' with UUID 7de4ac7d-e6d9-4b97-a9e8-c2c087f3b7df
2026-09-15 19:26:22.158 | INFO     | trace= span= tp= req= job= ps=: | tldw_Server_API.app.core.DB_Management.media_db.api:seed_builtin_templates:1065 - Seeded built-in template: legal_document
2026-09-15 19:26:22.162 | INFO     | trace= span= tp= req= job= ps=: | tldw_Server_API.app.core.DB_Management.media_db.runtime.chunk_template_ops:create_chunking_template:97 - Created chunking template 'chat_conversation' with UUID ddbe890e-5745-4352-804e-6ef0d6712eb4
2026-09-15 19:26:22.163 | INFO     | trace= span= tp= req= job= ps=: | tldw_Server_API.app.core.DB_Management.media_db.api:seed_builtin_templates:1065 - Seeded built-in template: chat_conversation
2026-09-15 19:26:22.166 | INFO     | trace= span= tp= req= job= ps=: | tldw_Server_API.app.core.DB_Management.media_db.runtime.chunk_template_ops:create_chunking_template:97 - Created chunking template 'code_documentation' with UUID b3e95dbc-5d8f-4ec0-b781-8277796dfc76
2026-09-15 19:26:22.167 | INFO     | trace= span= tp= req= job= ps=: | tldw_Server_API.app.core.DB_Management.media_db.api:seed_builtin_templates:1065 - Seeded built-in template: code_documentation
2026-09-15 19:26:22.170 | INFO     | trace= span= tp= req= job= ps=: | tldw_Server_API.app.core.DB_Management.media_db.runtime.chunk_template_ops:create_chunking_template:97 - Created chunking template 'book_chapters' with UUID 2e02b122-c4bb-4d90-a0b8-72dd06cd40ca
2026-09-15 19:26:22.171 | INFO     | trace= span= tp= req= job= ps=: | tldw_Server_API.app.core.DB_Management.media_db.api:seed_builtin_templates:1065 - Seeded built-in template: book_chapters
2026-09-15 19:26:22.175 | INFO     | trace= span= tp= req= job= ps=: | tldw_Server_API.app.core.DB_Management.media_db.runtime.chunk_template_ops:create_chunking_template:97 - Created chunking template 'academic_paper' with UUID ebf52c67-c214-4380-9aff-de4bafc58a91
2026-09-15 19:26:22.175 | INFO     | trace= span= tp= req= job= ps=: | tldw_Server_API.app.core.DB_Management.media_db.api:seed_builtin_templates:1065 - Seeded built-in template: academic_paper
2026-09-15 19:26:22.175 | INFO     | trace= span= tp= req= job= ps=: | tldw_Server_API.app.core.Chunking.template_initialization:initialize_chunking_templates:268 - Successfully seeded 6 built-in templates into database
2026-09-15 19:26:22.175 | INFO     | trace= span= tp= req= job= ps=: | tldw_Server_API.app.core.Chunking.template_initialization:ensure_templates_initialized:346 - Initialized 6 chunking templates on startup
2026-09-15 19:26:22.176 | INFO     | trace= span= tp= req= job= ps=: | tldw_Server_API.app.services.startup_heavy_init:_init_chunking_templates:308 - App Startup: Chunking templates initialized successfully
2026-09-15 19:26:22.178 | WARNING  | trace= span= tp= req= job= ps=: | tldw_Server_API.app.services.startup_context_integrity:produce_context_integrity_startup_warnings:444 - Context integrity startup finding: new_unapproved prompt_file:README.md
2026-09-15 19:26:22.178 | WARNING  | trace= span= tp= req= job= ps=: | tldw_Server_API.app.services.startup_context_integrity:produce_context_integrity_startup_warnings:444 - Context integrity startup finding: new_unapproved prompt_file:audio.prompts.md
2026-09-15 19:26:22.178 | WARNING  | trace= span= tp= req= job= ps=: | tldw_Server_API.app.services.startup_context_integrity:produce_context_integrity_startup_warnings:444 - Context integrity startup finding: new_unapproved prompt_file:audio.prompts.yaml
2026-09-15 19:26:22.178 | WARNING  | trace= span= tp= req= job= ps=: | tldw_Server_API.app.services.startup_context_integrity:produce_context_integrity_startup_warnings:444 - Context integrity startup finding: new_unapproved prompt_file:chat.prompts.md
2026-09-15 19:26:22.179 | WARNING  | trace= span= tp= req= job= ps=: | tldw_Server_API.app.services.startup_context_integrity:produce_context_integrity_startup_warnings:444 - Context integrity startup finding: new_unapproved prompt_file:chat.prompts.yaml
2026-09-15 19:26:22.179 | WARNING  | trace= span= tp= req= job= ps=: | tldw_Server_API.app.services.startup_context_integrity:produce_context_integrity_startup_warnings:444 - Context integrity startup finding: new_unapproved prompt_file:chunking.prompts.md
2026-09-15 19:26:22.179 | WARNING  | trace= span= tp= req= job= ps=: | tldw_Server_API.app.services.startup_context_integrity:produce_context_integrity_startup_warnings:444 - Context integrity startup finding: new_unapproved prompt_file:chunking.prompts.yaml
2026-09-15 19:26:22.180 | WARNING  | trace= span= tp= req= job= ps=: | tldw_Server_API.app.services.startup_context_integrity:produce_context_integrity_startup_warnings:444 - Context integrity startup finding: new_unapproved prompt_file:document.prompts.yaml
2026-09-15 19:26:22.180 | WARNING  | trace= span= tp= req= job= ps=: | tldw_Server_API.app.services.startup_context_integrity:produce_context_integrity_startup_warnings:444 - Context integrity startup finding: new_unapproved prompt_file:embeddings.prompts.md
2026-09-15 19:26:22.180 | WARNING  | trace= span= tp= req= job= ps=: | tldw_Server_API.app.services.startup_context_integrity:produce_context_integrity_startup_warnings:444 - Context integrity startup finding: new_unapproved prompt_file:embeddings.prompts.yaml
2026-09-15 19:26:22.181 | WARNING  | trace= span= tp= req= job= ps=: | tldw_Server_API.app.services.startup_context_integrity:produce_context_integrity_startup_warnings:444 - Context integrity startup finding: new_unapproved prompt_file:evals.prompts.md
2026-09-15 19:26:22.181 | WARNING  | trace= span= tp= req= job= ps=: | tldw_Server_API.app.services.startup_context_integrity:produce_context_integrity_startup_warnings:444 - Context integrity startup finding: new_unapproved prompt_file:ingestion.prompts.md
2026-09-15 19:26:22.181 | WARNING  | trace= span= tp= req= job= ps=: | tldw_Server_API.app.services.startup_context_integrity:produce_context_integrity_startup_warnings:444 - Context integrity startup finding: new_unapproved prompt_file:ingestion.prompts.yaml
2026-09-15 19:26:22.182 | WARNING  | trace= span= tp= req= job= ps=: | tldw_Server_API.app.services.startup_context_integrity:produce_context_integrity_startup_warnings:444 - Context integrity startup finding: new_unapproved prompt_file:mcp.prompts.md
2026-09-15 19:26:22.182 | WARNING  | trace= span= tp= req= job= ps=: | tldw_Server_API.app.services.startup_context_integrity:produce_context_integrity_startup_warnings:444 - Context integrity startup finding: new_unapproved prompt_file:rag.prompts.md
2026-09-15 19:26:22.182 | WARNING  | trace= span= tp= req= job= ps=: | tldw_Server_API.app.services.startup_context_integrity:produce_context_integrity_startup_warnings:444 - Context integrity startup finding: new_unapproved prompt_file:rag.prompts.yaml
2026-09-15 19:26:22.183 | WARNING  | trace= span= tp= req= job= ps=: | tldw_Server_API.app.services.startup_context_integrity:produce_context_integrity_startup_warnings:444 - Context integrity startup finding: new_unapproved prompt_file:slides.prompts.md
2026-09-15 19:26:22.183 | WARNING  | trace= span= tp= req= job= ps=: | tldw_Server_API.app.services.startup_context_integrity:produce_context_integrity_startup_warnings:444 - Context integrity startup finding: new_unapproved prompt_file:summarization.prompts.yaml
2026-09-15 19:26:22.183 | WARNING  | trace= span= tp= req= job= ps=: | tldw_Server_API.app.services.startup_context_integrity:produce_context_integrity_startup_warnings:444 - Context integrity startup finding: new_unapproved prompt_file:webscraping.prompts.yaml
2026-09-15 19:26:22.184 | WARNING  | trace= span= tp= req= job= ps=: | tldw_Server_API.app.services.startup_context_integrity:produce_context_integrity_startup_warnings:444 - Context integrity startup finding: degraded_integrity manifest:none
2026-09-15 19:26:22.184 | INFO     | trace= span= tp= req= job= ps=: | tldw_Server_API.app.services.core_jobs_worker:run_chatbooks_core_jobs_worker:81 - Starting Core Jobs worker for Chatbooks domain
2026-09-15 19:26:22.187 | INFO     | trace= span= tp= req= job= ps=: | tldw_Server_API.app.core.Jobs.migrations:ensure_jobs_tables:1505 - Ensured Jobs schema at /Users/macbook-dev/Documents/GitHub/tldw_server2/Databases/jobs.db
2026-09-15 19:26:22.187 | INFO     | trace= span= tp= req= job= ps=: | tldw_Server_API.app.core.Jobs.manager:acquire_next_job:6185 - [JM TEST] acquire_next_job enter backend=sqlite domain=chatbooks queue=default job_type=None owner=None gate=False db=/Users/macbook-dev/Documents/GitHub/tldw_server2/Databases/jobs.db
2026-09-15 19:26:22.188 | INFO     | trace= span= tp= req= job= ps=: | tldw_Server_API.app.core.Jobs.manager:acquire_next_job:6196 - [JM TEST] queue flags paused=False drain=False
2026-09-15 19:26:22.189 | INFO     | trace= span= tp= req= job= ps=: | tldw_Server_API.app.core.Jobs.manager:acquire_next_job:6209 - [JM TEST] inflight quota=0 owner=None
2026-09-15 19:26:22.192 | INFO     | trace= span= tp= req= job= ps=: | tldw_Server_API.app.core.Jobs.migrations:ensure_jobs_tables:1505 - Ensured Jobs schema at /Users/macbook-dev/Documents/GitHub/tldw_server2/Databases/jobs.db
2026-09-15 19:26:22.193 | INFO     | trace= span= tp= req= job= ps=: | tldw_Server_API.app.core.Sharing.shared_workspace_clone_jobs_worker:run_shared_workspace_clone_jobs_worker:1580 - Shared Workspace clone Jobs worker starting
2026-09-15 19:26:22.193 | INFO     | trace= span= tp= req= job= ps=: | tldw_Server_API.app.core.Jobs.manager:acquire_next_job:6185 - [JM TEST] acquire_next_job enter backend=sqlite domain=sharing queue=workspace-clone job_type=workspace_clone owner=None gate=False db=/Users/macbook-dev/Documents/GitHub/tldw_server2/Databases/jobs.db
2026-09-15 19:26:22.194 | INFO     | trace= span= tp= req= job= ps=: | tldw_Server_API.app.core.Jobs.manager:acquire_next_job:6196 - [JM TEST] queue flags paused=False drain=False
2026-09-15 19:26:22.195 | INFO     | trace= span= tp= req= job= ps=: | tldw_Server_API.app.core.Jobs.manager:acquire_next_job:6209 - [JM TEST] inflight quota=0 owner=None
2026-09-15 19:26:22.200 | INFO     | trace= span= tp= req= job= ps=: | tldw_Server_API.app.core.Jobs.migrations:ensure_jobs_tables:1505 - Ensured Jobs schema at /Users/macbook-dev/Documents/GitHub/tldw_server2/Databases/jobs.db
2026-09-15 19:26:22.201 | WARNING  | trace= span= tp= req= job= ps=: | tldw_Server_API.app.services.startup_content_jobs_pollers:_build_standalone_html_generation_runtime:1520 - Standalone HTML generation remains closed; error_type=DigestKeyConfigError
2026-09-15 19:26:22.204 | INFO     | trace= span= tp= req= job= ps=: | tldw_Server_API.app.core.Jobs.migrations:ensure_jobs_tables:1505 - Ensured Jobs schema at /Users/macbook-dev/Documents/GitHub/tldw_server2/Databases/jobs.db
2026-09-15 19:26:22.204 | INFO     | trace= span= tp= req= job= ps=: | tldw_Server_API.app.services.jobs_notifications_service:run_forever:254 - Starting Jobs Notifications bridge service
2026-09-15 19:26:22.220 | WARNING  | trace= span= tp= req= job= ps=: | tldw_Server_API.app.services.jobs_notifications_service:process_event:104 - jobs_notifications_bridge: unresolved owner, skipping event_id=12 type=job.completed
2026-09-15 19:26:22.221 | WARNING  | trace= span= tp= req= job= ps=: | tldw_Server_API.app.services.jobs_notifications_service:process_event:104 - jobs_notifications_bridge: unresolved owner, skipping event_id=19 type=job.completed
2026-09-15 19:26:22.221 | WARNING  | trace= span= tp= req= job= ps=: | tldw_Server_API.app.services.jobs_notifications_service:process_event:104 - jobs_notifications_bridge: unresolved owner, skipping event_id=127 type=job.completed
2026-09-15 19:26:22.221 | WARNING  | trace= span= tp= req= job= ps=: | tldw_Server_API.app.services.jobs_notifications_service:process_event:104 - jobs_notifications_bridge: unresolved owner, skipping event_id=129 type=job.completed
2026-09-15 19:26:22.325 | WARNING  | trace= span= tp= req= job= ps=: | tldw_Server_API.app.services.jobs_notifications_service:process_event:104 - jobs_notifications_bridge: unresolved owner, skipping event_id=271 type=job.completed
2026-09-15 19:26:22.432 | INFO     | trace= span= tp= req= job= ps=: | tldw_Server_API.app.services.llm_usage_aggregator:_aggregator_loop:90 - Starting LLM usage aggregator task (interval: 60 min)
2026-09-15 19:26:22.433 | INFO     | trace= span= tp= req= job= ps=: | tldw_Server_API.app.services.startup_infra_services:_maybe_ensure_pg_rls:128 - PG RLS auto-ensure disabled (set RAG_ENSURE_PG_RLS=true to enable)
2026-09-15 19:26:22.433 | INFO     | trace= span= tp= req= job= ps=: | tldw_Server_API.app.services.startup_environment_reporting:_log_startup_banner:48 - ============================================================
2026-09-15 19:26:22.434 | INFO     | trace= span= tp= req= job= ps=: | tldw_Server_API.app.services.startup_environment_reporting:_log_startup_banner:49 - 🚀 TLDW Server Started Successfully
2026-09-15 19:26:22.434 | INFO     | trace= span= tp= req= job= ps=: | tldw_Server_API.app.services.startup_environment_reporting:_log_startup_banner:50 - ============================================================
2026-09-15 19:26:22.434 | INFO     | trace= span= tp= req= job= ps=: | tldw_Server_API.app.services.startup_environment_reporting:_log_startup_banner:53 - 🔐 Authentication Mode: SINGLE USER
2026-09-15 19:26:22.435 | INFO     | trace= span= tp= req= job= ps=: | tldw_Server_API.app.services.startup_environment_reporting:_log_startup_banner:58 - 🔑 API Key: test...2345 (masked; set SHOW_API_KEY_ON_STARTUP=true to display once)
2026-09-15 19:26:22.435 | INFO     | trace= span= tp= req= job= ps=: | tldw_Server_API.app.services.startup_environment_reporting:_log_startup_banner:59 - ============================================================
2026-09-15 19:26:22.435 | INFO     | trace= span= tp= req= job= ps=: | tldw_Server_API.app.services.startup_environment_reporting:_log_startup_banner:60 - Use this API key in the X-API-KEY header for requests
2026-09-15 19:26:22.436 | INFO     | trace= span= tp= req= job= ps=: | tldw_Server_API.app.services.startup_environment_reporting:_log_startup_banner:74 - 📍 API Documentation: http://127.0.0.1:8000/docs
2026-09-15 19:26:22.436 | INFO     | trace= span= tp= req= job= ps=: | tldw_Server_API.app.services.startup_environment_reporting:_log_startup_banner:75 - 🧭 Quickstart: http://127.0.0.1:8000/api/v1/config/quickstart
2026-09-15 19:26:22.436 | INFO     | trace= span= tp= req= job= ps=: | tldw_Server_API.app.services.startup_environment_reporting:_log_startup_banner:76 - 🛠 Setup UI: http://127.0.0.1:8000/setup (if required)
2026-09-15 19:26:22.437 | INFO     | trace= span= tp= req= job= ps=: | tldw_Server_API.app.services.startup_environment_reporting:_log_startup_banner:77 - ============================================================
2026-09-15 19:26:22.437 | INFO     | trace= span= tp= req= job= ps=: | tldw_Server_API.app.services.startup_environment_reporting:_log_preflight_environment_report:119 - Preflight Environment Report ─────────────────────────────────────────
2026-09-15 19:26:22.437 | INFO     | trace= span= tp= req= job= ps=: | tldw_Server_API.app.services.startup_environment_reporting:_log_preflight_environment_report:120 - • Mode: single_user | Production: False
2026-09-15 19:26:22.438 | INFO     | trace= span= tp= req= job= ps=: | tldw_Server_API.app.services.startup_environment_reporting:_log_preflight_environment_report:121 - • Database: engine=sqlite
2026-09-15 19:26:22.438 | INFO     | trace= span= tp= req= job= ps=: | tldw_Server_API.app.services.startup_environment_reporting:_log_preflight_environment_report:128 - • Database check: OK
2026-09-15 19:26:22.438 | INFO     | trace= span= tp= req= job= ps=: | tldw_Server_API.app.services.startup_environment_reporting:_log_preflight_environment_report:129 - • Redis: enabled=False
2026-09-15 19:26:22.438 | INFO     | trace= span= tp= req= job= ps=: | tldw_Server_API.app.services.startup_environment_reporting:_log_preflight_environment_report:130 - • CSRF: enabled=False
2026-09-15 19:26:22.439 | INFO     | trace= span= tp= req= job= ps=: | tldw_Server_API.app.services.startup_environment_reporting:_log_preflight_environment_report:134 - • CORS: allowed_origins=4 | allow_credentials=False
2026-09-15 19:26:22.439 | INFO     | trace= span= tp= req= job= ps=: | tldw_Server_API.app.services.startup_environment_reporting:_log_preflight_environment_report:135 - • CORS effective settings: disable=False (source=env) | allow_credentials=False (source=env) | origins=4 (source=env)
2026-09-15 19:26:22.439 | INFO     | trace= span= tp= req= job= ps=: | tldw_Server_API.app.services.startup_environment_reporting:_log_preflight_environment_report:141 - • CORS config file: path=/Users/macbook-dev/Documents/GitHub/tldw_server2/tldw_Server_API/Config_Files/config.txt | loaded=True
2026-09-15 19:26:22.440 | INFO     | trace= span= tp= req= job= ps=: | tldw_Server_API.app.services.startup_environment_reporting:_log_preflight_environment_report:147 - • CORS origins preview: http://localhost:3000, http://127.0.0.1:3000, http://localhost:8080, http://127.0.0.1:8080
2026-09-15 19:26:22.440 | INFO     | trace= span= tp= req= job= ps=: | tldw_Server_API.app.services.startup_environment_reporting:_log_preflight_environment_report:148 - • Global rate limiter: False
2026-09-15 19:26:22.441 | INFO     | trace= span= tp= req= job= ps=: | tldw_Server_API.app.services.startup_environment_reporting:_log_preflight_environment_report:149 - • Providers configured: 124
2026-09-15 19:26:22.441 | INFO     | trace= span= tp= req= job= ps=: | tldw_Server_API.app.services.startup_environment_reporting:_log_preflight_environment_report:150 - • OpenTelemetry available: True
2026-09-15 19:26:22.441 | INFO     | trace= span= tp= req= job= ps=: | tldw_Server_API.app.services.startup_environment_reporting:_log_preflight_environment_report:151 - ──────────────────────────────────────────────────────────────────────
2026-09-15 19:26:22.442 | INFO     | trace= span= tp= req= job= ps=: | tldw_Server_API.app.main:lifespan:1295 - App Startup: Audit service available via dependency injection
2026-09-15 19:26:22.446 | INFO     | trace= span= tp= req= job= ps=: | tldw_Server_API.app.core.config:validate_config:6014 - Config validation passed — no issues found
2026-09-15 19:26:22.446 | INFO     | trace= span= tp= req= job= ps=: | tldw_Server_API.app.api.v1.endpoints.embeddings_v5_production_enhanced:_embeddings_router_lifespan:1334 - Starting embeddings service v5 enhanced (with circuit breaker)
2026-09-15 19:26:22.446 | INFO     | trace= span= tp= req= job= ps=: | tldw_Server_API.app.api.v1.endpoints.embeddings_v5_production_enhanced:_embeddings_router_lifespan:1394 - Embeddings service started successfully
2026-09-15 19:26:22.458 | INFO     | trace= span= tp= req=ebdcf35e-8941-4e19-af5e-ef0627a86c57 job= ps=: | tldw_Server_API.app.core.Logging.access_log_middleware:dispatch:70 - HTTP GET /api/v1/health -> 200 in 10ms
2026-09-15 19:26:22.460 | INFO     | trace= span= tp= req= job= ps=: | httpx._client:_send_handling_redirects:979 - HTTP Request: GET http://testserver/api/v1/health "HTTP/1.1 200 OK"
------------------------------ Captured log setup ------------------------------
DEBUG    root:media_database_impl.py:1910 Started SQLite transaction.
DEBUG    root:media_database_impl.py:1914 Committed SQLite transaction.
DEBUG    root:media_database_impl.py:1910 Started SQLite transaction.
DEBUG    root:media_database_impl.py:1914 Committed SQLite transaction.
DEBUG    root:media_database_impl.py:1910 Started SQLite transaction.
DEBUG    root:media_database_impl.py:1914 Committed SQLite transaction.
DEBUG    root:media_database_impl.py:1910 Started SQLite transaction.
DEBUG    root:media_database_impl.py:1914 Committed SQLite transaction.
DEBUG    root:media_database_impl.py:1910 Started SQLite transaction.
DEBUG    root:media_database_impl.py:1914 Committed SQLite transaction.
DEBUG    root:media_database_impl.py:1910 Started SQLite transaction.
DEBUG    root:media_database_impl.py:1914 Committed SQLite transaction.
DEBUG    root:media_database_impl.py:1910 Started SQLite transaction.
DEBUG    root:media_database_impl.py:1914 Committed SQLite transaction.
----------------------------- Captured stderr call -----------------------------
2026-09-15 19:26:22.462 | INFO     | trace= span= tp= req= job= ps=: | tldw_Server_API.app.core.DB_Management.chacha.conversation_store:add_conversation:483 - Added conversation ID: e9466cf5-8cd9-4002-a1ec-cb4a95b18112.
2026-09-15 19:26:22.480 | WARNING  | trace= span= tp= req= job= ps=: | tldw_Server_API.app.core.AuthNZ.jwt_service:__init__:123 - JWTService initialized in single-user mode - JWT features may not work correctly
2026-09-15 19:26:22.503 | INFO     | trace= span= tp= req= job= ps=: | tldw_Server_API.app.api.v1.API_Deps.Audit_DB_Deps:_get_or_create_audit_service_for_key:715 - No cached audit service found for user_id 1. Initializing.
2026-09-15 19:26:22.504 | INFO     | trace= span= tp= req= job= ps=: | tldw_Server_API.app.api.v1.API_Deps.Audit_DB_Deps:_create_audit_service_for_user:653 - Creating audit service for user 1 at path: /private/var/folders/sn/m80n2j152t9gw3w8qwk2nykh0000gn/T/pytest-of-macbook-dev/pytest-11752/test_saved_turn_acknowledges_e1/user_dbs/1/audit/unified_audit.db
2026-09-15 19:26:22.508 | INFO     | trace= span= tp= req= job= ps=: | tldw_Server_API.app.api.v1.API_Deps.Audit_DB_Deps:_create_audit_service_for_user:669 - Audit service initialized successfully for user 1
2026-09-15 19:26:22.508 | INFO     | trace= span= tp= req= job= ps=: | tldw_Server_API.app.api.v1.API_Deps.Audit_DB_Deps:_get_or_create_audit_service_for_key:795 - Audit service created and cached successfully for user 1
2026-09-15 19:26:22.560 | INFO     | trace= span= tp= req= job= ps=: | tldw_Server_API.app.api.v1.endpoints.chat:create_chat_completion:4346 - Chat completion request. Provider=openai, Model=gpt-4, User=1, Stream=False, ConvID=e9466cf5-8cd9-4002-a1ec-cb4a95b18112, CharID=None
2026-09-15 19:26:22.563 | INFO     | trace= span= tp= req= job= ps=: | tldw_Server_API.app.core.Chat.chat_helpers:get_or_create_character_context:196 - Using default character 'Helpful AI Assistant' (ID: 2)
2026-09-15 19:26:22.564 | INFO     | trace= span= tp= req= job= ps=: | tldw_Server_API.app.core.Chat.chat_service:build_context_and_messages:4238 - Loaded 0 historical messages for conv_id 'e9466cf5-8cd9-4002-a1ec-cb4a95b18112'.
2026-09-15 19:26:22.565 | INFO     | trace= span= tp= req= job= ps=: | tldw_Server_API.app.core.DB_Management.chacha.message_store:add_message:253 - Added message ID: 4e42b9b3-67c6-4055-aa72-cade54a788b4 to conversation e9466cf5-8cd9-4002-a1ec-cb4a95b18112 (Images stored: No).
2026-09-15 19:26:22.581 | INFO     | trace= span= tp= req= job= ps=: | tldw_Server_API.app.core.DB_Management.chacha.message_store:add_message:253 - Added message ID: ed72a8e7-c866-4cc1-92c5-7871390dd14b to conversation e9466cf5-8cd9-4002-a1ec-cb4a95b18112 (Images stored: No).
2026-09-15 19:26:22.583 | INFO     | trace= span= tp= req= job= ps=: | tldw_Server_API.app.api.v1.endpoints.chat:create_chat_completion:4909 - Using requested provider openai (health check passed)
2026-09-15 19:26:22.598 | INFO     | trace= span= tp= req= job= ps=: | tldw_Server_API.app.core.DB_Management.chacha.message_store:add_message:253 - Added message ID: 5450fb86-7e08-4f34-947a-01c9837c3dd4 to conversation e9466cf5-8cd9-4002-a1ec-cb4a95b18112 (Images stored: No).
2026-09-15 19:26:22.600 | INFO     | trace= span= tp= req= job= ps=: | tldw_Server_API.app.core.Metrics.metrics_logger:log_histogram:114 - metric
2026-09-15 19:26:22.600 | INFO     | trace= span= tp= req= job= ps=: | tldw_Server_API.app.core.Metrics.metrics_logger:log_histogram:114 - metric
2026-09-15 19:26:22.601 | INFO     | trace= span= tp= req= job= ps=: | tldw_Server_API.app.core.Metrics.metrics_logger:log_histogram:114 - metric
2026-09-15 19:26:22.601 | INFO     | trace= span= tp= req= job= ps=: | tldw_Server_API.app.core.Metrics.metrics_logger:log_counter:99 - metric
2026-09-15 19:26:22.602 | INFO     | trace= span= tp= req=b897a2e5-f0c8-4583-997d-2f0cfee0c333 job= ps=: | tldw_Server_API.app.core.Logging.access_log_middleware:dispatch:70 - HTTP POST /api/v1/chat/completions -> 200 in 139ms
2026-09-15 19:26:22.603 | INFO     | trace= span= tp= req= job= ps=: | httpx._client:_send_handling_redirects:979 - HTTP Request: POST http://testserver/api/v1/chat/completions "HTTP/1.1 200 OK"
--------------------------- Captured stderr teardown ---------------------------
2026-09-15 19:26:22.610 | INFO     | trace= span= tp= req= job= ps=: | tldw_Server_API.app.api.v1.endpoints.embeddings_v5_production_enhanced:_embeddings_router_lifespan:1400 - Shutting down embeddings service
2026-09-15 19:26:22.610 | INFO     | trace= span= tp= req= job= ps=: | tldw_Server_API.app.api.v1.endpoints.embeddings_v5_production_enhanced:_embeddings_router_lifespan:1403 - Embeddings service shutdown complete
2026-09-15 19:26:22.611 | INFO     | trace= span= tp= req= job= ps=: | tldw_Server_API.app.services.shutdown_transition_handoff:shutdown_transition_handoff:46 - App Shutdown: legacy inventory visible=True phase_groups={'transition': ['lifecycle_gate']}
2026-09-15 19:26:22.612 | INFO     | trace= span= tp= req= job= ps=: | tldw_Server_API.app.services.shutdown_transition_handoff:shutdown_transition_handoff:63 - App Shutdown: legacy transition gate handoff executed via coordinator
2026-09-15 19:26:22.612 | INFO     | trace= span= tp= req= job= ps=: | tldw_Server_API.app.services.shutdown_owned_job_pollers:record_shutdown_timing_segment:131 - App Shutdown Timing: segment=transition_handoff duration_ms=1
2026-09-15 19:26:22.614 | INFO     | trace= span= tp= req= job= ps=: | tldw_Server_API.app.core.Jobs.migrations:ensure_jobs_tables:1505 - Ensured Jobs schema at /Users/macbook-dev/Documents/GitHub/tldw_server2/Databases/jobs.db
2026-09-15 19:26:22.615 | INFO     | trace= span= tp= req= job= ps=: | tldw_Server_API.app.services.shutdown_owned_job_pollers:record_shutdown_timing_segment:127 - App Shutdown Timing: segment=optional_lease_wait duration_ms=0 skipped=True initial_active=0 wait_for_leases_sec=0.0
2026-09-15 19:26:22.615 | INFO     | trace= span= tp= req= job= ps=: | tldw_Server_API.app.core.Sharing.shared_workspace_clone_jobs_worker:run_shared_workspace_clone_jobs_worker:1599 - Shared Workspace clone Jobs worker stopped
2026-09-15 19:26:23.095 | INFO     | trace= span= tp= req= job= ps=: | tldw_Server_API.app.api.v1.API_Deps.Audit_DB_Deps:_stop:309 - Audit service for user 1 stopped (removed).
2026-09-15 19:26:23.192 | INFO     | trace= span= tp= req= job= ps=: | tldw_Server_API.app.services.core_jobs_worker:run_chatbooks_core_jobs_worker:88 - Stopping Core Jobs worker on shutdown signal
2026-09-15 19:26:23.192 | INFO     | trace= span= tp= req= job= ps=: | tldw_Server_API.app.services.shutdown_owned_job_pollers:record_shutdown_timing_segment:127 - App Shutdown Timing: segment=job_poller_quiesce duration_ms=577 poller_count=3
2026-09-15 19:26:23.193 | INFO     | trace= span= tp= req= job= ps=: | tldw_Server_API.app.services.shutdown_owned_job_pollers:record_shutdown_timing_segment:131 - App Shutdown Timing: segment=background_worker_shutdown duration_ms=0
2026-09-15 19:26:23.194 | INFO     | trace= span= tp= req= job= ps=: | tldw_Server_API.app.services.shutdown_coordinated_runtime:run_coordinated_shutdown:121 - App Shutdown: legacy coordinator summary components=['transport:prompt_studio.websocket', 'transport:mcp.websocket'] phase_groups={'transition': [], 'acceptors': ['transport:prompt_studio.websocket', 'transport:mcp.websocket'], 'producers': [], 'workers': [], 'resources': [], 'finalizers': []} wall_time_ms=0
2026-09-15 19:26:23.195 | INFO     | trace= span= tp= req= job= ps=: | tldw_Server_API.app.services.shutdown_pre_worker_cleanup:_reset_storage_service_singletons:89 - Storage service singletons reset
2026-09-15 19:26:23.195 | INFO     | trace= span= tp= req= job= ps=: | tldw_Server_API.app.services.shutdown_pre_worker_cleanup:_reset_authnz_rate_limiter_singleton:100 - AuthNZ limiter singletons reset
2026-09-15 19:26:23.195 | INFO     | trace= span= tp= req= job= ps=: | tldw_Server_API.app.services.personalization_consolidation:stop:82 - Personalization consolidation service stopped (scaffold)
2026-09-15 19:26:23.196 | INFO     | trace= span= tp= req= job= ps=: | tldw_Server_API.app.services.shutdown_personalization_consolidation:shutdown_personalization_consolidation:20 - Personalization consolidation service stopped
2026-09-15 19:26:23.196 | INFO     | trace= span= tp= req= job= ps=: | tldw_Server_API.app.services.shutdown_cleanup_timed_segments:shutdown_cleanup_timed_segments:33 - App Shutdown: Cleaning up resources...
2026-09-15 19:26:23.196 | INFO     | trace= span= tp= req= job= ps=: | tldw_Server_API.app.services.shutdown_cleanup_timed_segments:shutdown_cleanup_timed_segments:34 - App Shutdown: Audit services cleanup handled by dependency injection
2026-09-15 19:26:23.197 | INFO     | trace= span= tp= req= job= ps=: | tldw_Server_API.app.services.shutdown_auth_db_pool:shutdown_auth_db_pool:23 - App Shutdown: Skipping DB pool close in test context
2026-09-15 19:26:23.197 | INFO     | trace= span= tp= req= job= ps=: | tldw_Server_API.app.core.AuthNZ.session_manager:shutdown:2046 - SessionManager shutdown complete
2026-09-15 19:26:23.197 | INFO     | trace= span= tp= req= job= ps=: | tldw_Server_API.app.services.shutdown_resource_cleanup:_shutdown_session_manager:81 - App Shutdown: Session manager shutdown
2026-09-15 19:26:23.198 | INFO     | trace= span= tp= req= job= ps=: | tldw_Server_API.app.core.MCP_unified.server:shutdown:885 - Shutting down MCP Server
2026-09-15 19:26:23.198 | INFO     | trace= span= tp= req= job= ps=: | tldw_Server_API.app.core.MCP_unified.modules.registry:shutdown_all:530 - Shutting down all modules
2026-09-15 19:26:23.198 | INFO     | trace= span= tp= req= job= ps=: | tldw_Server_API.app.core.MCP_unified.modules.registry:stop_health_monitoring:125 - Health monitoring stopped
2026-09-15 19:26:23.199 | INFO     | trace= span= tp= req= job= ps=: | tldw_Server_API.app.core.MCP_unified.modules.base:shutdown:432 - Shutting down module: Media
2026-09-15 19:26:23.199 | INFO     | trace= span= tp= req= job= ps=: | tldw_Server_API.app.core.MCP_unified.modules.implementations.media_module:on_shutdown:160 - Media module shutdown complete
2026-09-15 19:26:23.199 | INFO     | trace= span= tp= req= job= ps=: | tldw_Server_API.app.core.MCP_unified.modules.base:shutdown:447 - Module shut down successfully: Media
2026-09-15 19:26:23.200 | INFO     | trace= span= tp= req= job= ps=: | tldw_Server_API.app.core.MCP_unified.modules.base:shutdown:432 - Shutting down module: Template
2026-09-15 19:26:23.200 | INFO     | trace= span= tp= req= job= ps=: | tldw_Server_API.app.core.MCP_unified.modules.implementations.template_module:on_shutdown:23 - Shutting down module: Template
2026-09-15 19:26:23.200 | INFO     | trace= span= tp= req= job= ps=: | tldw_Server_API.app.core.MCP_unified.modules.base:shutdown:447 - Module shut down successfully: Template
2026-09-15 19:26:23.201 | INFO     | trace= span= tp= req= job= ps=: | tldw_Server_API.app.core.MCP_unified.modules.base:shutdown:432 - Shutting down module: MCP Discovery
2026-09-15 19:26:23.201 | INFO     | trace= span= tp= req= job= ps=: | tldw_Server_API.app.core.MCP_unified.modules.implementations.mcp_discovery_module:on_shutdown:30 - Shutting down MCP discovery module: MCP Discovery
2026-09-15 19:26:23.201 | INFO     | trace= span= tp= req= job= ps=: | tldw_Server_API.app.core.MCP_unified.modules.base:shutdown:447 - Module shut down successfully: MCP Discovery
2026-09-15 19:26:23.202 | INFO     | trace= span= tp= req= job= ps=: | tldw_Server_API.app.core.MCP_unified.modules.base:shutdown:432 - Shutting down module: Governance
2026-09-15 19:26:23.202 | INFO     | trace= span= tp= req= job= ps=: | tldw_Server_API.app.core.MCP_unified.modules.implementations.governance_module:on_shutdown:36 - Shutting down Governance module: Governance
2026-09-15 19:26:23.202 | INFO     | trace= span= tp= req= job= ps=: | tldw_Server_API.app.core.MCP_unified.modules.base:shutdown:447 - Module shut down successfully: Governance
2026-09-15 19:26:23.202 | INFO     | trace= span= tp= req= job= ps=: | tldw_Server_API.app.core.MCP_unified.modules.base:shutdown:432 - Shutting down module: Notes
2026-09-15 19:26:23.203 | INFO     | trace= span= tp= req= job= ps=: | tldw_Server_API.app.core.MCP_unified.modules.implementations.notes_module:on_shutdown:131 - Shutting down Notes module: Notes
2026-09-15 19:26:23.203 | INFO     | trace= span= tp= req= job= ps=: | tldw_Server_API.app.core.MCP_unified.modules.base:shutdown:447 - Module shut down successfully: Notes
2026-09-15 19:26:23.203 | INFO     | trace= span= tp= req= job= ps=: | tldw_Server_API.app.core.MCP_unified.modules.base:shutdown:432 - Shutting down module: Prompts
2026-09-15 19:26:23.204 | INFO     | trace= span= tp= req= job= ps=: | tldw_Server_API.app.core.MCP_unified.modules.implementations.prompts_module:on_shutdown:67 - Shutting down Prompts module: Prompts
2026-09-15 19:26:23.204 | INFO     | trace= span= tp= req= job= ps=: | tldw_Server_API.app.core.MCP_unified.modules.base:shutdown:447 - Module shut down successfully: Prompts
2026-09-15 19:26:23.205 | INFO     | trace= span= tp= req= job= ps=: | tldw_Server_API.app.core.MCP_unified.modules.base:shutdown:432 - Shutting down module: Skills
2026-09-15 19:26:23.205 | INFO     | trace= span= tp= req= job= ps=: | tldw_Server_API.app.core.MCP_unified.modules.base:shutdown:447 - Module shut down successfully: Skills
2026-09-15 19:26:23.206 | INFO     | trace= span= tp= req= job= ps=: | tldw_Server_API.app.core.MCP_unified.modules.base:shutdown:432 - Shutting down module: Cooking
2026-09-15 19:26:23.206 | INFO     | trace= span= tp= req= job= ps=: | tldw_Server_API.app.core.MCP_unified.modules.base:shutdown:447 - Module shut down successfully: Cooking
2026-09-15 19:26:23.206 | INFO     | trace= span= tp= req= job= ps=: | tldw_Server_API.app.core.MCP_unified.modules.base:shutdown:432 - Shutting down module: Knowledge
2026-09-15 19:26:23.207 | INFO     | trace= span= tp= req= job= ps=: | tldw_Server_API.app.core.MCP_unified.modules.implementations.knowledge_module:on_shutdown:39 - Shutting down Knowledge module: Knowledge
2026-09-15 19:26:23.207 | INFO     | trace= span= tp= req= job= ps=: | tldw_Server_API.app.core.MCP_unified.modules.base:shutdown:447 - Module shut down successfully: Knowledge
2026-09-15 19:26:23.207 | INFO     | trace= span= tp= req= job= ps=: | tldw_Server_API.app.core.MCP_unified.modules.base:shutdown:432 - Shutting down module: Docs Corpus
2026-09-15 19:26:23.208 | INFO     | trace= span= tp= req= job= ps=: | tldw_Server_API.app.core.MCP_unified.modules.base:shutdown:447 - Module shut down successfully: Docs Corpus
2026-09-15 19:26:23.208 | INFO     | trace= span= tp= req= job= ps=: | tldw_Server_API.app.core.MCP_unified.modules.base:shutdown:432 - Shutting down module: RAG
2026-09-15 19:26:23.208 | INFO     | trace= span= tp= req= job= ps=: | tldw_Server_API.app.core.MCP_unified.modules.base:shutdown:447 - Module shut down successfully: RAG
2026-09-15 19:26:23.209 | INFO     | trace= span= tp= req= job= ps=: | tldw_Server_API.app.core.MCP_unified.modules.base:shutdown:432 - Shutting down module: Kanban
2026-09-15 19:26:23.209 | INFO     | trace= span= tp= req= job= ps=: | tldw_Server_API.app.core.MCP_unified.modules.implementations.kanban_module:on_shutdown:89 - Shutting down Kanban module: Kanban
2026-09-15 19:26:23.209 | INFO     | trace= span= tp= req= job= ps=: | tldw_Server_API.app.core.MCP_unified.modules.base:shutdown:447 - Module shut down successfully: Kanban
2026-09-15 19:26:23.210 | INFO     | trace= span= tp= req= job= ps=: | tldw_Server_API.app.core.MCP_unified.modules.base:shutdown:432 - Shutting down module: Quizzes
2026-09-15 19:26:23.210 | INFO     | trace= span= tp= req= job= ps=: | tldw_Server_API.app.core.MCP_unified.modules.implementations.quizzes_module:on_shutdown:49 - Shutting down Quizzes module: Quizzes
2026-09-15 19:26:23.210 | INFO     | trace= span= tp= req= job= ps=: | tldw_Server_API.app.core.MCP_unified.modules.base:shutdown:447 - Module shut down successfully: Quizzes
2026-09-15 19:26:23.211 | INFO     | trace= span= tp= req= job= ps=: | tldw_Server_API.app.core.MCP_unified.modules.base:shutdown:432 - Shutting down module: Flashcards
2026-09-15 19:26:23.211 | INFO     | trace= span= tp= req= job= ps=: | tldw_Server_API.app.core.MCP_unified.modules.implementations.flashcards_module:on_shutdown:52 - Shutting down Flashcards module: Flashcards
2026-09-15 19:26:23.211 | INFO     | trace= span= tp= req= job= ps=: | tldw_Server_API.app.core.MCP_unified.modules.base:shutdown:447 - Module shut down successfully: Flashcards
2026-09-15 19:26:23.212 | INFO     | trace= span= tp= req= job= ps=: | tldw_Server_API.app.core.MCP_unified.modules.base:shutdown:432 - Shutting down module: Slides
2026-09-15 19:26:23.212 | INFO     | trace= span= tp= req= job= ps=: | tldw_Server_API.app.core.MCP_unified.modules.implementations.slides_module:on_shutdown:66 - Shutting down Slides module: Slides
2026-09-15 19:26:23.212 | INFO     | trace= span= tp= req= job= ps=: | tldw_Server_API.app.core.MCP_unified.modules.base:shutdown:447 - Module shut down successfully: Slides
2026-09-15 19:26:23.213 | INFO     | trace= span= tp= req= job= ps=: | tldw_Server_API.app.core.MCP_unified.modules.registry:shutdown_all:559 - All modules shut down
2026-09-15 19:26:23.213 | INFO     | trace= span= tp= req= job= ps=: | tldw_Server_API.app.core.MCP_unified.server:_shutdown_resources:878 - MCP Server shutdown complete module_cleanup=complete
2026-09-15 19:26:23.214 | INFO     | trace= span= tp= req= job= ps=: | tldw_Server_API.app.services.shutdown_resource_cleanup:_shutdown_mcp_server:97 - App Shutdown: MCP Unified server shutdown
2026-09-15 19:26:23.214 | INFO     | trace= span= tp= req= job= ps=: | tldw_Server_API.app.services.shutdown_resource_cleanup:_shutdown_mcp_rate_limiter:116 - App Shutdown: MCP rate limiter cleanup task cancelled
2026-09-15 19:26:23.214 | INFO     | trace= span= tp= req= job= ps=: | tldw_Server_API.app.services.shutdown_resource_cleanup:_shutdown_tts_service:127 - App Shutdown: Skipping TTS service shutdown in test context
2026-09-15 19:26:23.215 | INFO     | trace= span= tp= req= job= ps=: | tldw_Server_API.app.services.shutdown_resource_cleanup:_shutdown_tts_resource_manager:143 - App Shutdown: Skipping TTS resource manager shutdown in test context
2026-09-15 19:26:23.215 | INFO     | trace= span= tp= req= job= ps=: | tldw_Server_API.app.services.shutdown_resource_cleanup:_shutdown_http_client:161 - App Shutdown: HTTP client sessions shutdown complete
2026-09-15 19:26:23.215 | INFO     | trace= span= tp= req= job= ps=: | tldw_Server_API.app.api.v1.API_Deps.ChaCha_Notes_DB_Deps:close_all_chacha_db_instances:862 - Closing all cached ChaChaNotesDB instances (0)...
2026-09-15 19:26:23.216 | INFO     | trace= span= tp= req= job= ps=: | tldw_Server_API.app.api.v1.API_Deps.ChaCha_Notes_DB_Deps:close_all_chacha_db_instances:878 - All ChaChaNotesDB instances closed and cache cleared.
2026-09-15 19:26:23.216 | INFO     | trace= span= tp= req= job= ps=: | tldw_Server_API.app.services.shutdown_resource_cleanup:_shutdown_chacha_resources:176 - App Shutdown: ChaChaNotes resources cleaned up
2026-09-15 19:26:23.216 | INFO     | trace= span= tp= req= job= ps=: | tldw_Server_API.app.api.v1.API_Deps.Prompts_DB_Deps:close_all_cached_prompts_db_instances:443 - Closing all cached PromptsDatabase instances (0)...
2026-09-15 19:26:23.217 | INFO     | trace= span= tp= req= job= ps=: | tldw_Server_API.app.api.v1.API_Deps.Prompts_DB_Deps:close_all_cached_prompts_db_instances:455 - All PromptsDatabase instances cleared from cache and locks removed.
2026-09-15 19:26:23.217 | INFO     | trace= span= tp= req= job= ps=: | tldw_Server_API.app.services.shutdown_resource_cleanup:_shutdown_prompts_resources:193 - App Shutdown: Prompts DB resources cleaned up
2026-09-15 19:26:23.217 | INFO     | trace= span= tp= req= job= ps=: | tldw_Server_API.app.services.shutdown_resource_cleanup:_shutdown_chat_workflows_resources:209 - App Shutdown: Chat workflows resources cleaned up
2026-09-15 19:26:23.218 | INFO     | trace= span= tp= req= job= ps=: | tldw_Server_API.app.services.shutdown_resource_cleanup:shutdown_resource_cleanup:57 - App Shutdown: Cleaning up Chat module components...
2026-09-15 19:26:23.218 | INFO     | trace= span= tp= req= job= ps=: | tldw_Server_API.app.services.shutdown_resource_cleanup:_shutdown_provider_manager:223 - App Shutdown: Provider manager stopped
2026-09-15 19:26:23.218 | INFO     | trace= span= tp= req= job= ps=: | tldw_Server_API.app.core.Local_LLM.LLM_Inference_Manager:cleanup_on_exit:238 - LLMInferenceManager performing cleanup_on_exit...
2026-09-15 19:26:23.219 | INFO     | trace= span= tp= req= job= ps=: | tldw_Server_API.app.core.Local_LLM.LLM_Inference_Manager:cleanup_on_exit:247 - LLMInferenceManager cleanup_on_exit complete.
2026-09-15 19:26:23.219 | INFO     | trace= span= tp= req= job= ps=: | tldw_Server_API.app.services.shutdown_resource_cleanup:_shutdown_local_llm_manager:261 - App Shutdown: Local LLM manager cleanup complete
2026-09-15 19:26:23.220 | INFO     | trace= span= tp= req= job= ps=: | tldw_Server_API.app.services.shutdown_evaluations_resources:_shutdown_evaluations_pool:29 - App Shutdown: Evaluations connection manager shutdown (lazy)
2026-09-15 19:26:23.220 | INFO     | trace= span= tp= req= job= ps=: | tldw_Server_API.app.services.shutdown_evaluations_resources:_shutdown_evaluations_webhook_manager:40 - App Shutdown: Evaluations webhook manager shutdown (lazy)
2026-09-15 19:26:23.220 | INFO     | trace= span= tp= req= job= ps=: | tldw_Server_API.app.services.shutdown_owned_job_pollers:record_shutdown_timing_segment:131 - App Shutdown Timing: segment=evaluations_pool_shutdown duration_ms=0
2026-09-15 19:26:23.221 | INFO     | trace= span= tp= req= job= ps=: | tldw_Server_API.app.services.shutdown_unified_audit_services:shutdown_unified_audit_services:17 - App Shutdown: Shutting down unified audit services...
2026-09-15 19:26:23.222 | INFO     | trace= span= tp= req= job= ps=: | tldw_Server_API.app.api.v1.API_Deps.Audit_DB_Deps:shutdown_all_audit_services:1034 - Shutting down audit services for 1 instances...
2026-09-15 19:26:23.225 | INFO     | trace= span= tp= req= job= ps=: | tldw_Server_API.app.api.v1.API_Deps.Audit_DB_Deps:shutdown_all_audit_services:1091 - All audit services shut down successfully.
2026-09-15 19:26:23.225 | INFO     | trace= span= tp= req= job= ps=: | tldw_Server_API.app.services.shutdown_unified_audit_services:shutdown_unified_audit_services:19 - App Shutdown: Unified audit services stopped
2026-09-15 19:26:23.226 | INFO     | trace= span= tp= req= job= ps=: | tldw_Server_API.app.services.shutdown_unified_audit_services:_shutdown_sharing_audit_service:43 - App Shutdown: Sharing audit service stopped
2026-09-15 19:26:23.226 | INFO     | trace= span= tp= req= job= ps=: | tldw_Server_API.app.services.shutdown_unified_audit_services:_shutdown_embeddings_audit_adapter:54 - App Shutdown: Embeddings audit adapter loop stopped
2026-09-15 19:26:23.226 | INFO     | trace= span= tp= req= job= ps=: | tldw_Server_API.app.services.shutdown_unified_audit_services:_shutdown_evaluations_audit_adapter:65 - App Shutdown: Evaluations audit adapter loop stopped
2026-09-15 19:26:23.227 | INFO     | trace= span= tp= req= job= ps=: | tldw_Server_API.app.services.shutdown_executor_resources:shutdown_executor_resources:23 - App Shutdown: Registered executors shutdown
2026-09-15 19:26:23.227 | INFO     | trace= span= tp= req= job= ps=: | tldw_Server_API.app.services.shutdown_executor_resources:_shutdown_default_executor:40 - App Shutdown: Default executor shutdown
2026-09-15 19:26:23.228 | INFO     | trace= span= tp= req= job= ps=: | tldw_Server_API.app.services.shutdown_cpu_pools:shutdown_cpu_pools:17 - App Shutdown: CPU pools cleaned up
2026-09-15 19:26:23.228 | INFO     | trace= span= tp= req= job= ps=: | tldw_Server_API.app.services.shutdown_owned_job_pollers:record_shutdown_timing_segment:131 - App Shutdown Timing: segment=unified_audit_and_executor_shutdown duration_ms=7
2026-09-15 19:26:23.228 | INFO     | trace= span= tp= req= job= ps=: | tldw_Server_API.app.services.shutdown_telemetry_services:shutdown_telemetry_services:17 - App Shutdown: Telemetry shutdown
2026-09-15 19:26:23.229 | INFO     | trace= span= tp= req= job= ps=: | tldw_Server_API.app.services.shutdown_owned_job_pollers:record_shutdown_timing_segment:131 - App Shutdown Timing: segment=telemetry_shutdown duration_ms=0
2026-09-15 19:26:23.229 | INFO     | trace= span= tp= req= job= ps=: | tldw_Server_API.app.services.shutdown_post_runtime_cleanup:_reset_media_db_cache:42 - App Shutdown: Media DB cache cleared
2026-09-15 19:26:23.229 | INFO     | trace= span= tp= req= job= ps=: | tldw_Server_API.app.services.shutdown_post_runtime_cleanup:_shutdown_content_backend:53 - App Shutdown: Content DB backend pool closed
2026-09-15 19:26:23.230 | INFO     | trace= span= tp= req= job= ps=: | tldw_Server_API.app.core.DB_Management.backends.factory:_close_backend_instance:221 - Closed backend: sqlite::/Users/macbook-dev/Documents/GitHub/tldw_server2/Databases/user_databases/1/Media_DB_v2.db
2026-09-15 19:26:23.233 | INFO     | trace= span= tp= req= job= ps=: | tldw_Server_API.app.core.DB_Management.backends.factory:_close_backend_instance:221 - Closed backend: sqlite::/private/var/folders/sn/m80n2j152t9gw3w8qwk2nykh0000gn/T/pytest-of-macbook-dev/pytest-11752/test_saved_turn_acknowledges_e1/user_dbs/1/Media_DB_v2.db
2026-09-15 19:26:23.233 | INFO     | trace= span= tp= req= job= ps=: | tldw_Server_API.app.services.shutdown_post_runtime_cleanup:_close_managed_backend_registries:64 - App Shutdown: Database backend registries cleared
2026-09-15 19:26:23.233 | INFO     | trace= span= tp= req= job= ps=: | tldw_Server_API.app.services.shutdown_post_runtime_cleanup:_close_test_db_connections:77 - App Shutdown: No test DB instance found to close
2026-09-15 19:26:23.234 | INFO     | trace= span= tp= req= job= ps=: | tldw_Server_API.app.services.shutdown_owned_job_pollers:record_shutdown_timing_segment:131 - App Shutdown Timing: segment=total app teardown duration_ms=622
2026-09-15 19:26:23.234 | INFO     | trace= span= tp= req= job= ps=: | tldw_Server_API.app.services.shutdown_owned_job_pollers:record_shutdown_timing_total:184 - App Shutdown Timing: total duration_ms=622 slowest_segment=job_poller_quiesce slowest_duration_ms=577
2026-09-15 19:26:23.238 | INFO     | trace= span= tp= req= job= ps=: | tldw_Server_API.app.api.v1.API_Deps.ChaCha_Notes_DB_Deps:close_all_chacha_db_instances:862 - Closing all cached ChaChaNotesDB instances (0)...
2026-09-15 19:26:23.238 | INFO     | trace= span= tp= req= job= ps=: | tldw_Server_API.app.api.v1.API_Deps.ChaCha_Notes_DB_Deps:close_all_chacha_db_instances:878 - All ChaChaNotesDB instances closed and cache cleared.
2026-09-15 19:26:23.239 | INFO     | trace= span= tp= req= job= ps=: | tldw_Server_API.app.api.v1.API_Deps.ChaCha_Notes_DB_Deps:close_all_chacha_db_instances:862 - Closing all cached ChaChaNotesDB instances (0)...
2026-09-15 19:26:23.239 | INFO     | trace= span= tp= req= job= ps=: | tldw_Server_API.app.api.v1.API_Deps.ChaCha_Notes_DB_Deps:close_all_chacha_db_instances:878 - All ChaChaNotesDB instances closed and cache cleared.
=========================== short test summary info ============================
FAILED tldw_Server_API/tests/Chat/integration/test_persona_backed_chat_conversations.py::test_saved_turn_acknowledges_exact_user_and_assistant_rows[True]
FAILED tldw_Server_API/tests/Chat/integration/test_persona_backed_chat_conversations.py::test_saved_turn_acknowledges_exact_user_and_assistant_rows[False]
================ 2 failed, 14 deselected, 6 warnings in 11.86s =================
/Users/macbook-dev/Documents/GitHub/tldw_server2/.venv/lib/python3.11/site-packages/_pytest/pathlib.py:96: PytestWarning: (rm_rf) error removing /private/var/folders/sn/m80n2j152t9gw3w8qwk2nykh0000gn/T/pytest-of-macbook-dev/garbage-3360fdea-397b-49ee-90e2-c64b6f5c6838/test_kokoro_constructor_direct3
<class 'OSError'>: [Errno 66] Directory not empty: 'test_kokoro_constructor_direct3'
  warnings.warn(
/Users/macbook-dev/Documents/GitHub/tldw_server2/.venv/lib/python3.11/site-packages/_pytest/pathlib.py:96: PytestWarning: (rm_rf) error removing /private/var/folders/sn/m80n2j152t9gw3w8qwk2nykh0000gn/T/pytest-of-macbook-dev/garbage-3360fdea-397b-49ee-90e2-c64b6f5c6838
<class 'OSError'>: [Errno 66] Directory not empty: '/private/var/folders/sn/m80n2j152t9gw3w8qwk2nykh0000gn/T/pytest-of-macbook-dev/garbage-3360fdea-397b-49ee-90e2-c64b6f5c6838'
  warnings.warn(
