============================= test session starts ==============================
platform darwin -- Python 3.11.13, pytest-8.4.1, pluggy-1.6.0
benchmark: 5.2.3 (defaults: timer=time.perf_counter disable_gc=False min_rounds=5 min_time=0.000005 max_time=1.0 calibration_precision=10 warmup=False warmup_iterations=100000)
Using --randomly-seed=2390728130
rootdir: /Users/macbook-dev/Documents/GitHub/tldw_server2
configfile: pyproject.toml
plugins: anyio-4.12.1, benchmark-5.2.3, locust-2.43.3, asyncio-1.1.0, xdist-3.8.0, split-0.11.0, timeout-2.4.0, randomly-4.1.0, hypothesis-6.138.2, cov-6.2.1, mock-3.14.1
asyncio: mode=Mode.AUTO, asyncio_default_fixture_loop_scope=function, asyncio_default_test_loop_scope=function
timeout: 300.0s
timeout method: thread
timeout func_only: False
collected 55 items

tldw_Server_API/tests/StudyPacks/test_study_pack_owner_contract.py .F..F [  9%]
F...FFF..F...FF..F.FFFF...FF..F..FFFFFF.F...F.F..F                       [100%]

=================================== FAILURES ===================================
_ test_selected_store_hides_foreign_pack_and_provenance[postgres-list_flashcard_citations] _
tldw_Server_API/tests/StudyPacks/test_study_pack_owner_contract.py:86: in test_selected_store_hides_foreign_pack_and_provenance
    assert result == ([] if method.startswith("list_") else None)
E   AssertionError: assert [{'citation_t...: False, ...}] == []
E
E     Left contains one more item: {'citation_text': 'Synthetic owner-only citation', 'client_id': '2', 'created_at': datetime.datetime(2026, 9, 17, 9, 1, 26, 517000, tzinfo=zoneinfo.ZoneInfo(key='Etc/UTC')), 'deleted': False, ...}
E     Use -v to get more diff
---------------------------- Captured stderr setup -----------------------------
2026-09-17 02:01:24.996 | INFO     | tldw_Server_API.app.core.DB_Management.backends.factory:create_backend:392 - Creating postgresql backend
2026-09-17 02:01:24.996 | INFO     | tldw_Server_API.app.core.config:_buffered_log:210 - Determined ACTUAL_PROJECT_ROOT for database paths: /Users/macbook-dev/Documents/GitHub/tldw_server2
2026-09-17 02:01:24.997 | INFO     | tldw_Server_API.app.core.config:_buffered_log:210 - Early loading environment variables from: /Users/macbook-dev/Documents/GitHub/tldw_server2/tldw_Server_API/Config_Files/.env
2026-09-17 02:01:25.001 | INFO     | tldw_Server_API.app.core.config:_buffered_log:210 - Early loading environment variables from: /Users/macbook-dev/Documents/GitHub/tldw_server2/tldw_Server_API/Config_Files/.ENV
2026-09-17 02:01:25.005 | DEBUG    | tldw_Server_API.app.core.config:_buffered_log:210 - load_and_log_configs(): Loading and logging configurations...
2026-09-17 02:01:25.007 | INFO     | tldw_Server_API.app.core.config:_buffered_log:210 - Ensured main SQLite database directory exists: /Users/macbook-dev/Documents/GitHub/tldw_server2/Databases
2026-09-17 02:01:25.007 | INFO     | tldw_Server_API.app.core.config:_buffered_log:210 - Ensured user data base directory exists: Databases/user_databases
2026-09-17 02:01:25.007 | WARNING  | tldw_Server_API.app.core.DB_Management.db_path_utils:resolve_user_db_base_dir:491 - USER_DB_BASE_DIR not configured in tests, using isolated fallback: /private/var/folders/sn/m80n2j152t9gw3w8qwk2nykh0000gn/T/tldw_user_databases_test/default-2b48a741
2026-09-17 02:01:25.008 | INFO     | tldw_Server_API.app.core.DB_Management.ChaChaNotes_DB:__init__:7657 - Initializing CharactersRAGDB for path: /private/var/folders/sn/m80n2j152t9gw3w8qwk2nykh0000gn/T/pytest-of-macbook-dev/pytest-705/test_selected_store_hides_fore0/packs.db [Client ID: 2] (backend=postgresql)
2026-09-17 02:01:26.323 | DEBUG    | tldw_Server_API.app.core.DB_Management.ChaChaNotes_DB:__init__:7664 - CharactersRAGDB initialization completed successfully for /private/var/folders/sn/m80n2j152t9gw3w8qwk2nykh0000gn/T/pytest-of-macbook-dev/pytest-705/test_selected_store_hides_fore0/packs.db
2026-09-17 02:01:26.327 | INFO     | tldw_Server_API.app.core.Jobs.migrations:ensure_jobs_tables:1505 - Ensured Jobs schema at /private/var/folders/sn/m80n2j152t9gw3w8qwk2nykh0000gn/T/pytest-of-macbook-dev/pytest-705/test_selected_store_hides_fore0/jobs.db
2026-09-17 02:01:26.359 | WARNING  | tldw_Server_API.app.core.DB_Management.db_path_utils:resolve_user_db_base_dir:491 - USER_DB_BASE_DIR not configured in tests, using isolated fallback: /private/var/folders/sn/m80n2j152t9gw3w8qwk2nykh0000gn/T/tldw_user_databases_test/default-2b48a741
2026-09-17 02:01:26.359 | INFO     | tldw_Server_API.app.core.DB_Management.ChaChaNotes_DB:__init__:7657 - Initializing CharactersRAGDB for path: /private/var/folders/sn/m80n2j152t9gw3w8qwk2nykh0000gn/T/pytest-of-macbook-dev/pytest-705/test_selected_store_hides_fore0/foreign.db [Client ID: 3] (backend=postgresql)
2026-09-17 02:01:26.508 | DEBUG    | tldw_Server_API.app.core.DB_Management.ChaChaNotes_DB:__init__:7664 - CharactersRAGDB initialization completed successfully for /private/var/folders/sn/m80n2j152t9gw3w8qwk2nykh0000gn/T/pytest-of-macbook-dev/pytest-705/test_selected_store_hides_fore0/foreign.db
----------------------------- Captured stderr call -----------------------------
2026-09-17 02:01:26.509 | DEBUG    | tldw_Server_API.app.core.DB_Management.ChaChaNotes_DB:_get_connection_for_state:8036 - Acquired backend connection (postgresql) for thread 8346099072
2026-09-17 02:01:26.511 | INFO     | tldw_Server_API.app.core.DB_Management.chacha.note_store:_execute:126 - Added note 'Private pack source' with ID: 9d1c9619-0ffc-47a4-8dd8-729d90064fdc.
2026-09-17 02:01:26.516 | DEBUG    | tldw_Server_API.app.core.DB_Management.ChaChaNotes_DB:execute_many:8456 - Executing Many on backend postgresql: INSERT INTO study_pack_cards(study_pack_id, flashcard_uuid, created_at, last_modified, deleted, client_id, version) VALUES(?, ?, ?, ?, ?, ?, ?) ON CON... with 1 sets.
2026-09-17 02:01:26.517 | DEBUG    | tldw_Server_API.app.core.DB_Management.ChaChaNotes_DB:execute_many:8456 - Executing Many on backend postgresql:
                    INSERT INTO flashcard_citations(
                        flashcard_uuid, source_type, source_id, citation_text, locator, ordinal,... with 1 sets.
2026-09-17 02:01:26.521 | DEBUG    | tldw_Server_API.app.core.DB_Management.ChaChaNotes_DB:_get_connection_for_state:8036 - Acquired backend connection (postgresql) for thread 8346099072
2026-09-17 02:01:26.521 | DEBUG    | tldw_Server_API.app.core.DB_Management.ChaChaNotes_DB:execute_query:8286 - Executing SQL (script=False, backend=postgresql):
            SELECT id, flashcard_uuid, source_type, source_id, citation_text, locator, ordinal,
                   created_at, last_modified, deleted, client_id, version
              FROM flashcard_citations
             WHERE flashcard_uuid = ? AND deleted = 0
             ORDER BY ordinal, id
  ... Params: ('bdcd826c-324e-486a-90d7-100f749aac7d',)...
2026-09-17 02:01:26.526 | DEBUG    | tldw_Server_API.app.core.DB_Management.ChaChaNotes_DB:_get_connection_for_state:8036 - Acquired backend connection (postgresql) for thread 8346099072
2026-09-17 02:01:26.526 | DEBUG    | tldw_Server_API.app.core.DB_Management.ChaChaNotes_DB:execute_query:8286 - Executing SQL (script=False, backend=postgresql):
            SELECT id, flashcard_uuid, source_type, source_id, citation_text, locator, ordinal,
                   created_at, last_modified, deleted, client_id, version
              FROM flashcard_citations
             WHERE flashcard_uuid = ? AND deleted = 0
             ORDER BY ordinal, id
  ... Params: ('bdcd826c-324e-486a-90d7-100f749aac7d',)...
--------------------------- Captured stderr teardown ---------------------------
2026-09-17 02:01:26.603 | INFO     | tldw_Server_API.app.api.v1.API_Deps.ChaCha_Notes_DB_Deps:close_all_chacha_db_instances:876 - Closing all cached ChaChaNotesDB instances (0)...
2026-09-17 02:01:26.603 | INFO     | tldw_Server_API.app.api.v1.API_Deps.ChaCha_Notes_DB_Deps:close_all_chacha_db_instances:892 - All ChaChaNotesDB instances closed and cache cleared.
2026-09-17 02:01:26.603 | INFO     | tldw_Server_API.app.api.v1.API_Deps.ChaCha_Notes_DB_Deps:close_all_chacha_db_instances:876 - Closing all cached ChaChaNotesDB instances (0)...
2026-09-17 02:01:26.603 | INFO     | tldw_Server_API.app.api.v1.API_Deps.ChaCha_Notes_DB_Deps:close_all_chacha_db_instances:892 - All ChaChaNotesDB instances closed and cache cleared.
___ test_postgres_study_pack_cannot_reference_foreign_parent[postgres-deck] ____
tldw_Server_API/tests/StudyPacks/test_study_pack_owner_contract.py:232: in test_postgres_study_pack_cannot_reference_foreign_parent
    assert rejected
E   assert False
---------------------------- Captured stderr setup -----------------------------
2026-09-17 02:01:28.414 | INFO     | tldw_Server_API.app.core.DB_Management.backends.factory:create_backend:392 - Creating postgresql backend
2026-09-17 02:01:28.415 | INFO     | tldw_Server_API.app.core.config:_buffered_log:210 - Determined ACTUAL_PROJECT_ROOT for database paths: /Users/macbook-dev/Documents/GitHub/tldw_server2
2026-09-17 02:01:28.415 | INFO     | tldw_Server_API.app.core.config:_buffered_log:210 - Early loading environment variables from: /Users/macbook-dev/Documents/GitHub/tldw_server2/tldw_Server_API/Config_Files/.env
2026-09-17 02:01:28.419 | INFO     | tldw_Server_API.app.core.config:_buffered_log:210 - Early loading environment variables from: /Users/macbook-dev/Documents/GitHub/tldw_server2/tldw_Server_API/Config_Files/.ENV
2026-09-17 02:01:28.423 | DEBUG    | tldw_Server_API.app.core.config:_buffered_log:210 - load_and_log_configs(): Loading and logging configurations...
2026-09-17 02:01:28.424 | INFO     | tldw_Server_API.app.core.config:_buffered_log:210 - Loading environment variables from: /Users/macbook-dev/Documents/GitHub/tldw_server2/tldw_Server_API/Config_Files/.env
2026-09-17 02:01:28.430 | INFO     | tldw_Server_API.app.core.config:_buffered_log:210 - Loading environment variables from: /Users/macbook-dev/Documents/GitHub/tldw_server2/tldw_Server_API/Config_Files/.ENV
2026-09-17 02:01:28.436 | INFO     | tldw_Server_API.app.core.config:_buffered_log:210 - Attempting to load comprehensive config from: /Users/macbook-dev/Documents/GitHub/tldw_server2/tldw_Server_API/Config_Files/config.txt
2026-09-17 02:01:28.438 | INFO     | tldw_Server_API.app.core.config:_buffered_log:210 - load_comprehensive_config(): Sections found in config: ['Setup', 'UI', 'Server', 'Files', 'Image-Generation', 'ACP', 'WORKSPACES', 'ACP-WORKSPACE', 'ACP-SANDBOX', 'Audit', 'Processing', 'Media-Processing', 'Chat-Dictionaries', 'Chat-Module', 'Chat-Commands', 'Chat-Templating', 'Character-Chat', 'Settings', 'Auto-Save', 'Prompts', 'Database', 'Chunking', 'Visual-RAG', 'AuthNZ', 'Streaming', 'HTTP', 'Egress', 'Embeddings', 'Claims', 'ClaimsMonitoring', 'RAG', 'Search-Agent', 'ResourceGovernor', 'Jobs', 'SlidesStandaloneHtml', 'Diarization', 'API', 'MLX', 'Local-API', 'LlamaCpp', 'STT-Settings', 'external_providers', 'TTS-Settings', 'VibeVoice', 'Audio-Quota', 'API-Routes', 'Search-Engines', 'Web-Scraper', 'Logging', 'Moderation', 'Redis', 'Web-Scraping', 'personalization', 'persona', 'persona.rbac']
2026-09-17 02:01:28.440 | INFO     | tldw_Server_API.app.core.config:_buffered_log:210 - Ensured main SQLite database directory exists: /Users/macbook-dev/Documents/GitHub/tldw_server2/Databases
2026-09-17 02:01:28.440 | INFO     | tldw_Server_API.app.core.config:_buffered_log:210 - Ensured user data base directory exists: Databases/user_databases
2026-09-17 02:01:28.440 | WARNING  | tldw_Server_API.app.core.DB_Management.db_path_utils:resolve_user_db_base_dir:491 - USER_DB_BASE_DIR not configured in tests, using isolated fallback: /private/var/folders/sn/m80n2j152t9gw3w8qwk2nykh0000gn/T/tldw_user_databases_test/default-2b48a741
2026-09-17 02:01:28.440 | INFO     | tldw_Server_API.app.core.DB_Management.ChaChaNotes_DB:__init__:7657 - Initializing CharactersRAGDB for path: /private/var/folders/sn/m80n2j152t9gw3w8qwk2nykh0000gn/T/pytest-of-macbook-dev/pytest-705/test_postgres_study_pack_canno0/packs.db [Client ID: 2] (backend=postgresql)
2026-09-17 02:01:29.720 | DEBUG    | tldw_Server_API.app.core.DB_Management.ChaChaNotes_DB:__init__:7664 - CharactersRAGDB initialization completed successfully for /private/var/folders/sn/m80n2j152t9gw3w8qwk2nykh0000gn/T/pytest-of-macbook-dev/pytest-705/test_postgres_study_pack_canno0/packs.db
2026-09-17 02:01:29.724 | INFO     | tldw_Server_API.app.core.Jobs.migrations:ensure_jobs_tables:1505 - Ensured Jobs schema at /private/var/folders/sn/m80n2j152t9gw3w8qwk2nykh0000gn/T/pytest-of-macbook-dev/pytest-705/test_postgres_study_pack_canno0/jobs.db
2026-09-17 02:01:29.756 | WARNING  | tldw_Server_API.app.core.DB_Management.db_path_utils:resolve_user_db_base_dir:491 - USER_DB_BASE_DIR not configured in tests, using isolated fallback: /private/var/folders/sn/m80n2j152t9gw3w8qwk2nykh0000gn/T/tldw_user_databases_test/default-2b48a741
2026-09-17 02:01:29.756 | INFO     | tldw_Server_API.app.core.DB_Management.ChaChaNotes_DB:__init__:7657 - Initializing CharactersRAGDB for path: /private/var/folders/sn/m80n2j152t9gw3w8qwk2nykh0000gn/T/pytest-of-macbook-dev/pytest-705/test_postgres_study_pack_canno0/foreign.db [Client ID: 3] (backend=postgresql)
2026-09-17 02:01:29.897 | DEBUG    | tldw_Server_API.app.core.DB_Management.ChaChaNotes_DB:__init__:7664 - CharactersRAGDB initialization completed successfully for /private/var/folders/sn/m80n2j152t9gw3w8qwk2nykh0000gn/T/pytest-of-macbook-dev/pytest-705/test_postgres_study_pack_canno0/foreign.db
----------------------------- Captured stderr call -----------------------------
2026-09-17 02:01:29.899 | DEBUG    | tldw_Server_API.app.core.DB_Management.ChaChaNotes_DB:_get_connection_for_state:8036 - Acquired backend connection (postgresql) for thread 8346099072
2026-09-17 02:01:29.902 | INFO     | tldw_Server_API.app.core.DB_Management.chacha.note_store:_execute:126 - Added note 'Private pack source' with ID: 28e7eb4a-46bd-4583-80c3-073e091b2b69.
2026-09-17 02:01:29.906 | DEBUG    | tldw_Server_API.app.core.DB_Management.ChaChaNotes_DB:execute_many:8456 - Executing Many on backend postgresql: INSERT INTO study_pack_cards(study_pack_id, flashcard_uuid, created_at, last_modified, deleted, client_id, version) VALUES(?, ?, ?, ?, ?, ?, ?) ON CON... with 1 sets.
2026-09-17 02:01:29.908 | DEBUG    | tldw_Server_API.app.core.DB_Management.ChaChaNotes_DB:execute_many:8456 - Executing Many on backend postgresql:
                    INSERT INTO flashcard_citations(
                        flashcard_uuid, source_type, source_id, citation_text, locator, ordinal,... with 1 sets.
2026-09-17 02:01:29.911 | DEBUG    | tldw_Server_API.app.core.DB_Management.ChaChaNotes_DB:_get_connection_for_state:8036 - Acquired backend connection (postgresql) for thread 8346099072
2026-09-17 02:01:29.913 | INFO     | tldw_Server_API.app.core.DB_Management.chacha.note_store:_execute:126 - Added note 'Private pack source' with ID: e101f4bb-694a-4074-b5c3-50fb3ea61706.
2026-09-17 02:01:29.916 | DEBUG    | tldw_Server_API.app.core.DB_Management.ChaChaNotes_DB:execute_many:8456 - Executing Many on backend postgresql:
                    INSERT INTO flashcard_citations(
                        flashcard_uuid, source_type, source_id, citation_text, locator, ordinal,... with 1 sets.
2026-09-17 02:01:29.918 | DEBUG    | tldw_Server_API.app.core.DB_Management.ChaChaNotes_DB:_get_connection_for_state:8036 - Acquired backend connection (postgresql) for thread 8346099072
--------------------------- Captured stderr teardown ---------------------------
2026-09-17 02:01:29.985 | INFO     | tldw_Server_API.app.api.v1.API_Deps.ChaCha_Notes_DB_Deps:close_all_chacha_db_instances:876 - Closing all cached ChaChaNotesDB instances (0)...
2026-09-17 02:01:29.985 | INFO     | tldw_Server_API.app.api.v1.API_Deps.ChaCha_Notes_DB_Deps:close_all_chacha_db_instances:892 - All ChaChaNotesDB instances closed and cache cleared.
2026-09-17 02:01:29.985 | INFO     | tldw_Server_API.app.api.v1.API_Deps.ChaCha_Notes_DB_Deps:close_all_chacha_db_instances:876 - Closing all cached ChaChaNotesDB instances (0)...
2026-09-17 02:01:29.986 | INFO     | tldw_Server_API.app.api.v1.API_Deps.ChaCha_Notes_DB_Deps:close_all_chacha_db_instances:892 - All ChaChaNotesDB instances closed and cache cleared.
_ test_owned_card_assistant_filters_foreign_child_metadata[postgres-citation] __
tldw_Server_API/tests/StudyPacks/test_study_pack_owner_contract.py:117: in test_owned_card_assistant_filters_foreign_child_metadata
    assert all(row["client_id"] == "2" for row in body["citations"])
E   assert False
E    +  where False = all(<generator object test_owned_card_assistant_filters_foreign_child_metadata.<locals>.<genexpr> at 0x11188df20>)
---------------------------- Captured stderr setup -----------------------------
2026-09-17 02:01:30.003 | INFO     | tldw_Server_API.app.core.DB_Management.backends.factory:create_backend:392 - Creating postgresql backend
2026-09-17 02:01:30.003 | INFO     | tldw_Server_API.app.core.config:_buffered_log:210 - Determined ACTUAL_PROJECT_ROOT for database paths: /Users/macbook-dev/Documents/GitHub/tldw_server2
2026-09-17 02:01:30.003 | INFO     | tldw_Server_API.app.core.config:_buffered_log:210 - Early loading environment variables from: /Users/macbook-dev/Documents/GitHub/tldw_server2/tldw_Server_API/Config_Files/.env
2026-09-17 02:01:30.007 | INFO     | tldw_Server_API.app.core.config:_buffered_log:210 - Early loading environment variables from: /Users/macbook-dev/Documents/GitHub/tldw_server2/tldw_Server_API/Config_Files/.ENV
2026-09-17 02:01:30.011 | DEBUG    | tldw_Server_API.app.core.config:_buffered_log:210 - load_and_log_configs(): Loading and logging configurations...
2026-09-17 02:01:30.012 | INFO     | tldw_Server_API.app.core.config:_buffered_log:210 - Loading environment variables from: /Users/macbook-dev/Documents/GitHub/tldw_server2/tldw_Server_API/Config_Files/.env
2026-09-17 02:01:30.016 | INFO     | tldw_Server_API.app.core.config:_buffered_log:210 - Loading environment variables from: /Users/macbook-dev/Documents/GitHub/tldw_server2/tldw_Server_API/Config_Files/.ENV
2026-09-17 02:01:30.020 | INFO     | tldw_Server_API.app.core.config:_buffered_log:210 - Attempting to load comprehensive config from: /Users/macbook-dev/Documents/GitHub/tldw_server2/tldw_Server_API/Config_Files/config.txt
2026-09-17 02:01:30.022 | INFO     | tldw_Server_API.app.core.config:_buffered_log:210 - load_comprehensive_config(): Sections found in config: ['Setup', 'UI', 'Server', 'Files', 'Image-Generation', 'ACP', 'WORKSPACES', 'ACP-WORKSPACE', 'ACP-SANDBOX', 'Audit', 'Processing', 'Media-Processing', 'Chat-Dictionaries', 'Chat-Module', 'Chat-Commands', 'Chat-Templating', 'Character-Chat', 'Settings', 'Auto-Save', 'Prompts', 'Database', 'Chunking', 'Visual-RAG', 'AuthNZ', 'Streaming', 'HTTP', 'Egress', 'Embeddings', 'Claims', 'ClaimsMonitoring', 'RAG', 'Search-Agent', 'ResourceGovernor', 'Jobs', 'SlidesStandaloneHtml', 'Diarization', 'API', 'MLX', 'Local-API', 'LlamaCpp', 'STT-Settings', 'external_providers', 'TTS-Settings', 'VibeVoice', 'Audio-Quota', 'API-Routes', 'Search-Engines', 'Web-Scraper', 'Logging', 'Moderation', 'Redis', 'Web-Scraping', 'personalization', 'persona', 'persona.rbac']
2026-09-17 02:01:30.024 | INFO     | tldw_Server_API.app.core.config:_buffered_log:210 - Ensured main SQLite database directory exists: /Users/macbook-dev/Documents/GitHub/tldw_server2/Databases
2026-09-17 02:01:30.024 | INFO     | tldw_Server_API.app.core.config:_buffered_log:210 - Ensured user data base directory exists: Databases/user_databases
2026-09-17 02:01:30.024 | WARNING  | tldw_Server_API.app.core.DB_Management.db_path_utils:resolve_user_db_base_dir:491 - USER_DB_BASE_DIR not configured in tests, using isolated fallback: /private/var/folders/sn/m80n2j152t9gw3w8qwk2nykh0000gn/T/tldw_user_databases_test/default-2b48a741
2026-09-17 02:01:30.024 | INFO     | tldw_Server_API.app.core.DB_Management.ChaChaNotes_DB:__init__:7657 - Initializing CharactersRAGDB for path: /private/var/folders/sn/m80n2j152t9gw3w8qwk2nykh0000gn/T/pytest-of-macbook-dev/pytest-705/test_owned_card_assistant_filt0/packs.db [Client ID: 2] (backend=postgresql)
2026-09-17 02:01:31.310 | DEBUG    | tldw_Server_API.app.core.DB_Management.ChaChaNotes_DB:__init__:7664 - CharactersRAGDB initialization completed successfully for /private/var/folders/sn/m80n2j152t9gw3w8qwk2nykh0000gn/T/pytest-of-macbook-dev/pytest-705/test_owned_card_assistant_filt0/packs.db
2026-09-17 02:01:31.314 | INFO     | tldw_Server_API.app.core.Jobs.migrations:ensure_jobs_tables:1505 - Ensured Jobs schema at /private/var/folders/sn/m80n2j152t9gw3w8qwk2nykh0000gn/T/pytest-of-macbook-dev/pytest-705/test_owned_card_assistant_filt0/jobs.db
----------------------------- Captured stderr call -----------------------------
2026-09-17 02:01:31.346 | DEBUG    | tldw_Server_API.app.core.DB_Management.ChaChaNotes_DB:_get_connection_for_state:8036 - Acquired backend connection (postgresql) for thread 8346099072
2026-09-17 02:01:31.348 | INFO     | tldw_Server_API.app.core.DB_Management.chacha.note_store:_execute:126 - Added note 'Private pack source' with ID: 696f8cf4-e887-436d-b04e-4dd21210fc3b.
2026-09-17 02:01:31.352 | DEBUG    | tldw_Server_API.app.core.DB_Management.ChaChaNotes_DB:execute_many:8456 - Executing Many on backend postgresql:
                    INSERT INTO flashcard_citations(
                        flashcard_uuid, source_type, source_id, citation_text, locator, ordinal,... with 1 sets.
2026-09-17 02:01:31.353 | WARNING  | tldw_Server_API.app.core.DB_Management.db_path_utils:resolve_user_db_base_dir:491 - USER_DB_BASE_DIR not configured in tests, using isolated fallback: /private/var/folders/sn/m80n2j152t9gw3w8qwk2nykh0000gn/T/tldw_user_databases_test/default-2b48a741
2026-09-17 02:01:31.354 | INFO     | tldw_Server_API.app.core.DB_Management.ChaChaNotes_DB:__init__:7657 - Initializing CharactersRAGDB for path: /private/var/folders/sn/m80n2j152t9gw3w8qwk2nykh0000gn/T/pytest-of-macbook-dev/pytest-705/test_owned_card_assistant_filt0/packs.db [Client ID: 3] (backend=postgresql)
2026-09-17 02:01:31.496 | DEBUG    | tldw_Server_API.app.core.DB_Management.ChaChaNotes_DB:__init__:7664 - CharactersRAGDB initialization completed successfully for /private/var/folders/sn/m80n2j152t9gw3w8qwk2nykh0000gn/T/pytest-of-macbook-dev/pytest-705/test_owned_card_assistant_filt0/packs.db
2026-09-17 02:01:31.497 | DEBUG    | tldw_Server_API.app.core.DB_Management.ChaChaNotes_DB:_get_connection_for_state:8036 - Acquired backend connection (postgresql) for thread 8346099072
2026-09-17 02:01:31.499 | INFO     | tldw_Server_API.app.core.DB_Management.chacha.note_store:_execute:126 - Added note 'Private pack source' with ID: c6280541-37cf-4fef-bc73-29d45d7a4fec.
2026-09-17 02:01:31.502 | DEBUG    | tldw_Server_API.app.core.DB_Management.ChaChaNotes_DB:execute_many:8456 - Executing Many on backend postgresql:
                    INSERT INTO flashcard_citations(
                        flashcard_uuid, source_type, source_id, citation_text, locator, ordinal,... with 1 sets.
2026-09-17 02:01:31.505 | DEBUG    | tldw_Server_API.app.core.DB_Management.ChaChaNotes_DB:_get_connection_for_state:8036 - Acquired backend connection (postgresql) for thread 8346099072
2026-09-17 02:01:31.508 | DEBUG    | tldw_Server_API.app.core.DB_Management.ChaChaNotes_DB:_get_connection_for_state:8036 - Acquired backend connection (postgresql) for thread 6251769856
2026-09-17 02:01:31.508 | DEBUG    | tldw_Server_API.app.core.DB_Management.ChaChaNotes_DB:execute_query:8286 - Executing SQL (script=False, backend=postgresql):
            SELECT f.uuid, f.deck_id, d.name AS deck_name, d.workspace_id AS workspace_id, f.front, f.back, f.notes, f.extra, f.is_cloze, f.tags_json,
                   f.source_ref_type, f.source_ref_id, f.conversation_id, f.message_id,
                   f.ef, f.interval_days, f.repetitions, f.l... Params: ('3107ccf2-be6e-43ed-b088-de48025f1662', '2')...
2026-09-17 02:01:31.509 | DEBUG    | tldw_Server_API.app.core.DB_Management.ChaChaNotes_DB:execute_query:8286 - Executing SQL (script=False, backend=postgresql):
            SELECT f.uuid, f.deck_id, d.name AS deck_name, d.workspace_id AS workspace_id, f.front, f.back, f.notes, f.extra, f.is_cloze, f.tags_json,
                   f.source_ref_type, f.source_ref_id, f.conversation_id, f.message_id,
                   f.ef, f.interval_days, f.repetitions, f.l... Params: ('3107ccf2-be6e-43ed-b088-de48025f1662', '2')...
2026-09-17 02:01:31.510 | DEBUG    | tldw_Server_API.app.core.DB_Management.ChaChaNotes_DB:execute_query:8286 - Executing SQL (script=False, backend=postgresql): SELECT id, context_type, flashcard_uuid, quiz_attempt_id, question_id, last_message_at, message_count, created_at, last_modified, deleted, client_id, version FROM study_assistant_threads WHERE context_type = ? AND flashcard_uuid = ? AND deleted = 0... Params: ('flashcard', '3107ccf2-be6e-43ed-b088-de48025f1662')...
2026-09-17 02:01:31.511 | DEBUG    | tldw_Server_API.app.core.DB_Management.ChaChaNotes_DB:execute_query:8286 - Executing SQL (script=False, backend=postgresql): SELECT id, context_type, flashcard_uuid, quiz_attempt_id, question_id, last_message_at, message_count, created_at, last_modified, deleted, client_id, version FROM study_assistant_threads WHERE context_type = ? AND flashcard_uuid = ? AND deleted = 0... Params: ('flashcard', '3107ccf2-be6e-43ed-b088-de48025f1662')...
2026-09-17 02:01:31.512 | DEBUG    | tldw_Server_API.app.core.DB_Management.ChaChaNotes_DB:execute_query:8286 - Executing SQL (script=False, backend=postgresql): SELECT id, thread_id, role, action_type, input_modality, content, structured_payload_json, context_snapshot_json, provider, model, created_at, client_id FROM study_assistant_messages WHERE thread_id = ? ORDER BY id ASC LIMIT ? OFFSET ?... Params: (1, 100, 0)...
2026-09-17 02:01:31.513 | DEBUG    | tldw_Server_API.app.core.DB_Management.ChaChaNotes_DB:execute_query:8286 - Executing SQL (script=False, backend=postgresql):
            SELECT id, flashcard_uuid, source_type, source_id, citation_text, locator, ordinal,
                   created_at, last_modified, deleted, client_id, version
              FROM flashcard_citations
             WHERE flashcard_uuid = ? AND deleted = 0
             ORDER BY ordinal, id
  ... Params: ('3107ccf2-be6e-43ed-b088-de48025f1662',)...
2026-09-17 02:01:31.513 | DEBUG    | tldw_Server_API.app.core.DB_Management.ChaChaNotes_DB:execute_query:8286 - Executing SQL (script=False, backend=postgresql):
            SELECT sp.id, sp.workspace_id, sp.title, sp.deck_id, sp.source_bundle_json, sp.generation_options_json,
                   sp.status, sp.superseded_by_pack_id, sp.created_at, sp.last_modified, sp.deleted, sp.client_id, sp.version
              FROM study_pack_cards spc
              JOI... Params: ('3107ccf2-be6e-43ed-b088-de48025f1662',)...
--------------------------- Captured stderr teardown ---------------------------
2026-09-17 02:01:31.534 | INFO     | tldw_Server_API.app.api.v1.API_Deps.ChaCha_Notes_DB_Deps:close_all_chacha_db_instances:876 - Closing all cached ChaChaNotesDB instances (0)...
2026-09-17 02:01:31.535 | INFO     | tldw_Server_API.app.api.v1.API_Deps.ChaCha_Notes_DB_Deps:close_all_chacha_db_instances:892 - All ChaChaNotesDB instances closed and cache cleared.
2026-09-17 02:01:31.535 | INFO     | tldw_Server_API.app.api.v1.API_Deps.ChaCha_Notes_DB_Deps:close_all_chacha_db_instances:876 - Closing all cached ChaChaNotesDB instances (0)...
2026-09-17 02:01:31.535 | INFO     | tldw_Server_API.app.api.v1.API_Deps.ChaCha_Notes_DB_Deps:close_all_chacha_db_instances:892 - All ChaChaNotesDB instances closed and cache cleared.
_ test_foreign_study_pack_provenance_mutation_cannot_change_owner_rows[postgres-add-membership] _
tldw_Server_API/tests/StudyPacks/test_study_pack_owner_contract.py:194: in test_foreign_study_pack_provenance_mutation_cannot_change_owner_rows
    assert snapshot() == before
E   AssertionError: assert ({'client_id'... False, ...}]) == ({'client_id'... False, ...}])
E
E     At index 2 diff: [{'id': 1, 'study_pack_id': 1, 'flashcard_uuid': 'ab19d2bd-82c3-4ef2-9f39-c4663a0f95f8', 'created_at': datetime.datetime(2026, 9, 17, 9, 1, 36, 7000, tzinfo=zoneinfo.ZoneInfo(key='Etc/UTC')), 'last_modified': datetime.datetime(2026, 9, 17, 9, 1, 36, 7000, tzinfo=zoneinfo.ZoneInfo(key='Etc/UTC')), 'deleted': False, 'client_id': '2', 'version': 1, 'deck_id': 1}, {'id': 3, 'study_pack_id': 1, 'flashcard_uuid': '7e067084-5860-47cd-8291-d994e34e4a9e', 'created_at': datetime.datetime(2026, 9, 17, 9, 1, 36, 25000, tzinfo=zoneinfo.ZoneInfo(key='Etc/UTC')), 'las...
E
E     ...Full output truncated (2 lines hidden), use '-vv' to show
---------------------------- Captured stderr setup -----------------------------
2026-09-17 02:01:34.515 | INFO     | tldw_Server_API.app.core.DB_Management.backends.factory:create_backend:392 - Creating postgresql backend
2026-09-17 02:01:34.515 | INFO     | tldw_Server_API.app.core.config:_buffered_log:210 - Determined ACTUAL_PROJECT_ROOT for database paths: /Users/macbook-dev/Documents/GitHub/tldw_server2
2026-09-17 02:01:34.515 | INFO     | tldw_Server_API.app.core.config:_buffered_log:210 - Early loading environment variables from: /Users/macbook-dev/Documents/GitHub/tldw_server2/tldw_Server_API/Config_Files/.env
2026-09-17 02:01:34.519 | INFO     | tldw_Server_API.app.core.config:_buffered_log:210 - Early loading environment variables from: /Users/macbook-dev/Documents/GitHub/tldw_server2/tldw_Server_API/Config_Files/.ENV
2026-09-17 02:01:34.523 | DEBUG    | tldw_Server_API.app.core.config:_buffered_log:210 - load_and_log_configs(): Loading and logging configurations...
2026-09-17 02:01:34.524 | INFO     | tldw_Server_API.app.core.config:_buffered_log:210 - Loading environment variables from: /Users/macbook-dev/Documents/GitHub/tldw_server2/tldw_Server_API/Config_Files/.env
2026-09-17 02:01:34.530 | INFO     | tldw_Server_API.app.core.config:_buffered_log:210 - Loading environment variables from: /Users/macbook-dev/Documents/GitHub/tldw_server2/tldw_Server_API/Config_Files/.ENV
2026-09-17 02:01:34.537 | INFO     | tldw_Server_API.app.core.config:_buffered_log:210 - Attempting to load comprehensive config from: /Users/macbook-dev/Documents/GitHub/tldw_server2/tldw_Server_API/Config_Files/config.txt
2026-09-17 02:01:34.538 | INFO     | tldw_Server_API.app.core.config:_buffered_log:210 - load_comprehensive_config(): Sections found in config: ['Setup', 'UI', 'Server', 'Files', 'Image-Generation', 'ACP', 'WORKSPACES', 'ACP-WORKSPACE', 'ACP-SANDBOX', 'Audit', 'Processing', 'Media-Processing', 'Chat-Dictionaries', 'Chat-Module', 'Chat-Commands', 'Chat-Templating', 'Character-Chat', 'Settings', 'Auto-Save', 'Prompts', 'Database', 'Chunking', 'Visual-RAG', 'AuthNZ', 'Streaming', 'HTTP', 'Egress', 'Embeddings', 'Claims', 'ClaimsMonitoring', 'RAG', 'Search-Agent', 'ResourceGovernor', 'Jobs', 'SlidesStandaloneHtml', 'Diarization', 'API', 'MLX', 'Local-API', 'LlamaCpp', 'STT-Settings', 'external_providers', 'TTS-Settings', 'VibeVoice', 'Audio-Quota', 'API-Routes', 'Search-Engines', 'Web-Scraper', 'Logging', 'Moderation', 'Redis', 'Web-Scraping', 'personalization', 'persona', 'persona.rbac']
2026-09-17 02:01:34.541 | INFO     | tldw_Server_API.app.core.config:_buffered_log:210 - Ensured main SQLite database directory exists: /Users/macbook-dev/Documents/GitHub/tldw_server2/Databases
2026-09-17 02:01:34.541 | INFO     | tldw_Server_API.app.core.config:_buffered_log:210 - Ensured user data base directory exists: Databases/user_databases
2026-09-17 02:01:34.541 | WARNING  | tldw_Server_API.app.core.DB_Management.db_path_utils:resolve_user_db_base_dir:491 - USER_DB_BASE_DIR not configured in tests, using isolated fallback: /private/var/folders/sn/m80n2j152t9gw3w8qwk2nykh0000gn/T/tldw_user_databases_test/default-2b48a741
2026-09-17 02:01:34.541 | INFO     | tldw_Server_API.app.core.DB_Management.ChaChaNotes_DB:__init__:7657 - Initializing CharactersRAGDB for path: /private/var/folders/sn/m80n2j152t9gw3w8qwk2nykh0000gn/T/pytest-of-macbook-dev/pytest-705/test_foreign_study_pack_proven2/packs.db [Client ID: 2] (backend=postgresql)
2026-09-17 02:01:35.823 | DEBUG    | tldw_Server_API.app.core.DB_Management.ChaChaNotes_DB:__init__:7664 - CharactersRAGDB initialization completed successfully for /private/var/folders/sn/m80n2j152t9gw3w8qwk2nykh0000gn/T/pytest-of-macbook-dev/pytest-705/test_foreign_study_pack_proven2/packs.db
2026-09-17 02:01:35.827 | INFO     | tldw_Server_API.app.core.Jobs.migrations:ensure_jobs_tables:1505 - Ensured Jobs schema at /private/var/folders/sn/m80n2j152t9gw3w8qwk2nykh0000gn/T/pytest-of-macbook-dev/pytest-705/test_foreign_study_pack_proven2/jobs.db
2026-09-17 02:01:35.858 | WARNING  | tldw_Server_API.app.core.DB_Management.db_path_utils:resolve_user_db_base_dir:491 - USER_DB_BASE_DIR not configured in tests, using isolated fallback: /private/var/folders/sn/m80n2j152t9gw3w8qwk2nykh0000gn/T/tldw_user_databases_test/default-2b48a741
2026-09-17 02:01:35.858 | INFO     | tldw_Server_API.app.core.DB_Management.ChaChaNotes_DB:__init__:7657 - Initializing CharactersRAGDB for path: /private/var/folders/sn/m80n2j152t9gw3w8qwk2nykh0000gn/T/pytest-of-macbook-dev/pytest-705/test_foreign_study_pack_proven2/foreign.db [Client ID: 3] (backend=postgresql)
2026-09-17 02:01:36.000 | DEBUG    | tldw_Server_API.app.core.DB_Management.ChaChaNotes_DB:__init__:7664 - CharactersRAGDB initialization completed successfully for /private/var/folders/sn/m80n2j152t9gw3w8qwk2nykh0000gn/T/pytest-of-macbook-dev/pytest-705/test_foreign_study_pack_proven2/foreign.db
----------------------------- Captured stderr call -----------------------------
2026-09-17 02:01:36.001 | DEBUG    | tldw_Server_API.app.core.DB_Management.ChaChaNotes_DB:_get_connection_for_state:8036 - Acquired backend connection (postgresql) for thread 8346099072
2026-09-17 02:01:36.003 | INFO     | tldw_Server_API.app.core.DB_Management.chacha.note_store:_execute:126 - Added note 'Private pack source' with ID: ba35b082-0204-4d5d-af23-f3d473f8c148.
2026-09-17 02:01:36.008 | DEBUG    | tldw_Server_API.app.core.DB_Management.ChaChaNotes_DB:execute_many:8456 - Executing Many on backend postgresql: INSERT INTO study_pack_cards(study_pack_id, flashcard_uuid, created_at, last_modified, deleted, client_id, version) VALUES(?, ?, ?, ?, ?, ?, ?) ON CON... with 1 sets.
2026-09-17 02:01:36.009 | DEBUG    | tldw_Server_API.app.core.DB_Management.ChaChaNotes_DB:execute_many:8456 - Executing Many on backend postgresql:
                    INSERT INTO flashcard_citations(
                        flashcard_uuid, source_type, source_id, citation_text, locator, ordinal,... with 1 sets.
2026-09-17 02:01:36.013 | DEBUG    | tldw_Server_API.app.core.DB_Management.ChaChaNotes_DB:_get_connection_for_state:8036 - Acquired backend connection (postgresql) for thread 8346099072
2026-09-17 02:01:36.014 | INFO     | tldw_Server_API.app.core.DB_Management.chacha.note_store:_execute:126 - Added note 'Private pack source' with ID: 4115aa66-a06f-4b71-9232-cd5c2699bcd4.
2026-09-17 02:01:36.018 | DEBUG    | tldw_Server_API.app.core.DB_Management.ChaChaNotes_DB:execute_many:8456 - Executing Many on backend postgresql: INSERT INTO study_pack_cards(study_pack_id, flashcard_uuid, created_at, last_modified, deleted, client_id, version) VALUES(?, ?, ?, ?, ?, ?, ?) ON CON... with 1 sets.
2026-09-17 02:01:36.019 | DEBUG    | tldw_Server_API.app.core.DB_Management.ChaChaNotes_DB:execute_many:8456 - Executing Many on backend postgresql:
                    INSERT INTO flashcard_citations(
                        flashcard_uuid, source_type, source_id, citation_text, locator, ordinal,... with 1 sets.
2026-09-17 02:01:36.022 | DEBUG    | tldw_Server_API.app.core.DB_Management.ChaChaNotes_DB:_get_connection_for_state:8036 - Acquired backend connection (postgresql) for thread 8346099072
2026-09-17 02:01:36.022 | DEBUG    | tldw_Server_API.app.core.DB_Management.ChaChaNotes_DB:execute_query:8286 - Executing SQL (script=False, backend=postgresql):
            SELECT id, workspace_id, title, deck_id, source_bundle_json, generation_options_json,
                   status, superseded_by_pack_id, created_at, last_modified, deleted, client_id, version
              FROM study_packs
             WHERE id = ? AND deleted = 0
        ... Params: (1,)...
2026-09-17 02:01:36.023 | DEBUG    | tldw_Server_API.app.core.DB_Management.ChaChaNotes_DB:execute_query:8286 - Executing SQL (script=False, backend=postgresql):
            SELECT f.uuid, f.deck_id, d.name AS deck_name, d.workspace_id AS workspace_id, f.front, f.back, f.notes, f.extra, f.is_cloze, f.tags_json,
                   f.source_ref_type, f.source_ref_id, f.conversation_id, f.message_id,
                   f.ef, f.interval_days, f.repetitions, f.l... Params: ('ab19d2bd-82c3-4ef2-9f39-c4663a0f95f8', '2')...
2026-09-17 02:01:36.024 | DEBUG    | tldw_Server_API.app.core.DB_Management.ChaChaNotes_DB:execute_query:8286 - Executing SQL (script=False, backend=postgresql):
            SELECT spc.id, spc.study_pack_id, spc.flashcard_uuid, spc.created_at, spc.last_modified,
                   spc.deleted, spc.client_id, spc.version, f.deck_id
              FROM study_pack_cards spc
              LEFT JOIN flashcards f ON f.uuid = spc.flashcard_uuid
             WHERE s... Params: (1,)...
2026-09-17 02:01:36.024 | DEBUG    | tldw_Server_API.app.core.DB_Management.ChaChaNotes_DB:execute_query:8286 - Executing SQL (script=False, backend=postgresql):
            SELECT id, flashcard_uuid, source_type, source_id, citation_text, locator, ordinal,
                   created_at, last_modified, deleted, client_id, version
              FROM flashcard_citations
             WHERE flashcard_uuid = ? AND 1=1
             ORDER BY ordinal, id
        ... Params: ('ab19d2bd-82c3-4ef2-9f39-c4663a0f95f8',)...
2026-09-17 02:01:36.026 | DEBUG    | tldw_Server_API.app.core.DB_Management.ChaChaNotes_DB:_get_connection_for_state:8036 - Acquired backend connection (postgresql) for thread 8346099072
2026-09-17 02:01:36.027 | DEBUG    | tldw_Server_API.app.core.DB_Management.ChaChaNotes_DB:execute_many:8456 - Executing Many on backend postgresql: INSERT INTO study_pack_cards(study_pack_id, flashcard_uuid, created_at, last_modified, deleted, client_id, version) VALUES(?, ?, ?, ?, ?, ?, ?) ON CON... with 1 sets.
2026-09-17 02:01:36.029 | DEBUG    | tldw_Server_API.app.core.DB_Management.ChaChaNotes_DB:_get_connection_for_state:8036 - Acquired backend connection (postgresql) for thread 8346099072
2026-09-17 02:01:36.029 | DEBUG    | tldw_Server_API.app.core.DB_Management.ChaChaNotes_DB:execute_query:8286 - Executing SQL (script=False, backend=postgresql):
            SELECT id, workspace_id, title, deck_id, source_bundle_json, generation_options_json,
                   status, superseded_by_pack_id, created_at, last_modified, deleted, client_id, version
              FROM study_packs
             WHERE id = ? AND deleted = 0
        ... Params: (1,)...
2026-09-17 02:01:36.029 | DEBUG    | tldw_Server_API.app.core.DB_Management.ChaChaNotes_DB:execute_query:8286 - Executing SQL (script=False, backend=postgresql):
            SELECT f.uuid, f.deck_id, d.name AS deck_name, d.workspace_id AS workspace_id, f.front, f.back, f.notes, f.extra, f.is_cloze, f.tags_json,
                   f.source_ref_type, f.source_ref_id, f.conversation_id, f.message_id,
                   f.ef, f.interval_days, f.repetitions, f.l... Params: ('ab19d2bd-82c3-4ef2-9f39-c4663a0f95f8', '2')...
2026-09-17 02:01:36.030 | DEBUG    | tldw_Server_API.app.core.DB_Management.ChaChaNotes_DB:execute_query:8286 - Executing SQL (script=False, backend=postgresql):
            SELECT spc.id, spc.study_pack_id, spc.flashcard_uuid, spc.created_at, spc.last_modified,
                   spc.deleted, spc.client_id, spc.version, f.deck_id
              FROM study_pack_cards spc
              LEFT JOIN flashcards f ON f.uuid = spc.flashcard_uuid
             WHERE s... Params: (1,)...
2026-09-17 02:01:36.030 | DEBUG    | tldw_Server_API.app.core.DB_Management.ChaChaNotes_DB:execute_query:8286 - Executing SQL (script=False, backend=postgresql):
            SELECT id, flashcard_uuid, source_type, source_id, citation_text, locator, ordinal,
                   created_at, last_modified, deleted, client_id, version
              FROM flashcard_citations
             WHERE flashcard_uuid = ? AND 1=1
             ORDER BY ordinal, id
        ... Params: ('ab19d2bd-82c3-4ef2-9f39-c4663a0f95f8',)...
--------------------------- Captured stderr teardown ---------------------------
2026-09-17 02:01:36.107 | INFO     | tldw_Server_API.app.api.v1.API_Deps.ChaCha_Notes_DB_Deps:close_all_chacha_db_instances:876 - Closing all cached ChaChaNotesDB instances (0)...
2026-09-17 02:01:36.107 | INFO     | tldw_Server_API.app.api.v1.API_Deps.ChaCha_Notes_DB_Deps:close_all_chacha_db_instances:892 - All ChaChaNotesDB instances closed and cache cleared.
2026-09-17 02:01:36.107 | INFO     | tldw_Server_API.app.api.v1.API_Deps.ChaCha_Notes_DB_Deps:close_all_chacha_db_instances:876 - Closing all cached ChaChaNotesDB instances (0)...
2026-09-17 02:01:36.107 | INFO     | tldw_Server_API.app.api.v1.API_Deps.ChaCha_Notes_DB_Deps:close_all_chacha_db_instances:892 - All ChaChaNotesDB instances closed and cache cleared.
_ test_owned_card_assistant_filters_foreign_child_metadata[postgres-membership] _
tldw_Server_API/tests/StudyPacks/test_study_pack_owner_contract.py:118: in test_owned_card_assistant_filters_foreign_child_metadata
    assert body["study_pack"] is None
E   AssertionError: assert {'client_id': '3', 'created_at': '2026-09-17T09:01:37.559000+00:00', 'deck_id': 2, 'deleted': False, ...} is None
---------------------------- Captured stderr setup -----------------------------
2026-09-17 02:01:36.124 | INFO     | tldw_Server_API.app.core.DB_Management.backends.factory:create_backend:392 - Creating postgresql backend
2026-09-17 02:01:36.124 | INFO     | tldw_Server_API.app.core.config:_buffered_log:210 - Determined ACTUAL_PROJECT_ROOT for database paths: /Users/macbook-dev/Documents/GitHub/tldw_server2
2026-09-17 02:01:36.124 | INFO     | tldw_Server_API.app.core.config:_buffered_log:210 - Early loading environment variables from: /Users/macbook-dev/Documents/GitHub/tldw_server2/tldw_Server_API/Config_Files/.env
2026-09-17 02:01:36.128 | INFO     | tldw_Server_API.app.core.config:_buffered_log:210 - Early loading environment variables from: /Users/macbook-dev/Documents/GitHub/tldw_server2/tldw_Server_API/Config_Files/.ENV
2026-09-17 02:01:36.132 | DEBUG    | tldw_Server_API.app.core.config:_buffered_log:210 - load_and_log_configs(): Loading and logging configurations...
2026-09-17 02:01:36.133 | INFO     | tldw_Server_API.app.core.config:_buffered_log:210 - Loading environment variables from: /Users/macbook-dev/Documents/GitHub/tldw_server2/tldw_Server_API/Config_Files/.env
2026-09-17 02:01:36.137 | INFO     | tldw_Server_API.app.core.config:_buffered_log:210 - Loading environment variables from: /Users/macbook-dev/Documents/GitHub/tldw_server2/tldw_Server_API/Config_Files/.ENV
2026-09-17 02:01:36.142 | INFO     | tldw_Server_API.app.core.config:_buffered_log:210 - Attempting to load comprehensive config from: /Users/macbook-dev/Documents/GitHub/tldw_server2/tldw_Server_API/Config_Files/config.txt
2026-09-17 02:01:36.144 | INFO     | tldw_Server_API.app.core.config:_buffered_log:210 - load_comprehensive_config(): Sections found in config: ['Setup', 'UI', 'Server', 'Files', 'Image-Generation', 'ACP', 'WORKSPACES', 'ACP-WORKSPACE', 'ACP-SANDBOX', 'Audit', 'Processing', 'Media-Processing', 'Chat-Dictionaries', 'Chat-Module', 'Chat-Commands', 'Chat-Templating', 'Character-Chat', 'Settings', 'Auto-Save', 'Prompts', 'Database', 'Chunking', 'Visual-RAG', 'AuthNZ', 'Streaming', 'HTTP', 'Egress', 'Embeddings', 'Claims', 'ClaimsMonitoring', 'RAG', 'Search-Agent', 'ResourceGovernor', 'Jobs', 'SlidesStandaloneHtml', 'Diarization', 'API', 'MLX', 'Local-API', 'LlamaCpp', 'STT-Settings', 'external_providers', 'TTS-Settings', 'VibeVoice', 'Audio-Quota', 'API-Routes', 'Search-Engines', 'Web-Scraper', 'Logging', 'Moderation', 'Redis', 'Web-Scraping', 'personalization', 'persona', 'persona.rbac']
2026-09-17 02:01:36.146 | INFO     | tldw_Server_API.app.core.config:_buffered_log:210 - Ensured main SQLite database directory exists: /Users/macbook-dev/Documents/GitHub/tldw_server2/Databases
2026-09-17 02:01:36.146 | INFO     | tldw_Server_API.app.core.config:_buffered_log:210 - Ensured user data base directory exists: Databases/user_databases
2026-09-17 02:01:36.147 | WARNING  | tldw_Server_API.app.core.DB_Management.db_path_utils:resolve_user_db_base_dir:491 - USER_DB_BASE_DIR not configured in tests, using isolated fallback: /private/var/folders/sn/m80n2j152t9gw3w8qwk2nykh0000gn/T/tldw_user_databases_test/default-2b48a741
2026-09-17 02:01:36.147 | INFO     | tldw_Server_API.app.core.DB_Management.ChaChaNotes_DB:__init__:7657 - Initializing CharactersRAGDB for path: /private/var/folders/sn/m80n2j152t9gw3w8qwk2nykh0000gn/T/pytest-of-macbook-dev/pytest-705/test_owned_card_assistant_filt1/packs.db [Client ID: 2] (backend=postgresql)
2026-09-17 02:01:37.366 | DEBUG    | tldw_Server_API.app.core.DB_Management.ChaChaNotes_DB:__init__:7664 - CharactersRAGDB initialization completed successfully for /private/var/folders/sn/m80n2j152t9gw3w8qwk2nykh0000gn/T/pytest-of-macbook-dev/pytest-705/test_owned_card_assistant_filt1/packs.db
2026-09-17 02:01:37.370 | INFO     | tldw_Server_API.app.core.Jobs.migrations:ensure_jobs_tables:1505 - Ensured Jobs schema at /private/var/folders/sn/m80n2j152t9gw3w8qwk2nykh0000gn/T/pytest-of-macbook-dev/pytest-705/test_owned_card_assistant_filt1/jobs.db
----------------------------- Captured stderr call -----------------------------
2026-09-17 02:01:37.403 | DEBUG    | tldw_Server_API.app.core.DB_Management.ChaChaNotes_DB:_get_connection_for_state:8036 - Acquired backend connection (postgresql) for thread 8346099072
2026-09-17 02:01:37.405 | INFO     | tldw_Server_API.app.core.DB_Management.chacha.note_store:_execute:126 - Added note 'Private pack source' with ID: 35bbbefe-9e68-4fd6-b9b1-ec5678bd6de0.
2026-09-17 02:01:37.410 | DEBUG    | tldw_Server_API.app.core.DB_Management.ChaChaNotes_DB:execute_many:8456 - Executing Many on backend postgresql:
                    INSERT INTO flashcard_citations(
                        flashcard_uuid, source_type, source_id, citation_text, locator, ordinal,... with 1 sets.
2026-09-17 02:01:37.411 | WARNING  | tldw_Server_API.app.core.DB_Management.db_path_utils:resolve_user_db_base_dir:491 - USER_DB_BASE_DIR not configured in tests, using isolated fallback: /private/var/folders/sn/m80n2j152t9gw3w8qwk2nykh0000gn/T/tldw_user_databases_test/default-2b48a741
2026-09-17 02:01:37.412 | INFO     | tldw_Server_API.app.core.DB_Management.ChaChaNotes_DB:__init__:7657 - Initializing CharactersRAGDB for path: /private/var/folders/sn/m80n2j152t9gw3w8qwk2nykh0000gn/T/pytest-of-macbook-dev/pytest-705/test_owned_card_assistant_filt1/packs.db [Client ID: 3] (backend=postgresql)
2026-09-17 02:01:37.554 | DEBUG    | tldw_Server_API.app.core.DB_Management.ChaChaNotes_DB:__init__:7664 - CharactersRAGDB initialization completed successfully for /private/var/folders/sn/m80n2j152t9gw3w8qwk2nykh0000gn/T/pytest-of-macbook-dev/pytest-705/test_owned_card_assistant_filt1/packs.db
2026-09-17 02:01:37.556 | DEBUG    | tldw_Server_API.app.core.DB_Management.ChaChaNotes_DB:_get_connection_for_state:8036 - Acquired backend connection (postgresql) for thread 8346099072
2026-09-17 02:01:37.557 | INFO     | tldw_Server_API.app.core.DB_Management.chacha.note_store:_execute:126 - Added note 'Private pack source' with ID: 86c99844-8dc8-426e-b776-82fe722c8803.
2026-09-17 02:01:37.560 | DEBUG    | tldw_Server_API.app.core.DB_Management.ChaChaNotes_DB:execute_many:8456 - Executing Many on backend postgresql:
                    INSERT INTO flashcard_citations(
                        flashcard_uuid, source_type, source_id, citation_text, locator, ordinal,... with 1 sets.
2026-09-17 02:01:37.563 | DEBUG    | tldw_Server_API.app.core.DB_Management.ChaChaNotes_DB:_get_connection_for_state:8036 - Acquired backend connection (postgresql) for thread 8346099072
2026-09-17 02:01:37.565 | DEBUG    | tldw_Server_API.app.core.DB_Management.ChaChaNotes_DB:_get_connection_for_state:8036 - Acquired backend connection (postgresql) for thread 6251769856
2026-09-17 02:01:37.566 | DEBUG    | tldw_Server_API.app.core.DB_Management.ChaChaNotes_DB:execute_query:8286 - Executing SQL (script=False, backend=postgresql):
            SELECT f.uuid, f.deck_id, d.name AS deck_name, d.workspace_id AS workspace_id, f.front, f.back, f.notes, f.extra, f.is_cloze, f.tags_json,
                   f.source_ref_type, f.source_ref_id, f.conversation_id, f.message_id,
                   f.ef, f.interval_days, f.repetitions, f.l... Params: ('04289209-42f3-40cf-ace8-de458b539e7d', '2')...
2026-09-17 02:01:37.566 | DEBUG    | tldw_Server_API.app.core.DB_Management.ChaChaNotes_DB:execute_query:8286 - Executing SQL (script=False, backend=postgresql):
            SELECT f.uuid, f.deck_id, d.name AS deck_name, d.workspace_id AS workspace_id, f.front, f.back, f.notes, f.extra, f.is_cloze, f.tags_json,
                   f.source_ref_type, f.source_ref_id, f.conversation_id, f.message_id,
                   f.ef, f.interval_days, f.repetitions, f.l... Params: ('04289209-42f3-40cf-ace8-de458b539e7d', '2')...
2026-09-17 02:01:37.567 | DEBUG    | tldw_Server_API.app.core.DB_Management.ChaChaNotes_DB:execute_query:8286 - Executing SQL (script=False, backend=postgresql): SELECT id, context_type, flashcard_uuid, quiz_attempt_id, question_id, last_message_at, message_count, created_at, last_modified, deleted, client_id, version FROM study_assistant_threads WHERE context_type = ? AND flashcard_uuid = ? AND deleted = 0... Params: ('flashcard', '04289209-42f3-40cf-ace8-de458b539e7d')...
2026-09-17 02:01:37.569 | DEBUG    | tldw_Server_API.app.core.DB_Management.ChaChaNotes_DB:execute_query:8286 - Executing SQL (script=False, backend=postgresql): SELECT id, context_type, flashcard_uuid, quiz_attempt_id, question_id, last_message_at, message_count, created_at, last_modified, deleted, client_id, version FROM study_assistant_threads WHERE context_type = ? AND flashcard_uuid = ? AND deleted = 0... Params: ('flashcard', '04289209-42f3-40cf-ace8-de458b539e7d')...
2026-09-17 02:01:37.569 | DEBUG    | tldw_Server_API.app.core.DB_Management.ChaChaNotes_DB:execute_query:8286 - Executing SQL (script=False, backend=postgresql): SELECT id, thread_id, role, action_type, input_modality, content, structured_payload_json, context_snapshot_json, provider, model, created_at, client_id FROM study_assistant_messages WHERE thread_id = ? ORDER BY id ASC LIMIT ? OFFSET ?... Params: (1, 100, 0)...
2026-09-17 02:01:37.570 | DEBUG    | tldw_Server_API.app.core.DB_Management.ChaChaNotes_DB:execute_query:8286 - Executing SQL (script=False, backend=postgresql):
            SELECT id, flashcard_uuid, source_type, source_id, citation_text, locator, ordinal,
                   created_at, last_modified, deleted, client_id, version
              FROM flashcard_citations
             WHERE flashcard_uuid = ? AND deleted = 0
             ORDER BY ordinal, id
  ... Params: ('04289209-42f3-40cf-ace8-de458b539e7d',)...
2026-09-17 02:01:37.570 | DEBUG    | tldw_Server_API.app.core.DB_Management.ChaChaNotes_DB:execute_query:8286 - Executing SQL (script=False, backend=postgresql):
            SELECT sp.id, sp.workspace_id, sp.title, sp.deck_id, sp.source_bundle_json, sp.generation_options_json,
                   sp.status, sp.superseded_by_pack_id, sp.created_at, sp.last_modified, sp.deleted, sp.client_id, sp.version
              FROM study_pack_cards spc
              JOI... Params: ('04289209-42f3-40cf-ace8-de458b539e7d',)...
--------------------------- Captured stderr teardown ---------------------------
2026-09-17 02:01:37.590 | INFO     | tldw_Server_API.app.api.v1.API_Deps.ChaCha_Notes_DB_Deps:close_all_chacha_db_instances:876 - Closing all cached ChaChaNotesDB instances (0)...
2026-09-17 02:01:37.590 | INFO     | tldw_Server_API.app.api.v1.API_Deps.ChaCha_Notes_DB_Deps:close_all_chacha_db_instances:892 - All ChaChaNotesDB instances closed and cache cleared.
2026-09-17 02:01:37.591 | INFO     | tldw_Server_API.app.api.v1.API_Deps.ChaCha_Notes_DB_Deps:close_all_chacha_db_instances:876 - Closing all cached ChaChaNotesDB instances (0)...
2026-09-17 02:01:37.591 | INFO     | tldw_Server_API.app.api.v1.API_Deps.ChaCha_Notes_DB_Deps:close_all_chacha_db_instances:892 - All ChaChaNotesDB instances closed and cache cleared.
_ test_foreign_tombstones_are_hidden_even_when_deleted_rows_requested[postgres] _
tldw_Server_API/tests/StudyPacks/test_study_pack_owner_contract.py:337: in test_foreign_tombstones_are_hidden_even_when_deleted_rows_requested
    assert foreign.list_study_pack_cards(ids["pack"], include_deleted=True) == []
E   AssertionError: assert [{'client_id'...': True, ...}] == []
E
E     Left contains one more item: {'client_id': '2', 'created_at': datetime.datetime(2026, 9, 17, 9, 1, 39, 128000, tzinfo=zoneinfo.ZoneInfo(key='Etc/UTC')), 'deck_id': 1, 'deleted': True, ...}
E     Use -v to get more diff
---------------------------- Captured stderr setup -----------------------------
2026-09-17 02:01:37.607 | INFO     | tldw_Server_API.app.core.DB_Management.backends.factory:create_backend:392 - Creating postgresql backend
2026-09-17 02:01:37.608 | INFO     | tldw_Server_API.app.core.config:_buffered_log:210 - Determined ACTUAL_PROJECT_ROOT for database paths: /Users/macbook-dev/Documents/GitHub/tldw_server2
2026-09-17 02:01:37.608 | INFO     | tldw_Server_API.app.core.config:_buffered_log:210 - Early loading environment variables from: /Users/macbook-dev/Documents/GitHub/tldw_server2/tldw_Server_API/Config_Files/.env
2026-09-17 02:01:37.612 | INFO     | tldw_Server_API.app.core.config:_buffered_log:210 - Early loading environment variables from: /Users/macbook-dev/Documents/GitHub/tldw_server2/tldw_Server_API/Config_Files/.ENV
2026-09-17 02:01:37.616 | DEBUG    | tldw_Server_API.app.core.config:_buffered_log:210 - load_and_log_configs(): Loading and logging configurations...
2026-09-17 02:01:37.617 | INFO     | tldw_Server_API.app.core.config:_buffered_log:210 - Loading environment variables from: /Users/macbook-dev/Documents/GitHub/tldw_server2/tldw_Server_API/Config_Files/.env
2026-09-17 02:01:37.624 | INFO     | tldw_Server_API.app.core.config:_buffered_log:210 - Loading environment variables from: /Users/macbook-dev/Documents/GitHub/tldw_server2/tldw_Server_API/Config_Files/.ENV
2026-09-17 02:01:37.631 | INFO     | tldw_Server_API.app.core.config:_buffered_log:210 - Attempting to load comprehensive config from: /Users/macbook-dev/Documents/GitHub/tldw_server2/tldw_Server_API/Config_Files/config.txt
2026-09-17 02:01:37.632 | INFO     | tldw_Server_API.app.core.config:_buffered_log:210 - load_comprehensive_config(): Sections found in config: ['Setup', 'UI', 'Server', 'Files', 'Image-Generation', 'ACP', 'WORKSPACES', 'ACP-WORKSPACE', 'ACP-SANDBOX', 'Audit', 'Processing', 'Media-Processing', 'Chat-Dictionaries', 'Chat-Module', 'Chat-Commands', 'Chat-Templating', 'Character-Chat', 'Settings', 'Auto-Save', 'Prompts', 'Database', 'Chunking', 'Visual-RAG', 'AuthNZ', 'Streaming', 'HTTP', 'Egress', 'Embeddings', 'Claims', 'ClaimsMonitoring', 'RAG', 'Search-Agent', 'ResourceGovernor', 'Jobs', 'SlidesStandaloneHtml', 'Diarization', 'API', 'MLX', 'Local-API', 'LlamaCpp', 'STT-Settings', 'external_providers', 'TTS-Settings', 'VibeVoice', 'Audio-Quota', 'API-Routes', 'Search-Engines', 'Web-Scraper', 'Logging', 'Moderation', 'Redis', 'Web-Scraping', 'personalization', 'persona', 'persona.rbac']
2026-09-17 02:01:37.635 | INFO     | tldw_Server_API.app.core.config:_buffered_log:210 - Ensured main SQLite database directory exists: /Users/macbook-dev/Documents/GitHub/tldw_server2/Databases
2026-09-17 02:01:37.635 | INFO     | tldw_Server_API.app.core.config:_buffered_log:210 - Ensured user data base directory exists: Databases/user_databases
2026-09-17 02:01:37.635 | WARNING  | tldw_Server_API.app.core.DB_Management.db_path_utils:resolve_user_db_base_dir:491 - USER_DB_BASE_DIR not configured in tests, using isolated fallback: /private/var/folders/sn/m80n2j152t9gw3w8qwk2nykh0000gn/T/tldw_user_databases_test/default-2b48a741
2026-09-17 02:01:37.635 | INFO     | tldw_Server_API.app.core.DB_Management.ChaChaNotes_DB:__init__:7657 - Initializing CharactersRAGDB for path: /private/var/folders/sn/m80n2j152t9gw3w8qwk2nykh0000gn/T/pytest-of-macbook-dev/pytest-705/test_foreign_tombstones_are_hi0/packs.db [Client ID: 2] (backend=postgresql)
2026-09-17 02:01:38.946 | DEBUG    | tldw_Server_API.app.core.DB_Management.ChaChaNotes_DB:__init__:7664 - CharactersRAGDB initialization completed successfully for /private/var/folders/sn/m80n2j152t9gw3w8qwk2nykh0000gn/T/pytest-of-macbook-dev/pytest-705/test_foreign_tombstones_are_hi0/packs.db
2026-09-17 02:01:38.950 | INFO     | tldw_Server_API.app.core.Jobs.migrations:ensure_jobs_tables:1505 - Ensured Jobs schema at /private/var/folders/sn/m80n2j152t9gw3w8qwk2nykh0000gn/T/pytest-of-macbook-dev/pytest-705/test_foreign_tombstones_are_hi0/jobs.db
2026-09-17 02:01:38.981 | WARNING  | tldw_Server_API.app.core.DB_Management.db_path_utils:resolve_user_db_base_dir:491 - USER_DB_BASE_DIR not configured in tests, using isolated fallback: /private/var/folders/sn/m80n2j152t9gw3w8qwk2nykh0000gn/T/tldw_user_databases_test/default-2b48a741
2026-09-17 02:01:38.981 | INFO     | tldw_Server_API.app.core.DB_Management.ChaChaNotes_DB:__init__:7657 - Initializing CharactersRAGDB for path: /private/var/folders/sn/m80n2j152t9gw3w8qwk2nykh0000gn/T/pytest-of-macbook-dev/pytest-705/test_foreign_tombstones_are_hi0/foreign.db [Client ID: 3] (backend=postgresql)
2026-09-17 02:01:39.121 | DEBUG    | tldw_Server_API.app.core.DB_Management.ChaChaNotes_DB:__init__:7664 - CharactersRAGDB initialization completed successfully for /private/var/folders/sn/m80n2j152t9gw3w8qwk2nykh0000gn/T/pytest-of-macbook-dev/pytest-705/test_foreign_tombstones_are_hi0/foreign.db
----------------------------- Captured stderr call -----------------------------
2026-09-17 02:01:39.123 | DEBUG    | tldw_Server_API.app.core.DB_Management.ChaChaNotes_DB:_get_connection_for_state:8036 - Acquired backend connection (postgresql) for thread 8346099072
2026-09-17 02:01:39.125 | INFO     | tldw_Server_API.app.core.DB_Management.chacha.note_store:_execute:126 - Added note 'Private pack source' with ID: b2002e2e-1e80-4622-a36d-2790e1b4faf5.
2026-09-17 02:01:39.128 | DEBUG    | tldw_Server_API.app.core.DB_Management.ChaChaNotes_DB:execute_many:8456 - Executing Many on backend postgresql: INSERT INTO study_pack_cards(study_pack_id, flashcard_uuid, created_at, last_modified, deleted, client_id, version) VALUES(?, ?, ?, ?, ?, ?, ?) ON CON... with 1 sets.
2026-09-17 02:01:39.130 | DEBUG    | tldw_Server_API.app.core.DB_Management.ChaChaNotes_DB:execute_many:8456 - Executing Many on backend postgresql:
                    INSERT INTO flashcard_citations(
                        flashcard_uuid, source_type, source_id, citation_text, locator, ordinal,... with 1 sets.
2026-09-17 02:01:39.133 | DEBUG    | tldw_Server_API.app.core.DB_Management.ChaChaNotes_DB:_get_connection_for_state:8036 - Acquired backend connection (postgresql) for thread 8346099072
2026-09-17 02:01:39.135 | DEBUG    | tldw_Server_API.app.core.DB_Management.ChaChaNotes_DB:_get_connection_for_state:8036 - Acquired backend connection (postgresql) for thread 8346099072
2026-09-17 02:01:39.135 | DEBUG    | tldw_Server_API.app.core.DB_Management.ChaChaNotes_DB:execute_query:8286 - Executing SQL (script=False, backend=postgresql):
            SELECT spc.id, spc.study_pack_id, spc.flashcard_uuid, spc.created_at, spc.last_modified,
                   spc.deleted, spc.client_id, spc.version, f.deck_id
              FROM study_pack_cards spc
              LEFT JOIN flashcards f ON f.uuid = spc.flashcard_uuid
             WHERE s... Params: (1,)...
2026-09-17 02:01:39.136 | DEBUG    | tldw_Server_API.app.core.DB_Management.ChaChaNotes_DB:execute_query:8286 - Executing SQL (script=False, backend=postgresql):
            SELECT id, flashcard_uuid, source_type, source_id, citation_text, locator, ordinal,
                   created_at, last_modified, deleted, client_id, version
              FROM flashcard_citations
             WHERE flashcard_uuid = ? AND 1=1
             ORDER BY ordinal, id
        ... Params: ('1e5ba344-117a-4969-b6f4-8151622c8811',)...
2026-09-17 02:01:39.141 | DEBUG    | tldw_Server_API.app.core.DB_Management.ChaChaNotes_DB:_get_connection_for_state:8036 - Acquired backend connection (postgresql) for thread 8346099072
2026-09-17 02:01:39.141 | DEBUG    | tldw_Server_API.app.core.DB_Management.ChaChaNotes_DB:execute_query:8286 - Executing SQL (script=False, backend=postgresql):
            SELECT spc.id, spc.study_pack_id, spc.flashcard_uuid, spc.created_at, spc.last_modified,
                   spc.deleted, spc.client_id, spc.version, f.deck_id
              FROM study_pack_cards spc
              LEFT JOIN flashcards f ON f.uuid = spc.flashcard_uuid
             WHERE s... Params: (1,)...
--------------------------- Captured stderr teardown ---------------------------
2026-09-17 02:01:39.160 | INFO     | tldw_Server_API.app.api.v1.API_Deps.ChaCha_Notes_DB_Deps:close_all_chacha_db_instances:876 - Closing all cached ChaChaNotesDB instances (0)...
2026-09-17 02:01:39.161 | INFO     | tldw_Server_API.app.api.v1.API_Deps.ChaCha_Notes_DB_Deps:close_all_chacha_db_instances:892 - All ChaChaNotesDB instances closed and cache cleared.
2026-09-17 02:01:39.161 | INFO     | tldw_Server_API.app.api.v1.API_Deps.ChaCha_Notes_DB_Deps:close_all_chacha_db_instances:876 - Closing all cached ChaChaNotesDB instances (0)...
2026-09-17 02:01:39.161 | INFO     | tldw_Server_API.app.api.v1.API_Deps.ChaCha_Notes_DB_Deps:close_all_chacha_db_instances:892 - All ChaChaNotesDB instances closed and cache cleared.
_ test_foreign_study_pack_provenance_mutation_cannot_change_owner_rows[postgres-supersede-pack] _
tldw_Server_API/tests/StudyPacks/test_study_pack_owner_contract.py:194: in test_foreign_study_pack_provenance_mutation_cannot_change_owner_rows
    assert snapshot() == before
E   AssertionError: assert ({'client_id'... False, ...}]) == ({'client_id'... False, ...}])
E
E     At index 0 diff: {'id': 1, 'workspace_id': None, 'title': 'Private pack', 'deck_id': 1, 'source_bundle_json': {'items': [{'source_type': 'note', 'source_id': '8ad609fb-8f25-42a0-8f4e-b738bf78c582'}]}, 'generation_options_json': {'deck_mode': 'new'}, 'status': 'superseded', 'superseded_by_pack_id': 2, 'created_at': datetime.datetime(2026, 9, 17, 9, 1, 42, 563000, tzinfo=zoneinfo.ZoneInfo(key='Etc/UTC')), 'last_modified': datetime.datetime(2026, 9, 17, 9, 1, 42, 582000, tzinfo=zoneinfo.ZoneInfo(key='Etc/UTC')), 'deleted': False, 'client_id': '3', 'version': 2} != {'id': 1...
E
E     ...Full output truncated (2 lines hidden), use '-vv' to show
---------------------------- Captured stderr setup -----------------------------
2026-09-17 02:01:41.052 | INFO     | tldw_Server_API.app.core.DB_Management.backends.factory:create_backend:392 - Creating postgresql backend
2026-09-17 02:01:41.052 | INFO     | tldw_Server_API.app.core.config:_buffered_log:210 - Determined ACTUAL_PROJECT_ROOT for database paths: /Users/macbook-dev/Documents/GitHub/tldw_server2
2026-09-17 02:01:41.052 | INFO     | tldw_Server_API.app.core.config:_buffered_log:210 - Early loading environment variables from: /Users/macbook-dev/Documents/GitHub/tldw_server2/tldw_Server_API/Config_Files/.env
2026-09-17 02:01:41.056 | INFO     | tldw_Server_API.app.core.config:_buffered_log:210 - Early loading environment variables from: /Users/macbook-dev/Documents/GitHub/tldw_server2/tldw_Server_API/Config_Files/.ENV
2026-09-17 02:01:41.061 | DEBUG    | tldw_Server_API.app.core.config:_buffered_log:210 - load_and_log_configs(): Loading and logging configurations...
2026-09-17 02:01:41.062 | INFO     | tldw_Server_API.app.core.config:_buffered_log:210 - Loading environment variables from: /Users/macbook-dev/Documents/GitHub/tldw_server2/tldw_Server_API/Config_Files/.env
2026-09-17 02:01:41.069 | INFO     | tldw_Server_API.app.core.config:_buffered_log:210 - Loading environment variables from: /Users/macbook-dev/Documents/GitHub/tldw_server2/tldw_Server_API/Config_Files/.ENV
2026-09-17 02:01:41.076 | INFO     | tldw_Server_API.app.core.config:_buffered_log:210 - Attempting to load comprehensive config from: /Users/macbook-dev/Documents/GitHub/tldw_server2/tldw_Server_API/Config_Files/config.txt
2026-09-17 02:01:41.079 | INFO     | tldw_Server_API.app.core.config:_buffered_log:210 - load_comprehensive_config(): Sections found in config: ['Setup', 'UI', 'Server', 'Files', 'Image-Generation', 'ACP', 'WORKSPACES', 'ACP-WORKSPACE', 'ACP-SANDBOX', 'Audit', 'Processing', 'Media-Processing', 'Chat-Dictionaries', 'Chat-Module', 'Chat-Commands', 'Chat-Templating', 'Character-Chat', 'Settings', 'Auto-Save', 'Prompts', 'Database', 'Chunking', 'Visual-RAG', 'AuthNZ', 'Streaming', 'HTTP', 'Egress', 'Embeddings', 'Claims', 'ClaimsMonitoring', 'RAG', 'Search-Agent', 'ResourceGovernor', 'Jobs', 'SlidesStandaloneHtml', 'Diarization', 'API', 'MLX', 'Local-API', 'LlamaCpp', 'STT-Settings', 'external_providers', 'TTS-Settings', 'VibeVoice', 'Audio-Quota', 'API-Routes', 'Search-Engines', 'Web-Scraper', 'Logging', 'Moderation', 'Redis', 'Web-Scraping', 'personalization', 'persona', 'persona.rbac']
2026-09-17 02:01:41.081 | INFO     | tldw_Server_API.app.core.config:_buffered_log:210 - Ensured main SQLite database directory exists: /Users/macbook-dev/Documents/GitHub/tldw_server2/Databases
2026-09-17 02:01:41.081 | INFO     | tldw_Server_API.app.core.config:_buffered_log:210 - Ensured user data base directory exists: Databases/user_databases
2026-09-17 02:01:41.081 | WARNING  | tldw_Server_API.app.core.DB_Management.db_path_utils:resolve_user_db_base_dir:491 - USER_DB_BASE_DIR not configured in tests, using isolated fallback: /private/var/folders/sn/m80n2j152t9gw3w8qwk2nykh0000gn/T/tldw_user_databases_test/default-2b48a741
2026-09-17 02:01:41.081 | INFO     | tldw_Server_API.app.core.DB_Management.ChaChaNotes_DB:__init__:7657 - Initializing CharactersRAGDB for path: /private/var/folders/sn/m80n2j152t9gw3w8qwk2nykh0000gn/T/pytest-of-macbook-dev/pytest-705/test_foreign_study_pack_proven4/packs.db [Client ID: 2] (backend=postgresql)
2026-09-17 02:01:42.368 | DEBUG    | tldw_Server_API.app.core.DB_Management.ChaChaNotes_DB:__init__:7664 - CharactersRAGDB initialization completed successfully for /private/var/folders/sn/m80n2j152t9gw3w8qwk2nykh0000gn/T/pytest-of-macbook-dev/pytest-705/test_foreign_study_pack_proven4/packs.db
2026-09-17 02:01:42.372 | INFO     | tldw_Server_API.app.core.Jobs.migrations:ensure_jobs_tables:1505 - Ensured Jobs schema at /private/var/folders/sn/m80n2j152t9gw3w8qwk2nykh0000gn/T/pytest-of-macbook-dev/pytest-705/test_foreign_study_pack_proven4/jobs.db
2026-09-17 02:01:42.407 | WARNING  | tldw_Server_API.app.core.DB_Management.db_path_utils:resolve_user_db_base_dir:491 - USER_DB_BASE_DIR not configured in tests, using isolated fallback: /private/var/folders/sn/m80n2j152t9gw3w8qwk2nykh0000gn/T/tldw_user_databases_test/default-2b48a741
2026-09-17 02:01:42.407 | INFO     | tldw_Server_API.app.core.DB_Management.ChaChaNotes_DB:__init__:7657 - Initializing CharactersRAGDB for path: /private/var/folders/sn/m80n2j152t9gw3w8qwk2nykh0000gn/T/pytest-of-macbook-dev/pytest-705/test_foreign_study_pack_proven4/foreign.db [Client ID: 3] (backend=postgresql)
2026-09-17 02:01:42.556 | DEBUG    | tldw_Server_API.app.core.DB_Management.ChaChaNotes_DB:__init__:7664 - CharactersRAGDB initialization completed successfully for /private/var/folders/sn/m80n2j152t9gw3w8qwk2nykh0000gn/T/pytest-of-macbook-dev/pytest-705/test_foreign_study_pack_proven4/foreign.db
----------------------------- Captured stderr call -----------------------------
2026-09-17 02:01:42.558 | DEBUG    | tldw_Server_API.app.core.DB_Management.ChaChaNotes_DB:_get_connection_for_state:8036 - Acquired backend connection (postgresql) for thread 8346099072
2026-09-17 02:01:42.560 | INFO     | tldw_Server_API.app.core.DB_Management.chacha.note_store:_execute:126 - Added note 'Private pack source' with ID: 8ad609fb-8f25-42a0-8f4e-b738bf78c582.
2026-09-17 02:01:42.565 | DEBUG    | tldw_Server_API.app.core.DB_Management.ChaChaNotes_DB:execute_many:8456 - Executing Many on backend postgresql: INSERT INTO study_pack_cards(study_pack_id, flashcard_uuid, created_at, last_modified, deleted, client_id, version) VALUES(?, ?, ?, ?, ?, ?, ?) ON CON... with 1 sets.
2026-09-17 02:01:42.566 | DEBUG    | tldw_Server_API.app.core.DB_Management.ChaChaNotes_DB:execute_many:8456 - Executing Many on backend postgresql:
                    INSERT INTO flashcard_citations(
                        flashcard_uuid, source_type, source_id, citation_text, locator, ordinal,... with 1 sets.
2026-09-17 02:01:42.569 | DEBUG    | tldw_Server_API.app.core.DB_Management.ChaChaNotes_DB:_get_connection_for_state:8036 - Acquired backend connection (postgresql) for thread 8346099072
2026-09-17 02:01:42.571 | INFO     | tldw_Server_API.app.core.DB_Management.chacha.note_store:_execute:126 - Added note 'Private pack source' with ID: b32e42fd-6ae9-473c-9f66-66d898a81c6d.
2026-09-17 02:01:42.575 | DEBUG    | tldw_Server_API.app.core.DB_Management.ChaChaNotes_DB:execute_many:8456 - Executing Many on backend postgresql: INSERT INTO study_pack_cards(study_pack_id, flashcard_uuid, created_at, last_modified, deleted, client_id, version) VALUES(?, ?, ?, ?, ?, ?, ?) ON CON... with 1 sets.
2026-09-17 02:01:42.576 | DEBUG    | tldw_Server_API.app.core.DB_Management.ChaChaNotes_DB:execute_many:8456 - Executing Many on backend postgresql:
                    INSERT INTO flashcard_citations(
                        flashcard_uuid, source_type, source_id, citation_text, locator, ordinal,... with 1 sets.
2026-09-17 02:01:42.578 | DEBUG    | tldw_Server_API.app.core.DB_Management.ChaChaNotes_DB:_get_connection_for_state:8036 - Acquired backend connection (postgresql) for thread 8346099072
2026-09-17 02:01:42.578 | DEBUG    | tldw_Server_API.app.core.DB_Management.ChaChaNotes_DB:execute_query:8286 - Executing SQL (script=False, backend=postgresql):
            SELECT id, workspace_id, title, deck_id, source_bundle_json, generation_options_json,
                   status, superseded_by_pack_id, created_at, last_modified, deleted, client_id, version
              FROM study_packs
             WHERE id = ? AND deleted = 0
        ... Params: (1,)...
2026-09-17 02:01:42.579 | DEBUG    | tldw_Server_API.app.core.DB_Management.ChaChaNotes_DB:execute_query:8286 - Executing SQL (script=False, backend=postgresql):
            SELECT f.uuid, f.deck_id, d.name AS deck_name, d.workspace_id AS workspace_id, f.front, f.back, f.notes, f.extra, f.is_cloze, f.tags_json,
                   f.source_ref_type, f.source_ref_id, f.conversation_id, f.message_id,
                   f.ef, f.interval_days, f.repetitions, f.l... Params: ('c7308b9f-61b2-4c7a-bd86-0256e1065c70', '2')...
2026-09-17 02:01:42.579 | DEBUG    | tldw_Server_API.app.core.DB_Management.ChaChaNotes_DB:execute_query:8286 - Executing SQL (script=False, backend=postgresql):
            SELECT spc.id, spc.study_pack_id, spc.flashcard_uuid, spc.created_at, spc.last_modified,
                   spc.deleted, spc.client_id, spc.version, f.deck_id
              FROM study_pack_cards spc
              LEFT JOIN flashcards f ON f.uuid = spc.flashcard_uuid
             WHERE s... Params: (1,)...
2026-09-17 02:01:42.580 | DEBUG    | tldw_Server_API.app.core.DB_Management.ChaChaNotes_DB:execute_query:8286 - Executing SQL (script=False, backend=postgresql):
            SELECT id, flashcard_uuid, source_type, source_id, citation_text, locator, ordinal,
                   created_at, last_modified, deleted, client_id, version
              FROM flashcard_citations
             WHERE flashcard_uuid = ? AND 1=1
             ORDER BY ordinal, id
        ... Params: ('c7308b9f-61b2-4c7a-bd86-0256e1065c70',)...
2026-09-17 02:01:42.583 | DEBUG    | tldw_Server_API.app.core.DB_Management.ChaChaNotes_DB:_get_connection_for_state:8036 - Acquired backend connection (postgresql) for thread 8346099072
2026-09-17 02:01:42.585 | DEBUG    | tldw_Server_API.app.core.DB_Management.ChaChaNotes_DB:_get_connection_for_state:8036 - Acquired backend connection (postgresql) for thread 8346099072
2026-09-17 02:01:42.585 | DEBUG    | tldw_Server_API.app.core.DB_Management.ChaChaNotes_DB:execute_query:8286 - Executing SQL (script=False, backend=postgresql):
            SELECT id, workspace_id, title, deck_id, source_bundle_json, generation_options_json,
                   status, superseded_by_pack_id, created_at, last_modified, deleted, client_id, version
              FROM study_packs
             WHERE id = ? AND deleted = 0
        ... Params: (1,)...
2026-09-17 02:01:42.586 | DEBUG    | tldw_Server_API.app.core.DB_Management.ChaChaNotes_DB:execute_query:8286 - Executing SQL (script=False, backend=postgresql):
            SELECT f.uuid, f.deck_id, d.name AS deck_name, d.workspace_id AS workspace_id, f.front, f.back, f.notes, f.extra, f.is_cloze, f.tags_json,
                   f.source_ref_type, f.source_ref_id, f.conversation_id, f.message_id,
                   f.ef, f.interval_days, f.repetitions, f.l... Params: ('c7308b9f-61b2-4c7a-bd86-0256e1065c70', '2')...
2026-09-17 02:01:42.587 | DEBUG    | tldw_Server_API.app.core.DB_Management.ChaChaNotes_DB:execute_query:8286 - Executing SQL (script=False, backend=postgresql):
            SELECT spc.id, spc.study_pack_id, spc.flashcard_uuid, spc.created_at, spc.last_modified,
                   spc.deleted, spc.client_id, spc.version, f.deck_id
              FROM study_pack_cards spc
              LEFT JOIN flashcards f ON f.uuid = spc.flashcard_uuid
             WHERE s... Params: (1,)...
2026-09-17 02:01:42.587 | DEBUG    | tldw_Server_API.app.core.DB_Management.ChaChaNotes_DB:execute_query:8286 - Executing SQL (script=False, backend=postgresql):
            SELECT id, flashcard_uuid, source_type, source_id, citation_text, locator, ordinal,
                   created_at, last_modified, deleted, client_id, version
              FROM flashcard_citations
             WHERE flashcard_uuid = ? AND 1=1
             ORDER BY ordinal, id
        ... Params: ('c7308b9f-61b2-4c7a-bd86-0256e1065c70',)...
--------------------------- Captured stderr teardown ---------------------------
2026-09-17 02:01:42.608 | INFO     | tldw_Server_API.app.api.v1.API_Deps.ChaCha_Notes_DB_Deps:close_all_chacha_db_instances:876 - Closing all cached ChaChaNotesDB instances (0)...
2026-09-17 02:01:42.608 | INFO     | tldw_Server_API.app.api.v1.API_Deps.ChaCha_Notes_DB_Deps:close_all_chacha_db_instances:892 - All ChaChaNotesDB instances closed and cache cleared.
2026-09-17 02:01:42.608 | INFO     | tldw_Server_API.app.api.v1.API_Deps.ChaCha_Notes_DB_Deps:close_all_chacha_db_instances:876 - Closing all cached ChaChaNotesDB instances (0)...
2026-09-17 02:01:42.608 | INFO     | tldw_Server_API.app.api.v1.API_Deps.ChaCha_Notes_DB_Deps:close_all_chacha_db_instances:892 - All ChaChaNotesDB instances closed and cache cleared.
_ test_foreign_study_pack_provenance_mutation_cannot_change_owner_rows[postgres-delete-pack] _
tldw_Server_API/tests/StudyPacks/test_study_pack_owner_contract.py:194: in test_foreign_study_pack_provenance_mutation_cannot_change_owner_rows
    assert snapshot() == before
E   AssertionError: assert (None, {'back... False, ...}]) == ({'client_id'... False, ...}])
E
E     At index 0 diff: None != {'id': 1, 'workspace_id': None, 'title': 'Private pack', 'deck_id': 1, 'source_bundle_json': {'items': [{'source_type': 'note', 'source_id': '633b6ec7-f13c-4bc4-ac3d-a6b89627bc34'}]}, 'generation_options_json': {'deck_mode': 'new'}, 'status': 'active', 'superseded_by_pack_id': None, 'created_at': datetime.datetime(2026, 9, 17, 9, 1, 47, 861000, tzinfo=zoneinfo.ZoneInfo(key='Etc/UTC')), 'last_modified': datetime.datetime(2026, 9, 17, 9, 1, 47, 861000, tzinfo=zoneinfo.ZoneInfo(key='Etc/UTC')), 'deleted': False, 'client_id': '2', 'version': 1}
E     Use -v to get more diff
---------------------------- Captured stderr setup -----------------------------
2026-09-17 02:01:46.325 | INFO     | tldw_Server_API.app.core.DB_Management.backends.factory:create_backend:392 - Creating postgresql backend
2026-09-17 02:01:46.325 | INFO     | tldw_Server_API.app.core.config:_buffered_log:210 - Determined ACTUAL_PROJECT_ROOT for database paths: /Users/macbook-dev/Documents/GitHub/tldw_server2
2026-09-17 02:01:46.325 | INFO     | tldw_Server_API.app.core.config:_buffered_log:210 - Early loading environment variables from: /Users/macbook-dev/Documents/GitHub/tldw_server2/tldw_Server_API/Config_Files/.env
2026-09-17 02:01:46.329 | INFO     | tldw_Server_API.app.core.config:_buffered_log:210 - Early loading environment variables from: /Users/macbook-dev/Documents/GitHub/tldw_server2/tldw_Server_API/Config_Files/.ENV
2026-09-17 02:01:46.334 | DEBUG    | tldw_Server_API.app.core.config:_buffered_log:210 - load_and_log_configs(): Loading and logging configurations...
2026-09-17 02:01:46.334 | INFO     | tldw_Server_API.app.core.config:_buffered_log:210 - Loading environment variables from: /Users/macbook-dev/Documents/GitHub/tldw_server2/tldw_Server_API/Config_Files/.env
2026-09-17 02:01:46.341 | INFO     | tldw_Server_API.app.core.config:_buffered_log:210 - Loading environment variables from: /Users/macbook-dev/Documents/GitHub/tldw_server2/tldw_Server_API/Config_Files/.ENV
2026-09-17 02:01:46.347 | INFO     | tldw_Server_API.app.core.config:_buffered_log:210 - Attempting to load comprehensive config from: /Users/macbook-dev/Documents/GitHub/tldw_server2/tldw_Server_API/Config_Files/config.txt
2026-09-17 02:01:46.349 | INFO     | tldw_Server_API.app.core.config:_buffered_log:210 - load_comprehensive_config(): Sections found in config: ['Setup', 'UI', 'Server', 'Files', 'Image-Generation', 'ACP', 'WORKSPACES', 'ACP-WORKSPACE', 'ACP-SANDBOX', 'Audit', 'Processing', 'Media-Processing', 'Chat-Dictionaries', 'Chat-Module', 'Chat-Commands', 'Chat-Templating', 'Character-Chat', 'Settings', 'Auto-Save', 'Prompts', 'Database', 'Chunking', 'Visual-RAG', 'AuthNZ', 'Streaming', 'HTTP', 'Egress', 'Embeddings', 'Claims', 'ClaimsMonitoring', 'RAG', 'Search-Agent', 'ResourceGovernor', 'Jobs', 'SlidesStandaloneHtml', 'Diarization', 'API', 'MLX', 'Local-API', 'LlamaCpp', 'STT-Settings', 'external_providers', 'TTS-Settings', 'VibeVoice', 'Audio-Quota', 'API-Routes', 'Search-Engines', 'Web-Scraper', 'Logging', 'Moderation', 'Redis', 'Web-Scraping', 'personalization', 'persona', 'persona.rbac']
2026-09-17 02:01:46.351 | INFO     | tldw_Server_API.app.core.config:_buffered_log:210 - Ensured main SQLite database directory exists: /Users/macbook-dev/Documents/GitHub/tldw_server2/Databases
2026-09-17 02:01:46.351 | INFO     | tldw_Server_API.app.core.config:_buffered_log:210 - Ensured user data base directory exists: Databases/user_databases
2026-09-17 02:01:46.352 | WARNING  | tldw_Server_API.app.core.DB_Management.db_path_utils:resolve_user_db_base_dir:491 - USER_DB_BASE_DIR not configured in tests, using isolated fallback: /private/var/folders/sn/m80n2j152t9gw3w8qwk2nykh0000gn/T/tldw_user_databases_test/default-2b48a741
2026-09-17 02:01:46.352 | INFO     | tldw_Server_API.app.core.DB_Management.ChaChaNotes_DB:__init__:7657 - Initializing CharactersRAGDB for path: /private/var/folders/sn/m80n2j152t9gw3w8qwk2nykh0000gn/T/pytest-of-macbook-dev/pytest-705/test_foreign_study_pack_proven6/packs.db [Client ID: 2] (backend=postgresql)
2026-09-17 02:01:47.658 | DEBUG    | tldw_Server_API.app.core.DB_Management.ChaChaNotes_DB:__init__:7664 - CharactersRAGDB initialization completed successfully for /private/var/folders/sn/m80n2j152t9gw3w8qwk2nykh0000gn/T/pytest-of-macbook-dev/pytest-705/test_foreign_study_pack_proven6/packs.db
2026-09-17 02:01:47.662 | INFO     | tldw_Server_API.app.core.Jobs.migrations:ensure_jobs_tables:1505 - Ensured Jobs schema at /private/var/folders/sn/m80n2j152t9gw3w8qwk2nykh0000gn/T/pytest-of-macbook-dev/pytest-705/test_foreign_study_pack_proven6/jobs.db
2026-09-17 02:01:47.694 | WARNING  | tldw_Server_API.app.core.DB_Management.db_path_utils:resolve_user_db_base_dir:491 - USER_DB_BASE_DIR not configured in tests, using isolated fallback: /private/var/folders/sn/m80n2j152t9gw3w8qwk2nykh0000gn/T/tldw_user_databases_test/default-2b48a741
2026-09-17 02:01:47.694 | INFO     | tldw_Server_API.app.core.DB_Management.ChaChaNotes_DB:__init__:7657 - Initializing CharactersRAGDB for path: /private/var/folders/sn/m80n2j152t9gw3w8qwk2nykh0000gn/T/pytest-of-macbook-dev/pytest-705/test_foreign_study_pack_proven6/foreign.db [Client ID: 3] (backend=postgresql)
2026-09-17 02:01:47.854 | DEBUG    | tldw_Server_API.app.core.DB_Management.ChaChaNotes_DB:__init__:7664 - CharactersRAGDB initialization completed successfully for /private/var/folders/sn/m80n2j152t9gw3w8qwk2nykh0000gn/T/pytest-of-macbook-dev/pytest-705/test_foreign_study_pack_proven6/foreign.db
----------------------------- Captured stderr call -----------------------------
2026-09-17 02:01:47.856 | DEBUG    | tldw_Server_API.app.core.DB_Management.ChaChaNotes_DB:_get_connection_for_state:8036 - Acquired backend connection (postgresql) for thread 8346099072
2026-09-17 02:01:47.859 | INFO     | tldw_Server_API.app.core.DB_Management.chacha.note_store:_execute:126 - Added note 'Private pack source' with ID: 633b6ec7-f13c-4bc4-ac3d-a6b89627bc34.
2026-09-17 02:01:47.863 | DEBUG    | tldw_Server_API.app.core.DB_Management.ChaChaNotes_DB:execute_many:8456 - Executing Many on backend postgresql: INSERT INTO study_pack_cards(study_pack_id, flashcard_uuid, created_at, last_modified, deleted, client_id, version) VALUES(?, ?, ?, ?, ?, ?, ?) ON CON... with 1 sets.
2026-09-17 02:01:47.864 | DEBUG    | tldw_Server_API.app.core.DB_Management.ChaChaNotes_DB:execute_many:8456 - Executing Many on backend postgresql:
                    INSERT INTO flashcard_citations(
                        flashcard_uuid, source_type, source_id, citation_text, locator, ordinal,... with 1 sets.
2026-09-17 02:01:47.868 | DEBUG    | tldw_Server_API.app.core.DB_Management.ChaChaNotes_DB:_get_connection_for_state:8036 - Acquired backend connection (postgresql) for thread 8346099072
2026-09-17 02:01:47.869 | INFO     | tldw_Server_API.app.core.DB_Management.chacha.note_store:_execute:126 - Added note 'Private pack source' with ID: a56dee8a-67e0-470a-ba04-094999c10ba5.
2026-09-17 02:01:47.873 | DEBUG    | tldw_Server_API.app.core.DB_Management.ChaChaNotes_DB:execute_many:8456 - Executing Many on backend postgresql: INSERT INTO study_pack_cards(study_pack_id, flashcard_uuid, created_at, last_modified, deleted, client_id, version) VALUES(?, ?, ?, ?, ?, ?, ?) ON CON... with 1 sets.
2026-09-17 02:01:47.874 | DEBUG    | tldw_Server_API.app.core.DB_Management.ChaChaNotes_DB:execute_many:8456 - Executing Many on backend postgresql:
                    INSERT INTO flashcard_citations(
                        flashcard_uuid, source_type, source_id, citation_text, locator, ordinal,... with 1 sets.
2026-09-17 02:01:47.876 | DEBUG    | tldw_Server_API.app.core.DB_Management.ChaChaNotes_DB:_get_connection_for_state:8036 - Acquired backend connection (postgresql) for thread 8346099072
2026-09-17 02:01:47.876 | DEBUG    | tldw_Server_API.app.core.DB_Management.ChaChaNotes_DB:execute_query:8286 - Executing SQL (script=False, backend=postgresql):
            SELECT id, workspace_id, title, deck_id, source_bundle_json, generation_options_json,
                   status, superseded_by_pack_id, created_at, last_modified, deleted, client_id, version
              FROM study_packs
             WHERE id = ? AND deleted = 0
        ... Params: (1,)...
2026-09-17 02:01:47.876 | DEBUG    | tldw_Server_API.app.core.DB_Management.ChaChaNotes_DB:execute_query:8286 - Executing SQL (script=False, backend=postgresql):
            SELECT f.uuid, f.deck_id, d.name AS deck_name, d.workspace_id AS workspace_id, f.front, f.back, f.notes, f.extra, f.is_cloze, f.tags_json,
                   f.source_ref_type, f.source_ref_id, f.conversation_id, f.message_id,
                   f.ef, f.interval_days, f.repetitions, f.l... Params: ('344cc380-fc19-4f28-974c-6254f45a8b71', '2')...
2026-09-17 02:01:47.877 | DEBUG    | tldw_Server_API.app.core.DB_Management.ChaChaNotes_DB:execute_query:8286 - Executing SQL (script=False, backend=postgresql):
            SELECT spc.id, spc.study_pack_id, spc.flashcard_uuid, spc.created_at, spc.last_modified,
                   spc.deleted, spc.client_id, spc.version, f.deck_id
              FROM study_pack_cards spc
              LEFT JOIN flashcards f ON f.uuid = spc.flashcard_uuid
             WHERE s... Params: (1,)...
2026-09-17 02:01:47.877 | DEBUG    | tldw_Server_API.app.core.DB_Management.ChaChaNotes_DB:execute_query:8286 - Executing SQL (script=False, backend=postgresql):
            SELECT id, flashcard_uuid, source_type, source_id, citation_text, locator, ordinal,
                   created_at, last_modified, deleted, client_id, version
              FROM flashcard_citations
             WHERE flashcard_uuid = ? AND 1=1
             ORDER BY ordinal, id
        ... Params: ('344cc380-fc19-4f28-974c-6254f45a8b71',)...
2026-09-17 02:01:47.879 | DEBUG    | tldw_Server_API.app.core.DB_Management.ChaChaNotes_DB:_get_connection_for_state:8036 - Acquired backend connection (postgresql) for thread 8346099072
2026-09-17 02:01:47.882 | DEBUG    | tldw_Server_API.app.core.DB_Management.ChaChaNotes_DB:_get_connection_for_state:8036 - Acquired backend connection (postgresql) for thread 8346099072
2026-09-17 02:01:47.882 | DEBUG    | tldw_Server_API.app.core.DB_Management.ChaChaNotes_DB:execute_query:8286 - Executing SQL (script=False, backend=postgresql):
            SELECT id, workspace_id, title, deck_id, source_bundle_json, generation_options_json,
                   status, superseded_by_pack_id, created_at, last_modified, deleted, client_id, version
              FROM study_packs
             WHERE id = ? AND deleted = 0
        ... Params: (1,)...
2026-09-17 02:01:47.882 | DEBUG    | tldw_Server_API.app.core.DB_Management.ChaChaNotes_DB:execute_query:8286 - Executing SQL (script=False, backend=postgresql):
            SELECT f.uuid, f.deck_id, d.name AS deck_name, d.workspace_id AS workspace_id, f.front, f.back, f.notes, f.extra, f.is_cloze, f.tags_json,
                   f.source_ref_type, f.source_ref_id, f.conversation_id, f.message_id,
                   f.ef, f.interval_days, f.repetitions, f.l... Params: ('344cc380-fc19-4f28-974c-6254f45a8b71', '2')...
2026-09-17 02:01:47.883 | DEBUG    | tldw_Server_API.app.core.DB_Management.ChaChaNotes_DB:execute_query:8286 - Executing SQL (script=False, backend=postgresql):
            SELECT spc.id, spc.study_pack_id, spc.flashcard_uuid, spc.created_at, spc.last_modified,
                   spc.deleted, spc.client_id, spc.version, f.deck_id
              FROM study_pack_cards spc
              LEFT JOIN flashcards f ON f.uuid = spc.flashcard_uuid
             WHERE s... Params: (1,)...
2026-09-17 02:01:47.883 | DEBUG    | tldw_Server_API.app.core.DB_Management.ChaChaNotes_DB:execute_query:8286 - Executing SQL (script=False, backend=postgresql):
            SELECT id, flashcard_uuid, source_type, source_id, citation_text, locator, ordinal,
                   created_at, last_modified, deleted, client_id, version
              FROM flashcard_citations
             WHERE flashcard_uuid = ? AND 1=1
             ORDER BY ordinal, id
        ... Params: ('344cc380-fc19-4f28-974c-6254f45a8b71',)...
--------------------------- Captured stderr teardown ---------------------------
2026-09-17 02:01:47.902 | INFO     | tldw_Server_API.app.api.v1.API_Deps.ChaCha_Notes_DB_Deps:close_all_chacha_db_instances:876 - Closing all cached ChaChaNotesDB instances (0)...
2026-09-17 02:01:47.902 | INFO     | tldw_Server_API.app.api.v1.API_Deps.ChaCha_Notes_DB_Deps:close_all_chacha_db_instances:892 - All ChaChaNotesDB instances closed and cache cleared.
2026-09-17 02:01:47.903 | INFO     | tldw_Server_API.app.api.v1.API_Deps.ChaCha_Notes_DB_Deps:close_all_chacha_db_instances:876 - Closing all cached ChaChaNotesDB instances (0)...
2026-09-17 02:01:47.903 | INFO     | tldw_Server_API.app.api.v1.API_Deps.ChaCha_Notes_DB_Deps:close_all_chacha_db_instances:892 - All ChaChaNotesDB instances closed and cache cleared.
________ test_private_pack_http_hides_foreign_pack[postgres-regenerate] ________
tldw_Server_API/tests/StudyPacks/test_study_pack_owner_contract.py:70: in test_private_pack_http_hides_foreign_pack
    assert response.status_code == 404, response.json()
E   AssertionError: {'job': {'domain': 'study_packs', 'id': 1, 'job_type': 'study_pack_generate', 'queue': 'default', ...}}
E   assert 202 == 404
E    +  where 202 = <Response [202 Accepted]>.status_code
---------------------------- Captured stderr setup -----------------------------
2026-09-17 02:01:47.920 | INFO     | tldw_Server_API.app.core.DB_Management.backends.factory:create_backend:392 - Creating postgresql backend
2026-09-17 02:01:47.920 | INFO     | tldw_Server_API.app.core.config:_buffered_log:210 - Determined ACTUAL_PROJECT_ROOT for database paths: /Users/macbook-dev/Documents/GitHub/tldw_server2
2026-09-17 02:01:47.920 | INFO     | tldw_Server_API.app.core.config:_buffered_log:210 - Early loading environment variables from: /Users/macbook-dev/Documents/GitHub/tldw_server2/tldw_Server_API/Config_Files/.env
2026-09-17 02:01:47.925 | INFO     | tldw_Server_API.app.core.config:_buffered_log:210 - Early loading environment variables from: /Users/macbook-dev/Documents/GitHub/tldw_server2/tldw_Server_API/Config_Files/.ENV
2026-09-17 02:01:47.929 | DEBUG    | tldw_Server_API.app.core.config:_buffered_log:210 - load_and_log_configs(): Loading and logging configurations...
2026-09-17 02:01:47.929 | INFO     | tldw_Server_API.app.core.config:_buffered_log:210 - Loading environment variables from: /Users/macbook-dev/Documents/GitHub/tldw_server2/tldw_Server_API/Config_Files/.env
2026-09-17 02:01:47.936 | INFO     | tldw_Server_API.app.core.config:_buffered_log:210 - Loading environment variables from: /Users/macbook-dev/Documents/GitHub/tldw_server2/tldw_Server_API/Config_Files/.ENV
2026-09-17 02:01:47.943 | INFO     | tldw_Server_API.app.core.config:_buffered_log:210 - Attempting to load comprehensive config from: /Users/macbook-dev/Documents/GitHub/tldw_server2/tldw_Server_API/Config_Files/config.txt
2026-09-17 02:01:47.945 | INFO     | tldw_Server_API.app.core.config:_buffered_log:210 - load_comprehensive_config(): Sections found in config: ['Setup', 'UI', 'Server', 'Files', 'Image-Generation', 'ACP', 'WORKSPACES', 'ACP-WORKSPACE', 'ACP-SANDBOX', 'Audit', 'Processing', 'Media-Processing', 'Chat-Dictionaries', 'Chat-Module', 'Chat-Commands', 'Chat-Templating', 'Character-Chat', 'Settings', 'Auto-Save', 'Prompts', 'Database', 'Chunking', 'Visual-RAG', 'AuthNZ', 'Streaming', 'HTTP', 'Egress', 'Embeddings', 'Claims', 'ClaimsMonitoring', 'RAG', 'Search-Agent', 'ResourceGovernor', 'Jobs', 'SlidesStandaloneHtml', 'Diarization', 'API', 'MLX', 'Local-API', 'LlamaCpp', 'STT-Settings', 'external_providers', 'TTS-Settings', 'VibeVoice', 'Audio-Quota', 'API-Routes', 'Search-Engines', 'Web-Scraper', 'Logging', 'Moderation', 'Redis', 'Web-Scraping', 'personalization', 'persona', 'persona.rbac']
2026-09-17 02:01:47.947 | INFO     | tldw_Server_API.app.core.config:_buffered_log:210 - Ensured main SQLite database directory exists: /Users/macbook-dev/Documents/GitHub/tldw_server2/Databases
2026-09-17 02:01:47.947 | INFO     | tldw_Server_API.app.core.config:_buffered_log:210 - Ensured user data base directory exists: Databases/user_databases
2026-09-17 02:01:47.947 | WARNING  | tldw_Server_API.app.core.DB_Management.db_path_utils:resolve_user_db_base_dir:491 - USER_DB_BASE_DIR not configured in tests, using isolated fallback: /private/var/folders/sn/m80n2j152t9gw3w8qwk2nykh0000gn/T/tldw_user_databases_test/default-2b48a741
2026-09-17 02:01:47.948 | INFO     | tldw_Server_API.app.core.DB_Management.ChaChaNotes_DB:__init__:7657 - Initializing CharactersRAGDB for path: /private/var/folders/sn/m80n2j152t9gw3w8qwk2nykh0000gn/T/pytest-of-macbook-dev/pytest-705/test_private_pack_http_hides_f0/packs.db [Client ID: 2] (backend=postgresql)
2026-09-17 02:01:49.281 | DEBUG    | tldw_Server_API.app.core.DB_Management.ChaChaNotes_DB:__init__:7664 - CharactersRAGDB initialization completed successfully for /private/var/folders/sn/m80n2j152t9gw3w8qwk2nykh0000gn/T/pytest-of-macbook-dev/pytest-705/test_private_pack_http_hides_f0/packs.db
2026-09-17 02:01:49.285 | INFO     | tldw_Server_API.app.core.Jobs.migrations:ensure_jobs_tables:1505 - Ensured Jobs schema at /private/var/folders/sn/m80n2j152t9gw3w8qwk2nykh0000gn/T/pytest-of-macbook-dev/pytest-705/test_private_pack_http_hides_f0/jobs.db
2026-09-17 02:01:49.317 | WARNING  | tldw_Server_API.app.core.DB_Management.db_path_utils:resolve_user_db_base_dir:491 - USER_DB_BASE_DIR not configured in tests, using isolated fallback: /private/var/folders/sn/m80n2j152t9gw3w8qwk2nykh0000gn/T/tldw_user_databases_test/default-2b48a741
2026-09-17 02:01:49.317 | INFO     | tldw_Server_API.app.core.DB_Management.ChaChaNotes_DB:__init__:7657 - Initializing CharactersRAGDB for path: /private/var/folders/sn/m80n2j152t9gw3w8qwk2nykh0000gn/T/pytest-of-macbook-dev/pytest-705/test_private_pack_http_hides_f0/foreign.db [Client ID: 3] (backend=postgresql)
2026-09-17 02:01:49.470 | DEBUG    | tldw_Server_API.app.core.DB_Management.ChaChaNotes_DB:__init__:7664 - CharactersRAGDB initialization completed successfully for /private/var/folders/sn/m80n2j152t9gw3w8qwk2nykh0000gn/T/pytest-of-macbook-dev/pytest-705/test_private_pack_http_hides_f0/foreign.db
----------------------------- Captured stderr call -----------------------------
2026-09-17 02:01:49.472 | DEBUG    | tldw_Server_API.app.core.DB_Management.ChaChaNotes_DB:_get_connection_for_state:8036 - Acquired backend connection (postgresql) for thread 8346099072
2026-09-17 02:01:49.473 | INFO     | tldw_Server_API.app.core.DB_Management.chacha.note_store:_execute:126 - Added note 'Private pack source' with ID: 00d52fce-7585-48b9-9564-f024d3324392.
2026-09-17 02:01:49.478 | DEBUG    | tldw_Server_API.app.core.DB_Management.ChaChaNotes_DB:execute_many:8456 - Executing Many on backend postgresql: INSERT INTO study_pack_cards(study_pack_id, flashcard_uuid, created_at, last_modified, deleted, client_id, version) VALUES(?, ?, ?, ?, ?, ?, ?) ON CON... with 1 sets.
2026-09-17 02:01:49.479 | DEBUG    | tldw_Server_API.app.core.DB_Management.ChaChaNotes_DB:execute_many:8456 - Executing Many on backend postgresql:
                    INSERT INTO flashcard_citations(
                        flashcard_uuid, source_type, source_id, citation_text, locator, ordinal,... with 1 sets.
2026-09-17 02:01:49.483 | DEBUG    | tldw_Server_API.app.core.DB_Management.ChaChaNotes_DB:_get_connection_for_state:8036 - Acquired backend connection (postgresql) for thread 6251769856
2026-09-17 02:01:49.483 | DEBUG    | tldw_Server_API.app.core.DB_Management.ChaChaNotes_DB:execute_query:8286 - Executing SQL (script=False, backend=postgresql):
            SELECT id, workspace_id, title, deck_id, source_bundle_json, generation_options_json,
                   status, superseded_by_pack_id, created_at, last_modified, deleted, client_id, version
              FROM study_packs
             WHERE id = ? AND deleted = 0
        ... Params: (1,)...
2026-09-17 02:01:49.489 | DEBUG    | tldw_Server_API.app.core.DB_Management.ChaChaNotes_DB:_get_connection_for_state:8036 - Acquired backend connection (postgresql) for thread 6251769856
2026-09-17 02:01:49.489 | DEBUG    | tldw_Server_API.app.core.DB_Management.ChaChaNotes_DB:execute_query:8286 - Executing SQL (script=False, backend=postgresql):
            SELECT id, workspace_id, title, deck_id, source_bundle_json, generation_options_json,
                   status, superseded_by_pack_id, created_at, last_modified, deleted, client_id, version
              FROM study_packs
             WHERE id = ? AND deleted = 0
        ... Params: (1,)...
--------------------------- Captured stderr teardown ---------------------------
2026-09-17 02:01:49.510 | INFO     | tldw_Server_API.app.api.v1.API_Deps.ChaCha_Notes_DB_Deps:close_all_chacha_db_instances:876 - Closing all cached ChaChaNotesDB instances (0)...
2026-09-17 02:01:49.510 | INFO     | tldw_Server_API.app.api.v1.API_Deps.ChaCha_Notes_DB_Deps:close_all_chacha_db_instances:892 - All ChaChaNotesDB instances closed and cache cleared.
2026-09-17 02:01:49.511 | INFO     | tldw_Server_API.app.api.v1.API_Deps.ChaCha_Notes_DB_Deps:close_all_chacha_db_instances:876 - Closing all cached ChaChaNotesDB instances (0)...
2026-09-17 02:01:49.511 | INFO     | tldw_Server_API.app.api.v1.API_Deps.ChaCha_Notes_DB_Deps:close_all_chacha_db_instances:892 - All ChaChaNotesDB instances closed and cache cleared.
_______ test_restricted_role_study_pack_access_is_owner_scoped[postgres] _______
tldw_Server_API/tests/StudyPacks/test_study_pack_owner_contract.py:366: in test_restricted_role_study_pack_access_is_owner_scoped
    assert foreign.get_study_pack(ids["pack"]) is None
E   AssertionError: assert {'client_id': '2', 'created_at': datetime.datetime(2026, 9, 17, 9, 1, 53, 691000, tzinfo=zoneinfo.ZoneInfo(key='Etc/UTC')), 'deck_id': 1, 'deleted': False, ...} is None
E    +  where {'client_id': '2', 'created_at': datetime.datetime(2026, 9, 17, 9, 1, 53, 691000, tzinfo=zoneinfo.ZoneInfo(key='Etc/UTC')), 'deck_id': 1, 'deleted': False, ...} = get_study_pack(1)
E    +    where get_study_pack = <tldw_Server_API.app.core.DB_Management.ChaChaNotes_DB.CharactersRAGDB object at 0x111ded8d0>.get_study_pack
---------------------------- Captured stderr setup -----------------------------
2026-09-17 02:01:52.186 | INFO     | tldw_Server_API.app.core.DB_Management.backends.factory:create_backend:392 - Creating postgresql backend
2026-09-17 02:01:52.187 | INFO     | tldw_Server_API.app.core.config:_buffered_log:210 - Determined ACTUAL_PROJECT_ROOT for database paths: /Users/macbook-dev/Documents/GitHub/tldw_server2
2026-09-17 02:01:52.187 | INFO     | tldw_Server_API.app.core.config:_buffered_log:210 - Early loading environment variables from: /Users/macbook-dev/Documents/GitHub/tldw_server2/tldw_Server_API/Config_Files/.env
2026-09-17 02:01:52.191 | INFO     | tldw_Server_API.app.core.config:_buffered_log:210 - Early loading environment variables from: /Users/macbook-dev/Documents/GitHub/tldw_server2/tldw_Server_API/Config_Files/.ENV
2026-09-17 02:01:52.195 | DEBUG    | tldw_Server_API.app.core.config:_buffered_log:210 - load_and_log_configs(): Loading and logging configurations...
2026-09-17 02:01:52.196 | INFO     | tldw_Server_API.app.core.config:_buffered_log:210 - Loading environment variables from: /Users/macbook-dev/Documents/GitHub/tldw_server2/tldw_Server_API/Config_Files/.env
2026-09-17 02:01:52.202 | INFO     | tldw_Server_API.app.core.config:_buffered_log:210 - Loading environment variables from: /Users/macbook-dev/Documents/GitHub/tldw_server2/tldw_Server_API/Config_Files/.ENV
2026-09-17 02:01:52.209 | INFO     | tldw_Server_API.app.core.config:_buffered_log:210 - Attempting to load comprehensive config from: /Users/macbook-dev/Documents/GitHub/tldw_server2/tldw_Server_API/Config_Files/config.txt
2026-09-17 02:01:52.211 | INFO     | tldw_Server_API.app.core.config:_buffered_log:210 - load_comprehensive_config(): Sections found in config: ['Setup', 'UI', 'Server', 'Files', 'Image-Generation', 'ACP', 'WORKSPACES', 'ACP-WORKSPACE', 'ACP-SANDBOX', 'Audit', 'Processing', 'Media-Processing', 'Chat-Dictionaries', 'Chat-Module', 'Chat-Commands', 'Chat-Templating', 'Character-Chat', 'Settings', 'Auto-Save', 'Prompts', 'Database', 'Chunking', 'Visual-RAG', 'AuthNZ', 'Streaming', 'HTTP', 'Egress', 'Embeddings', 'Claims', 'ClaimsMonitoring', 'RAG', 'Search-Agent', 'ResourceGovernor', 'Jobs', 'SlidesStandaloneHtml', 'Diarization', 'API', 'MLX', 'Local-API', 'LlamaCpp', 'STT-Settings', 'external_providers', 'TTS-Settings', 'VibeVoice', 'Audio-Quota', 'API-Routes', 'Search-Engines', 'Web-Scraper', 'Logging', 'Moderation', 'Redis', 'Web-Scraping', 'personalization', 'persona', 'persona.rbac']
2026-09-17 02:01:52.213 | INFO     | tldw_Server_API.app.core.config:_buffered_log:210 - Ensured main SQLite database directory exists: /Users/macbook-dev/Documents/GitHub/tldw_server2/Databases
2026-09-17 02:01:52.213 | INFO     | tldw_Server_API.app.core.config:_buffered_log:210 - Ensured user data base directory exists: Databases/user_databases
2026-09-17 02:01:52.213 | WARNING  | tldw_Server_API.app.core.DB_Management.db_path_utils:resolve_user_db_base_dir:491 - USER_DB_BASE_DIR not configured in tests, using isolated fallback: /private/var/folders/sn/m80n2j152t9gw3w8qwk2nykh0000gn/T/tldw_user_databases_test/default-2b48a741
2026-09-17 02:01:52.213 | INFO     | tldw_Server_API.app.core.DB_Management.ChaChaNotes_DB:__init__:7657 - Initializing CharactersRAGDB for path: /private/var/folders/sn/m80n2j152t9gw3w8qwk2nykh0000gn/T/pytest-of-macbook-dev/pytest-705/test_restricted_role_study_pac1/packs.db [Client ID: 2] (backend=postgresql)
2026-09-17 02:01:53.505 | DEBUG    | tldw_Server_API.app.core.DB_Management.ChaChaNotes_DB:__init__:7664 - CharactersRAGDB initialization completed successfully for /private/var/folders/sn/m80n2j152t9gw3w8qwk2nykh0000gn/T/pytest-of-macbook-dev/pytest-705/test_restricted_role_study_pac1/packs.db
2026-09-17 02:01:53.509 | INFO     | tldw_Server_API.app.core.Jobs.migrations:ensure_jobs_tables:1505 - Ensured Jobs schema at /private/var/folders/sn/m80n2j152t9gw3w8qwk2nykh0000gn/T/pytest-of-macbook-dev/pytest-705/test_restricted_role_study_pac1/jobs.db
2026-09-17 02:01:53.539 | WARNING  | tldw_Server_API.app.core.DB_Management.db_path_utils:resolve_user_db_base_dir:491 - USER_DB_BASE_DIR not configured in tests, using isolated fallback: /private/var/folders/sn/m80n2j152t9gw3w8qwk2nykh0000gn/T/tldw_user_databases_test/default-2b48a741
2026-09-17 02:01:53.540 | INFO     | tldw_Server_API.app.core.DB_Management.ChaChaNotes_DB:__init__:7657 - Initializing CharactersRAGDB for path: /private/var/folders/sn/m80n2j152t9gw3w8qwk2nykh0000gn/T/pytest-of-macbook-dev/pytest-705/test_restricted_role_study_pac1/foreign.db [Client ID: 3] (backend=postgresql)
2026-09-17 02:01:53.684 | DEBUG    | tldw_Server_API.app.core.DB_Management.ChaChaNotes_DB:__init__:7664 - CharactersRAGDB initialization completed successfully for /private/var/folders/sn/m80n2j152t9gw3w8qwk2nykh0000gn/T/pytest-of-macbook-dev/pytest-705/test_restricted_role_study_pac1/foreign.db
----------------------------- Captured stderr call -----------------------------
2026-09-17 02:01:53.686 | DEBUG    | tldw_Server_API.app.core.DB_Management.ChaChaNotes_DB:_get_connection_for_state:8036 - Acquired backend connection (postgresql) for thread 8346099072
2026-09-17 02:01:53.688 | INFO     | tldw_Server_API.app.core.DB_Management.chacha.note_store:_execute:126 - Added note 'Private pack source' with ID: ba697908-3fd8-4a85-bb28-0a72fda98633.
2026-09-17 02:01:53.693 | DEBUG    | tldw_Server_API.app.core.DB_Management.ChaChaNotes_DB:execute_many:8456 - Executing Many on backend postgresql: INSERT INTO study_pack_cards(study_pack_id, flashcard_uuid, created_at, last_modified, deleted, client_id, version) VALUES(?, ?, ?, ?, ?, ?, ?) ON CON... with 1 sets.
2026-09-17 02:01:53.694 | DEBUG    | tldw_Server_API.app.core.DB_Management.ChaChaNotes_DB:execute_many:8456 - Executing Many on backend postgresql:
                    INSERT INTO flashcard_citations(
                        flashcard_uuid, source_type, source_id, citation_text, locator, ordinal,... with 1 sets.
2026-09-17 02:01:53.697 | DEBUG    | tldw_Server_API.app.core.DB_Management.ChaChaNotes_DB:_get_connection_for_state:8036 - Acquired backend connection (postgresql) for thread 8346099072
2026-09-17 02:01:53.699 | INFO     | tldw_Server_API.app.core.DB_Management.chacha.note_store:_execute:126 - Added note 'Private pack source' with ID: e54ee362-30a3-4e6d-82d9-dac8eae45a7e.
2026-09-17 02:01:53.702 | DEBUG    | tldw_Server_API.app.core.DB_Management.ChaChaNotes_DB:execute_many:8456 - Executing Many on backend postgresql: INSERT INTO study_pack_cards(study_pack_id, flashcard_uuid, created_at, last_modified, deleted, client_id, version) VALUES(?, ?, ?, ?, ?, ?, ?) ON CON... with 1 sets.
2026-09-17 02:01:53.703 | DEBUG    | tldw_Server_API.app.core.DB_Management.ChaChaNotes_DB:execute_many:8456 - Executing Many on backend postgresql:
                    INSERT INTO flashcard_citations(
                        flashcard_uuid, source_type, source_id, citation_text, locator, ordinal,... with 1 sets.
2026-09-17 02:01:53.708 | DEBUG    | tldw_Server_API.app.core.DB_Management.ChaChaNotes_DB:_get_connection_for_state:8036 - Acquired backend connection (postgresql) for thread 8346099072
2026-09-17 02:01:53.709 | DEBUG    | tldw_Server_API.app.core.DB_Management.ChaChaNotes_DB:execute_query:8286 - Executing SQL (script=False, backend=postgresql):
            SELECT id, workspace_id, title, deck_id, source_bundle_json, generation_options_json,
                   status, superseded_by_pack_id, created_at, last_modified, deleted, client_id, version
              FROM study_packs
             WHERE id = ? AND deleted = 0
        ... Params: (1,)...
--------------------------- Captured stderr teardown ---------------------------
2026-09-17 02:01:53.736 | INFO     | tldw_Server_API.app.api.v1.API_Deps.ChaCha_Notes_DB_Deps:close_all_chacha_db_instances:876 - Closing all cached ChaChaNotesDB instances (0)...
2026-09-17 02:01:53.736 | INFO     | tldw_Server_API.app.api.v1.API_Deps.ChaCha_Notes_DB_Deps:close_all_chacha_db_instances:892 - All ChaChaNotesDB instances closed and cache cleared.
2026-09-17 02:01:53.736 | INFO     | tldw_Server_API.app.api.v1.API_Deps.ChaCha_Notes_DB_Deps:close_all_chacha_db_instances:876 - Closing all cached ChaChaNotesDB instances (0)...
2026-09-17 02:01:53.736 | INFO     | tldw_Server_API.app.api.v1.API_Deps.ChaCha_Notes_DB_Deps:close_all_chacha_db_instances:892 - All ChaChaNotesDB instances closed and cache cleared.
_ test_membership_parent_validation_keeps_backend_deletion_contract[postgres-deleted-card] _
tldw_Server_API/tests/StudyPacks/test_study_pack_owner_contract.py:319: in test_membership_parent_validation_keeps_backend_deletion_contract
    with pytest.raises(ConflictError):
E   Failed: DID NOT RAISE <class 'tldw_Server_API.app.core.DB_Management.ChaChaNotes_DB.ConflictError'>
---------------------------- Captured stderr setup -----------------------------
2026-09-17 02:01:54.945 | INFO     | tldw_Server_API.app.core.DB_Management.backends.factory:create_backend:392 - Creating postgresql backend
2026-09-17 02:01:54.946 | INFO     | tldw_Server_API.app.core.config:_buffered_log:210 - Determined ACTUAL_PROJECT_ROOT for database paths: /Users/macbook-dev/Documents/GitHub/tldw_server2
2026-09-17 02:01:54.946 | INFO     | tldw_Server_API.app.core.config:_buffered_log:210 - Early loading environment variables from: /Users/macbook-dev/Documents/GitHub/tldw_server2/tldw_Server_API/Config_Files/.env
2026-09-17 02:01:54.950 | INFO     | tldw_Server_API.app.core.config:_buffered_log:210 - Early loading environment variables from: /Users/macbook-dev/Documents/GitHub/tldw_server2/tldw_Server_API/Config_Files/.ENV
2026-09-17 02:01:54.955 | DEBUG    | tldw_Server_API.app.core.config:_buffered_log:210 - load_and_log_configs(): Loading and logging configurations...
2026-09-17 02:01:54.955 | INFO     | tldw_Server_API.app.core.config:_buffered_log:210 - Loading environment variables from: /Users/macbook-dev/Documents/GitHub/tldw_server2/tldw_Server_API/Config_Files/.env
2026-09-17 02:01:54.959 | INFO     | tldw_Server_API.app.core.config:_buffered_log:210 - Loading environment variables from: /Users/macbook-dev/Documents/GitHub/tldw_server2/tldw_Server_API/Config_Files/.ENV
2026-09-17 02:01:54.963 | INFO     | tldw_Server_API.app.core.config:_buffered_log:210 - Attempting to load comprehensive config from: /Users/macbook-dev/Documents/GitHub/tldw_server2/tldw_Server_API/Config_Files/config.txt
2026-09-17 02:01:54.965 | INFO     | tldw_Server_API.app.core.config:_buffered_log:210 - load_comprehensive_config(): Sections found in config: ['Setup', 'UI', 'Server', 'Files', 'Image-Generation', 'ACP', 'WORKSPACES', 'ACP-WORKSPACE', 'ACP-SANDBOX', 'Audit', 'Processing', 'Media-Processing', 'Chat-Dictionaries', 'Chat-Module', 'Chat-Commands', 'Chat-Templating', 'Character-Chat', 'Settings', 'Auto-Save', 'Prompts', 'Database', 'Chunking', 'Visual-RAG', 'AuthNZ', 'Streaming', 'HTTP', 'Egress', 'Embeddings', 'Claims', 'ClaimsMonitoring', 'RAG', 'Search-Agent', 'ResourceGovernor', 'Jobs', 'SlidesStandaloneHtml', 'Diarization', 'API', 'MLX', 'Local-API', 'LlamaCpp', 'STT-Settings', 'external_providers', 'TTS-Settings', 'VibeVoice', 'Audio-Quota', 'API-Routes', 'Search-Engines', 'Web-Scraper', 'Logging', 'Moderation', 'Redis', 'Web-Scraping', 'personalization', 'persona', 'persona.rbac']
2026-09-17 02:01:54.967 | INFO     | tldw_Server_API.app.core.config:_buffered_log:210 - Ensured main SQLite database directory exists: /Users/macbook-dev/Documents/GitHub/tldw_server2/Databases
2026-09-17 02:01:54.967 | INFO     | tldw_Server_API.app.core.config:_buffered_log:210 - Ensured user data base directory exists: Databases/user_databases
2026-09-17 02:01:54.967 | WARNING  | tldw_Server_API.app.core.DB_Management.db_path_utils:resolve_user_db_base_dir:491 - USER_DB_BASE_DIR not configured in tests, using isolated fallback: /private/var/folders/sn/m80n2j152t9gw3w8qwk2nykh0000gn/T/tldw_user_databases_test/default-2b48a741
2026-09-17 02:01:54.967 | INFO     | tldw_Server_API.app.core.DB_Management.ChaChaNotes_DB:__init__:7657 - Initializing CharactersRAGDB for path: /private/var/folders/sn/m80n2j152t9gw3w8qwk2nykh0000gn/T/pytest-of-macbook-dev/pytest-705/test_membership_parent_validat2/packs.db [Client ID: 2] (backend=postgresql)
2026-09-17 02:01:56.253 | DEBUG    | tldw_Server_API.app.core.DB_Management.ChaChaNotes_DB:__init__:7664 - CharactersRAGDB initialization completed successfully for /private/var/folders/sn/m80n2j152t9gw3w8qwk2nykh0000gn/T/pytest-of-macbook-dev/pytest-705/test_membership_parent_validat2/packs.db
2026-09-17 02:01:56.257 | INFO     | tldw_Server_API.app.core.Jobs.migrations:ensure_jobs_tables:1505 - Ensured Jobs schema at /private/var/folders/sn/m80n2j152t9gw3w8qwk2nykh0000gn/T/pytest-of-macbook-dev/pytest-705/test_membership_parent_validat2/jobs.db
----------------------------- Captured stderr call -----------------------------
2026-09-17 02:01:56.291 | DEBUG    | tldw_Server_API.app.core.DB_Management.ChaChaNotes_DB:_get_connection_for_state:8036 - Acquired backend connection (postgresql) for thread 8346099072
2026-09-17 02:01:56.293 | INFO     | tldw_Server_API.app.core.DB_Management.chacha.note_store:_execute:126 - Added note 'Private pack source' with ID: a05a56bc-7831-4120-935d-f167e2a267ad.
2026-09-17 02:01:56.297 | DEBUG    | tldw_Server_API.app.core.DB_Management.ChaChaNotes_DB:execute_many:8456 - Executing Many on backend postgresql:
                    INSERT INTO flashcard_citations(
                        flashcard_uuid, source_type, source_id, citation_text, locator, ordinal,... with 1 sets.
2026-09-17 02:01:56.301 | DEBUG    | tldw_Server_API.app.core.DB_Management.ChaChaNotes_DB:_get_connection_for_state:8036 - Acquired backend connection (postgresql) for thread 8346099072
2026-09-17 02:01:56.302 | DEBUG    | tldw_Server_API.app.core.DB_Management.ChaChaNotes_DB:execute_many:8456 - Executing Many on backend postgresql: INSERT INTO study_pack_cards(study_pack_id, flashcard_uuid, created_at, last_modified, deleted, client_id, version) VALUES(?, ?, ?, ?, ?, ?, ?) ON CON... with 1 sets.
--------------------------- Captured stderr teardown ---------------------------
2026-09-17 02:01:56.323 | INFO     | tldw_Server_API.app.api.v1.API_Deps.ChaCha_Notes_DB_Deps:close_all_chacha_db_instances:876 - Closing all cached ChaChaNotesDB instances (0)...
2026-09-17 02:01:56.323 | INFO     | tldw_Server_API.app.api.v1.API_Deps.ChaCha_Notes_DB_Deps:close_all_chacha_db_instances:892 - All ChaChaNotesDB instances closed and cache cleared.
2026-09-17 02:01:56.324 | INFO     | tldw_Server_API.app.api.v1.API_Deps.ChaCha_Notes_DB_Deps:close_all_chacha_db_instances:876 - Closing all cached ChaChaNotesDB instances (0)...
2026-09-17 02:01:56.324 | INFO     | tldw_Server_API.app.api.v1.API_Deps.ChaCha_Notes_DB_Deps:close_all_chacha_db_instances:892 - All ChaChaNotesDB instances closed and cache cleared.
_ test_postgres_study_pack_cannot_reference_foreign_parent[postgres-initial-replacement-pack] _
tldw_Server_API/tests/StudyPacks/test_study_pack_owner_contract.py:232: in test_postgres_study_pack_cannot_reference_foreign_parent
    assert rejected
E   assert False
---------------------------- Captured stderr setup -----------------------------
2026-09-17 02:01:56.340 | INFO     | tldw_Server_API.app.core.DB_Management.backends.factory:create_backend:392 - Creating postgresql backend
2026-09-17 02:01:56.340 | INFO     | tldw_Server_API.app.core.config:_buffered_log:210 - Determined ACTUAL_PROJECT_ROOT for database paths: /Users/macbook-dev/Documents/GitHub/tldw_server2
2026-09-17 02:01:56.340 | INFO     | tldw_Server_API.app.core.config:_buffered_log:210 - Early loading environment variables from: /Users/macbook-dev/Documents/GitHub/tldw_server2/tldw_Server_API/Config_Files/.env
2026-09-17 02:01:56.345 | INFO     | tldw_Server_API.app.core.config:_buffered_log:210 - Early loading environment variables from: /Users/macbook-dev/Documents/GitHub/tldw_server2/tldw_Server_API/Config_Files/.ENV
2026-09-17 02:01:56.349 | DEBUG    | tldw_Server_API.app.core.config:_buffered_log:210 - load_and_log_configs(): Loading and logging configurations...
2026-09-17 02:01:56.350 | INFO     | tldw_Server_API.app.core.config:_buffered_log:210 - Loading environment variables from: /Users/macbook-dev/Documents/GitHub/tldw_server2/tldw_Server_API/Config_Files/.env
2026-09-17 02:01:56.356 | INFO     | tldw_Server_API.app.core.config:_buffered_log:210 - Loading environment variables from: /Users/macbook-dev/Documents/GitHub/tldw_server2/tldw_Server_API/Config_Files/.ENV
2026-09-17 02:01:56.363 | INFO     | tldw_Server_API.app.core.config:_buffered_log:210 - Attempting to load comprehensive config from: /Users/macbook-dev/Documents/GitHub/tldw_server2/tldw_Server_API/Config_Files/config.txt
2026-09-17 02:01:56.364 | INFO     | tldw_Server_API.app.core.config:_buffered_log:210 - load_comprehensive_config(): Sections found in config: ['Setup', 'UI', 'Server', 'Files', 'Image-Generation', 'ACP', 'WORKSPACES', 'ACP-WORKSPACE', 'ACP-SANDBOX', 'Audit', 'Processing', 'Media-Processing', 'Chat-Dictionaries', 'Chat-Module', 'Chat-Commands', 'Chat-Templating', 'Character-Chat', 'Settings', 'Auto-Save', 'Prompts', 'Database', 'Chunking', 'Visual-RAG', 'AuthNZ', 'Streaming', 'HTTP', 'Egress', 'Embeddings', 'Claims', 'ClaimsMonitoring', 'RAG', 'Search-Agent', 'ResourceGovernor', 'Jobs', 'SlidesStandaloneHtml', 'Diarization', 'API', 'MLX', 'Local-API', 'LlamaCpp', 'STT-Settings', 'external_providers', 'TTS-Settings', 'VibeVoice', 'Audio-Quota', 'API-Routes', 'Search-Engines', 'Web-Scraper', 'Logging', 'Moderation', 'Redis', 'Web-Scraping', 'personalization', 'persona', 'persona.rbac']
2026-09-17 02:01:56.367 | INFO     | tldw_Server_API.app.core.config:_buffered_log:210 - Ensured main SQLite database directory exists: /Users/macbook-dev/Documents/GitHub/tldw_server2/Databases
2026-09-17 02:01:56.367 | INFO     | tldw_Server_API.app.core.config:_buffered_log:210 - Ensured user data base directory exists: Databases/user_databases
2026-09-17 02:01:56.367 | WARNING  | tldw_Server_API.app.core.DB_Management.db_path_utils:resolve_user_db_base_dir:491 - USER_DB_BASE_DIR not configured in tests, using isolated fallback: /private/var/folders/sn/m80n2j152t9gw3w8qwk2nykh0000gn/T/tldw_user_databases_test/default-2b48a741
2026-09-17 02:01:56.367 | INFO     | tldw_Server_API.app.core.DB_Management.ChaChaNotes_DB:__init__:7657 - Initializing CharactersRAGDB for path: /private/var/folders/sn/m80n2j152t9gw3w8qwk2nykh0000gn/T/pytest-of-macbook-dev/pytest-705/test_postgres_study_pack_canno3/packs.db [Client ID: 2] (backend=postgresql)
2026-09-17 02:01:57.570 | DEBUG    | tldw_Server_API.app.core.DB_Management.ChaChaNotes_DB:__init__:7664 - CharactersRAGDB initialization completed successfully for /private/var/folders/sn/m80n2j152t9gw3w8qwk2nykh0000gn/T/pytest-of-macbook-dev/pytest-705/test_postgres_study_pack_canno3/packs.db
2026-09-17 02:01:57.574 | INFO     | tldw_Server_API.app.core.Jobs.migrations:ensure_jobs_tables:1505 - Ensured Jobs schema at /private/var/folders/sn/m80n2j152t9gw3w8qwk2nykh0000gn/T/pytest-of-macbook-dev/pytest-705/test_postgres_study_pack_canno3/jobs.db
2026-09-17 02:01:57.608 | WARNING  | tldw_Server_API.app.core.DB_Management.db_path_utils:resolve_user_db_base_dir:491 - USER_DB_BASE_DIR not configured in tests, using isolated fallback: /private/var/folders/sn/m80n2j152t9gw3w8qwk2nykh0000gn/T/tldw_user_databases_test/default-2b48a741
2026-09-17 02:01:57.608 | INFO     | tldw_Server_API.app.core.DB_Management.ChaChaNotes_DB:__init__:7657 - Initializing CharactersRAGDB for path: /private/var/folders/sn/m80n2j152t9gw3w8qwk2nykh0000gn/T/pytest-of-macbook-dev/pytest-705/test_postgres_study_pack_canno3/foreign.db [Client ID: 3] (backend=postgresql)
2026-09-17 02:01:57.760 | DEBUG    | tldw_Server_API.app.core.DB_Management.ChaChaNotes_DB:__init__:7664 - CharactersRAGDB initialization completed successfully for /private/var/folders/sn/m80n2j152t9gw3w8qwk2nykh0000gn/T/pytest-of-macbook-dev/pytest-705/test_postgres_study_pack_canno3/foreign.db
----------------------------- Captured stderr call -----------------------------
2026-09-17 02:01:57.762 | DEBUG    | tldw_Server_API.app.core.DB_Management.ChaChaNotes_DB:_get_connection_for_state:8036 - Acquired backend connection (postgresql) for thread 8346099072
2026-09-17 02:01:57.763 | INFO     | tldw_Server_API.app.core.DB_Management.chacha.note_store:_execute:126 - Added note 'Private pack source' with ID: 5d859388-d5c3-4048-9416-79522a38e662.
2026-09-17 02:01:57.768 | DEBUG    | tldw_Server_API.app.core.DB_Management.ChaChaNotes_DB:execute_many:8456 - Executing Many on backend postgresql: INSERT INTO study_pack_cards(study_pack_id, flashcard_uuid, created_at, last_modified, deleted, client_id, version) VALUES(?, ?, ?, ?, ?, ?, ?) ON CON... with 1 sets.
2026-09-17 02:01:57.769 | DEBUG    | tldw_Server_API.app.core.DB_Management.ChaChaNotes_DB:execute_many:8456 - Executing Many on backend postgresql:
                    INSERT INTO flashcard_citations(
                        flashcard_uuid, source_type, source_id, citation_text, locator, ordinal,... with 1 sets.
2026-09-17 02:01:57.772 | DEBUG    | tldw_Server_API.app.core.DB_Management.ChaChaNotes_DB:_get_connection_for_state:8036 - Acquired backend connection (postgresql) for thread 8346099072
2026-09-17 02:01:57.773 | INFO     | tldw_Server_API.app.core.DB_Management.chacha.note_store:_execute:126 - Added note 'Private pack source' with ID: 71c040db-2e4c-49a0-a629-14f23367eaa6.
2026-09-17 02:01:57.776 | DEBUG    | tldw_Server_API.app.core.DB_Management.ChaChaNotes_DB:execute_many:8456 - Executing Many on backend postgresql:
                    INSERT INTO flashcard_citations(
                        flashcard_uuid, source_type, source_id, citation_text, locator, ordinal,... with 1 sets.
2026-09-17 02:01:57.778 | DEBUG    | tldw_Server_API.app.core.DB_Management.ChaChaNotes_DB:_get_connection_for_state:8036 - Acquired backend connection (postgresql) for thread 8346099072
--------------------------- Captured stderr teardown ---------------------------
2026-09-17 02:01:57.797 | INFO     | tldw_Server_API.app.api.v1.API_Deps.ChaCha_Notes_DB_Deps:close_all_chacha_db_instances:876 - Closing all cached ChaChaNotesDB instances (0)...
2026-09-17 02:01:57.797 | INFO     | tldw_Server_API.app.api.v1.API_Deps.ChaCha_Notes_DB_Deps:close_all_chacha_db_instances:892 - All ChaChaNotesDB instances closed and cache cleared.
2026-09-17 02:01:57.797 | INFO     | tldw_Server_API.app.api.v1.API_Deps.ChaCha_Notes_DB_Deps:close_all_chacha_db_instances:876 - Closing all cached ChaChaNotesDB instances (0)...
2026-09-17 02:01:57.797 | INFO     | tldw_Server_API.app.api.v1.API_Deps.ChaCha_Notes_DB_Deps:close_all_chacha_db_instances:892 - All ChaChaNotesDB instances closed and cache cleared.
_ test_foreign_study_pack_provenance_mutation_cannot_change_owner_rows[postgres-replace-and-summary] _
tldw_Server_API/tests/StudyPacks/test_study_pack_owner_contract.py:194: in test_foreign_study_pack_provenance_mutation_cannot_change_owner_rows
    assert snapshot() == before
E   AssertionError: assert ({'client_id'... False, ...}]) == ({'client_id'... False, ...}])
E
E     At index 1 diff: None != {'uuid': '1dd00598-3d20-47c7-b879-5e5669c70e77', 'deck_id': 1, 'deck_name': 'Private pack deck 2', 'workspace_id': None, 'front': 'Private question', 'back': 'Private answer', 'notes': None, 'extra': None, 'is_cloze': False, 'tags_json': None, 'source_ref_type': 'manual', 'source_ref_id': None, 'conversation_id': None, 'message_id': None, 'ef': 2.5, 'interval_days': 0, 'repetitions': 0, 'lapses': 0, 'due_at': None, 'last_reviewed_at': None, 'queue_state': 'new', 'step_index': None, 'suspended_reason': None, 'scheduler_state_json': '{}', 'schedul...
E
E     ...Full output truncated (2 lines hidden), use '-vv' to show
---------------------------- Captured stderr setup -----------------------------
2026-09-17 02:01:57.814 | INFO     | tldw_Server_API.app.core.DB_Management.backends.factory:create_backend:392 - Creating postgresql backend
2026-09-17 02:01:57.814 | INFO     | tldw_Server_API.app.core.config:_buffered_log:210 - Determined ACTUAL_PROJECT_ROOT for database paths: /Users/macbook-dev/Documents/GitHub/tldw_server2
2026-09-17 02:01:57.814 | INFO     | tldw_Server_API.app.core.config:_buffered_log:210 - Early loading environment variables from: /Users/macbook-dev/Documents/GitHub/tldw_server2/tldw_Server_API/Config_Files/.env
2026-09-17 02:01:57.819 | INFO     | tldw_Server_API.app.core.config:_buffered_log:210 - Early loading environment variables from: /Users/macbook-dev/Documents/GitHub/tldw_server2/tldw_Server_API/Config_Files/.ENV
2026-09-17 02:01:57.823 | DEBUG    | tldw_Server_API.app.core.config:_buffered_log:210 - load_and_log_configs(): Loading and logging configurations...
2026-09-17 02:01:57.823 | INFO     | tldw_Server_API.app.core.config:_buffered_log:210 - Loading environment variables from: /Users/macbook-dev/Documents/GitHub/tldw_server2/tldw_Server_API/Config_Files/.env
2026-09-17 02:01:57.830 | INFO     | tldw_Server_API.app.core.config:_buffered_log:210 - Loading environment variables from: /Users/macbook-dev/Documents/GitHub/tldw_server2/tldw_Server_API/Config_Files/.ENV
2026-09-17 02:01:57.836 | INFO     | tldw_Server_API.app.core.config:_buffered_log:210 - Attempting to load comprehensive config from: /Users/macbook-dev/Documents/GitHub/tldw_server2/tldw_Server_API/Config_Files/config.txt
2026-09-17 02:01:57.838 | INFO     | tldw_Server_API.app.core.config:_buffered_log:210 - load_comprehensive_config(): Sections found in config: ['Setup', 'UI', 'Server', 'Files', 'Image-Generation', 'ACP', 'WORKSPACES', 'ACP-WORKSPACE', 'ACP-SANDBOX', 'Audit', 'Processing', 'Media-Processing', 'Chat-Dictionaries', 'Chat-Module', 'Chat-Commands', 'Chat-Templating', 'Character-Chat', 'Settings', 'Auto-Save', 'Prompts', 'Database', 'Chunking', 'Visual-RAG', 'AuthNZ', 'Streaming', 'HTTP', 'Egress', 'Embeddings', 'Claims', 'ClaimsMonitoring', 'RAG', 'Search-Agent', 'ResourceGovernor', 'Jobs', 'SlidesStandaloneHtml', 'Diarization', 'API', 'MLX', 'Local-API', 'LlamaCpp', 'STT-Settings', 'external_providers', 'TTS-Settings', 'VibeVoice', 'Audio-Quota', 'API-Routes', 'Search-Engines', 'Web-Scraper', 'Logging', 'Moderation', 'Redis', 'Web-Scraping', 'personalization', 'persona', 'persona.rbac']
2026-09-17 02:01:57.840 | INFO     | tldw_Server_API.app.core.config:_buffered_log:210 - Ensured main SQLite database directory exists: /Users/macbook-dev/Documents/GitHub/tldw_server2/Databases
2026-09-17 02:01:57.840 | INFO     | tldw_Server_API.app.core.config:_buffered_log:210 - Ensured user data base directory exists: Databases/user_databases
2026-09-17 02:01:57.840 | WARNING  | tldw_Server_API.app.core.DB_Management.db_path_utils:resolve_user_db_base_dir:491 - USER_DB_BASE_DIR not configured in tests, using isolated fallback: /private/var/folders/sn/m80n2j152t9gw3w8qwk2nykh0000gn/T/tldw_user_databases_test/default-2b48a741
2026-09-17 02:01:57.841 | INFO     | tldw_Server_API.app.core.DB_Management.ChaChaNotes_DB:__init__:7657 - Initializing CharactersRAGDB for path: /private/var/folders/sn/m80n2j152t9gw3w8qwk2nykh0000gn/T/pytest-of-macbook-dev/pytest-705/test_foreign_study_pack_proven8/packs.db [Client ID: 2] (backend=postgresql)
2026-09-17 02:01:59.112 | DEBUG    | tldw_Server_API.app.core.DB_Management.ChaChaNotes_DB:__init__:7664 - CharactersRAGDB initialization completed successfully for /private/var/folders/sn/m80n2j152t9gw3w8qwk2nykh0000gn/T/pytest-of-macbook-dev/pytest-705/test_foreign_study_pack_proven8/packs.db
2026-09-17 02:01:59.116 | INFO     | tldw_Server_API.app.core.Jobs.migrations:ensure_jobs_tables:1505 - Ensured Jobs schema at /private/var/folders/sn/m80n2j152t9gw3w8qwk2nykh0000gn/T/pytest-of-macbook-dev/pytest-705/test_foreign_study_pack_proven8/jobs.db
2026-09-17 02:01:59.193 | WARNING  | tldw_Server_API.app.core.DB_Management.db_path_utils:resolve_user_db_base_dir:491 - USER_DB_BASE_DIR not configured in tests, using isolated fallback: /private/var/folders/sn/m80n2j152t9gw3w8qwk2nykh0000gn/T/tldw_user_databases_test/default-2b48a741
2026-09-17 02:01:59.193 | INFO     | tldw_Server_API.app.core.DB_Management.ChaChaNotes_DB:__init__:7657 - Initializing CharactersRAGDB for path: /private/var/folders/sn/m80n2j152t9gw3w8qwk2nykh0000gn/T/pytest-of-macbook-dev/pytest-705/test_foreign_study_pack_proven8/foreign.db [Client ID: 3] (backend=postgresql)
2026-09-17 02:01:59.334 | DEBUG    | tldw_Server_API.app.core.DB_Management.ChaChaNotes_DB:__init__:7664 - CharactersRAGDB initialization completed successfully for /private/var/folders/sn/m80n2j152t9gw3w8qwk2nykh0000gn/T/pytest-of-macbook-dev/pytest-705/test_foreign_study_pack_proven8/foreign.db
----------------------------- Captured stderr call -----------------------------
2026-09-17 02:01:59.336 | DEBUG    | tldw_Server_API.app.core.DB_Management.ChaChaNotes_DB:_get_connection_for_state:8036 - Acquired backend connection (postgresql) for thread 8346099072
2026-09-17 02:01:59.337 | INFO     | tldw_Server_API.app.core.DB_Management.chacha.note_store:_execute:126 - Added note 'Private pack source' with ID: 6bef5cb9-f5e0-4069-92d4-3495b2cc3ef2.
2026-09-17 02:01:59.342 | DEBUG    | tldw_Server_API.app.core.DB_Management.ChaChaNotes_DB:execute_many:8456 - Executing Many on backend postgresql: INSERT INTO study_pack_cards(study_pack_id, flashcard_uuid, created_at, last_modified, deleted, client_id, version) VALUES(?, ?, ?, ?, ?, ?, ?) ON CON... with 1 sets.
2026-09-17 02:01:59.343 | DEBUG    | tldw_Server_API.app.core.DB_Management.ChaChaNotes_DB:execute_many:8456 - Executing Many on backend postgresql:
                    INSERT INTO flashcard_citations(
                        flashcard_uuid, source_type, source_id, citation_text, locator, ordinal,... with 1 sets.
2026-09-17 02:01:59.346 | DEBUG    | tldw_Server_API.app.core.DB_Management.ChaChaNotes_DB:_get_connection_for_state:8036 - Acquired backend connection (postgresql) for thread 8346099072
2026-09-17 02:01:59.347 | INFO     | tldw_Server_API.app.core.DB_Management.chacha.note_store:_execute:126 - Added note 'Private pack source' with ID: f416cd7e-75bd-49bf-9e0c-a78b71d4dd7d.
2026-09-17 02:01:59.351 | DEBUG    | tldw_Server_API.app.core.DB_Management.ChaChaNotes_DB:execute_many:8456 - Executing Many on backend postgresql: INSERT INTO study_pack_cards(study_pack_id, flashcard_uuid, created_at, last_modified, deleted, client_id, version) VALUES(?, ?, ?, ?, ?, ?, ?) ON CON... with 1 sets.
2026-09-17 02:01:59.351 | DEBUG    | tldw_Server_API.app.core.DB_Management.ChaChaNotes_DB:execute_many:8456 - Executing Many on backend postgresql:
                    INSERT INTO flashcard_citations(
                        flashcard_uuid, source_type, source_id, citation_text, locator, ordinal,... with 1 sets.
2026-09-17 02:01:59.353 | DEBUG    | tldw_Server_API.app.core.DB_Management.ChaChaNotes_DB:_get_connection_for_state:8036 - Acquired backend connection (postgresql) for thread 8346099072
2026-09-17 02:01:59.353 | DEBUG    | tldw_Server_API.app.core.DB_Management.ChaChaNotes_DB:execute_query:8286 - Executing SQL (script=False, backend=postgresql):
            SELECT id, workspace_id, title, deck_id, source_bundle_json, generation_options_json,
                   status, superseded_by_pack_id, created_at, last_modified, deleted, client_id, version
              FROM study_packs
             WHERE id = ? AND deleted = 0
        ... Params: (1,)...
2026-09-17 02:01:59.354 | DEBUG    | tldw_Server_API.app.core.DB_Management.ChaChaNotes_DB:execute_query:8286 - Executing SQL (script=False, backend=postgresql):
            SELECT f.uuid, f.deck_id, d.name AS deck_name, d.workspace_id AS workspace_id, f.front, f.back, f.notes, f.extra, f.is_cloze, f.tags_json,
                   f.source_ref_type, f.source_ref_id, f.conversation_id, f.message_id,
                   f.ef, f.interval_days, f.repetitions, f.l... Params: ('1dd00598-3d20-47c7-b879-5e5669c70e77', '2')...
2026-09-17 02:01:59.355 | DEBUG    | tldw_Server_API.app.core.DB_Management.ChaChaNotes_DB:execute_query:8286 - Executing SQL (script=False, backend=postgresql):
            SELECT spc.id, spc.study_pack_id, spc.flashcard_uuid, spc.created_at, spc.last_modified,
                   spc.deleted, spc.client_id, spc.version, f.deck_id
              FROM study_pack_cards spc
              LEFT JOIN flashcards f ON f.uuid = spc.flashcard_uuid
             WHERE s... Params: (1,)...
2026-09-17 02:01:59.355 | DEBUG    | tldw_Server_API.app.core.DB_Management.ChaChaNotes_DB:execute_query:8286 - Executing SQL (script=False, backend=postgresql):
            SELECT id, flashcard_uuid, source_type, source_id, citation_text, locator, ordinal,
                   created_at, last_modified, deleted, client_id, version
              FROM flashcard_citations
             WHERE flashcard_uuid = ? AND 1=1
             ORDER BY ordinal, id
        ... Params: ('1dd00598-3d20-47c7-b879-5e5669c70e77',)...
2026-09-17 02:01:59.357 | DEBUG    | tldw_Server_API.app.core.DB_Management.ChaChaNotes_DB:_get_connection_for_state:8036 - Acquired backend connection (postgresql) for thread 8346099072
2026-09-17 02:01:59.358 | DEBUG    | tldw_Server_API.app.core.DB_Management.ChaChaNotes_DB:execute_many:8456 - Executing Many on backend postgresql:
                        INSERT INTO flashcard_citations(
                            flashcard_uuid, source_type, source_id, citation_text, locator, ... with 1 sets.
2026-09-17 02:01:59.360 | DEBUG    | tldw_Server_API.app.core.DB_Management.ChaChaNotes_DB:_get_connection_for_state:8036 - Acquired backend connection (postgresql) for thread 8346099072
2026-09-17 02:01:59.360 | DEBUG    | tldw_Server_API.app.core.DB_Management.ChaChaNotes_DB:execute_query:8286 - Executing SQL (script=False, backend=postgresql):
            SELECT id, workspace_id, title, deck_id, source_bundle_json, generation_options_json,
                   status, superseded_by_pack_id, created_at, last_modified, deleted, client_id, version
              FROM study_packs
             WHERE id = ? AND deleted = 0
        ... Params: (1,)...
2026-09-17 02:01:59.361 | DEBUG    | tldw_Server_API.app.core.DB_Management.ChaChaNotes_DB:execute_query:8286 - Executing SQL (script=False, backend=postgresql):
            SELECT f.uuid, f.deck_id, d.name AS deck_name, d.workspace_id AS workspace_id, f.front, f.back, f.notes, f.extra, f.is_cloze, f.tags_json,
                   f.source_ref_type, f.source_ref_id, f.conversation_id, f.message_id,
                   f.ef, f.interval_days, f.repetitions, f.l... Params: ('1dd00598-3d20-47c7-b879-5e5669c70e77', '2')...
2026-09-17 02:01:59.361 | DEBUG    | tldw_Server_API.app.core.DB_Management.ChaChaNotes_DB:execute_query:8286 - Executing SQL (script=False, backend=postgresql):
            SELECT spc.id, spc.study_pack_id, spc.flashcard_uuid, spc.created_at, spc.last_modified,
                   spc.deleted, spc.client_id, spc.version, f.deck_id
              FROM study_pack_cards spc
              LEFT JOIN flashcards f ON f.uuid = spc.flashcard_uuid
             WHERE s... Params: (1,)...
2026-09-17 02:01:59.362 | DEBUG    | tldw_Server_API.app.core.DB_Management.ChaChaNotes_DB:execute_query:8286 - Executing SQL (script=False, backend=postgresql):
            SELECT id, flashcard_uuid, source_type, source_id, citation_text, locator, ordinal,
                   created_at, last_modified, deleted, client_id, version
              FROM flashcard_citations
             WHERE flashcard_uuid = ? AND 1=1
             ORDER BY ordinal, id
        ... Params: ('1dd00598-3d20-47c7-b879-5e5669c70e77',)...
--------------------------- Captured stderr teardown ---------------------------
2026-09-17 02:01:59.381 | INFO     | tldw_Server_API.app.api.v1.API_Deps.ChaCha_Notes_DB_Deps:close_all_chacha_db_instances:876 - Closing all cached ChaChaNotesDB instances (0)...
2026-09-17 02:01:59.381 | INFO     | tldw_Server_API.app.api.v1.API_Deps.ChaCha_Notes_DB_Deps:close_all_chacha_db_instances:892 - All ChaChaNotesDB instances closed and cache cleared.
2026-09-17 02:01:59.381 | INFO     | tldw_Server_API.app.api.v1.API_Deps.ChaCha_Notes_DB_Deps:close_all_chacha_db_instances:876 - Closing all cached ChaChaNotesDB instances (0)...
2026-09-17 02:01:59.381 | INFO     | tldw_Server_API.app.api.v1.API_Deps.ChaCha_Notes_DB_Deps:close_all_chacha_db_instances:892 - All ChaChaNotesDB instances closed and cache cleared.
_ test_membership_parent_validation_keeps_backend_deletion_contract[postgres-missing-pack] _
tldw_Server_API/app/core/DB_Management/ChaChaNotes_DB.py:8464: in execute_many
    cursor.executemany(prepared_query, prepared_params_list)
tldw_Server_API/app/core/DB_Management/ChaChaNotes_DB.py:506: in guarded
    return method(self, *args, **kwargs)
           ^^^^^^^^^^^^^^^^^^^^^^^^^^^^^
tldw_Server_API/app/core/DB_Management/ChaChaNotes_DB.py:551: in executemany
    self._result = self._backend.execute_many(
tldw_Server_API/app/core/DB_Management/backends/postgresql_backend.py:1169: in execute_many
    raise DatabaseError("PostgreSQL batch execution failed") from None
E   tldw_Server_API.app.core.DB_Management.backends.base.DatabaseError: PostgreSQL batch execution failed

The above exception was the direct cause of the following exception:
tldw_Server_API/tests/StudyPacks/test_study_pack_owner_contract.py:320: in test_membership_parent_validation_keeps_backend_deletion_contract
    db.add_study_pack_cards(pack, [card])
tldw_Server_API/app/core/DB_Management/ChaChaNotes_DB.py:39241: in add_study_pack_cards
    self.execute_many(insert_sql, params, commit=False)
tldw_Server_API/app/core/DB_Management/ChaChaNotes_DB.py:492: in guarded
    return method(self, *args, **kwargs)
           ^^^^^^^^^^^^^^^^^^^^^^^^^^^^^
tldw_Server_API/app/core/DB_Management/ChaChaNotes_DB.py:8500: in execute_many
    raise CharactersRAGDBError(f"Execute Many failed: {exc}") from exc  # noqa: TRY003
    ^^^^^^^^^^^^^^^^^^^^^^^^^^^^^^^^^^^^^^^^^^^^^^^^^^^^^^^^^^^^^^^^^^
E   tldw_Server_API.app.core.DB_Management.ChaChaNotes_DB.CharactersRAGDBError: Execute Many failed: PostgreSQL batch execution failed
---------------------------- Captured stderr setup -----------------------------
2026-09-17 02:01:59.398 | INFO     | tldw_Server_API.app.core.DB_Management.backends.factory:create_backend:392 - Creating postgresql backend
2026-09-17 02:01:59.399 | INFO     | tldw_Server_API.app.core.config:_buffered_log:210 - Determined ACTUAL_PROJECT_ROOT for database paths: /Users/macbook-dev/Documents/GitHub/tldw_server2
2026-09-17 02:01:59.399 | INFO     | tldw_Server_API.app.core.config:_buffered_log:210 - Early loading environment variables from: /Users/macbook-dev/Documents/GitHub/tldw_server2/tldw_Server_API/Config_Files/.env
2026-09-17 02:01:59.403 | INFO     | tldw_Server_API.app.core.config:_buffered_log:210 - Early loading environment variables from: /Users/macbook-dev/Documents/GitHub/tldw_server2/tldw_Server_API/Config_Files/.ENV
2026-09-17 02:01:59.407 | DEBUG    | tldw_Server_API.app.core.config:_buffered_log:210 - load_and_log_configs(): Loading and logging configurations...
2026-09-17 02:01:59.407 | INFO     | tldw_Server_API.app.core.config:_buffered_log:210 - Loading environment variables from: /Users/macbook-dev/Documents/GitHub/tldw_server2/tldw_Server_API/Config_Files/.env
2026-09-17 02:01:59.411 | INFO     | tldw_Server_API.app.core.config:_buffered_log:210 - Loading environment variables from: /Users/macbook-dev/Documents/GitHub/tldw_server2/tldw_Server_API/Config_Files/.ENV
2026-09-17 02:01:59.416 | INFO     | tldw_Server_API.app.core.config:_buffered_log:210 - Attempting to load comprehensive config from: /Users/macbook-dev/Documents/GitHub/tldw_server2/tldw_Server_API/Config_Files/config.txt
2026-09-17 02:01:59.418 | INFO     | tldw_Server_API.app.core.config:_buffered_log:210 - load_comprehensive_config(): Sections found in config: ['Setup', 'UI', 'Server', 'Files', 'Image-Generation', 'ACP', 'WORKSPACES', 'ACP-WORKSPACE', 'ACP-SANDBOX', 'Audit', 'Processing', 'Media-Processing', 'Chat-Dictionaries', 'Chat-Module', 'Chat-Commands', 'Chat-Templating', 'Character-Chat', 'Settings', 'Auto-Save', 'Prompts', 'Database', 'Chunking', 'Visual-RAG', 'AuthNZ', 'Streaming', 'HTTP', 'Egress', 'Embeddings', 'Claims', 'ClaimsMonitoring', 'RAG', 'Search-Agent', 'ResourceGovernor', 'Jobs', 'SlidesStandaloneHtml', 'Diarization', 'API', 'MLX', 'Local-API', 'LlamaCpp', 'STT-Settings', 'external_providers', 'TTS-Settings', 'VibeVoice', 'Audio-Quota', 'API-Routes', 'Search-Engines', 'Web-Scraper', 'Logging', 'Moderation', 'Redis', 'Web-Scraping', 'personalization', 'persona', 'persona.rbac']
2026-09-17 02:01:59.420 | INFO     | tldw_Server_API.app.core.config:_buffered_log:210 - Ensured main SQLite database directory exists: /Users/macbook-dev/Documents/GitHub/tldw_server2/Databases
2026-09-17 02:01:59.420 | INFO     | tldw_Server_API.app.core.config:_buffered_log:210 - Ensured user data base directory exists: Databases/user_databases
2026-09-17 02:01:59.420 | WARNING  | tldw_Server_API.app.core.DB_Management.db_path_utils:resolve_user_db_base_dir:491 - USER_DB_BASE_DIR not configured in tests, using isolated fallback: /private/var/folders/sn/m80n2j152t9gw3w8qwk2nykh0000gn/T/tldw_user_databases_test/default-2b48a741
2026-09-17 02:01:59.420 | INFO     | tldw_Server_API.app.core.DB_Management.ChaChaNotes_DB:__init__:7657 - Initializing CharactersRAGDB for path: /private/var/folders/sn/m80n2j152t9gw3w8qwk2nykh0000gn/T/pytest-of-macbook-dev/pytest-705/test_membership_parent_validat3/packs.db [Client ID: 2] (backend=postgresql)
2026-09-17 02:02:00.685 | DEBUG    | tldw_Server_API.app.core.DB_Management.ChaChaNotes_DB:__init__:7664 - CharactersRAGDB initialization completed successfully for /private/var/folders/sn/m80n2j152t9gw3w8qwk2nykh0000gn/T/pytest-of-macbook-dev/pytest-705/test_membership_parent_validat3/packs.db
2026-09-17 02:02:00.689 | INFO     | tldw_Server_API.app.core.Jobs.migrations:ensure_jobs_tables:1505 - Ensured Jobs schema at /private/var/folders/sn/m80n2j152t9gw3w8qwk2nykh0000gn/T/pytest-of-macbook-dev/pytest-705/test_membership_parent_validat3/jobs.db
----------------------------- Captured stderr call -----------------------------
2026-09-17 02:02:00.722 | DEBUG    | tldw_Server_API.app.core.DB_Management.ChaChaNotes_DB:_get_connection_for_state:8036 - Acquired backend connection (postgresql) for thread 8346099072
2026-09-17 02:02:00.724 | INFO     | tldw_Server_API.app.core.DB_Management.chacha.note_store:_execute:126 - Added note 'Private pack source' with ID: 7bd1a427-231e-47df-809d-fe1560238c0d.
2026-09-17 02:02:00.729 | DEBUG    | tldw_Server_API.app.core.DB_Management.ChaChaNotes_DB:execute_many:8456 - Executing Many on backend postgresql:
                    INSERT INTO flashcard_citations(
                        flashcard_uuid, source_type, source_id, citation_text, locator, ordinal,... with 1 sets.
2026-09-17 02:02:00.732 | DEBUG    | tldw_Server_API.app.core.DB_Management.ChaChaNotes_DB:_get_connection_for_state:8036 - Acquired backend connection (postgresql) for thread 8346099072
2026-09-17 02:02:00.733 | DEBUG    | tldw_Server_API.app.core.DB_Management.ChaChaNotes_DB:execute_many:8456 - Executing Many on backend postgresql: INSERT INTO study_pack_cards(study_pack_id, flashcard_uuid, created_at, last_modified, deleted, client_id, version) VALUES(?, ?, ?, ?, ?, ?, ?) ON CON... with 1 sets.
2026-09-17 02:02:00.733 | ERROR    | tldw_Server_API.app.core.DB_Management.backends.postgresql_backend:execute_many:1166 - PostgreSQL batch execution failed
2026-09-17 02:02:00.733 | ERROR    | tldw_Server_API.app.core.DB_Management.ChaChaNotes_DB:execute_many:8494 - Backend execute_many failed (postgresql): PostgreSQL batch execution failed
--------------------------- Captured stderr teardown ---------------------------
2026-09-17 02:02:01.327 | INFO     | tldw_Server_API.app.api.v1.API_Deps.ChaCha_Notes_DB_Deps:close_all_chacha_db_instances:876 - Closing all cached ChaChaNotesDB instances (0)...
2026-09-17 02:02:01.327 | INFO     | tldw_Server_API.app.api.v1.API_Deps.ChaCha_Notes_DB_Deps:close_all_chacha_db_instances:892 - All ChaChaNotesDB instances closed and cache cleared.
2026-09-17 02:02:01.327 | INFO     | tldw_Server_API.app.api.v1.API_Deps.ChaCha_Notes_DB_Deps:close_all_chacha_db_instances:876 - Closing all cached ChaChaNotesDB instances (0)...
2026-09-17 02:02:01.327 | INFO     | tldw_Server_API.app.api.v1.API_Deps.ChaCha_Notes_DB_Deps:close_all_chacha_db_instances:892 - All ChaChaNotesDB instances closed and cache cleared.
_ test_selected_store_hides_foreign_pack_and_provenance[postgres-get_study_pack_for_flashcard] _
tldw_Server_API/tests/StudyPacks/test_study_pack_owner_contract.py:86: in test_selected_store_hides_foreign_pack_and_provenance
    assert result == ([] if method.startswith("list_") else None)
E   AssertionError: assert {'client_id': '2', 'created_at': datetime.datetime(2026, 9, 17, 9, 2, 6, 458000, tzinfo=zoneinfo.ZoneInfo(key='Etc/UTC')), 'deck_id': 1, 'deleted': False, ...} == None
---------------------------- Captured stderr setup -----------------------------
2026-09-17 02:02:04.938 | INFO     | tldw_Server_API.app.core.DB_Management.backends.factory:create_backend:392 - Creating postgresql backend
2026-09-17 02:02:04.938 | INFO     | tldw_Server_API.app.core.config:_buffered_log:210 - Determined ACTUAL_PROJECT_ROOT for database paths: /Users/macbook-dev/Documents/GitHub/tldw_server2
2026-09-17 02:02:04.938 | INFO     | tldw_Server_API.app.core.config:_buffered_log:210 - Early loading environment variables from: /Users/macbook-dev/Documents/GitHub/tldw_server2/tldw_Server_API/Config_Files/.env
2026-09-17 02:02:04.942 | INFO     | tldw_Server_API.app.core.config:_buffered_log:210 - Early loading environment variables from: /Users/macbook-dev/Documents/GitHub/tldw_server2/tldw_Server_API/Config_Files/.ENV
2026-09-17 02:02:04.946 | DEBUG    | tldw_Server_API.app.core.config:_buffered_log:210 - load_and_log_configs(): Loading and logging configurations...
2026-09-17 02:02:04.947 | INFO     | tldw_Server_API.app.core.config:_buffered_log:210 - Loading environment variables from: /Users/macbook-dev/Documents/GitHub/tldw_server2/tldw_Server_API/Config_Files/.env
2026-09-17 02:02:04.954 | INFO     | tldw_Server_API.app.core.config:_buffered_log:210 - Loading environment variables from: /Users/macbook-dev/Documents/GitHub/tldw_server2/tldw_Server_API/Config_Files/.ENV
2026-09-17 02:02:04.961 | INFO     | tldw_Server_API.app.core.config:_buffered_log:210 - Attempting to load comprehensive config from: /Users/macbook-dev/Documents/GitHub/tldw_server2/tldw_Server_API/Config_Files/config.txt
2026-09-17 02:02:04.963 | INFO     | tldw_Server_API.app.core.config:_buffered_log:210 - load_comprehensive_config(): Sections found in config: ['Setup', 'UI', 'Server', 'Files', 'Image-Generation', 'ACP', 'WORKSPACES', 'ACP-WORKSPACE', 'ACP-SANDBOX', 'Audit', 'Processing', 'Media-Processing', 'Chat-Dictionaries', 'Chat-Module', 'Chat-Commands', 'Chat-Templating', 'Character-Chat', 'Settings', 'Auto-Save', 'Prompts', 'Database', 'Chunking', 'Visual-RAG', 'AuthNZ', 'Streaming', 'HTTP', 'Egress', 'Embeddings', 'Claims', 'ClaimsMonitoring', 'RAG', 'Search-Agent', 'ResourceGovernor', 'Jobs', 'SlidesStandaloneHtml', 'Diarization', 'API', 'MLX', 'Local-API', 'LlamaCpp', 'STT-Settings', 'external_providers', 'TTS-Settings', 'VibeVoice', 'Audio-Quota', 'API-Routes', 'Search-Engines', 'Web-Scraper', 'Logging', 'Moderation', 'Redis', 'Web-Scraping', 'personalization', 'persona', 'persona.rbac']
2026-09-17 02:02:04.966 | INFO     | tldw_Server_API.app.core.config:_buffered_log:210 - Ensured main SQLite database directory exists: /Users/macbook-dev/Documents/GitHub/tldw_server2/Databases
2026-09-17 02:02:04.966 | INFO     | tldw_Server_API.app.core.config:_buffered_log:210 - Ensured user data base directory exists: Databases/user_databases
2026-09-17 02:02:04.966 | WARNING  | tldw_Server_API.app.core.DB_Management.db_path_utils:resolve_user_db_base_dir:491 - USER_DB_BASE_DIR not configured in tests, using isolated fallback: /private/var/folders/sn/m80n2j152t9gw3w8qwk2nykh0000gn/T/tldw_user_databases_test/default-2b48a741
2026-09-17 02:02:04.966 | INFO     | tldw_Server_API.app.core.DB_Management.ChaChaNotes_DB:__init__:7657 - Initializing CharactersRAGDB for path: /private/var/folders/sn/m80n2j152t9gw3w8qwk2nykh0000gn/T/pytest-of-macbook-dev/pytest-705/test_selected_store_hides_fore4/packs.db [Client ID: 2] (backend=postgresql)
2026-09-17 02:02:06.276 | DEBUG    | tldw_Server_API.app.core.DB_Management.ChaChaNotes_DB:__init__:7664 - CharactersRAGDB initialization completed successfully for /private/var/folders/sn/m80n2j152t9gw3w8qwk2nykh0000gn/T/pytest-of-macbook-dev/pytest-705/test_selected_store_hides_fore4/packs.db
2026-09-17 02:02:06.281 | INFO     | tldw_Server_API.app.core.Jobs.migrations:ensure_jobs_tables:1505 - Ensured Jobs schema at /private/var/folders/sn/m80n2j152t9gw3w8qwk2nykh0000gn/T/pytest-of-macbook-dev/pytest-705/test_selected_store_hides_fore4/jobs.db
2026-09-17 02:02:06.314 | WARNING  | tldw_Server_API.app.core.DB_Management.db_path_utils:resolve_user_db_base_dir:491 - USER_DB_BASE_DIR not configured in tests, using isolated fallback: /private/var/folders/sn/m80n2j152t9gw3w8qwk2nykh0000gn/T/tldw_user_databases_test/default-2b48a741
2026-09-17 02:02:06.314 | INFO     | tldw_Server_API.app.core.DB_Management.ChaChaNotes_DB:__init__:7657 - Initializing CharactersRAGDB for path: /private/var/folders/sn/m80n2j152t9gw3w8qwk2nykh0000gn/T/pytest-of-macbook-dev/pytest-705/test_selected_store_hides_fore4/foreign.db [Client ID: 3] (backend=postgresql)
2026-09-17 02:02:06.452 | DEBUG    | tldw_Server_API.app.core.DB_Management.ChaChaNotes_DB:__init__:7664 - CharactersRAGDB initialization completed successfully for /private/var/folders/sn/m80n2j152t9gw3w8qwk2nykh0000gn/T/pytest-of-macbook-dev/pytest-705/test_selected_store_hides_fore4/foreign.db
----------------------------- Captured stderr call -----------------------------
2026-09-17 02:02:06.454 | DEBUG    | tldw_Server_API.app.core.DB_Management.ChaChaNotes_DB:_get_connection_for_state:8036 - Acquired backend connection (postgresql) for thread 8346099072
2026-09-17 02:02:06.456 | INFO     | tldw_Server_API.app.core.DB_Management.chacha.note_store:_execute:126 - Added note 'Private pack source' with ID: ba4fb9a6-0f6a-4c93-886b-ddd24aaf0eab.
2026-09-17 02:02:06.460 | DEBUG    | tldw_Server_API.app.core.DB_Management.ChaChaNotes_DB:execute_many:8456 - Executing Many on backend postgresql: INSERT INTO study_pack_cards(study_pack_id, flashcard_uuid, created_at, last_modified, deleted, client_id, version) VALUES(?, ?, ?, ?, ?, ?, ?) ON CON... with 1 sets.
2026-09-17 02:02:06.461 | DEBUG    | tldw_Server_API.app.core.DB_Management.ChaChaNotes_DB:execute_many:8456 - Executing Many on backend postgresql:
                    INSERT INTO flashcard_citations(
                        flashcard_uuid, source_type, source_id, citation_text, locator, ordinal,... with 1 sets.
2026-09-17 02:02:06.463 | DEBUG    | tldw_Server_API.app.core.DB_Management.ChaChaNotes_DB:_get_connection_for_state:8036 - Acquired backend connection (postgresql) for thread 8346099072
2026-09-17 02:02:06.463 | DEBUG    | tldw_Server_API.app.core.DB_Management.ChaChaNotes_DB:execute_query:8286 - Executing SQL (script=False, backend=postgresql):
            SELECT sp.id, sp.workspace_id, sp.title, sp.deck_id, sp.source_bundle_json, sp.generation_options_json,
                   sp.status, sp.superseded_by_pack_id, sp.created_at, sp.last_modified, sp.deleted, sp.client_id, sp.version
              FROM study_pack_cards spc
              JOI... Params: ('f083c278-267e-4139-ad56-3fc8aaaa59d1',)...
2026-09-17 02:02:06.469 | DEBUG    | tldw_Server_API.app.core.DB_Management.ChaChaNotes_DB:_get_connection_for_state:8036 - Acquired backend connection (postgresql) for thread 8346099072
2026-09-17 02:02:06.469 | DEBUG    | tldw_Server_API.app.core.DB_Management.ChaChaNotes_DB:execute_query:8286 - Executing SQL (script=False, backend=postgresql):
            SELECT sp.id, sp.workspace_id, sp.title, sp.deck_id, sp.source_bundle_json, sp.generation_options_json,
                   sp.status, sp.superseded_by_pack_id, sp.created_at, sp.last_modified, sp.deleted, sp.client_id, sp.version
              FROM study_pack_cards spc
              JOI... Params: ('f083c278-267e-4139-ad56-3fc8aaaa59d1',)...
--------------------------- Captured stderr teardown ---------------------------
2026-09-17 02:02:06.489 | INFO     | tldw_Server_API.app.api.v1.API_Deps.ChaCha_Notes_DB_Deps:close_all_chacha_db_instances:876 - Closing all cached ChaChaNotesDB instances (0)...
2026-09-17 02:02:06.489 | INFO     | tldw_Server_API.app.api.v1.API_Deps.ChaCha_Notes_DB_Deps:close_all_chacha_db_instances:892 - All ChaChaNotesDB instances closed and cache cleared.
2026-09-17 02:02:06.489 | INFO     | tldw_Server_API.app.api.v1.API_Deps.ChaCha_Notes_DB_Deps:close_all_chacha_db_instances:876 - Closing all cached ChaChaNotesDB instances (0)...
2026-09-17 02:02:06.489 | INFO     | tldw_Server_API.app.api.v1.API_Deps.ChaCha_Notes_DB_Deps:close_all_chacha_db_instances:892 - All ChaChaNotesDB instances closed and cache cleared.
___ test_postgres_study_pack_cannot_reference_foreign_parent[postgres-card] ____
tldw_Server_API/tests/StudyPacks/test_study_pack_owner_contract.py:232: in test_postgres_study_pack_cannot_reference_foreign_parent
    assert rejected
E   assert False
---------------------------- Captured stderr setup -----------------------------
2026-09-17 02:02:06.506 | INFO     | tldw_Server_API.app.core.DB_Management.backends.factory:create_backend:392 - Creating postgresql backend
2026-09-17 02:02:06.507 | INFO     | tldw_Server_API.app.core.config:_buffered_log:210 - Determined ACTUAL_PROJECT_ROOT for database paths: /Users/macbook-dev/Documents/GitHub/tldw_server2
2026-09-17 02:02:06.507 | INFO     | tldw_Server_API.app.core.config:_buffered_log:210 - Early loading environment variables from: /Users/macbook-dev/Documents/GitHub/tldw_server2/tldw_Server_API/Config_Files/.env
2026-09-17 02:02:06.511 | INFO     | tldw_Server_API.app.core.config:_buffered_log:210 - Early loading environment variables from: /Users/macbook-dev/Documents/GitHub/tldw_server2/tldw_Server_API/Config_Files/.ENV
2026-09-17 02:02:06.515 | DEBUG    | tldw_Server_API.app.core.config:_buffered_log:210 - load_and_log_configs(): Loading and logging configurations...
2026-09-17 02:02:06.516 | INFO     | tldw_Server_API.app.core.config:_buffered_log:210 - Loading environment variables from: /Users/macbook-dev/Documents/GitHub/tldw_server2/tldw_Server_API/Config_Files/.env
2026-09-17 02:02:06.522 | INFO     | tldw_Server_API.app.core.config:_buffered_log:210 - Loading environment variables from: /Users/macbook-dev/Documents/GitHub/tldw_server2/tldw_Server_API/Config_Files/.ENV
2026-09-17 02:02:06.529 | INFO     | tldw_Server_API.app.core.config:_buffered_log:210 - Attempting to load comprehensive config from: /Users/macbook-dev/Documents/GitHub/tldw_server2/tldw_Server_API/Config_Files/config.txt
2026-09-17 02:02:06.531 | INFO     | tldw_Server_API.app.core.config:_buffered_log:210 - load_comprehensive_config(): Sections found in config: ['Setup', 'UI', 'Server', 'Files', 'Image-Generation', 'ACP', 'WORKSPACES', 'ACP-WORKSPACE', 'ACP-SANDBOX', 'Audit', 'Processing', 'Media-Processing', 'Chat-Dictionaries', 'Chat-Module', 'Chat-Commands', 'Chat-Templating', 'Character-Chat', 'Settings', 'Auto-Save', 'Prompts', 'Database', 'Chunking', 'Visual-RAG', 'AuthNZ', 'Streaming', 'HTTP', 'Egress', 'Embeddings', 'Claims', 'ClaimsMonitoring', 'RAG', 'Search-Agent', 'ResourceGovernor', 'Jobs', 'SlidesStandaloneHtml', 'Diarization', 'API', 'MLX', 'Local-API', 'LlamaCpp', 'STT-Settings', 'external_providers', 'TTS-Settings', 'VibeVoice', 'Audio-Quota', 'API-Routes', 'Search-Engines', 'Web-Scraper', 'Logging', 'Moderation', 'Redis', 'Web-Scraping', 'personalization', 'persona', 'persona.rbac']
2026-09-17 02:02:06.533 | INFO     | tldw_Server_API.app.core.config:_buffered_log:210 - Ensured main SQLite database directory exists: /Users/macbook-dev/Documents/GitHub/tldw_server2/Databases
2026-09-17 02:02:06.533 | INFO     | tldw_Server_API.app.core.config:_buffered_log:210 - Ensured user data base directory exists: Databases/user_databases
2026-09-17 02:02:06.533 | WARNING  | tldw_Server_API.app.core.DB_Management.db_path_utils:resolve_user_db_base_dir:491 - USER_DB_BASE_DIR not configured in tests, using isolated fallback: /private/var/folders/sn/m80n2j152t9gw3w8qwk2nykh0000gn/T/tldw_user_databases_test/default-2b48a741
2026-09-17 02:02:06.533 | INFO     | tldw_Server_API.app.core.DB_Management.ChaChaNotes_DB:__init__:7657 - Initializing CharactersRAGDB for path: /private/var/folders/sn/m80n2j152t9gw3w8qwk2nykh0000gn/T/pytest-of-macbook-dev/pytest-705/test_postgres_study_pack_canno5/packs.db [Client ID: 2] (backend=postgresql)
2026-09-17 02:02:07.781 | DEBUG    | tldw_Server_API.app.core.DB_Management.ChaChaNotes_DB:__init__:7664 - CharactersRAGDB initialization completed successfully for /private/var/folders/sn/m80n2j152t9gw3w8qwk2nykh0000gn/T/pytest-of-macbook-dev/pytest-705/test_postgres_study_pack_canno5/packs.db
2026-09-17 02:02:07.785 | INFO     | tldw_Server_API.app.core.Jobs.migrations:ensure_jobs_tables:1505 - Ensured Jobs schema at /private/var/folders/sn/m80n2j152t9gw3w8qwk2nykh0000gn/T/pytest-of-macbook-dev/pytest-705/test_postgres_study_pack_canno5/jobs.db
2026-09-17 02:02:07.817 | WARNING  | tldw_Server_API.app.core.DB_Management.db_path_utils:resolve_user_db_base_dir:491 - USER_DB_BASE_DIR not configured in tests, using isolated fallback: /private/var/folders/sn/m80n2j152t9gw3w8qwk2nykh0000gn/T/tldw_user_databases_test/default-2b48a741
2026-09-17 02:02:07.817 | INFO     | tldw_Server_API.app.core.DB_Management.ChaChaNotes_DB:__init__:7657 - Initializing CharactersRAGDB for path: /private/var/folders/sn/m80n2j152t9gw3w8qwk2nykh0000gn/T/pytest-of-macbook-dev/pytest-705/test_postgres_study_pack_canno5/foreign.db [Client ID: 3] (backend=postgresql)
2026-09-17 02:02:07.960 | DEBUG    | tldw_Server_API.app.core.DB_Management.ChaChaNotes_DB:__init__:7664 - CharactersRAGDB initialization completed successfully for /private/var/folders/sn/m80n2j152t9gw3w8qwk2nykh0000gn/T/pytest-of-macbook-dev/pytest-705/test_postgres_study_pack_canno5/foreign.db
----------------------------- Captured stderr call -----------------------------
2026-09-17 02:02:07.962 | DEBUG    | tldw_Server_API.app.core.DB_Management.ChaChaNotes_DB:_get_connection_for_state:8036 - Acquired backend connection (postgresql) for thread 8346099072
2026-09-17 02:02:07.964 | INFO     | tldw_Server_API.app.core.DB_Management.chacha.note_store:_execute:126 - Added note 'Private pack source' with ID: bf4c3066-458b-4a0d-bb2c-dbfcbcc30031.
2026-09-17 02:02:07.968 | DEBUG    | tldw_Server_API.app.core.DB_Management.ChaChaNotes_DB:execute_many:8456 - Executing Many on backend postgresql: INSERT INTO study_pack_cards(study_pack_id, flashcard_uuid, created_at, last_modified, deleted, client_id, version) VALUES(?, ?, ?, ?, ?, ?, ?) ON CON... with 1 sets.
2026-09-17 02:02:07.969 | DEBUG    | tldw_Server_API.app.core.DB_Management.ChaChaNotes_DB:execute_many:8456 - Executing Many on backend postgresql:
                    INSERT INTO flashcard_citations(
                        flashcard_uuid, source_type, source_id, citation_text, locator, ordinal,... with 1 sets.
2026-09-17 02:02:07.973 | DEBUG    | tldw_Server_API.app.core.DB_Management.ChaChaNotes_DB:_get_connection_for_state:8036 - Acquired backend connection (postgresql) for thread 8346099072
2026-09-17 02:02:07.974 | INFO     | tldw_Server_API.app.core.DB_Management.chacha.note_store:_execute:126 - Added note 'Private pack source' with ID: a31fa30c-42ae-4354-a151-776a8782baab.
2026-09-17 02:02:07.977 | DEBUG    | tldw_Server_API.app.core.DB_Management.ChaChaNotes_DB:execute_many:8456 - Executing Many on backend postgresql:
                    INSERT INTO flashcard_citations(
                        flashcard_uuid, source_type, source_id, citation_text, locator, ordinal,... with 1 sets.
2026-09-17 02:02:07.979 | DEBUG    | tldw_Server_API.app.core.DB_Management.ChaChaNotes_DB:_get_connection_for_state:8036 - Acquired backend connection (postgresql) for thread 8346099072
2026-09-17 02:02:07.980 | DEBUG    | tldw_Server_API.app.core.DB_Management.ChaChaNotes_DB:execute_many:8456 - Executing Many on backend postgresql: INSERT INTO study_pack_cards(study_pack_id, flashcard_uuid, created_at, last_modified, deleted, client_id, version) VALUES(?, ?, ?, ?, ?, ?, ?) ON CON... with 1 sets.
--------------------------- Captured stderr teardown ---------------------------
2026-09-17 02:02:07.999 | INFO     | tldw_Server_API.app.api.v1.API_Deps.ChaCha_Notes_DB_Deps:close_all_chacha_db_instances:876 - Closing all cached ChaChaNotesDB instances (0)...
2026-09-17 02:02:07.999 | INFO     | tldw_Server_API.app.api.v1.API_Deps.ChaCha_Notes_DB_Deps:close_all_chacha_db_instances:892 - All ChaChaNotesDB instances closed and cache cleared.
2026-09-17 02:02:07.999 | INFO     | tldw_Server_API.app.api.v1.API_Deps.ChaCha_Notes_DB_Deps:close_all_chacha_db_instances:876 - Closing all cached ChaChaNotesDB instances (0)...
2026-09-17 02:02:08.000 | INFO     | tldw_Server_API.app.api.v1.API_Deps.ChaCha_Notes_DB_Deps:close_all_chacha_db_instances:892 - All ChaChaNotesDB instances closed and cache cleared.
_ test_selected_store_hides_foreign_pack_and_provenance[postgres-list_study_pack_cards] _
tldw_Server_API/tests/StudyPacks/test_study_pack_owner_contract.py:86: in test_selected_store_hides_foreign_pack_and_provenance
    assert result == ([] if method.startswith("list_") else None)
E   AssertionError: assert [{'client_id'...: False, ...}] == []
E
E     Left contains one more item: {'client_id': '2', 'created_at': datetime.datetime(2026, 9, 17, 9, 2, 11, 355000, tzinfo=zoneinfo.ZoneInfo(key='Etc/UTC')), 'deck_id': 1, 'deleted': False, ...}
E     Use -v to get more diff
---------------------------- Captured stderr setup -----------------------------
2026-09-17 02:02:09.864 | INFO     | tldw_Server_API.app.core.DB_Management.backends.factory:create_backend:392 - Creating postgresql backend
2026-09-17 02:02:09.864 | INFO     | tldw_Server_API.app.core.config:_buffered_log:210 - Determined ACTUAL_PROJECT_ROOT for database paths: /Users/macbook-dev/Documents/GitHub/tldw_server2
2026-09-17 02:02:09.865 | INFO     | tldw_Server_API.app.core.config:_buffered_log:210 - Early loading environment variables from: /Users/macbook-dev/Documents/GitHub/tldw_server2/tldw_Server_API/Config_Files/.env
2026-09-17 02:02:09.869 | INFO     | tldw_Server_API.app.core.config:_buffered_log:210 - Early loading environment variables from: /Users/macbook-dev/Documents/GitHub/tldw_server2/tldw_Server_API/Config_Files/.ENV
2026-09-17 02:02:09.873 | DEBUG    | tldw_Server_API.app.core.config:_buffered_log:210 - load_and_log_configs(): Loading and logging configurations...
2026-09-17 02:02:09.873 | INFO     | tldw_Server_API.app.core.config:_buffered_log:210 - Loading environment variables from: /Users/macbook-dev/Documents/GitHub/tldw_server2/tldw_Server_API/Config_Files/.env
2026-09-17 02:02:09.880 | INFO     | tldw_Server_API.app.core.config:_buffered_log:210 - Loading environment variables from: /Users/macbook-dev/Documents/GitHub/tldw_server2/tldw_Server_API/Config_Files/.ENV
2026-09-17 02:02:09.886 | INFO     | tldw_Server_API.app.core.config:_buffered_log:210 - Attempting to load comprehensive config from: /Users/macbook-dev/Documents/GitHub/tldw_server2/tldw_Server_API/Config_Files/config.txt
2026-09-17 02:02:09.889 | INFO     | tldw_Server_API.app.core.config:_buffered_log:210 - load_comprehensive_config(): Sections found in config: ['Setup', 'UI', 'Server', 'Files', 'Image-Generation', 'ACP', 'WORKSPACES', 'ACP-WORKSPACE', 'ACP-SANDBOX', 'Audit', 'Processing', 'Media-Processing', 'Chat-Dictionaries', 'Chat-Module', 'Chat-Commands', 'Chat-Templating', 'Character-Chat', 'Settings', 'Auto-Save', 'Prompts', 'Database', 'Chunking', 'Visual-RAG', 'AuthNZ', 'Streaming', 'HTTP', 'Egress', 'Embeddings', 'Claims', 'ClaimsMonitoring', 'RAG', 'Search-Agent', 'ResourceGovernor', 'Jobs', 'SlidesStandaloneHtml', 'Diarization', 'API', 'MLX', 'Local-API', 'LlamaCpp', 'STT-Settings', 'external_providers', 'TTS-Settings', 'VibeVoice', 'Audio-Quota', 'API-Routes', 'Search-Engines', 'Web-Scraper', 'Logging', 'Moderation', 'Redis', 'Web-Scraping', 'personalization', 'persona', 'persona.rbac']
2026-09-17 02:02:09.891 | INFO     | tldw_Server_API.app.core.config:_buffered_log:210 - Ensured main SQLite database directory exists: /Users/macbook-dev/Documents/GitHub/tldw_server2/Databases
2026-09-17 02:02:09.891 | INFO     | tldw_Server_API.app.core.config:_buffered_log:210 - Ensured user data base directory exists: Databases/user_databases
2026-09-17 02:02:09.891 | WARNING  | tldw_Server_API.app.core.DB_Management.db_path_utils:resolve_user_db_base_dir:491 - USER_DB_BASE_DIR not configured in tests, using isolated fallback: /private/var/folders/sn/m80n2j152t9gw3w8qwk2nykh0000gn/T/tldw_user_databases_test/default-2b48a741
2026-09-17 02:02:09.891 | INFO     | tldw_Server_API.app.core.DB_Management.ChaChaNotes_DB:__init__:7657 - Initializing CharactersRAGDB for path: /private/var/folders/sn/m80n2j152t9gw3w8qwk2nykh0000gn/T/pytest-of-macbook-dev/pytest-705/test_selected_store_hides_fore5/packs.db [Client ID: 2] (backend=postgresql)
2026-09-17 02:02:11.172 | DEBUG    | tldw_Server_API.app.core.DB_Management.ChaChaNotes_DB:__init__:7664 - CharactersRAGDB initialization completed successfully for /private/var/folders/sn/m80n2j152t9gw3w8qwk2nykh0000gn/T/pytest-of-macbook-dev/pytest-705/test_selected_store_hides_fore5/packs.db
2026-09-17 02:02:11.176 | INFO     | tldw_Server_API.app.core.Jobs.migrations:ensure_jobs_tables:1505 - Ensured Jobs schema at /private/var/folders/sn/m80n2j152t9gw3w8qwk2nykh0000gn/T/pytest-of-macbook-dev/pytest-705/test_selected_store_hides_fore5/jobs.db
2026-09-17 02:02:11.208 | WARNING  | tldw_Server_API.app.core.DB_Management.db_path_utils:resolve_user_db_base_dir:491 - USER_DB_BASE_DIR not configured in tests, using isolated fallback: /private/var/folders/sn/m80n2j152t9gw3w8qwk2nykh0000gn/T/tldw_user_databases_test/default-2b48a741
2026-09-17 02:02:11.208 | INFO     | tldw_Server_API.app.core.DB_Management.ChaChaNotes_DB:__init__:7657 - Initializing CharactersRAGDB for path: /private/var/folders/sn/m80n2j152t9gw3w8qwk2nykh0000gn/T/pytest-of-macbook-dev/pytest-705/test_selected_store_hides_fore5/foreign.db [Client ID: 3] (backend=postgresql)
2026-09-17 02:02:11.348 | DEBUG    | tldw_Server_API.app.core.DB_Management.ChaChaNotes_DB:__init__:7664 - CharactersRAGDB initialization completed successfully for /private/var/folders/sn/m80n2j152t9gw3w8qwk2nykh0000gn/T/pytest-of-macbook-dev/pytest-705/test_selected_store_hides_fore5/foreign.db
----------------------------- Captured stderr call -----------------------------
2026-09-17 02:02:11.350 | DEBUG    | tldw_Server_API.app.core.DB_Management.ChaChaNotes_DB:_get_connection_for_state:8036 - Acquired backend connection (postgresql) for thread 8346099072
2026-09-17 02:02:11.352 | INFO     | tldw_Server_API.app.core.DB_Management.chacha.note_store:_execute:126 - Added note 'Private pack source' with ID: 6b1137d3-18de-404b-899e-07d9a043f130.
2026-09-17 02:02:11.355 | DEBUG    | tldw_Server_API.app.core.DB_Management.ChaChaNotes_DB:execute_many:8456 - Executing Many on backend postgresql: INSERT INTO study_pack_cards(study_pack_id, flashcard_uuid, created_at, last_modified, deleted, client_id, version) VALUES(?, ?, ?, ?, ?, ?, ?) ON CON... with 1 sets.
2026-09-17 02:02:11.357 | DEBUG    | tldw_Server_API.app.core.DB_Management.ChaChaNotes_DB:execute_many:8456 - Executing Many on backend postgresql:
                    INSERT INTO flashcard_citations(
                        flashcard_uuid, source_type, source_id, citation_text, locator, ordinal,... with 1 sets.
2026-09-17 02:02:11.360 | DEBUG    | tldw_Server_API.app.core.DB_Management.ChaChaNotes_DB:_get_connection_for_state:8036 - Acquired backend connection (postgresql) for thread 8346099072
2026-09-17 02:02:11.360 | DEBUG    | tldw_Server_API.app.core.DB_Management.ChaChaNotes_DB:execute_query:8286 - Executing SQL (script=False, backend=postgresql):
            SELECT spc.id, spc.study_pack_id, spc.flashcard_uuid, spc.created_at, spc.last_modified,
                   spc.deleted, spc.client_id, spc.version, f.deck_id
              FROM study_pack_cards spc
              LEFT JOIN flashcards f ON f.uuid = spc.flashcard_uuid
             WHERE s... Params: (1,)...
2026-09-17 02:02:11.365 | DEBUG    | tldw_Server_API.app.core.DB_Management.ChaChaNotes_DB:_get_connection_for_state:8036 - Acquired backend connection (postgresql) for thread 8346099072
2026-09-17 02:02:11.365 | DEBUG    | tldw_Server_API.app.core.DB_Management.ChaChaNotes_DB:execute_query:8286 - Executing SQL (script=False, backend=postgresql):
            SELECT spc.id, spc.study_pack_id, spc.flashcard_uuid, spc.created_at, spc.last_modified,
                   spc.deleted, spc.client_id, spc.version, f.deck_id
              FROM study_pack_cards spc
              LEFT JOIN flashcards f ON f.uuid = spc.flashcard_uuid
             WHERE s... Params: (1,)...
--------------------------- Captured stderr teardown ---------------------------
2026-09-17 02:02:11.385 | INFO     | tldw_Server_API.app.api.v1.API_Deps.ChaCha_Notes_DB_Deps:close_all_chacha_db_instances:876 - Closing all cached ChaChaNotesDB instances (0)...
2026-09-17 02:02:11.385 | INFO     | tldw_Server_API.app.api.v1.API_Deps.ChaCha_Notes_DB_Deps:close_all_chacha_db_instances:892 - All ChaChaNotesDB instances closed and cache cleared.
2026-09-17 02:02:11.386 | INFO     | tldw_Server_API.app.api.v1.API_Deps.ChaCha_Notes_DB_Deps:close_all_chacha_db_instances:876 - Closing all cached ChaChaNotesDB instances (0)...
2026-09-17 02:02:11.386 | INFO     | tldw_Server_API.app.api.v1.API_Deps.ChaCha_Notes_DB_Deps:close_all_chacha_db_instances:892 - All ChaChaNotesDB instances closed and cache cleared.
_ test_membership_parent_validation_keeps_backend_deletion_contract[postgres-missing-card] _
tldw_Server_API/app/core/DB_Management/ChaChaNotes_DB.py:8464: in execute_many
    cursor.executemany(prepared_query, prepared_params_list)
tldw_Server_API/app/core/DB_Management/ChaChaNotes_DB.py:506: in guarded
    return method(self, *args, **kwargs)
           ^^^^^^^^^^^^^^^^^^^^^^^^^^^^^
tldw_Server_API/app/core/DB_Management/ChaChaNotes_DB.py:551: in executemany
    self._result = self._backend.execute_many(
tldw_Server_API/app/core/DB_Management/backends/postgresql_backend.py:1169: in execute_many
    raise DatabaseError("PostgreSQL batch execution failed") from None
E   tldw_Server_API.app.core.DB_Management.backends.base.DatabaseError: PostgreSQL batch execution failed

The above exception was the direct cause of the following exception:
tldw_Server_API/tests/StudyPacks/test_study_pack_owner_contract.py:320: in test_membership_parent_validation_keeps_backend_deletion_contract
    db.add_study_pack_cards(pack, [card])
tldw_Server_API/app/core/DB_Management/ChaChaNotes_DB.py:39241: in add_study_pack_cards
    self.execute_many(insert_sql, params, commit=False)
tldw_Server_API/app/core/DB_Management/ChaChaNotes_DB.py:492: in guarded
    return method(self, *args, **kwargs)
           ^^^^^^^^^^^^^^^^^^^^^^^^^^^^^
tldw_Server_API/app/core/DB_Management/ChaChaNotes_DB.py:8500: in execute_many
    raise CharactersRAGDBError(f"Execute Many failed: {exc}") from exc  # noqa: TRY003
    ^^^^^^^^^^^^^^^^^^^^^^^^^^^^^^^^^^^^^^^^^^^^^^^^^^^^^^^^^^^^^^^^^^
E   tldw_Server_API.app.core.DB_Management.ChaChaNotes_DB.CharactersRAGDBError: Execute Many failed: PostgreSQL batch execution failed
---------------------------- Captured stderr setup -----------------------------
2026-09-17 02:02:12.693 | INFO     | tldw_Server_API.app.core.DB_Management.backends.factory:create_backend:392 - Creating postgresql backend
2026-09-17 02:02:12.694 | INFO     | tldw_Server_API.app.core.config:_buffered_log:210 - Determined ACTUAL_PROJECT_ROOT for database paths: /Users/macbook-dev/Documents/GitHub/tldw_server2
2026-09-17 02:02:12.694 | INFO     | tldw_Server_API.app.core.config:_buffered_log:210 - Early loading environment variables from: /Users/macbook-dev/Documents/GitHub/tldw_server2/tldw_Server_API/Config_Files/.env
2026-09-17 02:02:12.698 | INFO     | tldw_Server_API.app.core.config:_buffered_log:210 - Early loading environment variables from: /Users/macbook-dev/Documents/GitHub/tldw_server2/tldw_Server_API/Config_Files/.ENV
2026-09-17 02:02:12.703 | DEBUG    | tldw_Server_API.app.core.config:_buffered_log:210 - load_and_log_configs(): Loading and logging configurations...
2026-09-17 02:02:12.703 | INFO     | tldw_Server_API.app.core.config:_buffered_log:210 - Loading environment variables from: /Users/macbook-dev/Documents/GitHub/tldw_server2/tldw_Server_API/Config_Files/.env
2026-09-17 02:02:12.707 | INFO     | tldw_Server_API.app.core.config:_buffered_log:210 - Loading environment variables from: /Users/macbook-dev/Documents/GitHub/tldw_server2/tldw_Server_API/Config_Files/.ENV
2026-09-17 02:02:12.711 | INFO     | tldw_Server_API.app.core.config:_buffered_log:210 - Attempting to load comprehensive config from: /Users/macbook-dev/Documents/GitHub/tldw_server2/tldw_Server_API/Config_Files/config.txt
2026-09-17 02:02:12.713 | INFO     | tldw_Server_API.app.core.config:_buffered_log:210 - load_comprehensive_config(): Sections found in config: ['Setup', 'UI', 'Server', 'Files', 'Image-Generation', 'ACP', 'WORKSPACES', 'ACP-WORKSPACE', 'ACP-SANDBOX', 'Audit', 'Processing', 'Media-Processing', 'Chat-Dictionaries', 'Chat-Module', 'Chat-Commands', 'Chat-Templating', 'Character-Chat', 'Settings', 'Auto-Save', 'Prompts', 'Database', 'Chunking', 'Visual-RAG', 'AuthNZ', 'Streaming', 'HTTP', 'Egress', 'Embeddings', 'Claims', 'ClaimsMonitoring', 'RAG', 'Search-Agent', 'ResourceGovernor', 'Jobs', 'SlidesStandaloneHtml', 'Diarization', 'API', 'MLX', 'Local-API', 'LlamaCpp', 'STT-Settings', 'external_providers', 'TTS-Settings', 'VibeVoice', 'Audio-Quota', 'API-Routes', 'Search-Engines', 'Web-Scraper', 'Logging', 'Moderation', 'Redis', 'Web-Scraping', 'personalization', 'persona', 'persona.rbac']
2026-09-17 02:02:12.715 | INFO     | tldw_Server_API.app.core.config:_buffered_log:210 - Ensured main SQLite database directory exists: /Users/macbook-dev/Documents/GitHub/tldw_server2/Databases
2026-09-17 02:02:12.715 | INFO     | tldw_Server_API.app.core.config:_buffered_log:210 - Ensured user data base directory exists: Databases/user_databases
2026-09-17 02:02:12.716 | WARNING  | tldw_Server_API.app.core.DB_Management.db_path_utils:resolve_user_db_base_dir:491 - USER_DB_BASE_DIR not configured in tests, using isolated fallback: /private/var/folders/sn/m80n2j152t9gw3w8qwk2nykh0000gn/T/tldw_user_databases_test/default-2b48a741
2026-09-17 02:02:12.716 | INFO     | tldw_Server_API.app.core.DB_Management.ChaChaNotes_DB:__init__:7657 - Initializing CharactersRAGDB for path: /private/var/folders/sn/m80n2j152t9gw3w8qwk2nykh0000gn/T/pytest-of-macbook-dev/pytest-705/test_membership_parent_validat6/packs.db [Client ID: 2] (backend=postgresql)
2026-09-17 02:02:13.955 | DEBUG    | tldw_Server_API.app.core.DB_Management.ChaChaNotes_DB:__init__:7664 - CharactersRAGDB initialization completed successfully for /private/var/folders/sn/m80n2j152t9gw3w8qwk2nykh0000gn/T/pytest-of-macbook-dev/pytest-705/test_membership_parent_validat6/packs.db
2026-09-17 02:02:13.959 | INFO     | tldw_Server_API.app.core.Jobs.migrations:ensure_jobs_tables:1505 - Ensured Jobs schema at /private/var/folders/sn/m80n2j152t9gw3w8qwk2nykh0000gn/T/pytest-of-macbook-dev/pytest-705/test_membership_parent_validat6/jobs.db
----------------------------- Captured stderr call -----------------------------
2026-09-17 02:02:13.993 | DEBUG    | tldw_Server_API.app.core.DB_Management.ChaChaNotes_DB:_get_connection_for_state:8036 - Acquired backend connection (postgresql) for thread 8346099072
2026-09-17 02:02:13.996 | INFO     | tldw_Server_API.app.core.DB_Management.chacha.note_store:_execute:126 - Added note 'Private pack source' with ID: 26a6c1cd-c815-4ff0-937a-17b917650e16.
2026-09-17 02:02:13.999 | DEBUG    | tldw_Server_API.app.core.DB_Management.ChaChaNotes_DB:execute_many:8456 - Executing Many on backend postgresql:
                    INSERT INTO flashcard_citations(
                        flashcard_uuid, source_type, source_id, citation_text, locator, ordinal,... with 1 sets.
2026-09-17 02:02:14.002 | DEBUG    | tldw_Server_API.app.core.DB_Management.ChaChaNotes_DB:_get_connection_for_state:8036 - Acquired backend connection (postgresql) for thread 8346099072
2026-09-17 02:02:14.003 | DEBUG    | tldw_Server_API.app.core.DB_Management.ChaChaNotes_DB:execute_many:8456 - Executing Many on backend postgresql: INSERT INTO study_pack_cards(study_pack_id, flashcard_uuid, created_at, last_modified, deleted, client_id, version) VALUES(?, ?, ?, ?, ?, ?, ?) ON CON... with 1 sets.
2026-09-17 02:02:14.003 | ERROR    | tldw_Server_API.app.core.DB_Management.backends.postgresql_backend:execute_many:1166 - PostgreSQL batch execution failed
2026-09-17 02:02:14.003 | ERROR    | tldw_Server_API.app.core.DB_Management.ChaChaNotes_DB:execute_many:8494 - Backend execute_many failed (postgresql): PostgreSQL batch execution failed
--------------------------- Captured stderr teardown ---------------------------
2026-09-17 02:02:14.561 | INFO     | tldw_Server_API.app.api.v1.API_Deps.ChaCha_Notes_DB_Deps:close_all_chacha_db_instances:876 - Closing all cached ChaChaNotesDB instances (0)...
2026-09-17 02:02:14.561 | INFO     | tldw_Server_API.app.api.v1.API_Deps.ChaCha_Notes_DB_Deps:close_all_chacha_db_instances:892 - All ChaChaNotesDB instances closed and cache cleared.
2026-09-17 02:02:14.561 | INFO     | tldw_Server_API.app.api.v1.API_Deps.ChaCha_Notes_DB_Deps:close_all_chacha_db_instances:876 - Closing all cached ChaChaNotesDB instances (0)...
2026-09-17 02:02:14.561 | INFO     | tldw_Server_API.app.api.v1.API_Deps.ChaCha_Notes_DB_Deps:close_all_chacha_db_instances:892 - All ChaChaNotesDB instances closed and cache cleared.
_ test_postgres_study_pack_cannot_reference_foreign_parent[postgres-replacement-pack] _
tldw_Server_API/tests/StudyPacks/test_study_pack_owner_contract.py:232: in test_postgres_study_pack_cannot_reference_foreign_parent
    assert rejected
E   assert False
---------------------------- Captured stderr setup -----------------------------
2026-09-17 02:02:14.579 | INFO     | tldw_Server_API.app.core.DB_Management.backends.factory:create_backend:392 - Creating postgresql backend
2026-09-17 02:02:14.580 | INFO     | tldw_Server_API.app.core.config:_buffered_log:210 - Determined ACTUAL_PROJECT_ROOT for database paths: /Users/macbook-dev/Documents/GitHub/tldw_server2
2026-09-17 02:02:14.580 | INFO     | tldw_Server_API.app.core.config:_buffered_log:210 - Early loading environment variables from: /Users/macbook-dev/Documents/GitHub/tldw_server2/tldw_Server_API/Config_Files/.env
2026-09-17 02:02:14.584 | INFO     | tldw_Server_API.app.core.config:_buffered_log:210 - Early loading environment variables from: /Users/macbook-dev/Documents/GitHub/tldw_server2/tldw_Server_API/Config_Files/.ENV
2026-09-17 02:02:14.588 | DEBUG    | tldw_Server_API.app.core.config:_buffered_log:210 - load_and_log_configs(): Loading and logging configurations...
2026-09-17 02:02:14.589 | INFO     | tldw_Server_API.app.core.config:_buffered_log:210 - Loading environment variables from: /Users/macbook-dev/Documents/GitHub/tldw_server2/tldw_Server_API/Config_Files/.env
2026-09-17 02:02:14.596 | INFO     | tldw_Server_API.app.core.config:_buffered_log:210 - Loading environment variables from: /Users/macbook-dev/Documents/GitHub/tldw_server2/tldw_Server_API/Config_Files/.ENV
2026-09-17 02:02:14.602 | INFO     | tldw_Server_API.app.core.config:_buffered_log:210 - Attempting to load comprehensive config from: /Users/macbook-dev/Documents/GitHub/tldw_server2/tldw_Server_API/Config_Files/config.txt
2026-09-17 02:02:14.604 | INFO     | tldw_Server_API.app.core.config:_buffered_log:210 - load_comprehensive_config(): Sections found in config: ['Setup', 'UI', 'Server', 'Files', 'Image-Generation', 'ACP', 'WORKSPACES', 'ACP-WORKSPACE', 'ACP-SANDBOX', 'Audit', 'Processing', 'Media-Processing', 'Chat-Dictionaries', 'Chat-Module', 'Chat-Commands', 'Chat-Templating', 'Character-Chat', 'Settings', 'Auto-Save', 'Prompts', 'Database', 'Chunking', 'Visual-RAG', 'AuthNZ', 'Streaming', 'HTTP', 'Egress', 'Embeddings', 'Claims', 'ClaimsMonitoring', 'RAG', 'Search-Agent', 'ResourceGovernor', 'Jobs', 'SlidesStandaloneHtml', 'Diarization', 'API', 'MLX', 'Local-API', 'LlamaCpp', 'STT-Settings', 'external_providers', 'TTS-Settings', 'VibeVoice', 'Audio-Quota', 'API-Routes', 'Search-Engines', 'Web-Scraper', 'Logging', 'Moderation', 'Redis', 'Web-Scraping', 'personalization', 'persona', 'persona.rbac']
2026-09-17 02:02:14.606 | INFO     | tldw_Server_API.app.core.config:_buffered_log:210 - Ensured main SQLite database directory exists: /Users/macbook-dev/Documents/GitHub/tldw_server2/Databases
2026-09-17 02:02:14.606 | INFO     | tldw_Server_API.app.core.config:_buffered_log:210 - Ensured user data base directory exists: Databases/user_databases
2026-09-17 02:02:14.606 | WARNING  | tldw_Server_API.app.core.DB_Management.db_path_utils:resolve_user_db_base_dir:491 - USER_DB_BASE_DIR not configured in tests, using isolated fallback: /private/var/folders/sn/m80n2j152t9gw3w8qwk2nykh0000gn/T/tldw_user_databases_test/default-2b48a741
2026-09-17 02:02:14.607 | INFO     | tldw_Server_API.app.core.DB_Management.ChaChaNotes_DB:__init__:7657 - Initializing CharactersRAGDB for path: /private/var/folders/sn/m80n2j152t9gw3w8qwk2nykh0000gn/T/pytest-of-macbook-dev/pytest-705/test_postgres_study_pack_canno6/packs.db [Client ID: 2] (backend=postgresql)
2026-09-17 02:02:15.854 | DEBUG    | tldw_Server_API.app.core.DB_Management.ChaChaNotes_DB:__init__:7664 - CharactersRAGDB initialization completed successfully for /private/var/folders/sn/m80n2j152t9gw3w8qwk2nykh0000gn/T/pytest-of-macbook-dev/pytest-705/test_postgres_study_pack_canno6/packs.db
2026-09-17 02:02:15.858 | INFO     | tldw_Server_API.app.core.Jobs.migrations:ensure_jobs_tables:1505 - Ensured Jobs schema at /private/var/folders/sn/m80n2j152t9gw3w8qwk2nykh0000gn/T/pytest-of-macbook-dev/pytest-705/test_postgres_study_pack_canno6/jobs.db
2026-09-17 02:02:15.888 | WARNING  | tldw_Server_API.app.core.DB_Management.db_path_utils:resolve_user_db_base_dir:491 - USER_DB_BASE_DIR not configured in tests, using isolated fallback: /private/var/folders/sn/m80n2j152t9gw3w8qwk2nykh0000gn/T/tldw_user_databases_test/default-2b48a741
2026-09-17 02:02:15.889 | INFO     | tldw_Server_API.app.core.DB_Management.ChaChaNotes_DB:__init__:7657 - Initializing CharactersRAGDB for path: /private/var/folders/sn/m80n2j152t9gw3w8qwk2nykh0000gn/T/pytest-of-macbook-dev/pytest-705/test_postgres_study_pack_canno6/foreign.db [Client ID: 3] (backend=postgresql)
2026-09-17 02:02:16.026 | DEBUG    | tldw_Server_API.app.core.DB_Management.ChaChaNotes_DB:__init__:7664 - CharactersRAGDB initialization completed successfully for /private/var/folders/sn/m80n2j152t9gw3w8qwk2nykh0000gn/T/pytest-of-macbook-dev/pytest-705/test_postgres_study_pack_canno6/foreign.db
----------------------------- Captured stderr call -----------------------------
2026-09-17 02:02:16.027 | DEBUG    | tldw_Server_API.app.core.DB_Management.ChaChaNotes_DB:_get_connection_for_state:8036 - Acquired backend connection (postgresql) for thread 8346099072
2026-09-17 02:02:16.029 | INFO     | tldw_Server_API.app.core.DB_Management.chacha.note_store:_execute:126 - Added note 'Private pack source' with ID: 23153416-fad4-4615-921c-fb613ec63db9.
2026-09-17 02:02:16.033 | DEBUG    | tldw_Server_API.app.core.DB_Management.ChaChaNotes_DB:execute_many:8456 - Executing Many on backend postgresql: INSERT INTO study_pack_cards(study_pack_id, flashcard_uuid, created_at, last_modified, deleted, client_id, version) VALUES(?, ?, ?, ?, ?, ?, ?) ON CON... with 1 sets.
2026-09-17 02:02:16.034 | DEBUG    | tldw_Server_API.app.core.DB_Management.ChaChaNotes_DB:execute_many:8456 - Executing Many on backend postgresql:
                    INSERT INTO flashcard_citations(
                        flashcard_uuid, source_type, source_id, citation_text, locator, ordinal,... with 1 sets.
2026-09-17 02:02:16.037 | DEBUG    | tldw_Server_API.app.core.DB_Management.ChaChaNotes_DB:_get_connection_for_state:8036 - Acquired backend connection (postgresql) for thread 8346099072
2026-09-17 02:02:16.038 | INFO     | tldw_Server_API.app.core.DB_Management.chacha.note_store:_execute:126 - Added note 'Private pack source' with ID: cb9275f2-36fa-400b-9626-146d2ee96a01.
2026-09-17 02:02:16.041 | DEBUG    | tldw_Server_API.app.core.DB_Management.ChaChaNotes_DB:execute_many:8456 - Executing Many on backend postgresql:
                    INSERT INTO flashcard_citations(
                        flashcard_uuid, source_type, source_id, citation_text, locator, ordinal,... with 1 sets.
2026-09-17 02:02:16.042 | DEBUG    | tldw_Server_API.app.core.DB_Management.ChaChaNotes_DB:_get_connection_for_state:8036 - Acquired backend connection (postgresql) for thread 8346099072
--------------------------- Captured stderr teardown ---------------------------
2026-09-17 02:02:16.063 | INFO     | tldw_Server_API.app.api.v1.API_Deps.ChaCha_Notes_DB_Deps:close_all_chacha_db_instances:876 - Closing all cached ChaChaNotesDB instances (0)...
2026-09-17 02:02:16.063 | INFO     | tldw_Server_API.app.api.v1.API_Deps.ChaCha_Notes_DB_Deps:close_all_chacha_db_instances:892 - All ChaChaNotesDB instances closed and cache cleared.
2026-09-17 02:02:16.063 | INFO     | tldw_Server_API.app.api.v1.API_Deps.ChaCha_Notes_DB_Deps:close_all_chacha_db_instances:876 - Closing all cached ChaChaNotesDB instances (0)...
2026-09-17 02:02:16.063 | INFO     | tldw_Server_API.app.api.v1.API_Deps.ChaCha_Notes_DB_Deps:close_all_chacha_db_instances:892 - All ChaChaNotesDB instances closed and cache cleared.
_ test_membership_denial_preserves_prior_caller_work_and_rolls_back_all_writes[sqlite] _
tldw_Server_API/tests/StudyPacks/test_study_pack_owner_contract.py:292: in test_membership_denial_preserves_prior_caller_work_and_rolls_back_all_writes
    assert db.list_study_pack_cards(ids["pack"]) == []
E   AssertionError: assert [{'client_id'...ted': 0, ...}] == []
E
E     Left contains one more item: {'client_id': '2', 'created_at': '2026-09-17T09:02:17.264Z', 'deck_id': 1, 'deleted': 0, ...}
E     Use -v to get more diff

During handling of the above exception, another exception occurred:
tldw_Server_API/tests/StudyPacks/test_study_pack_owner_contract.py:287: in test_membership_denial_preserves_prior_caller_work_and_rolls_back_all_writes
    with db.transaction():
tldw_Server_API/app/core/DB_Management/ChaChaNotes_DB.py:45162: in __exit__
    logger.error(
.venv/lib/python3.11/site-packages/loguru/_logger.py:2090: in error
    __self._log("ERROR", False, __self._options, __message, args, kwargs)
.venv/lib/python3.11/site-packages/loguru/_logger.py:2055: in _log
    log_record["message"] = message.format(*args, **kwargs)
                            ^^^^^^^^^^^^^^^^^^^^^^^^^^^^^^^
E   KeyError: "'client_id'"
---------------------------- Captured stderr setup -----------------------------
2026-09-17 02:02:16.064 | INFO     | tldw_Server_API.app.core.config:_buffered_log:210 - Determined ACTUAL_PROJECT_ROOT for database paths: /Users/macbook-dev/Documents/GitHub/tldw_server2
2026-09-17 02:02:16.065 | INFO     | tldw_Server_API.app.core.config:_buffered_log:210 - Early loading environment variables from: /Users/macbook-dev/Documents/GitHub/tldw_server2/tldw_Server_API/Config_Files/.env
2026-09-17 02:02:16.069 | INFO     | tldw_Server_API.app.core.config:_buffered_log:210 - Early loading environment variables from: /Users/macbook-dev/Documents/GitHub/tldw_server2/tldw_Server_API/Config_Files/.ENV
2026-09-17 02:02:16.073 | DEBUG    | tldw_Server_API.app.core.config:_buffered_log:210 - load_and_log_configs(): Loading and logging configurations...
2026-09-17 02:02:16.074 | INFO     | tldw_Server_API.app.core.config:_buffered_log:210 - Loading environment variables from: /Users/macbook-dev/Documents/GitHub/tldw_server2/tldw_Server_API/Config_Files/.env
2026-09-17 02:02:16.080 | INFO     | tldw_Server_API.app.core.config:_buffered_log:210 - Loading environment variables from: /Users/macbook-dev/Documents/GitHub/tldw_server2/tldw_Server_API/Config_Files/.ENV
2026-09-17 02:02:16.087 | INFO     | tldw_Server_API.app.core.config:_buffered_log:210 - Attempting to load comprehensive config from: /Users/macbook-dev/Documents/GitHub/tldw_server2/tldw_Server_API/Config_Files/config.txt
2026-09-17 02:02:16.088 | INFO     | tldw_Server_API.app.core.config:_buffered_log:210 - load_comprehensive_config(): Sections found in config: ['Setup', 'UI', 'Server', 'Files', 'Image-Generation', 'ACP', 'WORKSPACES', 'ACP-WORKSPACE', 'ACP-SANDBOX', 'Audit', 'Processing', 'Media-Processing', 'Chat-Dictionaries', 'Chat-Module', 'Chat-Commands', 'Chat-Templating', 'Character-Chat', 'Settings', 'Auto-Save', 'Prompts', 'Database', 'Chunking', 'Visual-RAG', 'AuthNZ', 'Streaming', 'HTTP', 'Egress', 'Embeddings', 'Claims', 'ClaimsMonitoring', 'RAG', 'Search-Agent', 'ResourceGovernor', 'Jobs', 'SlidesStandaloneHtml', 'Diarization', 'API', 'MLX', 'Local-API', 'LlamaCpp', 'STT-Settings', 'external_providers', 'TTS-Settings', 'VibeVoice', 'Audio-Quota', 'API-Routes', 'Search-Engines', 'Web-Scraper', 'Logging', 'Moderation', 'Redis', 'Web-Scraping', 'personalization', 'persona', 'persona.rbac']
2026-09-17 02:02:16.091 | INFO     | tldw_Server_API.app.core.config:_buffered_log:210 - Ensured main SQLite database directory exists: /Users/macbook-dev/Documents/GitHub/tldw_server2/Databases
2026-09-17 02:02:16.091 | INFO     | tldw_Server_API.app.core.config:_buffered_log:210 - Ensured user data base directory exists: Databases/user_databases
2026-09-17 02:02:16.092 | WARNING  | tldw_Server_API.app.core.DB_Management.db_path_utils:resolve_user_db_base_dir:491 - USER_DB_BASE_DIR not configured in tests, using isolated fallback: /private/var/folders/sn/m80n2j152t9gw3w8qwk2nykh0000gn/T/tldw_user_databases_test/default-2b48a741
2026-09-17 02:02:16.092 | WARNING  | tldw_Server_API.app.core.DB_Management.db_path_utils:resolve_user_db_base_dir:491 - USER_DB_BASE_DIR not configured in tests, using isolated fallback: /private/var/folders/sn/m80n2j152t9gw3w8qwk2nykh0000gn/T/tldw_user_databases_test/default-2b48a741
2026-09-17 02:02:16.092 | INFO     | tldw_Server_API.app.core.DB_Management.ChaChaNotes_DB:__init__:7657 - Initializing CharactersRAGDB for path: /private/var/folders/sn/m80n2j152t9gw3w8qwk2nykh0000gn/T/pytest-of-macbook-dev/pytest-705/test_membership_denial_preserv0/packs.db [Client ID: 2] (backend=sqlite)
2026-09-17 02:02:16.093 | DEBUG    | tldw_Server_API.app.core.DB_Management.ChaChaNotes_DB:_get_connection_for_state:8015 - Opened/Reopened SQLite connection to /private/var/folders/sn/m80n2j152t9gw3w8qwk2nykh0000gn/T/pytest-of-macbook-dev/pytest-705/test_membership_denial_preserv0/packs.db for thread 8346099072
2026-09-17 02:02:16.093 | DEBUG    | tldw_Server_API.app.core.DB_Management.ChaChaNotes_DB:__enter__:45145 - Transaction started (outermost) on thread 8346099072.
2026-09-17 02:02:16.093 | INFO     | tldw_Server_API.app.core.DB_Management.ChaChaNotes_DB:_initialize_schema_sqlite:20341 - Checking DB schema 'rag_char_chat_schema'. Current version: 0. Code supports: 67
2026-09-17 02:02:16.093 | INFO     | tldw_Server_API.app.core.DB_Management.ChaChaNotes_DB:_apply_schema_v4:8715 - Applying schema Version 4 for 'rag_char_chat_schema' to DB: /private/var/folders/sn/m80n2j152t9gw3w8qwk2nykh0000gn/T/pytest-of-macbook-dev/pytest-705/test_membership_denial_preserv0/packs.db...
2026-09-17 02:02:16.099 | DEBUG    | tldw_Server_API.app.core.DB_Management.ChaChaNotes_DB:_apply_schema_v4:8719 - [rag_char_chat_schema V4] Full schema script executed.
2026-09-17 02:02:16.099 | INFO     | tldw_Server_API.app.core.DB_Management.ChaChaNotes_DB:_apply_schema_v4:8725 - [rag_char_chat_schema V4] Schema 4 applied and version confirmed for DB: /private/var/folders/sn/m80n2j152t9gw3w8qwk2nykh0000gn/T/pytest-of-macbook-dev/pytest-705/test_membership_denial_preserv0/packs.db.
2026-09-17 02:02:16.099 | INFO     | tldw_Server_API.app.core.DB_Management.ChaChaNotes_DB:_migrate_from_v4_to_v5:8772 - Migrating 'rag_char_chat_schema' schema from V4 to V5 for DB: /private/var/folders/sn/m80n2j152t9gw3w8qwk2nykh0000gn/T/pytest-of-macbook-dev/pytest-705/test_membership_denial_preserv0/packs.db...
2026-09-17 02:02:16.102 | INFO     | tldw_Server_API.app.core.DB_Management.ChaChaNotes_DB:_migrate_from_v4_to_v5:8779 - [rag_char_chat_schema] Migration to V5 completed.
2026-09-17 02:02:16.102 | INFO     | tldw_Server_API.app.core.DB_Management.ChaChaNotes_DB:_migrate_from_v5_to_v6:8793 - Migrating 'rag_char_chat_schema' schema from V5 to V6 for DB: /private/var/folders/sn/m80n2j152t9gw3w8qwk2nykh0000gn/T/pytest-of-macbook-dev/pytest-705/test_membership_denial_preserv0/packs.db...
2026-09-17 02:02:16.104 | INFO     | tldw_Server_API.app.core.DB_Management.ChaChaNotes_DB:_migrate_from_v5_to_v6:8800 - [rag_char_chat_schema] Migration to V6 completed.
2026-09-17 02:02:16.104 | INFO     | tldw_Server_API.app.core.DB_Management.ChaChaNotes_DB:_migrate_from_v6_to_v7:8812 - Migrating 'rag_char_chat_schema' schema from V6 to V7 for DB: /private/var/folders/sn/m80n2j152t9gw3w8qwk2nykh0000gn/T/pytest-of-macbook-dev/pytest-705/test_membership_denial_preserv0/packs.db...
2026-09-17 02:02:16.105 | INFO     | tldw_Server_API.app.core.DB_Management.ChaChaNotes_DB:_migrate_from_v6_to_v7:8819 - [rag_char_chat_schema] Migration to V7 completed.
2026-09-17 02:02:16.106 | INFO     | tldw_Server_API.app.core.DB_Management.ChaChaNotes_DB:_migrate_from_v7_to_v8:8831 - Migrating 'rag_char_chat_schema' schema from V7 to V8 for DB: /private/var/folders/sn/m80n2j152t9gw3w8qwk2nykh0000gn/T/pytest-of-macbook-dev/pytest-705/test_membership_denial_preserv0/packs.db...
2026-09-17 02:02:16.106 | INFO     | tldw_Server_API.app.core.DB_Management.ChaChaNotes_DB:_migrate_from_v7_to_v8:8838 - [rag_char_chat_schema] Migration to V8 completed.
2026-09-17 02:02:16.106 | INFO     | tldw_Server_API.app.core.DB_Management.ChaChaNotes_DB:_migrate_from_v8_to_v9:8850 - Migrating 'rag_char_chat_schema' schema from V8 to V9 for DB: /private/var/folders/sn/m80n2j152t9gw3w8qwk2nykh0000gn/T/pytest-of-macbook-dev/pytest-705/test_membership_denial_preserv0/packs.db...
2026-09-17 02:02:16.106 | INFO     | tldw_Server_API.app.core.DB_Management.ChaChaNotes_DB:_migrate_from_v8_to_v9:8857 - [rag_char_chat_schema] Migration to V9 completed.
2026-09-17 02:02:16.106 | INFO     | tldw_Server_API.app.core.DB_Management.ChaChaNotes_DB:_migrate_from_v9_to_v10:8869 - Migrating 'rag_char_chat_schema' schema from V9 to V10 for DB: /private/var/folders/sn/m80n2j152t9gw3w8qwk2nykh0000gn/T/pytest-of-macbook-dev/pytest-705/test_membership_denial_preserv0/packs.db...
2026-09-17 02:02:16.115 | INFO     | tldw_Server_API.app.core.DB_Management.ChaChaNotes_DB:_migrate_from_v9_to_v10:8877 - [rag_char_chat_schema] Migration to V10 completed.
2026-09-17 02:02:16.115 | INFO     | tldw_Server_API.app.core.DB_Management.ChaChaNotes_DB:_migrate_from_v10_to_v11:8889 - Migrating 'rag_char_chat_schema' schema from V10 to V11 for DB: /private/var/folders/sn/m80n2j152t9gw3w8qwk2nykh0000gn/T/pytest-of-macbook-dev/pytest-705/test_membership_denial_preserv0/packs.db...
2026-09-17 02:02:16.120 | INFO     | tldw_Server_API.app.core.DB_Management.ChaChaNotes_DB:_migrate_from_v10_to_v11:8908 - [rag_char_chat_schema] Migration to V11 completed.
2026-09-17 02:02:16.121 | INFO     | tldw_Server_API.app.core.DB_Management.ChaChaNotes_DB:_migrate_from_v11_to_v12:8920 - Migrating 'rag_char_chat_schema' schema from V11 to V12 for DB: /private/var/folders/sn/m80n2j152t9gw3w8qwk2nykh0000gn/T/pytest-of-macbook-dev/pytest-705/test_membership_denial_preserv0/packs.db...
2026-09-17 02:02:16.122 | INFO     | tldw_Server_API.app.core.DB_Management.ChaChaNotes_DB:_migrate_from_v11_to_v12:8928 - [rag_char_chat_schema] Migration to V12 completed.
2026-09-17 02:02:16.122 | INFO     | tldw_Server_API.app.core.DB_Management.ChaChaNotes_DB:_migrate_from_v12_to_v13:8940 - Migrating 'rag_char_chat_schema' schema from V12 to V13 for DB: /private/var/folders/sn/m80n2j152t9gw3w8qwk2nykh0000gn/T/pytest-of-macbook-dev/pytest-705/test_membership_denial_preserv0/packs.db...
2026-09-17 02:02:16.122 | INFO     | tldw_Server_API.app.core.DB_Management.ChaChaNotes_DB:_migrate_from_v12_to_v13:8948 - [rag_char_chat_schema] Migration to V13 completed.
2026-09-17 02:02:16.122 | INFO     | tldw_Server_API.app.core.DB_Management.ChaChaNotes_DB:_migrate_from_v13_to_v14:8960 - Migrating 'rag_char_chat_schema' schema from V13 to V14 for DB: /private/var/folders/sn/m80n2j152t9gw3w8qwk2nykh0000gn/T/pytest-of-macbook-dev/pytest-705/test_membership_denial_preserv0/packs.db...
2026-09-17 02:02:16.128 | INFO     | tldw_Server_API.app.core.DB_Management.ChaChaNotes_DB:_migrate_from_v13_to_v14:9026 - [rag_char_chat_schema] Migration to V14 completed.
2026-09-17 02:02:16.128 | INFO     | tldw_Server_API.app.core.DB_Management.ChaChaNotes_DB:_migrate_from_v14_to_v15:9038 - Migrating 'rag_char_chat_schema' schema from V14 to V15 for DB: /private/var/folders/sn/m80n2j152t9gw3w8qwk2nykh0000gn/T/pytest-of-macbook-dev/pytest-705/test_membership_denial_preserv0/packs.db...
2026-09-17 02:02:16.130 | INFO     | tldw_Server_API.app.core.DB_Management.ChaChaNotes_DB:_migrate_from_v14_to_v15:9046 - [rag_char_chat_schema] Migration to V15 completed.
2026-09-17 02:02:16.130 | INFO     | tldw_Server_API.app.core.DB_Management.ChaChaNotes_DB:_migrate_from_v15_to_v16:9058 - Migrating 'rag_char_chat_schema' schema from V15 to V16 for DB: /private/var/folders/sn/m80n2j152t9gw3w8qwk2nykh0000gn/T/pytest-of-macbook-dev/pytest-705/test_membership_denial_preserv0/packs.db...
2026-09-17 02:02:16.131 | INFO     | tldw_Server_API.app.core.DB_Management.ChaChaNotes_DB:_migrate_from_v15_to_v16:9066 - [rag_char_chat_schema] Migration to V16 completed.
2026-09-17 02:02:16.131 | INFO     | tldw_Server_API.app.core.DB_Management.ChaChaNotes_DB:_migrate_from_v16_to_v17:9078 - Migrating 'rag_char_chat_schema' schema from V16 to V17 for DB: /private/var/folders/sn/m80n2j152t9gw3w8qwk2nykh0000gn/T/pytest-of-macbook-dev/pytest-705/test_membership_denial_preserv0/packs.db...
2026-09-17 02:02:16.131 | INFO     | tldw_Server_API.app.core.DB_Management.ChaChaNotes_DB:_migrate_from_v16_to_v17:9105 - [rag_char_chat_schema] Migration to V17 completed.
2026-09-17 02:02:16.131 | INFO     | tldw_Server_API.app.core.DB_Management.ChaChaNotes_DB:_migrate_from_v17_to_v18:9117 - Migrating 'rag_char_chat_schema' schema from V17 to V18 for DB: /private/var/folders/sn/m80n2j152t9gw3w8qwk2nykh0000gn/T/pytest-of-macbook-dev/pytest-705/test_membership_denial_preserv0/packs.db...
2026-09-17 02:02:16.131 | INFO     | tldw_Server_API.app.core.DB_Management.ChaChaNotes_DB:_migrate_from_v17_to_v18:9125 - [rag_char_chat_schema] Migration to V18 completed.
2026-09-17 02:02:16.132 | INFO     | tldw_Server_API.app.core.DB_Management.ChaChaNotes_DB:_migrate_from_v18_to_v19:9137 - Migrating 'rag_char_chat_schema' schema from V18 to V19 for DB: /private/var/folders/sn/m80n2j152t9gw3w8qwk2nykh0000gn/T/pytest-of-macbook-dev/pytest-705/test_membership_denial_preserv0/packs.db...
2026-09-17 02:02:16.132 | INFO     | tldw_Server_API.app.core.DB_Management.ChaChaNotes_DB:_migrate_from_v18_to_v19:9145 - [rag_char_chat_schema] Migration to V19 completed.
2026-09-17 02:02:16.132 | INFO     | tldw_Server_API.app.core.DB_Management.ChaChaNotes_DB:_migrate_from_v19_to_v20:9157 - Migrating 'rag_char_chat_schema' schema from V19 to V20 for DB: /private/var/folders/sn/m80n2j152t9gw3w8qwk2nykh0000gn/T/pytest-of-macbook-dev/pytest-705/test_membership_denial_preserv0/packs.db...
2026-09-17 02:02:16.132 | INFO     | tldw_Server_API.app.core.DB_Management.ChaChaNotes_DB:_migrate_from_v19_to_v20:9165 - [rag_char_chat_schema] Migration to V20 completed.
2026-09-17 02:02:16.132 | INFO     | tldw_Server_API.app.core.DB_Management.ChaChaNotes_DB:_migrate_from_v20_to_v21:9177 - Migrating 'rag_char_chat_schema' schema from V20 to V21 for DB: /private/var/folders/sn/m80n2j152t9gw3w8qwk2nykh0000gn/T/pytest-of-macbook-dev/pytest-705/test_membership_denial_preserv0/packs.db...
2026-09-17 02:02:16.132 | INFO     | tldw_Server_API.app.core.DB_Management.ChaChaNotes_DB:_migrate_from_v20_to_v21:9185 - [rag_char_chat_schema] Migration to V21 completed.
2026-09-17 02:02:16.132 | INFO     | tldw_Server_API.app.core.DB_Management.ChaChaNotes_DB:_migrate_from_v21_to_v22:9197 - Migrating 'rag_char_chat_schema' schema from V21 to V22 for DB: /private/var/folders/sn/m80n2j152t9gw3w8qwk2nykh0000gn/T/pytest-of-macbook-dev/pytest-705/test_membership_denial_preserv0/packs.db...
2026-09-17 02:02:16.133 | INFO     | tldw_Server_API.app.core.DB_Management.ChaChaNotes_DB:_migrate_from_v21_to_v22:9205 - [rag_char_chat_schema] Migration to V22 completed.
2026-09-17 02:02:16.133 | INFO     | tldw_Server_API.app.core.DB_Management.ChaChaNotes_DB:_migrate_from_v22_to_v23:9217 - Migrating 'rag_char_chat_schema' schema from V22 to V23 for DB: /private/var/folders/sn/m80n2j152t9gw3w8qwk2nykh0000gn/T/pytest-of-macbook-dev/pytest-705/test_membership_denial_preserv0/packs.db...
2026-09-17 02:02:16.141 | INFO     | tldw_Server_API.app.core.DB_Management.ChaChaNotes_DB:_migrate_from_v22_to_v23:9225 - [rag_char_chat_schema] Migration to V23 completed.
2026-09-17 02:02:16.141 | INFO     | tldw_Server_API.app.core.DB_Management.ChaChaNotes_DB:_migrate_from_v23_to_v24:9237 - Migrating 'rag_char_chat_schema' schema from V23 to V24 for DB: /private/var/folders/sn/m80n2j152t9gw3w8qwk2nykh0000gn/T/pytest-of-macbook-dev/pytest-705/test_membership_denial_preserv0/packs.db...
2026-09-17 02:02:16.148 | INFO     | tldw_Server_API.app.core.DB_Management.ChaChaNotes_DB:_migrate_from_v23_to_v24:9245 - [rag_char_chat_schema] Migration to V24 completed.
2026-09-17 02:02:16.148 | INFO     | tldw_Server_API.app.core.DB_Management.ChaChaNotes_DB:_migrate_from_v24_to_v25:9257 - Migrating 'rag_char_chat_schema' schema from V24 to V25 for DB: /private/var/folders/sn/m80n2j152t9gw3w8qwk2nykh0000gn/T/pytest-of-macbook-dev/pytest-705/test_membership_denial_preserv0/packs.db...
2026-09-17 02:02:16.153 | INFO     | tldw_Server_API.app.core.DB_Management.ChaChaNotes_DB:_migrate_from_v24_to_v25:9283 - [rag_char_chat_schema] Migration to V25 completed.
2026-09-17 02:02:16.153 | INFO     | tldw_Server_API.app.core.DB_Management.ChaChaNotes_DB:_migrate_from_v25_to_v26:9295 - Migrating 'rag_char_chat_schema' schema from V25 to V26 for DB: /private/var/folders/sn/m80n2j152t9gw3w8qwk2nykh0000gn/T/pytest-of-macbook-dev/pytest-705/test_membership_denial_preserv0/packs.db...
2026-09-17 02:02:16.157 | INFO     | tldw_Server_API.app.core.DB_Management.ChaChaNotes_DB:_migrate_from_v25_to_v26:9303 - [rag_char_chat_schema] Migration to V26 completed.
2026-09-17 02:02:16.158 | INFO     | tldw_Server_API.app.core.DB_Management.ChaChaNotes_DB:_migrate_from_v26_to_v27:9315 - Migrating 'rag_char_chat_schema' schema from V26 to V27 for DB: /private/var/folders/sn/m80n2j152t9gw3w8qwk2nykh0000gn/T/pytest-of-macbook-dev/pytest-705/test_membership_denial_preserv0/packs.db...
2026-09-17 02:02:16.163 | INFO     | tldw_Server_API.app.core.DB_Management.ChaChaNotes_DB:_migrate_from_v26_to_v27:9343 - [rag_char_chat_schema] Migration to V27 completed.
2026-09-17 02:02:16.163 | INFO     | tldw_Server_API.app.core.DB_Management.ChaChaNotes_DB:_migrate_from_v27_to_v28:9355 - Migrating 'rag_char_chat_schema' schema from V27 to V28 for DB: /private/var/folders/sn/m80n2j152t9gw3w8qwk2nykh0000gn/T/pytest-of-macbook-dev/pytest-705/test_membership_denial_preserv0/packs.db...
2026-09-17 02:02:16.166 | INFO     | tldw_Server_API.app.core.DB_Management.ChaChaNotes_DB:_migrate_from_v27_to_v28:9376 - [rag_char_chat_schema] Migration to V28 completed.
2026-09-17 02:02:16.166 | INFO     | tldw_Server_API.app.core.DB_Management.ChaChaNotes_DB:_migrate_from_v28_to_v29:9388 - Migrating 'rag_char_chat_schema' schema from V28 to V29 for DB: /private/var/folders/sn/m80n2j152t9gw3w8qwk2nykh0000gn/T/pytest-of-macbook-dev/pytest-705/test_membership_denial_preserv0/packs.db...
2026-09-17 02:02:16.166 | INFO     | tldw_Server_API.app.core.DB_Management.ChaChaNotes_DB:_migrate_from_v28_to_v29:9396 - [rag_char_chat_schema] Migration to V29 completed.
2026-09-17 02:02:16.166 | INFO     | tldw_Server_API.app.core.DB_Management.ChaChaNotes_DB:_migrate_from_v29_to_v30:9408 - Migrating 'rag_char_chat_schema' schema from V29 to V30 for DB: /private/var/folders/sn/m80n2j152t9gw3w8qwk2nykh0000gn/T/pytest-of-macbook-dev/pytest-705/test_membership_denial_preserv0/packs.db...
2026-09-17 02:02:16.169 | INFO     | tldw_Server_API.app.core.DB_Management.ChaChaNotes_DB:_migrate_from_v29_to_v30:9426 - [rag_char_chat_schema] Migration to V30 completed.
2026-09-17 02:02:16.169 | INFO     | tldw_Server_API.app.core.DB_Management.ChaChaNotes_DB:_migrate_from_v30_to_v31:9438 - Migrating 'rag_char_chat_schema' schema from V30 to V31 for DB: /private/var/folders/sn/m80n2j152t9gw3w8qwk2nykh0000gn/T/pytest-of-macbook-dev/pytest-705/test_membership_denial_preserv0/packs.db...
2026-09-17 02:02:16.175 | INFO     | tldw_Server_API.app.core.DB_Management.ChaChaNotes_DB:_migrate_from_v30_to_v31:9460 - [rag_char_chat_schema] Migration to V31 completed.
2026-09-17 02:02:16.175 | INFO     | tldw_Server_API.app.core.DB_Management.ChaChaNotes_DB:_migrate_from_v31_to_v32:9472 - Migrating 'rag_char_chat_schema' schema from V31 to V32 for DB: /private/var/folders/sn/m80n2j152t9gw3w8qwk2nykh0000gn/T/pytest-of-macbook-dev/pytest-705/test_membership_denial_preserv0/packs.db...
2026-09-17 02:02:16.181 | INFO     | tldw_Server_API.app.core.DB_Management.ChaChaNotes_DB:_migrate_from_v31_to_v32:9516 - [rag_char_chat_schema] Migration to V32 completed.
2026-09-17 02:02:16.181 | INFO     | tldw_Server_API.app.core.DB_Management.ChaChaNotes_DB:_migrate_from_v32_to_v33:9528 - Migrating 'rag_char_chat_schema' schema from V32 to V33 for DB: /private/var/folders/sn/m80n2j152t9gw3w8qwk2nykh0000gn/T/pytest-of-macbook-dev/pytest-705/test_membership_denial_preserv0/packs.db...
2026-09-17 02:02:16.182 | INFO     | tldw_Server_API.app.core.DB_Management.ChaChaNotes_DB:_migrate_from_v32_to_v33:9536 - [rag_char_chat_schema] Migration to V33 completed.
2026-09-17 02:02:16.182 | INFO     | tldw_Server_API.app.core.DB_Management.ChaChaNotes_DB:_migrate_from_v33_to_v34:9548 - Migrating 'rag_char_chat_schema' schema from V33 to V34 for DB: /private/var/folders/sn/m80n2j152t9gw3w8qwk2nykh0000gn/T/pytest-of-macbook-dev/pytest-705/test_membership_denial_preserv0/packs.db...
2026-09-17 02:02:16.184 | INFO     | tldw_Server_API.app.core.DB_Management.ChaChaNotes_DB:_migrate_from_v33_to_v34:9568 - [rag_char_chat_schema] Migration to V34 completed.
2026-09-17 02:02:16.184 | INFO     | tldw_Server_API.app.core.DB_Management.ChaChaNotes_DB:_migrate_from_v34_to_v35:9580 - Migrating 'rag_char_chat_schema' schema from V34 to V35 for DB: /private/var/folders/sn/m80n2j152t9gw3w8qwk2nykh0000gn/T/pytest-of-macbook-dev/pytest-705/test_membership_denial_preserv0/packs.db...
2026-09-17 02:02:16.186 | INFO     | tldw_Server_API.app.core.DB_Management.ChaChaNotes_DB:_migrate_from_v34_to_v35:9600 - [rag_char_chat_schema] Migration to V35 completed.
2026-09-17 02:02:16.186 | INFO     | tldw_Server_API.app.core.DB_Management.ChaChaNotes_DB:_migrate_from_v35_to_v36:9612 - Migrating 'rag_char_chat_schema' schema from V35 to V36 for DB: /private/var/folders/sn/m80n2j152t9gw3w8qwk2nykh0000gn/T/pytest-of-macbook-dev/pytest-705/test_membership_denial_preserv0/packs.db...
2026-09-17 02:02:16.190 | INFO     | tldw_Server_API.app.core.DB_Management.ChaChaNotes_DB:_migrate_from_v35_to_v36:9663 - [rag_char_chat_schema] Migration to V36 completed.
2026-09-17 02:02:16.190 | INFO     | tldw_Server_API.app.core.DB_Management.ChaChaNotes_DB:_migrate_from_v36_to_v37:9675 - Migrating 'rag_char_chat_schema' schema from V36 to V37 for DB: /private/var/folders/sn/m80n2j152t9gw3w8qwk2nykh0000gn/T/pytest-of-macbook-dev/pytest-705/test_membership_denial_preserv0/packs.db...
2026-09-17 02:02:16.243 | INFO     | tldw_Server_API.app.core.DB_Management.ChaChaNotes_DB:_migrate_from_v36_to_v37:9686 - [rag_char_chat_schema] Migration to V37 completed.
2026-09-17 02:02:16.243 | INFO     | tldw_Server_API.app.core.DB_Management.ChaChaNotes_DB:_migrate_from_v37_to_v38:9698 - Migrating 'rag_char_chat_schema' schema from V37 to V38 for DB: /private/var/folders/sn/m80n2j152t9gw3w8qwk2nykh0000gn/T/pytest-of-macbook-dev/pytest-705/test_membership_denial_preserv0/packs.db...
2026-09-17 02:02:16.244 | INFO     | tldw_Server_API.app.core.DB_Management.ChaChaNotes_DB:_migrate_from_v37_to_v38:9707 - [rag_char_chat_schema] Migration to V38 completed.
2026-09-17 02:02:16.244 | INFO     | tldw_Server_API.app.core.DB_Management.ChaChaNotes_DB:_migrate_from_v38_to_v39:9719 - Migrating 'rag_char_chat_schema' schema from V38 to V39 for DB: /private/var/folders/sn/m80n2j152t9gw3w8qwk2nykh0000gn/T/pytest-of-macbook-dev/pytest-705/test_membership_denial_preserv0/packs.db...
2026-09-17 02:02:16.246 | INFO     | tldw_Server_API.app.core.DB_Management.ChaChaNotes_DB:_migrate_from_v38_to_v39:9728 - [rag_char_chat_schema] Migration to V39 completed.
2026-09-17 02:02:16.246 | INFO     | tldw_Server_API.app.core.DB_Management.ChaChaNotes_DB:_migrate_from_v39_to_v40:9740 - Migrating 'rag_char_chat_schema' schema from V39 to V40 for DB: /private/var/folders/sn/m80n2j152t9gw3w8qwk2nykh0000gn/T/pytest-of-macbook-dev/pytest-705/test_membership_denial_preserv0/packs.db...
2026-09-17 02:02:16.246 | INFO     | tldw_Server_API.app.core.DB_Management.ChaChaNotes_DB:_migrate_from_v39_to_v40:9748 - [rag_char_chat_schema] Migration to V40 completed.
2026-09-17 02:02:16.246 | INFO     | tldw_Server_API.app.core.DB_Management.ChaChaNotes_DB:_migrate_from_v40_to_v41:9760 - Migrating 'rag_char_chat_schema' schema from V40 to V41 for DB: /private/var/folders/sn/m80n2j152t9gw3w8qwk2nykh0000gn/T/pytest-of-macbook-dev/pytest-705/test_membership_denial_preserv0/packs.db...
2026-09-17 02:02:16.250 | INFO     | tldw_Server_API.app.core.DB_Management.ChaChaNotes_DB:_migrate_from_v40_to_v41:9768 - [rag_char_chat_schema] Migration to V41 completed.
2026-09-17 02:02:16.250 | INFO     | tldw_Server_API.app.core.DB_Management.ChaChaNotes_DB:_migrate_from_v41_to_v42:9780 - Migrating 'rag_char_chat_schema' schema from V41 to V42 for DB: /private/var/folders/sn/m80n2j152t9gw3w8qwk2nykh0000gn/T/pytest-of-macbook-dev/pytest-705/test_membership_denial_preserv0/packs.db...
2026-09-17 02:02:16.255 | INFO     | tldw_Server_API.app.core.DB_Management.ChaChaNotes_DB:_migrate_from_v41_to_v42:9788 - [rag_char_chat_schema] Migration to V42 completed.
2026-09-17 02:02:16.255 | INFO     | tldw_Server_API.app.core.DB_Management.ChaChaNotes_DB:_migrate_from_v42_to_v43:9800 - Migrating 'rag_char_chat_schema' schema from V42 to V43 for DB: /private/var/folders/sn/m80n2j152t9gw3w8qwk2nykh0000gn/T/pytest-of-macbook-dev/pytest-705/test_membership_denial_preserv0/packs.db...
2026-09-17 02:02:16.256 | INFO     | tldw_Server_API.app.core.DB_Management.ChaChaNotes_DB:_migrate_from_v42_to_v43:9808 - [rag_char_chat_schema] Migration to V43 completed.
2026-09-17 02:02:16.256 | INFO     | tldw_Server_API.app.core.DB_Management.ChaChaNotes_DB:_migrate_from_v43_to_v44:9820 - Migrating 'rag_char_chat_schema' schema from V43 to V44 for DB: /private/var/folders/sn/m80n2j152t9gw3w8qwk2nykh0000gn/T/pytest-of-macbook-dev/pytest-705/test_membership_denial_preserv0/packs.db...
2026-09-17 02:02:16.256 | INFO     | tldw_Server_API.app.core.DB_Management.ChaChaNotes_DB:_migrate_from_v43_to_v44:9841 - [rag_char_chat_schema] Migration to V44 completed.
2026-09-17 02:02:16.256 | INFO     | tldw_Server_API.app.core.DB_Management.ChaChaNotes_DB:_migrate_from_v44_to_v45:9853 - Migrating 'rag_char_chat_schema' schema from V44 to V45 for DB: /private/var/folders/sn/m80n2j152t9gw3w8qwk2nykh0000gn/T/pytest-of-macbook-dev/pytest-705/test_membership_denial_preserv0/packs.db...
2026-09-17 02:02:16.264 | INFO     | tldw_Server_API.app.core.DB_Management.ChaChaNotes_DB:_migrate_from_v44_to_v45:9862 - [rag_char_chat_schema] Migration to V45 completed.
2026-09-17 02:02:16.264 | INFO     | tldw_Server_API.app.core.DB_Management.ChaChaNotes_DB:_migrate_from_v45_to_v46:9874 - Migrating 'rag_char_chat_schema' schema from V45 to V46 for DB: /private/var/folders/sn/m80n2j152t9gw3w8qwk2nykh0000gn/T/pytest-of-macbook-dev/pytest-705/test_membership_denial_preserv0/packs.db...
2026-09-17 02:02:16.265 | INFO     | tldw_Server_API.app.core.DB_Management.ChaChaNotes_DB:_migrate_from_v45_to_v46:9882 - [rag_char_chat_schema] Migration to V46 completed.
2026-09-17 02:02:16.265 | INFO     | tldw_Server_API.app.core.DB_Management.ChaChaNotes_DB:_migrate_from_v46_to_v47:9894 - Migrating 'rag_char_chat_schema' schema from V46 to V47 for DB: /private/var/folders/sn/m80n2j152t9gw3w8qwk2nykh0000gn/T/pytest-of-macbook-dev/pytest-705/test_membership_denial_preserv0/packs.db...
2026-09-17 02:02:16.269 | INFO     | tldw_Server_API.app.core.DB_Management.ChaChaNotes_DB:_migrate_from_v46_to_v47:9909 - [rag_char_chat_schema] Migration to V47 completed.
2026-09-17 02:02:16.269 | INFO     | tldw_Server_API.app.core.DB_Management.ChaChaNotes_DB:_migrate_from_v47_to_v48:9921 - Migrating 'rag_char_chat_schema' schema from V47 to V48 for DB: /private/var/folders/sn/m80n2j152t9gw3w8qwk2nykh0000gn/T/pytest-of-macbook-dev/pytest-705/test_membership_denial_preserv0/packs.db...
2026-09-17 02:02:16.270 | INFO     | tldw_Server_API.app.core.DB_Management.ChaChaNotes_DB:_migrate_from_v47_to_v48:9929 - [rag_char_chat_schema] Migration to V48 completed.
2026-09-17 02:02:16.270 | INFO     | tldw_Server_API.app.core.DB_Management.ChaChaNotes_DB:_migrate_from_v48_to_v49:9941 - Migrating 'rag_char_chat_schema' schema from V48 to V49 for DB: /private/var/folders/sn/m80n2j152t9gw3w8qwk2nykh0000gn/T/pytest-of-macbook-dev/pytest-705/test_membership_denial_preserv0/packs.db...
2026-09-17 02:02:16.270 | INFO     | tldw_Server_API.app.core.DB_Management.ChaChaNotes_DB:_migrate_from_v48_to_v49:9950 - [rag_char_chat_schema] Migration to V49 completed.
2026-09-17 02:02:16.270 | INFO     | tldw_Server_API.app.core.DB_Management.ChaChaNotes_DB:_migrate_from_v49_to_v50:9962 - Migrating 'rag_char_chat_schema' schema from V49 to V50 for DB: /private/var/folders/sn/m80n2j152t9gw3w8qwk2nykh0000gn/T/pytest-of-macbook-dev/pytest-705/test_membership_denial_preserv0/packs.db...
2026-09-17 02:02:16.271 | INFO     | tldw_Server_API.app.core.DB_Management.ChaChaNotes_DB:_migrate_from_v49_to_v50:9971 - [rag_char_chat_schema] Migration to V50 completed.
2026-09-17 02:02:16.271 | INFO     | tldw_Server_API.app.core.DB_Management.ChaChaNotes_DB:_migrate_from_v50_to_v51:9983 - Migrating 'rag_char_chat_schema' schema from V50 to V51 for DB: /private/var/folders/sn/m80n2j152t9gw3w8qwk2nykh0000gn/T/pytest-of-macbook-dev/pytest-705/test_membership_denial_preserv0/packs.db...
2026-09-17 02:02:16.272 | INFO     | tldw_Server_API.app.core.DB_Management.ChaChaNotes_DB:_migrate_from_v50_to_v51:9999 - [rag_char_chat_schema] Migration to V51 completed.
2026-09-17 02:02:16.272 | INFO     | tldw_Server_API.app.core.DB_Management.ChaChaNotes_DB:_migrate_from_v51_to_v52:10011 - Migrating 'rag_char_chat_schema' schema from V51 to V52 for DB: /private/var/folders/sn/m80n2j152t9gw3w8qwk2nykh0000gn/T/pytest-of-macbook-dev/pytest-705/test_membership_denial_preserv0/packs.db...
2026-09-17 02:02:16.275 | INFO     | tldw_Server_API.app.core.DB_Management.ChaChaNotes_DB:_migrate_from_v51_to_v52:10023 - [rag_char_chat_schema] Migration to V52 completed.
2026-09-17 02:02:16.275 | INFO     | tldw_Server_API.app.core.DB_Management.ChaChaNotes_DB:_migrate_from_v52_to_v53:10037 - Migrating 'rag_char_chat_schema' schema from V52 to V53 for DB: /private/var/folders/sn/m80n2j152t9gw3w8qwk2nykh0000gn/T/pytest-of-macbook-dev/pytest-705/test_membership_denial_preserv0/packs.db...
2026-09-17 02:02:16.283 | INFO     | tldw_Server_API.app.core.DB_Management.ChaChaNotes_DB:_migrate_from_v52_to_v53:10050 - [rag_char_chat_schema] Migration to V53 completed.
2026-09-17 02:02:16.283 | INFO     | tldw_Server_API.app.core.DB_Management.ChaChaNotes_DB:_migrate_from_v53_to_v54:10064 - Migrating 'rag_char_chat_schema' schema from V53 to V54 for DB: /private/var/folders/sn/m80n2j152t9gw3w8qwk2nykh0000gn/T/pytest-of-macbook-dev/pytest-705/test_membership_denial_preserv0/packs.db...
2026-09-17 02:02:16.283 | INFO     | tldw_Server_API.app.core.DB_Management.ChaChaNotes_DB:_migrate_from_v53_to_v54:10076 - [rag_char_chat_schema] Migration to V54 completed.
2026-09-17 02:02:16.284 | INFO     | tldw_Server_API.app.core.DB_Management.ChaChaNotes_DB:_migrate_from_v54_to_v55:10090 - Migrating 'rag_char_chat_schema' schema from V54 to V55 for DB: /private/var/folders/sn/m80n2j152t9gw3w8qwk2nykh0000gn/T/pytest-of-macbook-dev/pytest-705/test_membership_denial_preserv0/packs.db...
2026-09-17 02:02:16.286 | INFO     | tldw_Server_API.app.core.DB_Management.ChaChaNotes_DB:_migrate_from_v54_to_v55:10168 - [rag_char_chat_schema] Migration to V55 completed.
2026-09-17 02:02:16.286 | INFO     | tldw_Server_API.app.core.DB_Management.ChaChaNotes_DB:_migrate_from_v55_to_v56:10272 - Migrating 'rag_char_chat_schema' schema from V55 to V56 for DB: /private/var/folders/sn/m80n2j152t9gw3w8qwk2nykh0000gn/T/pytest-of-macbook-dev/pytest-705/test_membership_denial_preserv0/packs.db...
2026-09-17 02:02:16.554 | INFO     | tldw_Server_API.app.core.DB_Management.ChaChaNotes_DB:_migrate_from_v64_to_v65:17796 - Migrating 'rag_char_chat_schema' schema from V64 to V65 for DB: /private/var/folders/sn/m80n2j152t9gw3w8qwk2nykh0000gn/T/pytest-of-macbook-dev/pytest-705/test_membership_denial_preserv0/packs.db...
2026-09-17 02:02:16.565 | INFO     | tldw_Server_API.app.core.DB_Management.ChaChaNotes_DB:_migrate_from_v64_to_v65:17813 - [rag_char_chat_schema] Migration to V65 completed.
2026-09-17 02:02:16.665 | WARNING  | tldw_Server_API.app.core.DB_Management.ChaChaNotes_DB:_self_heal_character_cards_fts_sqlite:24830 - character_cards_fts out of sync (active=1 indexed=0); rebuilding.
2026-09-17 02:02:16.665 | INFO     | tldw_Server_API.app.core.DB_Management.ChaChaNotes_DB:_initialize_schema_sqlite:21121 - Database schema 'rag_char_chat_schema' successfully initialized/migrated to version 67.
2026-09-17 02:02:16.665 | DEBUG    | tldw_Server_API.app.core.DB_Management.ChaChaNotes_DB:__exit__:45173 - Transaction (outermost) committed successfully on thread 8346099072.
2026-09-17 02:02:16.666 | DEBUG    | tldw_Server_API.app.core.DB_Management.ChaChaNotes_DB:execute_query:8286 - Executing SQL (script=False, backend=sqlite):
                CREATE TABLE IF NOT EXISTS message_metadata(
                  message_id TEXT PRIMARY KEY REFERENCES messages(id) ON DELETE CASCADE,
                  tool_calls_json TEXT,
                  extra_json TEXT,
                  last_modified DATETIME NOT NULL DEFAULT CURRENT_TIMESTAM... Params: None...
2026-09-17 02:02:16.666 | DEBUG    | tldw_Server_API.app.core.DB_Management.ChaChaNotes_DB:execute_query:8313 - Committed directly by execute_query.
2026-09-17 02:02:16.666 | DEBUG    | tldw_Server_API.app.core.DB_Management.ChaChaNotes_DB:execute_query:8286 - Executing SQL (script=False, backend=sqlite):
                CREATE TABLE IF NOT EXISTS persona_live_voice_session_summaries(
                  id INTEGER PRIMARY KEY AUTOINCREMENT,
                  user_id INTEGER NOT NULL,
                  persona_id TEXT NOT NULL,
                  session_id TEXT NOT NULL,
                  created_at D... Params: None...
2026-09-17 02:02:16.666 | DEBUG    | tldw_Server_API.app.core.DB_Management.ChaChaNotes_DB:execute_query:8313 - Committed directly by execute_query.
2026-09-17 02:02:16.666 | DEBUG    | tldw_Server_API.app.core.DB_Management.ChaChaNotes_DB:execute_query:8286 - Executing SQL (script=False, backend=sqlite):
                CREATE INDEX IF NOT EXISTS idx_persona_live_voice_session_summaries_persona_time
                ON persona_live_voice_session_summaries(persona_id, started_at, updated_at)
                ... Params: None...
2026-09-17 02:02:16.666 | DEBUG    | tldw_Server_API.app.core.DB_Management.ChaChaNotes_DB:execute_query:8313 - Committed directly by execute_query.
2026-09-17 02:02:16.666 | DEBUG    | tldw_Server_API.app.core.DB_Management.ChaChaNotes_DB:execute_query:8286 - Executing SQL (script=False, backend=sqlite):
                CREATE TABLE IF NOT EXISTS conversation_settings(
                  conversation_id TEXT PRIMARY KEY REFERENCES conversations(id) ON DELETE CASCADE,
                  settings_json TEXT NOT NULL,
                  settings_version INTEGER NOT NULL DEFAULT 1 CHECK(settings_version >=... Params: None...
2026-09-17 02:02:16.666 | DEBUG    | tldw_Server_API.app.core.DB_Management.ChaChaNotes_DB:execute_query:8313 - Committed directly by execute_query.
2026-09-17 02:02:16.667 | DEBUG    | tldw_Server_API.app.core.DB_Management.ChaChaNotes_DB:__init__:7664 - CharactersRAGDB initialization completed successfully for /private/var/folders/sn/m80n2j152t9gw3w8qwk2nykh0000gn/T/pytest-of-macbook-dev/pytest-705/test_membership_denial_preserv0/packs.db
2026-09-17 02:02:16.670 | INFO     | tldw_Server_API.app.core.Jobs.migrations:ensure_jobs_tables:1505 - Ensured Jobs schema at /private/var/folders/sn/m80n2j152t9gw3w8qwk2nykh0000gn/T/pytest-of-macbook-dev/pytest-705/test_membership_denial_preserv0/jobs.db
2026-09-17 02:02:16.701 | WARNING  | tldw_Server_API.app.core.DB_Management.db_path_utils:resolve_user_db_base_dir:491 - USER_DB_BASE_DIR not configured in tests, using isolated fallback: /private/var/folders/sn/m80n2j152t9gw3w8qwk2nykh0000gn/T/tldw_user_databases_test/default-2b48a741
2026-09-17 02:02:16.702 | WARNING  | tldw_Server_API.app.core.DB_Management.db_path_utils:resolve_user_db_base_dir:491 - USER_DB_BASE_DIR not configured in tests, using isolated fallback: /private/var/folders/sn/m80n2j152t9gw3w8qwk2nykh0000gn/T/tldw_user_databases_test/default-2b48a741
2026-09-17 02:02:16.702 | INFO     | tldw_Server_API.app.core.DB_Management.ChaChaNotes_DB:__init__:7657 - Initializing CharactersRAGDB for path: /private/var/folders/sn/m80n2j152t9gw3w8qwk2nykh0000gn/T/pytest-of-macbook-dev/pytest-705/test_membership_denial_preserv0/foreign.db [Client ID: 3] (backend=sqlite)
2026-09-17 02:02:16.702 | DEBUG    | tldw_Server_API.app.core.DB_Management.ChaChaNotes_DB:_get_connection_for_state:8015 - Opened/Reopened SQLite connection to /private/var/folders/sn/m80n2j152t9gw3w8qwk2nykh0000gn/T/pytest-of-macbook-dev/pytest-705/test_membership_denial_preserv0/foreign.db for thread 8346099072
2026-09-17 02:02:16.702 | DEBUG    | tldw_Server_API.app.core.DB_Management.ChaChaNotes_DB:__enter__:45145 - Transaction started (outermost) on thread 8346099072.
2026-09-17 02:02:16.702 | INFO     | tldw_Server_API.app.core.DB_Management.ChaChaNotes_DB:_initialize_schema_sqlite:20341 - Checking DB schema 'rag_char_chat_schema'. Current version: 0. Code supports: 67
2026-09-17 02:02:16.703 | INFO     | tldw_Server_API.app.core.DB_Management.ChaChaNotes_DB:_apply_schema_v4:8715 - Applying schema Version 4 for 'rag_char_chat_schema' to DB: /private/var/folders/sn/m80n2j152t9gw3w8qwk2nykh0000gn/T/pytest-of-macbook-dev/pytest-705/test_membership_denial_preserv0/foreign.db...
2026-09-17 02:02:16.708 | DEBUG    | tldw_Server_API.app.core.DB_Management.ChaChaNotes_DB:_apply_schema_v4:8719 - [rag_char_chat_schema V4] Full schema script executed.
2026-09-17 02:02:16.708 | INFO     | tldw_Server_API.app.core.DB_Management.ChaChaNotes_DB:_apply_schema_v4:8725 - [rag_char_chat_schema V4] Schema 4 applied and version confirmed for DB: /private/var/folders/sn/m80n2j152t9gw3w8qwk2nykh0000gn/T/pytest-of-macbook-dev/pytest-705/test_membership_denial_preserv0/foreign.db.
2026-09-17 02:02:16.708 | INFO     | tldw_Server_API.app.core.DB_Management.ChaChaNotes_DB:_migrate_from_v4_to_v5:8772 - Migrating 'rag_char_chat_schema' schema from V4 to V5 for DB: /private/var/folders/sn/m80n2j152t9gw3w8qwk2nykh0000gn/T/pytest-of-macbook-dev/pytest-705/test_membership_denial_preserv0/foreign.db...
2026-09-17 02:02:16.712 | INFO     | tldw_Server_API.app.core.DB_Management.ChaChaNotes_DB:_migrate_from_v4_to_v5:8779 - [rag_char_chat_schema] Migration to V5 completed.
2026-09-17 02:02:16.712 | INFO     | tldw_Server_API.app.core.DB_Management.ChaChaNotes_DB:_migrate_from_v5_to_v6:8793 - Migrating 'rag_char_chat_schema' schema from V5 to V6 for DB: /private/var/folders/sn/m80n2j152t9gw3w8qwk2nykh0000gn/T/pytest-of-macbook-dev/pytest-705/test_membership_denial_preserv0/foreign.db...
2026-09-17 02:02:16.714 | INFO     | tldw_Server_API.app.core.DB_Management.ChaChaNotes_DB:_migrate_from_v5_to_v6:8800 - [rag_char_chat_schema] Migration to V6 completed.
2026-09-17 02:02:16.714 | INFO     | tldw_Server_API.app.core.DB_Management.ChaChaNotes_DB:_migrate_from_v6_to_v7:8812 - Migrating 'rag_char_chat_schema' schema from V6 to V7 for DB: /private/var/folders/sn/m80n2j152t9gw3w8qwk2nykh0000gn/T/pytest-of-macbook-dev/pytest-705/test_membership_denial_preserv0/foreign.db...
2026-09-17 02:02:16.715 | INFO     | tldw_Server_API.app.core.DB_Management.ChaChaNotes_DB:_migrate_from_v6_to_v7:8819 - [rag_char_chat_schema] Migration to V7 completed.
2026-09-17 02:02:16.715 | INFO     | tldw_Server_API.app.core.DB_Management.ChaChaNotes_DB:_migrate_from_v7_to_v8:8831 - Migrating 'rag_char_chat_schema' schema from V7 to V8 for DB: /private/var/folders/sn/m80n2j152t9gw3w8qwk2nykh0000gn/T/pytest-of-macbook-dev/pytest-705/test_membership_denial_preserv0/foreign.db...
2026-09-17 02:02:16.715 | INFO     | tldw_Server_API.app.core.DB_Management.ChaChaNotes_DB:_migrate_from_v7_to_v8:8838 - [rag_char_chat_schema] Migration to V8 completed.
2026-09-17 02:02:16.716 | INFO     | tldw_Server_API.app.core.DB_Management.ChaChaNotes_DB:_migrate_from_v8_to_v9:8850 - Migrating 'rag_char_chat_schema' schema from V8 to V9 for DB: /private/var/folders/sn/m80n2j152t9gw3w8qwk2nykh0000gn/T/pytest-of-macbook-dev/pytest-705/test_membership_denial_preserv0/foreign.db...
2026-09-17 02:02:16.716 | INFO     | tldw_Server_API.app.core.DB_Management.ChaChaNotes_DB:_migrate_from_v8_to_v9:8857 - [rag_char_chat_schema] Migration to V9 completed.
2026-09-17 02:02:16.716 | INFO     | tldw_Server_API.app.core.DB_Management.ChaChaNotes_DB:_migrate_from_v9_to_v10:8869 - Migrating 'rag_char_chat_schema' schema from V9 to V10 for DB: /private/var/folders/sn/m80n2j152t9gw3w8qwk2nykh0000gn/T/pytest-of-macbook-dev/pytest-705/test_membership_denial_preserv0/foreign.db...
2026-09-17 02:02:16.724 | INFO     | tldw_Server_API.app.core.DB_Management.ChaChaNotes_DB:_migrate_from_v9_to_v10:8877 - [rag_char_chat_schema] Migration to V10 completed.
2026-09-17 02:02:16.724 | INFO     | tldw_Server_API.app.core.DB_Management.ChaChaNotes_DB:_migrate_from_v10_to_v11:8889 - Migrating 'rag_char_chat_schema' schema from V10 to V11 for DB: /private/var/folders/sn/m80n2j152t9gw3w8qwk2nykh0000gn/T/pytest-of-macbook-dev/pytest-705/test_membership_denial_preserv0/foreign.db...
2026-09-17 02:02:16.730 | INFO     | tldw_Server_API.app.core.DB_Management.ChaChaNotes_DB:_migrate_from_v10_to_v11:8908 - [rag_char_chat_schema] Migration to V11 completed.
2026-09-17 02:02:16.730 | INFO     | tldw_Server_API.app.core.DB_Management.ChaChaNotes_DB:_migrate_from_v11_to_v12:8920 - Migrating 'rag_char_chat_schema' schema from V11 to V12 for DB: /private/var/folders/sn/m80n2j152t9gw3w8qwk2nykh0000gn/T/pytest-of-macbook-dev/pytest-705/test_membership_denial_preserv0/foreign.db...
2026-09-17 02:02:16.731 | INFO     | tldw_Server_API.app.core.DB_Management.ChaChaNotes_DB:_migrate_from_v11_to_v12:8928 - [rag_char_chat_schema] Migration to V12 completed.
2026-09-17 02:02:16.731 | INFO     | tldw_Server_API.app.core.DB_Management.ChaChaNotes_DB:_migrate_from_v12_to_v13:8940 - Migrating 'rag_char_chat_schema' schema from V12 to V13 for DB: /private/var/folders/sn/m80n2j152t9gw3w8qwk2nykh0000gn/T/pytest-of-macbook-dev/pytest-705/test_membership_denial_preserv0/foreign.db...
2026-09-17 02:02:16.731 | INFO     | tldw_Server_API.app.core.DB_Management.ChaChaNotes_DB:_migrate_from_v12_to_v13:8948 - [rag_char_chat_schema] Migration to V13 completed.
2026-09-17 02:02:16.731 | INFO     | tldw_Server_API.app.core.DB_Management.ChaChaNotes_DB:_migrate_from_v13_to_v14:8960 - Migrating 'rag_char_chat_schema' schema from V13 to V14 for DB: /private/var/folders/sn/m80n2j152t9gw3w8qwk2nykh0000gn/T/pytest-of-macbook-dev/pytest-705/test_membership_denial_preserv0/foreign.db...
2026-09-17 02:02:16.738 | INFO     | tldw_Server_API.app.core.DB_Management.ChaChaNotes_DB:_migrate_from_v13_to_v14:9026 - [rag_char_chat_schema] Migration to V14 completed.
2026-09-17 02:02:16.738 | INFO     | tldw_Server_API.app.core.DB_Management.ChaChaNotes_DB:_migrate_from_v14_to_v15:9038 - Migrating 'rag_char_chat_schema' schema from V14 to V15 for DB: /private/var/folders/sn/m80n2j152t9gw3w8qwk2nykh0000gn/T/pytest-of-macbook-dev/pytest-705/test_membership_denial_preserv0/foreign.db...
2026-09-17 02:02:16.739 | INFO     | tldw_Server_API.app.core.DB_Management.ChaChaNotes_DB:_migrate_from_v14_to_v15:9046 - [rag_char_chat_schema] Migration to V15 completed.
2026-09-17 02:02:16.739 | INFO     | tldw_Server_API.app.core.DB_Management.ChaChaNotes_DB:_migrate_from_v15_to_v16:9058 - Migrating 'rag_char_chat_schema' schema from V15 to V16 for DB: /private/var/folders/sn/m80n2j152t9gw3w8qwk2nykh0000gn/T/pytest-of-macbook-dev/pytest-705/test_membership_denial_preserv0/foreign.db...
2026-09-17 02:02:16.740 | INFO     | tldw_Server_API.app.core.DB_Management.ChaChaNotes_DB:_migrate_from_v15_to_v16:9066 - [rag_char_chat_schema] Migration to V16 completed.
2026-09-17 02:02:16.740 | INFO     | tldw_Server_API.app.core.DB_Management.ChaChaNotes_DB:_migrate_from_v16_to_v17:9078 - Migrating 'rag_char_chat_schema' schema from V16 to V17 for DB: /private/var/folders/sn/m80n2j152t9gw3w8qwk2nykh0000gn/T/pytest-of-macbook-dev/pytest-705/test_membership_denial_preserv0/foreign.db...
2026-09-17 02:02:16.740 | INFO     | tldw_Server_API.app.core.DB_Management.ChaChaNotes_DB:_migrate_from_v16_to_v17:9105 - [rag_char_chat_schema] Migration to V17 completed.
2026-09-17 02:02:16.740 | INFO     | tldw_Server_API.app.core.DB_Management.ChaChaNotes_DB:_migrate_from_v17_to_v18:9117 - Migrating 'rag_char_chat_schema' schema from V17 to V18 for DB: /private/var/folders/sn/m80n2j152t9gw3w8qwk2nykh0000gn/T/pytest-of-macbook-dev/pytest-705/test_membership_denial_preserv0/foreign.db...
2026-09-17 02:02:16.741 | INFO     | tldw_Server_API.app.core.DB_Management.ChaChaNotes_DB:_migrate_from_v17_to_v18:9125 - [rag_char_chat_schema] Migration to V18 completed.
2026-09-17 02:02:16.741 | INFO     | tldw_Server_API.app.core.DB_Management.ChaChaNotes_DB:_migrate_from_v18_to_v19:9137 - Migrating 'rag_char_chat_schema' schema from V18 to V19 for DB: /private/var/folders/sn/m80n2j152t9gw3w8qwk2nykh0000gn/T/pytest-of-macbook-dev/pytest-705/test_membership_denial_preserv0/foreign.db...
2026-09-17 02:02:16.741 | INFO     | tldw_Server_API.app.core.DB_Management.ChaChaNotes_DB:_migrate_from_v18_to_v19:9145 - [rag_char_chat_schema] Migration to V19 completed.
2026-09-17 02:02:16.741 | INFO     | tldw_Server_API.app.core.DB_Management.ChaChaNotes_DB:_migrate_from_v19_to_v20:9157 - Migrating 'rag_char_chat_schema' schema from V19 to V20 for DB: /private/var/folders/sn/m80n2j152t9gw3w8qwk2nykh0000gn/T/pytest-of-macbook-dev/pytest-705/test_membership_denial_preserv0/foreign.db...
2026-09-17 02:02:16.741 | INFO     | tldw_Server_API.app.core.DB_Management.ChaChaNotes_DB:_migrate_from_v19_to_v20:9165 - [rag_char_chat_schema] Migration to V20 completed.
2026-09-17 02:02:16.741 | INFO     | tldw_Server_API.app.core.DB_Management.ChaChaNotes_DB:_migrate_from_v20_to_v21:9177 - Migrating 'rag_char_chat_schema' schema from V20 to V21 for DB: /private/var/folders/sn/m80n2j152t9gw3w8qwk2nykh0000gn/T/pytest-of-macbook-dev/pytest-705/test_membership_denial_preserv0/foreign.db...
2026-09-17 02:02:16.742 | INFO     | tldw_Server_API.app.core.DB_Management.ChaChaNotes_DB:_migrate_from_v20_to_v21:9185 - [rag_char_chat_schema] Migration to V21 completed.
2026-09-17 02:02:16.742 | INFO     | tldw_Server_API.app.core.DB_Management.ChaChaNotes_DB:_migrate_from_v21_to_v22:9197 - Migrating 'rag_char_chat_schema' schema from V21 to V22 for DB: /private/var/folders/sn/m80n2j152t9gw3w8qwk2nykh0000gn/T/pytest-of-macbook-dev/pytest-705/test_membership_denial_preserv0/foreign.db...
2026-09-17 02:02:16.742 | INFO     | tldw_Server_API.app.core.DB_Management.ChaChaNotes_DB:_migrate_from_v21_to_v22:9205 - [rag_char_chat_schema] Migration to V22 completed.
2026-09-17 02:02:16.743 | INFO     | tldw_Server_API.app.core.DB_Management.ChaChaNotes_DB:_migrate_from_v22_to_v23:9217 - Migrating 'rag_char_chat_schema' schema from V22 to V23 for DB: /private/var/folders/sn/m80n2j152t9gw3w8qwk2nykh0000gn/T/pytest-of-macbook-dev/pytest-705/test_membership_denial_preserv0/foreign.db...
2026-09-17 02:02:16.750 | INFO     | tldw_Server_API.app.core.DB_Management.ChaChaNotes_DB:_migrate_from_v22_to_v23:9225 - [rag_char_chat_schema] Migration to V23 completed.
2026-09-17 02:02:16.750 | INFO     | tldw_Server_API.app.core.DB_Management.ChaChaNotes_DB:_migrate_from_v23_to_v24:9237 - Migrating 'rag_char_chat_schema' schema from V23 to V24 for DB: /private/var/folders/sn/m80n2j152t9gw3w8qwk2nykh0000gn/T/pytest-of-macbook-dev/pytest-705/test_membership_denial_preserv0/foreign.db...
2026-09-17 02:02:16.757 | INFO     | tldw_Server_API.app.core.DB_Management.ChaChaNotes_DB:_migrate_from_v23_to_v24:9245 - [rag_char_chat_schema] Migration to V24 completed.
2026-09-17 02:02:16.757 | INFO     | tldw_Server_API.app.core.DB_Management.ChaChaNotes_DB:_migrate_from_v24_to_v25:9257 - Migrating 'rag_char_chat_schema' schema from V24 to V25 for DB: /private/var/folders/sn/m80n2j152t9gw3w8qwk2nykh0000gn/T/pytest-of-macbook-dev/pytest-705/test_membership_denial_preserv0/foreign.db...
2026-09-17 02:02:16.762 | INFO     | tldw_Server_API.app.core.DB_Management.ChaChaNotes_DB:_migrate_from_v24_to_v25:9283 - [rag_char_chat_schema] Migration to V25 completed.
2026-09-17 02:02:16.762 | INFO     | tldw_Server_API.app.core.DB_Management.ChaChaNotes_DB:_migrate_from_v25_to_v26:9295 - Migrating 'rag_char_chat_schema' schema from V25 to V26 for DB: /private/var/folders/sn/m80n2j152t9gw3w8qwk2nykh0000gn/T/pytest-of-macbook-dev/pytest-705/test_membership_denial_preserv0/foreign.db...
2026-09-17 02:02:16.765 | INFO     | tldw_Server_API.app.core.DB_Management.ChaChaNotes_DB:_migrate_from_v25_to_v26:9303 - [rag_char_chat_schema] Migration to V26 completed.
2026-09-17 02:02:16.765 | INFO     | tldw_Server_API.app.core.DB_Management.ChaChaNotes_DB:_migrate_from_v26_to_v27:9315 - Migrating 'rag_char_chat_schema' schema from V26 to V27 for DB: /private/var/folders/sn/m80n2j152t9gw3w8qwk2nykh0000gn/T/pytest-of-macbook-dev/pytest-705/test_membership_denial_preserv0/foreign.db...
2026-09-17 02:02:16.769 | INFO     | tldw_Server_API.app.core.DB_Management.ChaChaNotes_DB:_migrate_from_v26_to_v27:9343 - [rag_char_chat_schema] Migration to V27 completed.
2026-09-17 02:02:16.769 | INFO     | tldw_Server_API.app.core.DB_Management.ChaChaNotes_DB:_migrate_from_v27_to_v28:9355 - Migrating 'rag_char_chat_schema' schema from V27 to V28 for DB: /private/var/folders/sn/m80n2j152t9gw3w8qwk2nykh0000gn/T/pytest-of-macbook-dev/pytest-705/test_membership_denial_preserv0/foreign.db...
2026-09-17 02:02:16.771 | INFO     | tldw_Server_API.app.core.DB_Management.ChaChaNotes_DB:_migrate_from_v27_to_v28:9376 - [rag_char_chat_schema] Migration to V28 completed.
2026-09-17 02:02:16.771 | INFO     | tldw_Server_API.app.core.DB_Management.ChaChaNotes_DB:_migrate_from_v28_to_v29:9388 - Migrating 'rag_char_chat_schema' schema from V28 to V29 for DB: /private/var/folders/sn/m80n2j152t9gw3w8qwk2nykh0000gn/T/pytest-of-macbook-dev/pytest-705/test_membership_denial_preserv0/foreign.db...
2026-09-17 02:02:16.772 | INFO     | tldw_Server_API.app.core.DB_Management.ChaChaNotes_DB:_migrate_from_v28_to_v29:9396 - [rag_char_chat_schema] Migration to V29 completed.
2026-09-17 02:02:16.772 | INFO     | tldw_Server_API.app.core.DB_Management.ChaChaNotes_DB:_migrate_from_v29_to_v30:9408 - Migrating 'rag_char_chat_schema' schema from V29 to V30 for DB: /private/var/folders/sn/m80n2j152t9gw3w8qwk2nykh0000gn/T/pytest-of-macbook-dev/pytest-705/test_membership_denial_preserv0/foreign.db...
2026-09-17 02:02:16.773 | INFO     | tldw_Server_API.app.core.DB_Management.ChaChaNotes_DB:_migrate_from_v29_to_v30:9426 - [rag_char_chat_schema] Migration to V30 completed.
2026-09-17 02:02:16.773 | INFO     | tldw_Server_API.app.core.DB_Management.ChaChaNotes_DB:_migrate_from_v30_to_v31:9438 - Migrating 'rag_char_chat_schema' schema from V30 to V31 for DB: /private/var/folders/sn/m80n2j152t9gw3w8qwk2nykh0000gn/T/pytest-of-macbook-dev/pytest-705/test_membership_denial_preserv0/foreign.db...
2026-09-17 02:02:16.779 | INFO     | tldw_Server_API.app.core.DB_Management.ChaChaNotes_DB:_migrate_from_v30_to_v31:9460 - [rag_char_chat_schema] Migration to V31 completed.
2026-09-17 02:02:16.779 | INFO     | tldw_Server_API.app.core.DB_Management.ChaChaNotes_DB:_migrate_from_v31_to_v32:9472 - Migrating 'rag_char_chat_schema' schema from V31 to V32 for DB: /private/var/folders/sn/m80n2j152t9gw3w8qwk2nykh0000gn/T/pytest-of-macbook-dev/pytest-705/test_membership_denial_preserv0/foreign.db...
2026-09-17 02:02:16.785 | INFO     | tldw_Server_API.app.core.DB_Management.ChaChaNotes_DB:_migrate_from_v31_to_v32:9516 - [rag_char_chat_schema] Migration to V32 completed.
2026-09-17 02:02:16.785 | INFO     | tldw_Server_API.app.core.DB_Management.ChaChaNotes_DB:_migrate_from_v32_to_v33:9528 - Migrating 'rag_char_chat_schema' schema from V32 to V33 for DB: /private/var/folders/sn/m80n2j152t9gw3w8qwk2nykh0000gn/T/pytest-of-macbook-dev/pytest-705/test_membership_denial_preserv0/foreign.db...
2026-09-17 02:02:16.785 | INFO     | tldw_Server_API.app.core.DB_Management.ChaChaNotes_DB:_migrate_from_v32_to_v33:9536 - [rag_char_chat_schema] Migration to V33 completed.
2026-09-17 02:02:16.785 | INFO     | tldw_Server_API.app.core.DB_Management.ChaChaNotes_DB:_migrate_from_v33_to_v34:9548 - Migrating 'rag_char_chat_schema' schema from V33 to V34 for DB: /private/var/folders/sn/m80n2j152t9gw3w8qwk2nykh0000gn/T/pytest-of-macbook-dev/pytest-705/test_membership_denial_preserv0/foreign.db...
2026-09-17 02:02:16.787 | INFO     | tldw_Server_API.app.core.DB_Management.ChaChaNotes_DB:_migrate_from_v33_to_v34:9568 - [rag_char_chat_schema] Migration to V34 completed.
2026-09-17 02:02:16.787 | INFO     | tldw_Server_API.app.core.DB_Management.ChaChaNotes_DB:_migrate_from_v34_to_v35:9580 - Migrating 'rag_char_chat_schema' schema from V34 to V35 for DB: /private/var/folders/sn/m80n2j152t9gw3w8qwk2nykh0000gn/T/pytest-of-macbook-dev/pytest-705/test_membership_denial_preserv0/foreign.db...
2026-09-17 02:02:16.789 | INFO     | tldw_Server_API.app.core.DB_Management.ChaChaNotes_DB:_migrate_from_v34_to_v35:9600 - [rag_char_chat_schema] Migration to V35 completed.
2026-09-17 02:02:16.789 | INFO     | tldw_Server_API.app.core.DB_Management.ChaChaNotes_DB:_migrate_from_v35_to_v36:9612 - Migrating 'rag_char_chat_schema' schema from V35 to V36 for DB: /private/var/folders/sn/m80n2j152t9gw3w8qwk2nykh0000gn/T/pytest-of-macbook-dev/pytest-705/test_membership_denial_preserv0/foreign.db...
2026-09-17 02:02:16.793 | INFO     | tldw_Server_API.app.core.DB_Management.ChaChaNotes_DB:_migrate_from_v35_to_v36:9663 - [rag_char_chat_schema] Migration to V36 completed.
2026-09-17 02:02:16.793 | INFO     | tldw_Server_API.app.core.DB_Management.ChaChaNotes_DB:_migrate_from_v36_to_v37:9675 - Migrating 'rag_char_chat_schema' schema from V36 to V37 for DB: /private/var/folders/sn/m80n2j152t9gw3w8qwk2nykh0000gn/T/pytest-of-macbook-dev/pytest-705/test_membership_denial_preserv0/foreign.db...
2026-09-17 02:02:16.844 | INFO     | tldw_Server_API.app.core.DB_Management.ChaChaNotes_DB:_migrate_from_v36_to_v37:9686 - [rag_char_chat_schema] Migration to V37 completed.
2026-09-17 02:02:16.844 | INFO     | tldw_Server_API.app.core.DB_Management.ChaChaNotes_DB:_migrate_from_v37_to_v38:9698 - Migrating 'rag_char_chat_schema' schema from V37 to V38 for DB: /private/var/folders/sn/m80n2j152t9gw3w8qwk2nykh0000gn/T/pytest-of-macbook-dev/pytest-705/test_membership_denial_preserv0/foreign.db...
2026-09-17 02:02:16.845 | INFO     | tldw_Server_API.app.core.DB_Management.ChaChaNotes_DB:_migrate_from_v37_to_v38:9707 - [rag_char_chat_schema] Migration to V38 completed.
2026-09-17 02:02:16.845 | INFO     | tldw_Server_API.app.core.DB_Management.ChaChaNotes_DB:_migrate_from_v38_to_v39:9719 - Migrating 'rag_char_chat_schema' schema from V38 to V39 for DB: /private/var/folders/sn/m80n2j152t9gw3w8qwk2nykh0000gn/T/pytest-of-macbook-dev/pytest-705/test_membership_denial_preserv0/foreign.db...
2026-09-17 02:02:16.847 | INFO     | tldw_Server_API.app.core.DB_Management.ChaChaNotes_DB:_migrate_from_v38_to_v39:9728 - [rag_char_chat_schema] Migration to V39 completed.
2026-09-17 02:02:16.847 | INFO     | tldw_Server_API.app.core.DB_Management.ChaChaNotes_DB:_migrate_from_v39_to_v40:9740 - Migrating 'rag_char_chat_schema' schema from V39 to V40 for DB: /private/var/folders/sn/m80n2j152t9gw3w8qwk2nykh0000gn/T/pytest-of-macbook-dev/pytest-705/test_membership_denial_preserv0/foreign.db...
2026-09-17 02:02:16.847 | INFO     | tldw_Server_API.app.core.DB_Management.ChaChaNotes_DB:_migrate_from_v39_to_v40:9748 - [rag_char_chat_schema] Migration to V40 completed.
2026-09-17 02:02:16.847 | INFO     | tldw_Server_API.app.core.DB_Management.ChaChaNotes_DB:_migrate_from_v40_to_v41:9760 - Migrating 'rag_char_chat_schema' schema from V40 to V41 for DB: /private/var/folders/sn/m80n2j152t9gw3w8qwk2nykh0000gn/T/pytest-of-macbook-dev/pytest-705/test_membership_denial_preserv0/foreign.db...
2026-09-17 02:02:16.851 | INFO     | tldw_Server_API.app.core.DB_Management.ChaChaNotes_DB:_migrate_from_v40_to_v41:9768 - [rag_char_chat_schema] Migration to V41 completed.
2026-09-17 02:02:16.851 | INFO     | tldw_Server_API.app.core.DB_Management.ChaChaNotes_DB:_migrate_from_v41_to_v42:9780 - Migrating 'rag_char_chat_schema' schema from V41 to V42 for DB: /private/var/folders/sn/m80n2j152t9gw3w8qwk2nykh0000gn/T/pytest-of-macbook-dev/pytest-705/test_membership_denial_preserv0/foreign.db...
2026-09-17 02:02:16.856 | INFO     | tldw_Server_API.app.core.DB_Management.ChaChaNotes_DB:_migrate_from_v41_to_v42:9788 - [rag_char_chat_schema] Migration to V42 completed.
2026-09-17 02:02:16.856 | INFO     | tldw_Server_API.app.core.DB_Management.ChaChaNotes_DB:_migrate_from_v42_to_v43:9800 - Migrating 'rag_char_chat_schema' schema from V42 to V43 for DB: /private/var/folders/sn/m80n2j152t9gw3w8qwk2nykh0000gn/T/pytest-of-macbook-dev/pytest-705/test_membership_denial_preserv0/foreign.db...
2026-09-17 02:02:16.857 | INFO     | tldw_Server_API.app.core.DB_Management.ChaChaNotes_DB:_migrate_from_v42_to_v43:9808 - [rag_char_chat_schema] Migration to V43 completed.
2026-09-17 02:02:16.857 | INFO     | tldw_Server_API.app.core.DB_Management.ChaChaNotes_DB:_migrate_from_v43_to_v44:9820 - Migrating 'rag_char_chat_schema' schema from V43 to V44 for DB: /private/var/folders/sn/m80n2j152t9gw3w8qwk2nykh0000gn/T/pytest-of-macbook-dev/pytest-705/test_membership_denial_preserv0/foreign.db...
2026-09-17 02:02:16.858 | INFO     | tldw_Server_API.app.core.DB_Management.ChaChaNotes_DB:_migrate_from_v43_to_v44:9841 - [rag_char_chat_schema] Migration to V44 completed.
2026-09-17 02:02:16.858 | INFO     | tldw_Server_API.app.core.DB_Management.ChaChaNotes_DB:_migrate_from_v44_to_v45:9853 - Migrating 'rag_char_chat_schema' schema from V44 to V45 for DB: /private/var/folders/sn/m80n2j152t9gw3w8qwk2nykh0000gn/T/pytest-of-macbook-dev/pytest-705/test_membership_denial_preserv0/foreign.db...
2026-09-17 02:02:16.866 | INFO     | tldw_Server_API.app.core.DB_Management.ChaChaNotes_DB:_migrate_from_v44_to_v45:9862 - [rag_char_chat_schema] Migration to V45 completed.
2026-09-17 02:02:16.866 | INFO     | tldw_Server_API.app.core.DB_Management.ChaChaNotes_DB:_migrate_from_v45_to_v46:9874 - Migrating 'rag_char_chat_schema' schema from V45 to V46 for DB: /private/var/folders/sn/m80n2j152t9gw3w8qwk2nykh0000gn/T/pytest-of-macbook-dev/pytest-705/test_membership_denial_preserv0/foreign.db...
2026-09-17 02:02:16.866 | INFO     | tldw_Server_API.app.core.DB_Management.ChaChaNotes_DB:_migrate_from_v45_to_v46:9882 - [rag_char_chat_schema] Migration to V46 completed.
2026-09-17 02:02:16.866 | INFO     | tldw_Server_API.app.core.DB_Management.ChaChaNotes_DB:_migrate_from_v46_to_v47:9894 - Migrating 'rag_char_chat_schema' schema from V46 to V47 for DB: /private/var/folders/sn/m80n2j152t9gw3w8qwk2nykh0000gn/T/pytest-of-macbook-dev/pytest-705/test_membership_denial_preserv0/foreign.db...
2026-09-17 02:02:16.870 | INFO     | tldw_Server_API.app.core.DB_Management.ChaChaNotes_DB:_migrate_from_v46_to_v47:9909 - [rag_char_chat_schema] Migration to V47 completed.
2026-09-17 02:02:16.870 | INFO     | tldw_Server_API.app.core.DB_Management.ChaChaNotes_DB:_migrate_from_v47_to_v48:9921 - Migrating 'rag_char_chat_schema' schema from V47 to V48 for DB: /private/var/folders/sn/m80n2j152t9gw3w8qwk2nykh0000gn/T/pytest-of-macbook-dev/pytest-705/test_membership_denial_preserv0/foreign.db...
2026-09-17 02:02:16.872 | INFO     | tldw_Server_API.app.core.DB_Management.ChaChaNotes_DB:_migrate_from_v47_to_v48:9929 - [rag_char_chat_schema] Migration to V48 completed.
2026-09-17 02:02:16.872 | INFO     | tldw_Server_API.app.core.DB_Management.ChaChaNotes_DB:_migrate_from_v48_to_v49:9941 - Migrating 'rag_char_chat_schema' schema from V48 to V49 for DB: /private/var/folders/sn/m80n2j152t9gw3w8qwk2nykh0000gn/T/pytest-of-macbook-dev/pytest-705/test_membership_denial_preserv0/foreign.db...
2026-09-17 02:02:16.872 | INFO     | tldw_Server_API.app.core.DB_Management.ChaChaNotes_DB:_migrate_from_v48_to_v49:9950 - [rag_char_chat_schema] Migration to V49 completed.
2026-09-17 02:02:16.872 | INFO     | tldw_Server_API.app.core.DB_Management.ChaChaNotes_DB:_migrate_from_v49_to_v50:9962 - Migrating 'rag_char_chat_schema' schema from V49 to V50 for DB: /private/var/folders/sn/m80n2j152t9gw3w8qwk2nykh0000gn/T/pytest-of-macbook-dev/pytest-705/test_membership_denial_preserv0/foreign.db...
2026-09-17 02:02:16.872 | INFO     | tldw_Server_API.app.core.DB_Management.ChaChaNotes_DB:_migrate_from_v49_to_v50:9971 - [rag_char_chat_schema] Migration to V50 completed.
2026-09-17 02:02:16.872 | INFO     | tldw_Server_API.app.core.DB_Management.ChaChaNotes_DB:_migrate_from_v50_to_v51:9983 - Migrating 'rag_char_chat_schema' schema from V50 to V51 for DB: /private/var/folders/sn/m80n2j152t9gw3w8qwk2nykh0000gn/T/pytest-of-macbook-dev/pytest-705/test_membership_denial_preserv0/foreign.db...
2026-09-17 02:02:16.873 | INFO     | tldw_Server_API.app.core.DB_Management.ChaChaNotes_DB:_migrate_from_v50_to_v51:9999 - [rag_char_chat_schema] Migration to V51 completed.
2026-09-17 02:02:16.873 | INFO     | tldw_Server_API.app.core.DB_Management.ChaChaNotes_DB:_migrate_from_v51_to_v52:10011 - Migrating 'rag_char_chat_schema' schema from V51 to V52 for DB: /private/var/folders/sn/m80n2j152t9gw3w8qwk2nykh0000gn/T/pytest-of-macbook-dev/pytest-705/test_membership_denial_preserv0/foreign.db...
2026-09-17 02:02:16.876 | INFO     | tldw_Server_API.app.core.DB_Management.ChaChaNotes_DB:_migrate_from_v51_to_v52:10023 - [rag_char_chat_schema] Migration to V52 completed.
2026-09-17 02:02:16.876 | INFO     | tldw_Server_API.app.core.DB_Management.ChaChaNotes_DB:_migrate_from_v52_to_v53:10037 - Migrating 'rag_char_chat_schema' schema from V52 to V53 for DB: /private/var/folders/sn/m80n2j152t9gw3w8qwk2nykh0000gn/T/pytest-of-macbook-dev/pytest-705/test_membership_denial_preserv0/foreign.db...
2026-09-17 02:02:16.884 | INFO     | tldw_Server_API.app.core.DB_Management.ChaChaNotes_DB:_migrate_from_v52_to_v53:10050 - [rag_char_chat_schema] Migration to V53 completed.
2026-09-17 02:02:16.884 | INFO     | tldw_Server_API.app.core.DB_Management.ChaChaNotes_DB:_migrate_from_v53_to_v54:10064 - Migrating 'rag_char_chat_schema' schema from V53 to V54 for DB: /private/var/folders/sn/m80n2j152t9gw3w8qwk2nykh0000gn/T/pytest-of-macbook-dev/pytest-705/test_membership_denial_preserv0/foreign.db...
2026-09-17 02:02:16.885 | INFO     | tldw_Server_API.app.core.DB_Management.ChaChaNotes_DB:_migrate_from_v53_to_v54:10076 - [rag_char_chat_schema] Migration to V54 completed.
2026-09-17 02:02:16.885 | INFO     | tldw_Server_API.app.core.DB_Management.ChaChaNotes_DB:_migrate_from_v54_to_v55:10090 - Migrating 'rag_char_chat_schema' schema from V54 to V55 for DB: /private/var/folders/sn/m80n2j152t9gw3w8qwk2nykh0000gn/T/pytest-of-macbook-dev/pytest-705/test_membership_denial_preserv0/foreign.db...
2026-09-17 02:02:16.887 | INFO     | tldw_Server_API.app.core.DB_Management.ChaChaNotes_DB:_migrate_from_v54_to_v55:10168 - [rag_char_chat_schema] Migration to V55 completed.
2026-09-17 02:02:16.887 | INFO     | tldw_Server_API.app.core.DB_Management.ChaChaNotes_DB:_migrate_from_v55_to_v56:10272 - Migrating 'rag_char_chat_schema' schema from V55 to V56 for DB: /private/var/folders/sn/m80n2j152t9gw3w8qwk2nykh0000gn/T/pytest-of-macbook-dev/pytest-705/test_membership_denial_preserv0/foreign.db...
2026-09-17 02:02:17.153 | INFO     | tldw_Server_API.app.core.DB_Management.ChaChaNotes_DB:_migrate_from_v64_to_v65:17796 - Migrating 'rag_char_chat_schema' schema from V64 to V65 for DB: /private/var/folders/sn/m80n2j152t9gw3w8qwk2nykh0000gn/T/pytest-of-macbook-dev/pytest-705/test_membership_denial_preserv0/foreign.db...
2026-09-17 02:02:17.164 | INFO     | tldw_Server_API.app.core.DB_Management.ChaChaNotes_DB:_migrate_from_v64_to_v65:17813 - [rag_char_chat_schema] Migration to V65 completed.
2026-09-17 02:02:17.259 | WARNING  | tldw_Server_API.app.core.DB_Management.ChaChaNotes_DB:_self_heal_character_cards_fts_sqlite:24830 - character_cards_fts out of sync (active=1 indexed=0); rebuilding.
2026-09-17 02:02:17.259 | INFO     | tldw_Server_API.app.core.DB_Management.ChaChaNotes_DB:_initialize_schema_sqlite:21121 - Database schema 'rag_char_chat_schema' successfully initialized/migrated to version 67.
2026-09-17 02:02:17.259 | DEBUG    | tldw_Server_API.app.core.DB_Management.ChaChaNotes_DB:__exit__:45173 - Transaction (outermost) committed successfully on thread 8346099072.
2026-09-17 02:02:17.259 | DEBUG    | tldw_Server_API.app.core.DB_Management.ChaChaNotes_DB:execute_query:8286 - Executing SQL (script=False, backend=sqlite):
                CREATE TABLE IF NOT EXISTS message_metadata(
                  message_id TEXT PRIMARY KEY REFERENCES messages(id) ON DELETE CASCADE,
                  tool_calls_json TEXT,
                  extra_json TEXT,
                  last_modified DATETIME NOT NULL DEFAULT CURRENT_TIMESTAM... Params: None...
2026-09-17 02:02:17.259 | DEBUG    | tldw_Server_API.app.core.DB_Management.ChaChaNotes_DB:execute_query:8313 - Committed directly by execute_query.
2026-09-17 02:02:17.259 | DEBUG    | tldw_Server_API.app.core.DB_Management.ChaChaNotes_DB:execute_query:8286 - Executing SQL (script=False, backend=sqlite):
                CREATE TABLE IF NOT EXISTS persona_live_voice_session_summaries(
                  id INTEGER PRIMARY KEY AUTOINCREMENT,
                  user_id INTEGER NOT NULL,
                  persona_id TEXT NOT NULL,
                  session_id TEXT NOT NULL,
                  created_at D... Params: None...
2026-09-17 02:02:17.260 | DEBUG    | tldw_Server_API.app.core.DB_Management.ChaChaNotes_DB:execute_query:8313 - Committed directly by execute_query.
2026-09-17 02:02:17.260 | DEBUG    | tldw_Server_API.app.core.DB_Management.ChaChaNotes_DB:execute_query:8286 - Executing SQL (script=False, backend=sqlite):
                CREATE INDEX IF NOT EXISTS idx_persona_live_voice_session_summaries_persona_time
                ON persona_live_voice_session_summaries(persona_id, started_at, updated_at)
                ... Params: None...
2026-09-17 02:02:17.260 | DEBUG    | tldw_Server_API.app.core.DB_Management.ChaChaNotes_DB:execute_query:8313 - Committed directly by execute_query.
2026-09-17 02:02:17.260 | DEBUG    | tldw_Server_API.app.core.DB_Management.ChaChaNotes_DB:execute_query:8286 - Executing SQL (script=False, backend=sqlite):
                CREATE TABLE IF NOT EXISTS conversation_settings(
                  conversation_id TEXT PRIMARY KEY REFERENCES conversations(id) ON DELETE CASCADE,
                  settings_json TEXT NOT NULL,
                  settings_version INTEGER NOT NULL DEFAULT 1 CHECK(settings_version >=... Params: None...
2026-09-17 02:02:17.260 | DEBUG    | tldw_Server_API.app.core.DB_Management.ChaChaNotes_DB:execute_query:8313 - Committed directly by execute_query.
2026-09-17 02:02:17.260 | DEBUG    | tldw_Server_API.app.core.DB_Management.ChaChaNotes_DB:__init__:7664 - CharactersRAGDB initialization completed successfully for /private/var/folders/sn/m80n2j152t9gw3w8qwk2nykh0000gn/T/pytest-of-macbook-dev/pytest-705/test_membership_denial_preserv0/foreign.db
----------------------------- Captured stderr call -----------------------------
2026-09-17 02:02:17.260 | DEBUG    | tldw_Server_API.app.core.DB_Management.ChaChaNotes_DB:__enter__:45145 - Transaction started (outermost) on thread 8346099072.
2026-09-17 02:02:17.261 | INFO     | tldw_Server_API.app.core.DB_Management.chacha.note_store:_execute:126 - Added note 'Private pack source' with ID: d79e84d0-0098-4cf0-8015-2e691f0f6dde.
2026-09-17 02:02:17.261 | DEBUG    | tldw_Server_API.app.core.DB_Management.ChaChaNotes_DB:__exit__:45173 - Transaction (outermost) committed successfully on thread 8346099072.
2026-09-17 02:02:17.261 | DEBUG    | tldw_Server_API.app.core.DB_Management.ChaChaNotes_DB:__enter__:45145 - Transaction started (outermost) on thread 8346099072.
2026-09-17 02:02:17.261 | DEBUG    | tldw_Server_API.app.core.DB_Management.ChaChaNotes_DB:__exit__:45173 - Transaction (outermost) committed successfully on thread 8346099072.
2026-09-17 02:02:17.261 | DEBUG    | tldw_Server_API.app.core.DB_Management.ChaChaNotes_DB:__enter__:45145 - Transaction started (outermost) on thread 8346099072.
2026-09-17 02:02:17.262 | DEBUG    | tldw_Server_API.app.core.DB_Management.ChaChaNotes_DB:__exit__:45173 - Transaction (outermost) committed successfully on thread 8346099072.
2026-09-17 02:02:17.262 | DEBUG    | tldw_Server_API.app.core.DB_Management.ChaChaNotes_DB:__enter__:45145 - Transaction started (outermost) on thread 8346099072.
2026-09-17 02:02:17.262 | DEBUG    | tldw_Server_API.app.core.DB_Management.ChaChaNotes_DB:__exit__:45173 - Transaction (outermost) committed successfully on thread 8346099072.
2026-09-17 02:02:17.262 | DEBUG    | tldw_Server_API.app.core.DB_Management.ChaChaNotes_DB:__enter__:45145 - Transaction started (outermost) on thread 8346099072.
2026-09-17 02:02:17.262 | DEBUG    | tldw_Server_API.app.core.DB_Management.ChaChaNotes_DB:execute_many:8456 - Executing Many on backend sqlite:
                    INSERT INTO flashcard_citations(
                        flashcard_uuid, source_type, source_id, citation_text, locator, ordinal,... with 1 sets.
2026-09-17 02:02:17.262 | DEBUG    | tldw_Server_API.app.core.DB_Management.ChaChaNotes_DB:__exit__:45173 - Transaction (outermost) committed successfully on thread 8346099072.
2026-09-17 02:02:17.262 | DEBUG    | tldw_Server_API.app.core.DB_Management.ChaChaNotes_DB:__enter__:45145 - Transaction started (outermost) on thread 8346099072.
2026-09-17 02:02:17.262 | INFO     | tldw_Server_API.app.core.DB_Management.chacha.note_store:_execute:126 - Added note 'Private pack source' with ID: 0b41b630-9b4a-46ea-a52b-c4aec7e4a79f.
2026-09-17 02:02:17.262 | DEBUG    | tldw_Server_API.app.core.DB_Management.ChaChaNotes_DB:__exit__:45173 - Transaction (outermost) committed successfully on thread 8346099072.
2026-09-17 02:02:17.263 | DEBUG    | tldw_Server_API.app.core.DB_Management.ChaChaNotes_DB:__enter__:45145 - Transaction started (outermost) on thread 8346099072.
2026-09-17 02:02:17.263 | DEBUG    | tldw_Server_API.app.core.DB_Management.ChaChaNotes_DB:__exit__:45173 - Transaction (outermost) committed successfully on thread 8346099072.
2026-09-17 02:02:17.263 | DEBUG    | tldw_Server_API.app.core.DB_Management.ChaChaNotes_DB:__enter__:45145 - Transaction started (outermost) on thread 8346099072.
2026-09-17 02:02:17.263 | DEBUG    | tldw_Server_API.app.core.DB_Management.ChaChaNotes_DB:__exit__:45173 - Transaction (outermost) committed successfully on thread 8346099072.
2026-09-17 02:02:17.263 | DEBUG    | tldw_Server_API.app.core.DB_Management.ChaChaNotes_DB:__enter__:45145 - Transaction started (outermost) on thread 8346099072.
2026-09-17 02:02:17.263 | DEBUG    | tldw_Server_API.app.core.DB_Management.ChaChaNotes_DB:__exit__:45173 - Transaction (outermost) committed successfully on thread 8346099072.
2026-09-17 02:02:17.263 | DEBUG    | tldw_Server_API.app.core.DB_Management.ChaChaNotes_DB:__enter__:45145 - Transaction started (outermost) on thread 8346099072.
2026-09-17 02:02:17.263 | DEBUG    | tldw_Server_API.app.core.DB_Management.ChaChaNotes_DB:execute_many:8456 - Executing Many on backend sqlite: INSERT OR IGNORE INTO study_pack_cards(study_pack_id, flashcard_uuid, created_at, last_modified, deleted, client_id, version) VALUES(?, ?, ?, ?, ?, ?,... with 1 sets.
2026-09-17 02:02:17.264 | DEBUG    | tldw_Server_API.app.core.DB_Management.ChaChaNotes_DB:__exit__:45173 - Transaction (outermost) committed successfully on thread 8346099072.
2026-09-17 02:02:17.264 | DEBUG    | tldw_Server_API.app.core.DB_Management.ChaChaNotes_DB:__enter__:45145 - Transaction started (outermost) on thread 8346099072.
2026-09-17 02:02:17.264 | DEBUG    | tldw_Server_API.app.core.DB_Management.ChaChaNotes_DB:execute_many:8456 - Executing Many on backend sqlite:
                    INSERT INTO flashcard_citations(
                        flashcard_uuid, source_type, source_id, citation_text, locator, ordinal,... with 1 sets.
2026-09-17 02:02:17.264 | DEBUG    | tldw_Server_API.app.core.DB_Management.ChaChaNotes_DB:__exit__:45173 - Transaction (outermost) committed successfully on thread 8346099072.
2026-09-17 02:02:17.264 | DEBUG    | tldw_Server_API.app.core.DB_Management.ChaChaNotes_DB:execute_query:8286 - Executing SQL (script=False, backend=sqlite):
            SELECT f.uuid, f.deck_id, d.name AS deck_name, d.workspace_id AS workspace_id, f.front, f.back, f.notes, f.extra, f.is_cloze, f.tags_json,
                   f.source_ref_type, f.source_ref_id, f.conversation_id, f.message_id,
                   f.ef, f.interval_days, f.repetitions, f.l... Params: ('519fc5e7-f154-4a9a-b727-1f688a0ce145',)...
2026-09-17 02:02:17.264 | DEBUG    | tldw_Server_API.app.core.DB_Management.ChaChaNotes_DB:execute_query:8286 - Executing SQL (script=False, backend=sqlite):
            SELECT id, flashcard_uuid, source_type, source_id, citation_text, locator, ordinal,
                   created_at, last_modified, deleted, client_id, version
              FROM flashcard_citations
             WHERE flashcard_uuid = ? AND 1=1
             ORDER BY ordinal, id
        ... Params: ('519fc5e7-f154-4a9a-b727-1f688a0ce145',)...
2026-09-17 02:02:17.264 | DEBUG    | tldw_Server_API.app.core.DB_Management.ChaChaNotes_DB:__enter__:45145 - Transaction started (outermost) on thread 8346099072.
2026-09-17 02:02:17.264 | DEBUG    | tldw_Server_API.app.core.DB_Management.ChaChaNotes_DB:__enter__:45150 - Entering possibly nested transaction block on thread 8346099072.
2026-09-17 02:02:17.264 | DEBUG    | tldw_Server_API.app.core.DB_Management.ChaChaNotes_DB:__enter__:45150 - Entering possibly nested transaction block on thread 8346099072.
2026-09-17 02:02:17.265 | DEBUG    | tldw_Server_API.app.core.DB_Management.ChaChaNotes_DB:execute_many:8456 - Executing Many on backend sqlite: INSERT OR IGNORE INTO study_pack_cards(study_pack_id, flashcard_uuid, created_at, last_modified, deleted, client_id, version) VALUES(?, ?, ?, ?, ?, ?,... with 2 sets.
2026-09-17 02:02:17.265 | WARNING  | tldw_Server_API.app.core.DB_Management.ChaChaNotes_DB:execute_many:8483 - Integrity constraint violation during batch: INSERT OR IGNORE INTO study_pack_cards(study_pack_id, flashcard_uuid, created_at, last_modified, deleted, client_id, version) VALUES(?, ?, ?, ?, ?, ?,... Error: FOREIGN KEY constraint failed
2026-09-17 02:02:17.265 | DEBUG    | tldw_Server_API.app.core.DB_Management.ChaChaNotes_DB:__exit__:45194 - Exception in nested transaction block on thread 8346099072: CharactersRAGDBError. Outermost transaction will handle rollback if this exception propagates.
2026-09-17 02:02:17.265 | DEBUG    | tldw_Server_API.app.core.DB_Management.ChaChaNotes_DB:execute_query:8286 - Executing SQL (script=False, backend=sqlite): SELECT id, name, description, parent_deck_id, workspace_id, visibility, review_prompt_side, scheduler_settings_json, scheduler_type, created_at, last_modified, deleted, client_id, version FROM decks WHERE id = ?... Params: (2,)...
2026-09-17 02:02:17.265 | DEBUG    | tldw_Server_API.app.core.DB_Management.ChaChaNotes_DB:execute_query:8286 - Executing SQL (script=False, backend=sqlite):
            SELECT spc.id, spc.study_pack_id, spc.flashcard_uuid, spc.created_at, spc.last_modified,
                   spc.deleted, spc.client_id, spc.version, f.deck_id
              FROM study_pack_cards spc
              LEFT JOIN flashcards f ON f.uuid = spc.flashcard_uuid
             WHERE s... Params: (1,)...
--------------------------- Captured stderr teardown ---------------------------
2026-09-17 02:02:17.571 | DEBUG    | tldw_Server_API.app.core.DB_Management.ChaChaNotes_DB:close_connection:8092 - Attempting WAL checkpoint (TRUNCATE) before closing /private/var/folders/sn/m80n2j152t9gw3w8qwk2nykh0000gn/T/pytest-of-macbook-dev/pytest-705/test_membership_denial_preserv0/foreign.db on thread 8346099072.
2026-09-17 02:02:17.572 | DEBUG    | tldw_Server_API.app.core.DB_Management.ChaChaNotes_DB:close_connection:8098 - WAL checkpoint TRUNCATE executed for /private/var/folders/sn/m80n2j152t9gw3w8qwk2nykh0000gn/T/pytest-of-macbook-dev/pytest-705/test_membership_denial_preserv0/foreign.db.
2026-09-17 02:02:17.573 | DEBUG    | tldw_Server_API.app.core.DB_Management.ChaChaNotes_DB:close_connection:8103 - Closed SQLite connection for thread 8346099072 to /private/var/folders/sn/m80n2j152t9gw3w8qwk2nykh0000gn/T/pytest-of-macbook-dev/pytest-705/test_membership_denial_preserv0/foreign.db.
2026-09-17 02:02:17.574 | WARNING  | tldw_Server_API.app.core.DB_Management.ChaChaNotes_DB:close_connection:8076 - Connection to /private/var/folders/sn/m80n2j152t9gw3w8qwk2nykh0000gn/T/pytest-of-macbook-dev/pytest-705/test_membership_denial_preserv0/packs.db is in an uncommitted transaction during close. Attempting rollback.
2026-09-17 02:02:17.574 | DEBUG    | tldw_Server_API.app.core.DB_Management.ChaChaNotes_DB:close_connection:8092 - Attempting WAL checkpoint (TRUNCATE) before closing /private/var/folders/sn/m80n2j152t9gw3w8qwk2nykh0000gn/T/pytest-of-macbook-dev/pytest-705/test_membership_denial_preserv0/packs.db on thread 8346099072.
2026-09-17 02:02:17.575 | DEBUG    | tldw_Server_API.app.core.DB_Management.ChaChaNotes_DB:close_connection:8098 - WAL checkpoint TRUNCATE executed for /private/var/folders/sn/m80n2j152t9gw3w8qwk2nykh0000gn/T/pytest-of-macbook-dev/pytest-705/test_membership_denial_preserv0/packs.db.
2026-09-17 02:02:17.576 | DEBUG    | tldw_Server_API.app.core.DB_Management.ChaChaNotes_DB:close_connection:8103 - Closed SQLite connection for thread 8346099072 to /private/var/folders/sn/m80n2j152t9gw3w8qwk2nykh0000gn/T/pytest-of-macbook-dev/pytest-705/test_membership_denial_preserv0/packs.db.
2026-09-17 02:02:17.576 | INFO     | tldw_Server_API.app.api.v1.API_Deps.ChaCha_Notes_DB_Deps:close_all_chacha_db_instances:876 - Closing all cached ChaChaNotesDB instances (0)...
2026-09-17 02:02:17.576 | INFO     | tldw_Server_API.app.api.v1.API_Deps.ChaCha_Notes_DB_Deps:close_all_chacha_db_instances:892 - All ChaChaNotesDB instances closed and cache cleared.
2026-09-17 02:02:17.576 | INFO     | tldw_Server_API.app.api.v1.API_Deps.ChaCha_Notes_DB_Deps:close_all_chacha_db_instances:876 - Closing all cached ChaChaNotesDB instances (0)...
2026-09-17 02:02:17.576 | INFO     | tldw_Server_API.app.api.v1.API_Deps.ChaCha_Notes_DB_Deps:close_all_chacha_db_instances:892 - All ChaChaNotesDB instances closed and cache cleared.
_ test_foreign_study_pack_provenance_mutation_cannot_change_owner_rows[postgres-replace-citations] _
tldw_Server_API/tests/StudyPacks/test_study_pack_owner_contract.py:194: in test_foreign_study_pack_provenance_mutation_cannot_change_owner_rows
    assert snapshot() == before
E   AssertionError: assert ({'client_id'... False, ...}]) == ({'client_id'... False, ...}])
E
E     At index 3 diff: [{'id': 1, 'flashcard_uuid': 'd0d5aefe-e200-48de-bf8a-2915279b87e6', 'source_type': 'note', 'source_id': '9f4d9466-63d2-48aa-853d-94d41065cf4e', 'citation_text': 'Synthetic owner-only citation', 'locator': None, 'ordinal': 0, 'created_at': datetime.datetime(2026, 9, 17, 9, 2, 19, 101000, tzinfo=zoneinfo.ZoneInfo(key='Etc/UTC')), 'last_modified': datetime.datetime(2026, 9, 17, 9, 2, 19, 114000, tzinfo=zoneinfo.ZoneInfo(key='Etc/UTC')), 'deleted': True, 'client_id': '3', 'version': 2}, {'id': 3, 'flashcard_uuid': 'd0d5aefe-e200-48de-bf8a-2915279b87e6', 's...
E
E     ...Full output truncated (2 lines hidden), use '-vv' to show
---------------------------- Captured stderr setup -----------------------------
2026-09-17 02:02:17.594 | INFO     | tldw_Server_API.app.core.DB_Management.backends.factory:create_backend:392 - Creating postgresql backend
2026-09-17 02:02:17.595 | INFO     | tldw_Server_API.app.core.config:_buffered_log:210 - Determined ACTUAL_PROJECT_ROOT for database paths: /Users/macbook-dev/Documents/GitHub/tldw_server2
2026-09-17 02:02:17.595 | INFO     | tldw_Server_API.app.core.config:_buffered_log:210 - Early loading environment variables from: /Users/macbook-dev/Documents/GitHub/tldw_server2/tldw_Server_API/Config_Files/.env
2026-09-17 02:02:17.599 | INFO     | tldw_Server_API.app.core.config:_buffered_log:210 - Early loading environment variables from: /Users/macbook-dev/Documents/GitHub/tldw_server2/tldw_Server_API/Config_Files/.ENV
2026-09-17 02:02:17.604 | DEBUG    | tldw_Server_API.app.core.config:_buffered_log:210 - load_and_log_configs(): Loading and logging configurations...
2026-09-17 02:02:17.604 | INFO     | tldw_Server_API.app.core.config:_buffered_log:210 - Loading environment variables from: /Users/macbook-dev/Documents/GitHub/tldw_server2/tldw_Server_API/Config_Files/.env
2026-09-17 02:02:17.611 | INFO     | tldw_Server_API.app.core.config:_buffered_log:210 - Loading environment variables from: /Users/macbook-dev/Documents/GitHub/tldw_server2/tldw_Server_API/Config_Files/.ENV
2026-09-17 02:02:17.619 | INFO     | tldw_Server_API.app.core.config:_buffered_log:210 - Attempting to load comprehensive config from: /Users/macbook-dev/Documents/GitHub/tldw_server2/tldw_Server_API/Config_Files/config.txt
2026-09-17 02:02:17.620 | INFO     | tldw_Server_API.app.core.config:_buffered_log:210 - load_comprehensive_config(): Sections found in config: ['Setup', 'UI', 'Server', 'Files', 'Image-Generation', 'ACP', 'WORKSPACES', 'ACP-WORKSPACE', 'ACP-SANDBOX', 'Audit', 'Processing', 'Media-Processing', 'Chat-Dictionaries', 'Chat-Module', 'Chat-Commands', 'Chat-Templating', 'Character-Chat', 'Settings', 'Auto-Save', 'Prompts', 'Database', 'Chunking', 'Visual-RAG', 'AuthNZ', 'Streaming', 'HTTP', 'Egress', 'Embeddings', 'Claims', 'ClaimsMonitoring', 'RAG', 'Search-Agent', 'ResourceGovernor', 'Jobs', 'SlidesStandaloneHtml', 'Diarization', 'API', 'MLX', 'Local-API', 'LlamaCpp', 'STT-Settings', 'external_providers', 'TTS-Settings', 'VibeVoice', 'Audio-Quota', 'API-Routes', 'Search-Engines', 'Web-Scraper', 'Logging', 'Moderation', 'Redis', 'Web-Scraping', 'personalization', 'persona', 'persona.rbac']
2026-09-17 02:02:17.623 | INFO     | tldw_Server_API.app.core.config:_buffered_log:210 - Ensured main SQLite database directory exists: /Users/macbook-dev/Documents/GitHub/tldw_server2/Databases
2026-09-17 02:02:17.623 | INFO     | tldw_Server_API.app.core.config:_buffered_log:210 - Ensured user data base directory exists: Databases/user_databases
2026-09-17 02:02:17.623 | WARNING  | tldw_Server_API.app.core.DB_Management.db_path_utils:resolve_user_db_base_dir:491 - USER_DB_BASE_DIR not configured in tests, using isolated fallback: /private/var/folders/sn/m80n2j152t9gw3w8qwk2nykh0000gn/T/tldw_user_databases_test/default-2b48a741
2026-09-17 02:02:17.623 | INFO     | tldw_Server_API.app.core.DB_Management.ChaChaNotes_DB:__init__:7657 - Initializing CharactersRAGDB for path: /private/var/folders/sn/m80n2j152t9gw3w8qwk2nykh0000gn/T/pytest-of-macbook-dev/pytest-705/test_foreign_study_pack_proven9/packs.db [Client ID: 2] (backend=postgresql)
2026-09-17 02:02:18.917 | DEBUG    | tldw_Server_API.app.core.DB_Management.ChaChaNotes_DB:__init__:7664 - CharactersRAGDB initialization completed successfully for /private/var/folders/sn/m80n2j152t9gw3w8qwk2nykh0000gn/T/pytest-of-macbook-dev/pytest-705/test_foreign_study_pack_proven9/packs.db
2026-09-17 02:02:18.921 | INFO     | tldw_Server_API.app.core.Jobs.migrations:ensure_jobs_tables:1505 - Ensured Jobs schema at /private/var/folders/sn/m80n2j152t9gw3w8qwk2nykh0000gn/T/pytest-of-macbook-dev/pytest-705/test_foreign_study_pack_proven9/jobs.db
2026-09-17 02:02:18.951 | WARNING  | tldw_Server_API.app.core.DB_Management.db_path_utils:resolve_user_db_base_dir:491 - USER_DB_BASE_DIR not configured in tests, using isolated fallback: /private/var/folders/sn/m80n2j152t9gw3w8qwk2nykh0000gn/T/tldw_user_databases_test/default-2b48a741
2026-09-17 02:02:18.951 | INFO     | tldw_Server_API.app.core.DB_Management.ChaChaNotes_DB:__init__:7657 - Initializing CharactersRAGDB for path: /private/var/folders/sn/m80n2j152t9gw3w8qwk2nykh0000gn/T/pytest-of-macbook-dev/pytest-705/test_foreign_study_pack_proven9/foreign.db [Client ID: 3] (backend=postgresql)
2026-09-17 02:02:19.093 | DEBUG    | tldw_Server_API.app.core.DB_Management.ChaChaNotes_DB:__init__:7664 - CharactersRAGDB initialization completed successfully for /private/var/folders/sn/m80n2j152t9gw3w8qwk2nykh0000gn/T/pytest-of-macbook-dev/pytest-705/test_foreign_study_pack_proven9/foreign.db
----------------------------- Captured stderr call -----------------------------
2026-09-17 02:02:19.094 | DEBUG    | tldw_Server_API.app.core.DB_Management.ChaChaNotes_DB:_get_connection_for_state:8036 - Acquired backend connection (postgresql) for thread 8346099072
2026-09-17 02:02:19.096 | INFO     | tldw_Server_API.app.core.DB_Management.chacha.note_store:_execute:126 - Added note 'Private pack source' with ID: 9f4d9466-63d2-48aa-853d-94d41065cf4e.
2026-09-17 02:02:19.100 | DEBUG    | tldw_Server_API.app.core.DB_Management.ChaChaNotes_DB:execute_many:8456 - Executing Many on backend postgresql: INSERT INTO study_pack_cards(study_pack_id, flashcard_uuid, created_at, last_modified, deleted, client_id, version) VALUES(?, ?, ?, ?, ?, ?, ?) ON CON... with 1 sets.
2026-09-17 02:02:19.101 | DEBUG    | tldw_Server_API.app.core.DB_Management.ChaChaNotes_DB:execute_many:8456 - Executing Many on backend postgresql:
                    INSERT INTO flashcard_citations(
                        flashcard_uuid, source_type, source_id, citation_text, locator, ordinal,... with 1 sets.
2026-09-17 02:02:19.104 | DEBUG    | tldw_Server_API.app.core.DB_Management.ChaChaNotes_DB:_get_connection_for_state:8036 - Acquired backend connection (postgresql) for thread 8346099072
2026-09-17 02:02:19.105 | INFO     | tldw_Server_API.app.core.DB_Management.chacha.note_store:_execute:126 - Added note 'Private pack source' with ID: c18abfa2-58d0-48c9-ada2-33f47b36c7ae.
2026-09-17 02:02:19.109 | DEBUG    | tldw_Server_API.app.core.DB_Management.ChaChaNotes_DB:execute_many:8456 - Executing Many on backend postgresql: INSERT INTO study_pack_cards(study_pack_id, flashcard_uuid, created_at, last_modified, deleted, client_id, version) VALUES(?, ?, ?, ?, ?, ?, ?) ON CON... with 1 sets.
2026-09-17 02:02:19.110 | DEBUG    | tldw_Server_API.app.core.DB_Management.ChaChaNotes_DB:execute_many:8456 - Executing Many on backend postgresql:
                    INSERT INTO flashcard_citations(
                        flashcard_uuid, source_type, source_id, citation_text, locator, ordinal,... with 1 sets.
2026-09-17 02:02:19.112 | DEBUG    | tldw_Server_API.app.core.DB_Management.ChaChaNotes_DB:_get_connection_for_state:8036 - Acquired backend connection (postgresql) for thread 8346099072
2026-09-17 02:02:19.112 | DEBUG    | tldw_Server_API.app.core.DB_Management.ChaChaNotes_DB:execute_query:8286 - Executing SQL (script=False, backend=postgresql):
            SELECT id, workspace_id, title, deck_id, source_bundle_json, generation_options_json,
                   status, superseded_by_pack_id, created_at, last_modified, deleted, client_id, version
              FROM study_packs
             WHERE id = ? AND deleted = 0
        ... Params: (1,)...
2026-09-17 02:02:19.112 | DEBUG    | tldw_Server_API.app.core.DB_Management.ChaChaNotes_DB:execute_query:8286 - Executing SQL (script=False, backend=postgresql):
            SELECT f.uuid, f.deck_id, d.name AS deck_name, d.workspace_id AS workspace_id, f.front, f.back, f.notes, f.extra, f.is_cloze, f.tags_json,
                   f.source_ref_type, f.source_ref_id, f.conversation_id, f.message_id,
                   f.ef, f.interval_days, f.repetitions, f.l... Params: ('d0d5aefe-e200-48de-bf8a-2915279b87e6', '2')...
2026-09-17 02:02:19.113 | DEBUG    | tldw_Server_API.app.core.DB_Management.ChaChaNotes_DB:execute_query:8286 - Executing SQL (script=False, backend=postgresql):
            SELECT spc.id, spc.study_pack_id, spc.flashcard_uuid, spc.created_at, spc.last_modified,
                   spc.deleted, spc.client_id, spc.version, f.deck_id
              FROM study_pack_cards spc
              LEFT JOIN flashcards f ON f.uuid = spc.flashcard_uuid
             WHERE s... Params: (1,)...
2026-09-17 02:02:19.113 | DEBUG    | tldw_Server_API.app.core.DB_Management.ChaChaNotes_DB:execute_query:8286 - Executing SQL (script=False, backend=postgresql):
            SELECT id, flashcard_uuid, source_type, source_id, citation_text, locator, ordinal,
                   created_at, last_modified, deleted, client_id, version
              FROM flashcard_citations
             WHERE flashcard_uuid = ? AND 1=1
             ORDER BY ordinal, id
        ... Params: ('d0d5aefe-e200-48de-bf8a-2915279b87e6',)...
2026-09-17 02:02:19.115 | DEBUG    | tldw_Server_API.app.core.DB_Management.ChaChaNotes_DB:_get_connection_for_state:8036 - Acquired backend connection (postgresql) for thread 8346099072
2026-09-17 02:02:19.116 | DEBUG    | tldw_Server_API.app.core.DB_Management.ChaChaNotes_DB:execute_many:8456 - Executing Many on backend postgresql:
                        INSERT INTO flashcard_citations(
                            flashcard_uuid, source_type, source_id, citation_text, locator, ... with 1 sets.
2026-09-17 02:02:19.117 | DEBUG    | tldw_Server_API.app.core.DB_Management.ChaChaNotes_DB:_get_connection_for_state:8036 - Acquired backend connection (postgresql) for thread 8346099072
2026-09-17 02:02:19.118 | DEBUG    | tldw_Server_API.app.core.DB_Management.ChaChaNotes_DB:execute_query:8286 - Executing SQL (script=False, backend=postgresql):
            SELECT id, workspace_id, title, deck_id, source_bundle_json, generation_options_json,
                   status, superseded_by_pack_id, created_at, last_modified, deleted, client_id, version
              FROM study_packs
             WHERE id = ? AND deleted = 0
        ... Params: (1,)...
2026-09-17 02:02:19.118 | DEBUG    | tldw_Server_API.app.core.DB_Management.ChaChaNotes_DB:execute_query:8286 - Executing SQL (script=False, backend=postgresql):
            SELECT f.uuid, f.deck_id, d.name AS deck_name, d.workspace_id AS workspace_id, f.front, f.back, f.notes, f.extra, f.is_cloze, f.tags_json,
                   f.source_ref_type, f.source_ref_id, f.conversation_id, f.message_id,
                   f.ef, f.interval_days, f.repetitions, f.l... Params: ('d0d5aefe-e200-48de-bf8a-2915279b87e6', '2')...
2026-09-17 02:02:19.119 | DEBUG    | tldw_Server_API.app.core.DB_Management.ChaChaNotes_DB:execute_query:8286 - Executing SQL (script=False, backend=postgresql):
            SELECT spc.id, spc.study_pack_id, spc.flashcard_uuid, spc.created_at, spc.last_modified,
                   spc.deleted, spc.client_id, spc.version, f.deck_id
              FROM study_pack_cards spc
              LEFT JOIN flashcards f ON f.uuid = spc.flashcard_uuid
             WHERE s... Params: (1,)...
2026-09-17 02:02:19.119 | DEBUG    | tldw_Server_API.app.core.DB_Management.ChaChaNotes_DB:execute_query:8286 - Executing SQL (script=False, backend=postgresql):
            SELECT id, flashcard_uuid, source_type, source_id, citation_text, locator, ordinal,
                   created_at, last_modified, deleted, client_id, version
              FROM flashcard_citations
             WHERE flashcard_uuid = ? AND 1=1
             ORDER BY ordinal, id
        ... Params: ('d0d5aefe-e200-48de-bf8a-2915279b87e6',)...
--------------------------- Captured stderr teardown ---------------------------
2026-09-17 02:02:19.138 | INFO     | tldw_Server_API.app.api.v1.API_Deps.ChaCha_Notes_DB_Deps:close_all_chacha_db_instances:876 - Closing all cached ChaChaNotesDB instances (0)...
2026-09-17 02:02:19.138 | INFO     | tldw_Server_API.app.api.v1.API_Deps.ChaCha_Notes_DB_Deps:close_all_chacha_db_instances:892 - All ChaChaNotesDB instances closed and cache cleared.
2026-09-17 02:02:19.138 | INFO     | tldw_Server_API.app.api.v1.API_Deps.ChaCha_Notes_DB_Deps:close_all_chacha_db_instances:876 - Closing all cached ChaChaNotesDB instances (0)...
2026-09-17 02:02:19.138 | INFO     | tldw_Server_API.app.api.v1.API_Deps.ChaCha_Notes_DB_Deps:close_all_chacha_db_instances:892 - All ChaChaNotesDB instances closed and cache cleared.
_ test_selected_store_hides_foreign_pack_and_provenance[postgres-get_study_pack] _
tldw_Server_API/tests/StudyPacks/test_study_pack_owner_contract.py:86: in test_selected_store_hides_foreign_pack_and_provenance
    assert result == ([] if method.startswith("list_") else None)
E   AssertionError: assert {'client_id': '2', 'created_at': datetime.datetime(2026, 9, 17, 9, 2, 20, 714000, tzinfo=zoneinfo.ZoneInfo(key='Etc/UTC')), 'deck_id': 1, 'deleted': False, ...} == None
---------------------------- Captured stderr setup -----------------------------
2026-09-17 02:02:19.154 | INFO     | tldw_Server_API.app.core.DB_Management.backends.factory:create_backend:392 - Creating postgresql backend
2026-09-17 02:02:19.154 | INFO     | tldw_Server_API.app.core.config:_buffered_log:210 - Determined ACTUAL_PROJECT_ROOT for database paths: /Users/macbook-dev/Documents/GitHub/tldw_server2
2026-09-17 02:02:19.155 | INFO     | tldw_Server_API.app.core.config:_buffered_log:210 - Early loading environment variables from: /Users/macbook-dev/Documents/GitHub/tldw_server2/tldw_Server_API/Config_Files/.env
2026-09-17 02:02:19.159 | INFO     | tldw_Server_API.app.core.config:_buffered_log:210 - Early loading environment variables from: /Users/macbook-dev/Documents/GitHub/tldw_server2/tldw_Server_API/Config_Files/.ENV
2026-09-17 02:02:19.163 | DEBUG    | tldw_Server_API.app.core.config:_buffered_log:210 - load_and_log_configs(): Loading and logging configurations...
2026-09-17 02:02:19.163 | INFO     | tldw_Server_API.app.core.config:_buffered_log:210 - Loading environment variables from: /Users/macbook-dev/Documents/GitHub/tldw_server2/tldw_Server_API/Config_Files/.env
2026-09-17 02:02:19.170 | INFO     | tldw_Server_API.app.core.config:_buffered_log:210 - Loading environment variables from: /Users/macbook-dev/Documents/GitHub/tldw_server2/tldw_Server_API/Config_Files/.ENV
2026-09-17 02:02:19.177 | INFO     | tldw_Server_API.app.core.config:_buffered_log:210 - Attempting to load comprehensive config from: /Users/macbook-dev/Documents/GitHub/tldw_server2/tldw_Server_API/Config_Files/config.txt
2026-09-17 02:02:19.178 | INFO     | tldw_Server_API.app.core.config:_buffered_log:210 - load_comprehensive_config(): Sections found in config: ['Setup', 'UI', 'Server', 'Files', 'Image-Generation', 'ACP', 'WORKSPACES', 'ACP-WORKSPACE', 'ACP-SANDBOX', 'Audit', 'Processing', 'Media-Processing', 'Chat-Dictionaries', 'Chat-Module', 'Chat-Commands', 'Chat-Templating', 'Character-Chat', 'Settings', 'Auto-Save', 'Prompts', 'Database', 'Chunking', 'Visual-RAG', 'AuthNZ', 'Streaming', 'HTTP', 'Egress', 'Embeddings', 'Claims', 'ClaimsMonitoring', 'RAG', 'Search-Agent', 'ResourceGovernor', 'Jobs', 'SlidesStandaloneHtml', 'Diarization', 'API', 'MLX', 'Local-API', 'LlamaCpp', 'STT-Settings', 'external_providers', 'TTS-Settings', 'VibeVoice', 'Audio-Quota', 'API-Routes', 'Search-Engines', 'Web-Scraper', 'Logging', 'Moderation', 'Redis', 'Web-Scraping', 'personalization', 'persona', 'persona.rbac']
2026-09-17 02:02:19.180 | INFO     | tldw_Server_API.app.core.config:_buffered_log:210 - Ensured main SQLite database directory exists: /Users/macbook-dev/Documents/GitHub/tldw_server2/Databases
2026-09-17 02:02:19.181 | INFO     | tldw_Server_API.app.core.config:_buffered_log:210 - Ensured user data base directory exists: Databases/user_databases
2026-09-17 02:02:19.181 | WARNING  | tldw_Server_API.app.core.DB_Management.db_path_utils:resolve_user_db_base_dir:491 - USER_DB_BASE_DIR not configured in tests, using isolated fallback: /private/var/folders/sn/m80n2j152t9gw3w8qwk2nykh0000gn/T/tldw_user_databases_test/default-2b48a741
2026-09-17 02:02:19.181 | INFO     | tldw_Server_API.app.core.DB_Management.ChaChaNotes_DB:__init__:7657 - Initializing CharactersRAGDB for path: /private/var/folders/sn/m80n2j152t9gw3w8qwk2nykh0000gn/T/pytest-of-macbook-dev/pytest-705/test_selected_store_hides_fore6/packs.db [Client ID: 2] (backend=postgresql)
2026-09-17 02:02:20.525 | DEBUG    | tldw_Server_API.app.core.DB_Management.ChaChaNotes_DB:__init__:7664 - CharactersRAGDB initialization completed successfully for /private/var/folders/sn/m80n2j152t9gw3w8qwk2nykh0000gn/T/pytest-of-macbook-dev/pytest-705/test_selected_store_hides_fore6/packs.db
2026-09-17 02:02:20.529 | INFO     | tldw_Server_API.app.core.Jobs.migrations:ensure_jobs_tables:1505 - Ensured Jobs schema at /private/var/folders/sn/m80n2j152t9gw3w8qwk2nykh0000gn/T/pytest-of-macbook-dev/pytest-705/test_selected_store_hides_fore6/jobs.db
2026-09-17 02:02:20.560 | WARNING  | tldw_Server_API.app.core.DB_Management.db_path_utils:resolve_user_db_base_dir:491 - USER_DB_BASE_DIR not configured in tests, using isolated fallback: /private/var/folders/sn/m80n2j152t9gw3w8qwk2nykh0000gn/T/tldw_user_databases_test/default-2b48a741
2026-09-17 02:02:20.560 | INFO     | tldw_Server_API.app.core.DB_Management.ChaChaNotes_DB:__init__:7657 - Initializing CharactersRAGDB for path: /private/var/folders/sn/m80n2j152t9gw3w8qwk2nykh0000gn/T/pytest-of-macbook-dev/pytest-705/test_selected_store_hides_fore6/foreign.db [Client ID: 3] (backend=postgresql)
2026-09-17 02:02:20.708 | DEBUG    | tldw_Server_API.app.core.DB_Management.ChaChaNotes_DB:__init__:7664 - CharactersRAGDB initialization completed successfully for /private/var/folders/sn/m80n2j152t9gw3w8qwk2nykh0000gn/T/pytest-of-macbook-dev/pytest-705/test_selected_store_hides_fore6/foreign.db
----------------------------- Captured stderr call -----------------------------
2026-09-17 02:02:20.710 | DEBUG    | tldw_Server_API.app.core.DB_Management.ChaChaNotes_DB:_get_connection_for_state:8036 - Acquired backend connection (postgresql) for thread 8346099072
2026-09-17 02:02:20.712 | INFO     | tldw_Server_API.app.core.DB_Management.chacha.note_store:_execute:126 - Added note 'Private pack source' with ID: 479c46a2-d2a5-4696-abd3-e1c829814f88.
2026-09-17 02:02:20.716 | DEBUG    | tldw_Server_API.app.core.DB_Management.ChaChaNotes_DB:execute_many:8456 - Executing Many on backend postgresql: INSERT INTO study_pack_cards(study_pack_id, flashcard_uuid, created_at, last_modified, deleted, client_id, version) VALUES(?, ?, ?, ?, ?, ?, ?) ON CON... with 1 sets.
2026-09-17 02:02:20.717 | DEBUG    | tldw_Server_API.app.core.DB_Management.ChaChaNotes_DB:execute_many:8456 - Executing Many on backend postgresql:
                    INSERT INTO flashcard_citations(
                        flashcard_uuid, source_type, source_id, citation_text, locator, ordinal,... with 1 sets.
2026-09-17 02:02:20.720 | DEBUG    | tldw_Server_API.app.core.DB_Management.ChaChaNotes_DB:_get_connection_for_state:8036 - Acquired backend connection (postgresql) for thread 8346099072
2026-09-17 02:02:20.720 | DEBUG    | tldw_Server_API.app.core.DB_Management.ChaChaNotes_DB:execute_query:8286 - Executing SQL (script=False, backend=postgresql):
            SELECT id, workspace_id, title, deck_id, source_bundle_json, generation_options_json,
                   status, superseded_by_pack_id, created_at, last_modified, deleted, client_id, version
              FROM study_packs
             WHERE id = ? AND deleted = 0
        ... Params: (1,)...
2026-09-17 02:02:20.726 | DEBUG    | tldw_Server_API.app.core.DB_Management.ChaChaNotes_DB:_get_connection_for_state:8036 - Acquired backend connection (postgresql) for thread 8346099072
2026-09-17 02:02:20.727 | DEBUG    | tldw_Server_API.app.core.DB_Management.ChaChaNotes_DB:execute_query:8286 - Executing SQL (script=False, backend=postgresql):
            SELECT id, workspace_id, title, deck_id, source_bundle_json, generation_options_json,
                   status, superseded_by_pack_id, created_at, last_modified, deleted, client_id, version
              FROM study_packs
             WHERE id = ? AND deleted = 0
        ... Params: (1,)...
--------------------------- Captured stderr teardown ---------------------------
2026-09-17 02:02:20.747 | INFO     | tldw_Server_API.app.api.v1.API_Deps.ChaCha_Notes_DB_Deps:close_all_chacha_db_instances:876 - Closing all cached ChaChaNotesDB instances (0)...
2026-09-17 02:02:20.747 | INFO     | tldw_Server_API.app.api.v1.API_Deps.ChaCha_Notes_DB_Deps:close_all_chacha_db_instances:892 - All ChaChaNotesDB instances closed and cache cleared.
2026-09-17 02:02:20.747 | INFO     | tldw_Server_API.app.api.v1.API_Deps.ChaCha_Notes_DB_Deps:close_all_chacha_db_instances:876 - Closing all cached ChaChaNotesDB instances (0)...
2026-09-17 02:02:20.747 | INFO     | tldw_Server_API.app.api.v1.API_Deps.ChaCha_Notes_DB_Deps:close_all_chacha_db_instances:892 - All ChaChaNotesDB instances closed and cache cleared.
_ test_membership_denial_preserves_prior_caller_work_and_rolls_back_all_writes[postgres] _
tldw_Server_API/tests/StudyPacks/test_study_pack_owner_contract.py:289: in test_membership_denial_preserves_prior_caller_work_and_rolls_back_all_writes
    with pytest.raises(ConflictError if kind == "postgres" else CharactersRAGDBError):
E   Failed: DID NOT RAISE <class 'tldw_Server_API.app.core.DB_Management.ChaChaNotes_DB.ConflictError'>
---------------------------- Captured stderr setup -----------------------------
2026-09-17 02:02:20.764 | INFO     | tldw_Server_API.app.core.DB_Management.backends.factory:create_backend:392 - Creating postgresql backend
2026-09-17 02:02:20.764 | INFO     | tldw_Server_API.app.core.config:_buffered_log:210 - Determined ACTUAL_PROJECT_ROOT for database paths: /Users/macbook-dev/Documents/GitHub/tldw_server2
2026-09-17 02:02:20.765 | INFO     | tldw_Server_API.app.core.config:_buffered_log:210 - Early loading environment variables from: /Users/macbook-dev/Documents/GitHub/tldw_server2/tldw_Server_API/Config_Files/.env
2026-09-17 02:02:20.769 | INFO     | tldw_Server_API.app.core.config:_buffered_log:210 - Early loading environment variables from: /Users/macbook-dev/Documents/GitHub/tldw_server2/tldw_Server_API/Config_Files/.ENV
2026-09-17 02:02:20.773 | DEBUG    | tldw_Server_API.app.core.config:_buffered_log:210 - load_and_log_configs(): Loading and logging configurations...
2026-09-17 02:02:20.774 | INFO     | tldw_Server_API.app.core.config:_buffered_log:210 - Loading environment variables from: /Users/macbook-dev/Documents/GitHub/tldw_server2/tldw_Server_API/Config_Files/.env
2026-09-17 02:02:20.781 | INFO     | tldw_Server_API.app.core.config:_buffered_log:210 - Loading environment variables from: /Users/macbook-dev/Documents/GitHub/tldw_server2/tldw_Server_API/Config_Files/.ENV
2026-09-17 02:02:20.788 | INFO     | tldw_Server_API.app.core.config:_buffered_log:210 - Attempting to load comprehensive config from: /Users/macbook-dev/Documents/GitHub/tldw_server2/tldw_Server_API/Config_Files/config.txt
2026-09-17 02:02:20.790 | INFO     | tldw_Server_API.app.core.config:_buffered_log:210 - load_comprehensive_config(): Sections found in config: ['Setup', 'UI', 'Server', 'Files', 'Image-Generation', 'ACP', 'WORKSPACES', 'ACP-WORKSPACE', 'ACP-SANDBOX', 'Audit', 'Processing', 'Media-Processing', 'Chat-Dictionaries', 'Chat-Module', 'Chat-Commands', 'Chat-Templating', 'Character-Chat', 'Settings', 'Auto-Save', 'Prompts', 'Database', 'Chunking', 'Visual-RAG', 'AuthNZ', 'Streaming', 'HTTP', 'Egress', 'Embeddings', 'Claims', 'ClaimsMonitoring', 'RAG', 'Search-Agent', 'ResourceGovernor', 'Jobs', 'SlidesStandaloneHtml', 'Diarization', 'API', 'MLX', 'Local-API', 'LlamaCpp', 'STT-Settings', 'external_providers', 'TTS-Settings', 'VibeVoice', 'Audio-Quota', 'API-Routes', 'Search-Engines', 'Web-Scraper', 'Logging', 'Moderation', 'Redis', 'Web-Scraping', 'personalization', 'persona', 'persona.rbac']
2026-09-17 02:02:20.793 | INFO     | tldw_Server_API.app.core.config:_buffered_log:210 - Ensured main SQLite database directory exists: /Users/macbook-dev/Documents/GitHub/tldw_server2/Databases
2026-09-17 02:02:20.793 | INFO     | tldw_Server_API.app.core.config:_buffered_log:210 - Ensured user data base directory exists: Databases/user_databases
2026-09-17 02:02:20.793 | WARNING  | tldw_Server_API.app.core.DB_Management.db_path_utils:resolve_user_db_base_dir:491 - USER_DB_BASE_DIR not configured in tests, using isolated fallback: /private/var/folders/sn/m80n2j152t9gw3w8qwk2nykh0000gn/T/tldw_user_databases_test/default-2b48a741
2026-09-17 02:02:20.793 | INFO     | tldw_Server_API.app.core.DB_Management.ChaChaNotes_DB:__init__:7657 - Initializing CharactersRAGDB for path: /private/var/folders/sn/m80n2j152t9gw3w8qwk2nykh0000gn/T/pytest-of-macbook-dev/pytest-705/test_membership_denial_preserv1/packs.db [Client ID: 2] (backend=postgresql)
2026-09-17 02:02:22.020 | DEBUG    | tldw_Server_API.app.core.DB_Management.ChaChaNotes_DB:__init__:7664 - CharactersRAGDB initialization completed successfully for /private/var/folders/sn/m80n2j152t9gw3w8qwk2nykh0000gn/T/pytest-of-macbook-dev/pytest-705/test_membership_denial_preserv1/packs.db
2026-09-17 02:02:22.023 | INFO     | tldw_Server_API.app.core.Jobs.migrations:ensure_jobs_tables:1505 - Ensured Jobs schema at /private/var/folders/sn/m80n2j152t9gw3w8qwk2nykh0000gn/T/pytest-of-macbook-dev/pytest-705/test_membership_denial_preserv1/jobs.db
2026-09-17 02:02:22.055 | WARNING  | tldw_Server_API.app.core.DB_Management.db_path_utils:resolve_user_db_base_dir:491 - USER_DB_BASE_DIR not configured in tests, using isolated fallback: /private/var/folders/sn/m80n2j152t9gw3w8qwk2nykh0000gn/T/tldw_user_databases_test/default-2b48a741
2026-09-17 02:02:22.055 | INFO     | tldw_Server_API.app.core.DB_Management.ChaChaNotes_DB:__init__:7657 - Initializing CharactersRAGDB for path: /private/var/folders/sn/m80n2j152t9gw3w8qwk2nykh0000gn/T/pytest-of-macbook-dev/pytest-705/test_membership_denial_preserv1/foreign.db [Client ID: 3] (backend=postgresql)
2026-09-17 02:02:22.202 | DEBUG    | tldw_Server_API.app.core.DB_Management.ChaChaNotes_DB:__init__:7664 - CharactersRAGDB initialization completed successfully for /private/var/folders/sn/m80n2j152t9gw3w8qwk2nykh0000gn/T/pytest-of-macbook-dev/pytest-705/test_membership_denial_preserv1/foreign.db
----------------------------- Captured stderr call -----------------------------
2026-09-17 02:02:22.204 | DEBUG    | tldw_Server_API.app.core.DB_Management.ChaChaNotes_DB:_get_connection_for_state:8036 - Acquired backend connection (postgresql) for thread 8346099072
2026-09-17 02:02:22.206 | INFO     | tldw_Server_API.app.core.DB_Management.chacha.note_store:_execute:126 - Added note 'Private pack source' with ID: d13e4aaf-dea6-4d46-859e-736ebae17301.
2026-09-17 02:02:22.210 | DEBUG    | tldw_Server_API.app.core.DB_Management.ChaChaNotes_DB:execute_many:8456 - Executing Many on backend postgresql:
                    INSERT INTO flashcard_citations(
                        flashcard_uuid, source_type, source_id, citation_text, locator, ordinal,... with 1 sets.
2026-09-17 02:02:22.213 | DEBUG    | tldw_Server_API.app.core.DB_Management.ChaChaNotes_DB:_get_connection_for_state:8036 - Acquired backend connection (postgresql) for thread 8346099072
2026-09-17 02:02:22.214 | INFO     | tldw_Server_API.app.core.DB_Management.chacha.note_store:_execute:126 - Added note 'Private pack source' with ID: 60fc3757-e795-4070-be81-99cd7706204d.
2026-09-17 02:02:22.218 | DEBUG    | tldw_Server_API.app.core.DB_Management.ChaChaNotes_DB:execute_many:8456 - Executing Many on backend postgresql: INSERT INTO study_pack_cards(study_pack_id, flashcard_uuid, created_at, last_modified, deleted, client_id, version) VALUES(?, ?, ?, ?, ?, ?, ?) ON CON... with 1 sets.
2026-09-17 02:02:22.219 | DEBUG    | tldw_Server_API.app.core.DB_Management.ChaChaNotes_DB:execute_many:8456 - Executing Many on backend postgresql:
                    INSERT INTO flashcard_citations(
                        flashcard_uuid, source_type, source_id, citation_text, locator, ordinal,... with 1 sets.
2026-09-17 02:02:22.221 | DEBUG    | tldw_Server_API.app.core.DB_Management.ChaChaNotes_DB:_get_connection_for_state:8036 - Acquired backend connection (postgresql) for thread 8346099072
2026-09-17 02:02:22.221 | DEBUG    | tldw_Server_API.app.core.DB_Management.ChaChaNotes_DB:execute_query:8286 - Executing SQL (script=False, backend=postgresql):
            SELECT f.uuid, f.deck_id, d.name AS deck_name, d.workspace_id AS workspace_id, f.front, f.back, f.notes, f.extra, f.is_cloze, f.tags_json,
                   f.source_ref_type, f.source_ref_id, f.conversation_id, f.message_id,
                   f.ef, f.interval_days, f.repetitions, f.l... Params: ('4715cc99-9f60-4886-bc16-cb5aef175e30', '2')...
2026-09-17 02:02:22.222 | DEBUG    | tldw_Server_API.app.core.DB_Management.ChaChaNotes_DB:execute_query:8286 - Executing SQL (script=False, backend=postgresql):
            SELECT id, flashcard_uuid, source_type, source_id, citation_text, locator, ordinal,
                   created_at, last_modified, deleted, client_id, version
              FROM flashcard_citations
             WHERE flashcard_uuid = ? AND 1=1
             ORDER BY ordinal, id
        ... Params: ('4715cc99-9f60-4886-bc16-cb5aef175e30',)...
2026-09-17 02:02:22.223 | DEBUG    | tldw_Server_API.app.core.DB_Management.ChaChaNotes_DB:execute_many:8456 - Executing Many on backend postgresql: INSERT INTO study_pack_cards(study_pack_id, flashcard_uuid, created_at, last_modified, deleted, client_id, version) VALUES(?, ?, ?, ?, ?, ?, ?) ON CON... with 2 sets.
--------------------------- Captured stderr teardown ---------------------------
2026-09-17 02:02:22.242 | INFO     | tldw_Server_API.app.api.v1.API_Deps.ChaCha_Notes_DB_Deps:close_all_chacha_db_instances:876 - Closing all cached ChaChaNotesDB instances (0)...
2026-09-17 02:02:22.242 | INFO     | tldw_Server_API.app.api.v1.API_Deps.ChaCha_Notes_DB_Deps:close_all_chacha_db_instances:892 - All ChaChaNotesDB instances closed and cache cleared.
2026-09-17 02:02:22.243 | INFO     | tldw_Server_API.app.api.v1.API_Deps.ChaCha_Notes_DB_Deps:close_all_chacha_db_instances:876 - Closing all cached ChaChaNotesDB instances (0)...
2026-09-17 02:02:22.243 | INFO     | tldw_Server_API.app.api.v1.API_Deps.ChaCha_Notes_DB_Deps:close_all_chacha_db_instances:892 - All ChaChaNotesDB instances closed and cache cleared.
_ test_membership_parent_validation_keeps_backend_deletion_contract[postgres-deleted-pack] _
tldw_Server_API/tests/StudyPacks/test_study_pack_owner_contract.py:319: in test_membership_parent_validation_keeps_backend_deletion_contract
    with pytest.raises(ConflictError):
E   Failed: DID NOT RAISE <class 'tldw_Server_API.app.core.DB_Management.ChaChaNotes_DB.ConflictError'>
---------------------------- Captured stderr setup -----------------------------
2026-09-17 02:02:23.478 | INFO     | tldw_Server_API.app.core.DB_Management.backends.factory:create_backend:392 - Creating postgresql backend
2026-09-17 02:02:23.478 | INFO     | tldw_Server_API.app.core.config:_buffered_log:210 - Determined ACTUAL_PROJECT_ROOT for database paths: /Users/macbook-dev/Documents/GitHub/tldw_server2
2026-09-17 02:02:23.479 | INFO     | tldw_Server_API.app.core.config:_buffered_log:210 - Early loading environment variables from: /Users/macbook-dev/Documents/GitHub/tldw_server2/tldw_Server_API/Config_Files/.env
2026-09-17 02:02:23.483 | INFO     | tldw_Server_API.app.core.config:_buffered_log:210 - Early loading environment variables from: /Users/macbook-dev/Documents/GitHub/tldw_server2/tldw_Server_API/Config_Files/.ENV
2026-09-17 02:02:23.487 | DEBUG    | tldw_Server_API.app.core.config:_buffered_log:210 - load_and_log_configs(): Loading and logging configurations...
2026-09-17 02:02:23.488 | INFO     | tldw_Server_API.app.core.config:_buffered_log:210 - Loading environment variables from: /Users/macbook-dev/Documents/GitHub/tldw_server2/tldw_Server_API/Config_Files/.env
2026-09-17 02:02:23.492 | INFO     | tldw_Server_API.app.core.config:_buffered_log:210 - Loading environment variables from: /Users/macbook-dev/Documents/GitHub/tldw_server2/tldw_Server_API/Config_Files/.ENV
2026-09-17 02:02:23.496 | INFO     | tldw_Server_API.app.core.config:_buffered_log:210 - Attempting to load comprehensive config from: /Users/macbook-dev/Documents/GitHub/tldw_server2/tldw_Server_API/Config_Files/config.txt
2026-09-17 02:02:23.498 | INFO     | tldw_Server_API.app.core.config:_buffered_log:210 - load_comprehensive_config(): Sections found in config: ['Setup', 'UI', 'Server', 'Files', 'Image-Generation', 'ACP', 'WORKSPACES', 'ACP-WORKSPACE', 'ACP-SANDBOX', 'Audit', 'Processing', 'Media-Processing', 'Chat-Dictionaries', 'Chat-Module', 'Chat-Commands', 'Chat-Templating', 'Character-Chat', 'Settings', 'Auto-Save', 'Prompts', 'Database', 'Chunking', 'Visual-RAG', 'AuthNZ', 'Streaming', 'HTTP', 'Egress', 'Embeddings', 'Claims', 'ClaimsMonitoring', 'RAG', 'Search-Agent', 'ResourceGovernor', 'Jobs', 'SlidesStandaloneHtml', 'Diarization', 'API', 'MLX', 'Local-API', 'LlamaCpp', 'STT-Settings', 'external_providers', 'TTS-Settings', 'VibeVoice', 'Audio-Quota', 'API-Routes', 'Search-Engines', 'Web-Scraper', 'Logging', 'Moderation', 'Redis', 'Web-Scraping', 'personalization', 'persona', 'persona.rbac']
2026-09-17 02:02:23.500 | INFO     | tldw_Server_API.app.core.config:_buffered_log:210 - Ensured main SQLite database directory exists: /Users/macbook-dev/Documents/GitHub/tldw_server2/Databases
2026-09-17 02:02:23.500 | INFO     | tldw_Server_API.app.core.config:_buffered_log:210 - Ensured user data base directory exists: Databases/user_databases
2026-09-17 02:02:23.501 | WARNING  | tldw_Server_API.app.core.DB_Management.db_path_utils:resolve_user_db_base_dir:491 - USER_DB_BASE_DIR not configured in tests, using isolated fallback: /private/var/folders/sn/m80n2j152t9gw3w8qwk2nykh0000gn/T/tldw_user_databases_test/default-2b48a741
2026-09-17 02:02:23.501 | INFO     | tldw_Server_API.app.core.DB_Management.ChaChaNotes_DB:__init__:7657 - Initializing CharactersRAGDB for path: /private/var/folders/sn/m80n2j152t9gw3w8qwk2nykh0000gn/T/pytest-of-macbook-dev/pytest-705/test_membership_parent_validat7/packs.db [Client ID: 2] (backend=postgresql)
2026-09-17 02:02:25.277 | DEBUG    | tldw_Server_API.app.core.DB_Management.ChaChaNotes_DB:__init__:7664 - CharactersRAGDB initialization completed successfully for /private/var/folders/sn/m80n2j152t9gw3w8qwk2nykh0000gn/T/pytest-of-macbook-dev/pytest-705/test_membership_parent_validat7/packs.db
2026-09-17 02:02:25.283 | INFO     | tldw_Server_API.app.core.Jobs.migrations:ensure_jobs_tables:1505 - Ensured Jobs schema at /private/var/folders/sn/m80n2j152t9gw3w8qwk2nykh0000gn/T/pytest-of-macbook-dev/pytest-705/test_membership_parent_validat7/jobs.db
----------------------------- Captured stderr call -----------------------------
2026-09-17 02:02:25.323 | DEBUG    | tldw_Server_API.app.core.DB_Management.ChaChaNotes_DB:_get_connection_for_state:8036 - Acquired backend connection (postgresql) for thread 8346099072
2026-09-17 02:02:25.328 | INFO     | tldw_Server_API.app.core.DB_Management.chacha.note_store:_execute:126 - Added note 'Private pack source' with ID: 19703629-899f-43c3-89aa-ce62ccbabb13.
2026-09-17 02:02:25.336 | DEBUG    | tldw_Server_API.app.core.DB_Management.ChaChaNotes_DB:execute_many:8456 - Executing Many on backend postgresql:
                    INSERT INTO flashcard_citations(
                        flashcard_uuid, source_type, source_id, citation_text, locator, ordinal,... with 1 sets.
2026-09-17 02:02:25.342 | DEBUG    | tldw_Server_API.app.core.DB_Management.ChaChaNotes_DB:_get_connection_for_state:8036 - Acquired backend connection (postgresql) for thread 8346099072
2026-09-17 02:02:25.346 | DEBUG    | tldw_Server_API.app.core.DB_Management.ChaChaNotes_DB:execute_many:8456 - Executing Many on backend postgresql: INSERT INTO study_pack_cards(study_pack_id, flashcard_uuid, created_at, last_modified, deleted, client_id, version) VALUES(?, ?, ?, ?, ?, ?, ?) ON CON... with 1 sets.
--------------------------- Captured stderr teardown ---------------------------
2026-09-17 02:02:25.377 | INFO     | tldw_Server_API.app.api.v1.API_Deps.ChaCha_Notes_DB_Deps:close_all_chacha_db_instances:876 - Closing all cached ChaChaNotesDB instances (0)...
2026-09-17 02:02:25.377 | INFO     | tldw_Server_API.app.api.v1.API_Deps.ChaCha_Notes_DB_Deps:close_all_chacha_db_instances:892 - All ChaChaNotesDB instances closed and cache cleared.
2026-09-17 02:02:25.378 | INFO     | tldw_Server_API.app.api.v1.API_Deps.ChaCha_Notes_DB_Deps:close_all_chacha_db_instances:876 - Closing all cached ChaChaNotesDB instances (0)...
2026-09-17 02:02:25.378 | INFO     | tldw_Server_API.app.api.v1.API_Deps.ChaCha_Notes_DB_Deps:close_all_chacha_db_instances:892 - All ChaChaNotesDB instances closed and cache cleared.
_ test_foreign_study_pack_provenance_mutation_cannot_change_owner_rows[postgres-add-citation] _
tldw_Server_API/tests/StudyPacks/test_study_pack_owner_contract.py:194: in test_foreign_study_pack_provenance_mutation_cannot_change_owner_rows
    assert snapshot() == before
E   AssertionError: assert ({'client_id'... False, ...}]) == ({'client_id'... False, ...}])
E
E     At index 3 diff: [{'id': 1, 'flashcard_uuid': 'c966f37e-2d99-4a8f-9a0a-f0004f20eea7', 'source_type': 'note', 'source_id': 'beec4c1b-cf8f-4f96-937a-8cfac2b6ce07', 'citation_text': 'Synthetic owner-only citation', 'locator': None, 'ordinal': 0, 'created_at': datetime.datetime(2026, 9, 17, 9, 2, 30, 596000, tzinfo=zoneinfo.ZoneInfo(key='Etc/UTC')), 'last_modified': datetime.datetime(2026, 9, 17, 9, 2, 30, 596000, tzinfo=zoneinfo.ZoneInfo(key='Etc/UTC')), 'deleted': False, 'client_id': '2', 'version': 1}, {'id': 3, 'flashcard_uuid': 'c966f37e-2d99-4a8f-9a0a-f0004f20eea7', '...
E
E     ...Full output truncated (2 lines hidden), use '-vv' to show
---------------------------- Captured stderr setup -----------------------------
2026-09-17 02:02:29.100 | INFO     | tldw_Server_API.app.core.DB_Management.backends.factory:create_backend:392 - Creating postgresql backend
2026-09-17 02:02:29.100 | INFO     | tldw_Server_API.app.core.config:_buffered_log:210 - Determined ACTUAL_PROJECT_ROOT for database paths: /Users/macbook-dev/Documents/GitHub/tldw_server2
2026-09-17 02:02:29.101 | INFO     | tldw_Server_API.app.core.config:_buffered_log:210 - Early loading environment variables from: /Users/macbook-dev/Documents/GitHub/tldw_server2/tldw_Server_API/Config_Files/.env
2026-09-17 02:02:29.105 | INFO     | tldw_Server_API.app.core.config:_buffered_log:210 - Early loading environment variables from: /Users/macbook-dev/Documents/GitHub/tldw_server2/tldw_Server_API/Config_Files/.ENV
2026-09-17 02:02:29.109 | DEBUG    | tldw_Server_API.app.core.config:_buffered_log:210 - load_and_log_configs(): Loading and logging configurations...
2026-09-17 02:02:29.110 | INFO     | tldw_Server_API.app.core.config:_buffered_log:210 - Loading environment variables from: /Users/macbook-dev/Documents/GitHub/tldw_server2/tldw_Server_API/Config_Files/.env
2026-09-17 02:02:29.116 | INFO     | tldw_Server_API.app.core.config:_buffered_log:210 - Loading environment variables from: /Users/macbook-dev/Documents/GitHub/tldw_server2/tldw_Server_API/Config_Files/.ENV
2026-09-17 02:02:29.123 | INFO     | tldw_Server_API.app.core.config:_buffered_log:210 - Attempting to load comprehensive config from: /Users/macbook-dev/Documents/GitHub/tldw_server2/tldw_Server_API/Config_Files/config.txt
2026-09-17 02:02:29.125 | INFO     | tldw_Server_API.app.core.config:_buffered_log:210 - load_comprehensive_config(): Sections found in config: ['Setup', 'UI', 'Server', 'Files', 'Image-Generation', 'ACP', 'WORKSPACES', 'ACP-WORKSPACE', 'ACP-SANDBOX', 'Audit', 'Processing', 'Media-Processing', 'Chat-Dictionaries', 'Chat-Module', 'Chat-Commands', 'Chat-Templating', 'Character-Chat', 'Settings', 'Auto-Save', 'Prompts', 'Database', 'Chunking', 'Visual-RAG', 'AuthNZ', 'Streaming', 'HTTP', 'Egress', 'Embeddings', 'Claims', 'ClaimsMonitoring', 'RAG', 'Search-Agent', 'ResourceGovernor', 'Jobs', 'SlidesStandaloneHtml', 'Diarization', 'API', 'MLX', 'Local-API', 'LlamaCpp', 'STT-Settings', 'external_providers', 'TTS-Settings', 'VibeVoice', 'Audio-Quota', 'API-Routes', 'Search-Engines', 'Web-Scraper', 'Logging', 'Moderation', 'Redis', 'Web-Scraping', 'personalization', 'persona', 'persona.rbac']
2026-09-17 02:02:29.127 | INFO     | tldw_Server_API.app.core.config:_buffered_log:210 - Ensured main SQLite database directory exists: /Users/macbook-dev/Documents/GitHub/tldw_server2/Databases
2026-09-17 02:02:29.127 | INFO     | tldw_Server_API.app.core.config:_buffered_log:210 - Ensured user data base directory exists: Databases/user_databases
2026-09-17 02:02:29.128 | WARNING  | tldw_Server_API.app.core.DB_Management.db_path_utils:resolve_user_db_base_dir:491 - USER_DB_BASE_DIR not configured in tests, using isolated fallback: /private/var/folders/sn/m80n2j152t9gw3w8qwk2nykh0000gn/T/tldw_user_databases_test/default-2b48a741
2026-09-17 02:02:29.128 | INFO     | tldw_Server_API.app.core.DB_Management.ChaChaNotes_DB:__init__:7657 - Initializing CharactersRAGDB for path: /private/var/folders/sn/m80n2j152t9gw3w8qwk2nykh0000gn/T/pytest-of-macbook-dev/pytest-705/test_foreign_study_pack_proven11/packs.db [Client ID: 2] (backend=postgresql)
2026-09-17 02:02:30.407 | DEBUG    | tldw_Server_API.app.core.DB_Management.ChaChaNotes_DB:__init__:7664 - CharactersRAGDB initialization completed successfully for /private/var/folders/sn/m80n2j152t9gw3w8qwk2nykh0000gn/T/pytest-of-macbook-dev/pytest-705/test_foreign_study_pack_proven11/packs.db
2026-09-17 02:02:30.411 | INFO     | tldw_Server_API.app.core.Jobs.migrations:ensure_jobs_tables:1505 - Ensured Jobs schema at /private/var/folders/sn/m80n2j152t9gw3w8qwk2nykh0000gn/T/pytest-of-macbook-dev/pytest-705/test_foreign_study_pack_proven11/jobs.db
2026-09-17 02:02:30.444 | WARNING  | tldw_Server_API.app.core.DB_Management.db_path_utils:resolve_user_db_base_dir:491 - USER_DB_BASE_DIR not configured in tests, using isolated fallback: /private/var/folders/sn/m80n2j152t9gw3w8qwk2nykh0000gn/T/tldw_user_databases_test/default-2b48a741
2026-09-17 02:02:30.444 | INFO     | tldw_Server_API.app.core.DB_Management.ChaChaNotes_DB:__init__:7657 - Initializing CharactersRAGDB for path: /private/var/folders/sn/m80n2j152t9gw3w8qwk2nykh0000gn/T/pytest-of-macbook-dev/pytest-705/test_foreign_study_pack_proven11/foreign.db [Client ID: 3] (backend=postgresql)
2026-09-17 02:02:30.587 | DEBUG    | tldw_Server_API.app.core.DB_Management.ChaChaNotes_DB:__init__:7664 - CharactersRAGDB initialization completed successfully for /private/var/folders/sn/m80n2j152t9gw3w8qwk2nykh0000gn/T/pytest-of-macbook-dev/pytest-705/test_foreign_study_pack_proven11/foreign.db
----------------------------- Captured stderr call -----------------------------
2026-09-17 02:02:30.589 | DEBUG    | tldw_Server_API.app.core.DB_Management.ChaChaNotes_DB:_get_connection_for_state:8036 - Acquired backend connection (postgresql) for thread 8346099072
2026-09-17 02:02:30.591 | INFO     | tldw_Server_API.app.core.DB_Management.chacha.note_store:_execute:126 - Added note 'Private pack source' with ID: beec4c1b-cf8f-4f96-937a-8cfac2b6ce07.
2026-09-17 02:02:30.595 | DEBUG    | tldw_Server_API.app.core.DB_Management.ChaChaNotes_DB:execute_many:8456 - Executing Many on backend postgresql: INSERT INTO study_pack_cards(study_pack_id, flashcard_uuid, created_at, last_modified, deleted, client_id, version) VALUES(?, ?, ?, ?, ?, ?, ?) ON CON... with 1 sets.
2026-09-17 02:02:30.596 | DEBUG    | tldw_Server_API.app.core.DB_Management.ChaChaNotes_DB:execute_many:8456 - Executing Many on backend postgresql:
                    INSERT INTO flashcard_citations(
                        flashcard_uuid, source_type, source_id, citation_text, locator, ordinal,... with 1 sets.
2026-09-17 02:02:30.600 | DEBUG    | tldw_Server_API.app.core.DB_Management.ChaChaNotes_DB:_get_connection_for_state:8036 - Acquired backend connection (postgresql) for thread 8346099072
2026-09-17 02:02:30.601 | INFO     | tldw_Server_API.app.core.DB_Management.chacha.note_store:_execute:126 - Added note 'Private pack source' with ID: 3cf685e6-6173-4415-9e6e-bc35cb82bf01.
2026-09-17 02:02:30.604 | DEBUG    | tldw_Server_API.app.core.DB_Management.ChaChaNotes_DB:execute_many:8456 - Executing Many on backend postgresql: INSERT INTO study_pack_cards(study_pack_id, flashcard_uuid, created_at, last_modified, deleted, client_id, version) VALUES(?, ?, ?, ?, ?, ?, ?) ON CON... with 1 sets.
2026-09-17 02:02:30.605 | DEBUG    | tldw_Server_API.app.core.DB_Management.ChaChaNotes_DB:execute_many:8456 - Executing Many on backend postgresql:
                    INSERT INTO flashcard_citations(
                        flashcard_uuid, source_type, source_id, citation_text, locator, ordinal,... with 1 sets.
2026-09-17 02:02:30.607 | DEBUG    | tldw_Server_API.app.core.DB_Management.ChaChaNotes_DB:_get_connection_for_state:8036 - Acquired backend connection (postgresql) for thread 8346099072
2026-09-17 02:02:30.607 | DEBUG    | tldw_Server_API.app.core.DB_Management.ChaChaNotes_DB:execute_query:8286 - Executing SQL (script=False, backend=postgresql):
            SELECT id, workspace_id, title, deck_id, source_bundle_json, generation_options_json,
                   status, superseded_by_pack_id, created_at, last_modified, deleted, client_id, version
              FROM study_packs
             WHERE id = ? AND deleted = 0
        ... Params: (1,)...
2026-09-17 02:02:30.608 | DEBUG    | tldw_Server_API.app.core.DB_Management.ChaChaNotes_DB:execute_query:8286 - Executing SQL (script=False, backend=postgresql):
            SELECT f.uuid, f.deck_id, d.name AS deck_name, d.workspace_id AS workspace_id, f.front, f.back, f.notes, f.extra, f.is_cloze, f.tags_json,
                   f.source_ref_type, f.source_ref_id, f.conversation_id, f.message_id,
                   f.ef, f.interval_days, f.repetitions, f.l... Params: ('c966f37e-2d99-4a8f-9a0a-f0004f20eea7', '2')...
2026-09-17 02:02:30.608 | DEBUG    | tldw_Server_API.app.core.DB_Management.ChaChaNotes_DB:execute_query:8286 - Executing SQL (script=False, backend=postgresql):
            SELECT spc.id, spc.study_pack_id, spc.flashcard_uuid, spc.created_at, spc.last_modified,
                   spc.deleted, spc.client_id, spc.version, f.deck_id
              FROM study_pack_cards spc
              LEFT JOIN flashcards f ON f.uuid = spc.flashcard_uuid
             WHERE s... Params: (1,)...
2026-09-17 02:02:30.609 | DEBUG    | tldw_Server_API.app.core.DB_Management.ChaChaNotes_DB:execute_query:8286 - Executing SQL (script=False, backend=postgresql):
            SELECT id, flashcard_uuid, source_type, source_id, citation_text, locator, ordinal,
                   created_at, last_modified, deleted, client_id, version
              FROM flashcard_citations
             WHERE flashcard_uuid = ? AND 1=1
             ORDER BY ordinal, id
        ... Params: ('c966f37e-2d99-4a8f-9a0a-f0004f20eea7',)...
2026-09-17 02:02:30.611 | DEBUG    | tldw_Server_API.app.core.DB_Management.ChaChaNotes_DB:_get_connection_for_state:8036 - Acquired backend connection (postgresql) for thread 8346099072
2026-09-17 02:02:30.611 | DEBUG    | tldw_Server_API.app.core.DB_Management.ChaChaNotes_DB:execute_many:8456 - Executing Many on backend postgresql:
                    INSERT INTO flashcard_citations(
                        flashcard_uuid, source_type, source_id, citation_text, locator, ordinal,... with 1 sets.
2026-09-17 02:02:30.613 | DEBUG    | tldw_Server_API.app.core.DB_Management.ChaChaNotes_DB:_get_connection_for_state:8036 - Acquired backend connection (postgresql) for thread 8346099072
2026-09-17 02:02:30.613 | DEBUG    | tldw_Server_API.app.core.DB_Management.ChaChaNotes_DB:execute_query:8286 - Executing SQL (script=False, backend=postgresql):
            SELECT id, workspace_id, title, deck_id, source_bundle_json, generation_options_json,
                   status, superseded_by_pack_id, created_at, last_modified, deleted, client_id, version
              FROM study_packs
             WHERE id = ? AND deleted = 0
        ... Params: (1,)...
2026-09-17 02:02:30.613 | DEBUG    | tldw_Server_API.app.core.DB_Management.ChaChaNotes_DB:execute_query:8286 - Executing SQL (script=False, backend=postgresql):
            SELECT f.uuid, f.deck_id, d.name AS deck_name, d.workspace_id AS workspace_id, f.front, f.back, f.notes, f.extra, f.is_cloze, f.tags_json,
                   f.source_ref_type, f.source_ref_id, f.conversation_id, f.message_id,
                   f.ef, f.interval_days, f.repetitions, f.l... Params: ('c966f37e-2d99-4a8f-9a0a-f0004f20eea7', '2')...
2026-09-17 02:02:30.614 | DEBUG    | tldw_Server_API.app.core.DB_Management.ChaChaNotes_DB:execute_query:8286 - Executing SQL (script=False, backend=postgresql):
            SELECT spc.id, spc.study_pack_id, spc.flashcard_uuid, spc.created_at, spc.last_modified,
                   spc.deleted, spc.client_id, spc.version, f.deck_id
              FROM study_pack_cards spc
              LEFT JOIN flashcards f ON f.uuid = spc.flashcard_uuid
             WHERE s... Params: (1,)...
2026-09-17 02:02:30.614 | DEBUG    | tldw_Server_API.app.core.DB_Management.ChaChaNotes_DB:execute_query:8286 - Executing SQL (script=False, backend=postgresql):
            SELECT id, flashcard_uuid, source_type, source_id, citation_text, locator, ordinal,
                   created_at, last_modified, deleted, client_id, version
              FROM flashcard_citations
             WHERE flashcard_uuid = ? AND 1=1
             ORDER BY ordinal, id
        ... Params: ('c966f37e-2d99-4a8f-9a0a-f0004f20eea7',)...
--------------------------- Captured stderr teardown ---------------------------
2026-09-17 02:02:30.633 | INFO     | tldw_Server_API.app.api.v1.API_Deps.ChaCha_Notes_DB_Deps:close_all_chacha_db_instances:876 - Closing all cached ChaChaNotesDB instances (0)...
2026-09-17 02:02:30.633 | INFO     | tldw_Server_API.app.api.v1.API_Deps.ChaCha_Notes_DB_Deps:close_all_chacha_db_instances:892 - All ChaChaNotesDB instances closed and cache cleared.
2026-09-17 02:02:30.633 | INFO     | tldw_Server_API.app.api.v1.API_Deps.ChaCha_Notes_DB_Deps:close_all_chacha_db_instances:876 - Closing all cached ChaChaNotesDB instances (0)...
2026-09-17 02:02:30.633 | INFO     | tldw_Server_API.app.api.v1.API_Deps.ChaCha_Notes_DB_Deps:close_all_chacha_db_instances:892 - All ChaChaNotesDB instances closed and cache cleared.
__________ test_private_pack_http_hides_foreign_pack[postgres-detail] __________
tldw_Server_API/tests/StudyPacks/test_study_pack_owner_contract.py:70: in test_private_pack_http_hides_foreign_pack
    assert response.status_code == 404, response.json()
E   AssertionError: {'client_id': '2', 'created_at': '2026-09-17T09:02:33.397000+00:00', 'deck_id': 1, 'deleted': False, ...}
E   assert 200 == 404
E    +  where 200 = <Response [200 OK]>.status_code
---------------------------- Captured stderr setup -----------------------------
2026-09-17 02:02:31.885 | INFO     | tldw_Server_API.app.core.DB_Management.backends.factory:create_backend:392 - Creating postgresql backend
2026-09-17 02:02:31.885 | INFO     | tldw_Server_API.app.core.config:_buffered_log:210 - Determined ACTUAL_PROJECT_ROOT for database paths: /Users/macbook-dev/Documents/GitHub/tldw_server2
2026-09-17 02:02:31.885 | INFO     | tldw_Server_API.app.core.config:_buffered_log:210 - Early loading environment variables from: /Users/macbook-dev/Documents/GitHub/tldw_server2/tldw_Server_API/Config_Files/.env
2026-09-17 02:02:31.889 | INFO     | tldw_Server_API.app.core.config:_buffered_log:210 - Early loading environment variables from: /Users/macbook-dev/Documents/GitHub/tldw_server2/tldw_Server_API/Config_Files/.ENV
2026-09-17 02:02:31.894 | DEBUG    | tldw_Server_API.app.core.config:_buffered_log:210 - load_and_log_configs(): Loading and logging configurations...
2026-09-17 02:02:31.894 | INFO     | tldw_Server_API.app.core.config:_buffered_log:210 - Loading environment variables from: /Users/macbook-dev/Documents/GitHub/tldw_server2/tldw_Server_API/Config_Files/.env
2026-09-17 02:02:31.900 | INFO     | tldw_Server_API.app.core.config:_buffered_log:210 - Loading environment variables from: /Users/macbook-dev/Documents/GitHub/tldw_server2/tldw_Server_API/Config_Files/.ENV
2026-09-17 02:02:31.907 | INFO     | tldw_Server_API.app.core.config:_buffered_log:210 - Attempting to load comprehensive config from: /Users/macbook-dev/Documents/GitHub/tldw_server2/tldw_Server_API/Config_Files/config.txt
2026-09-17 02:02:31.909 | INFO     | tldw_Server_API.app.core.config:_buffered_log:210 - load_comprehensive_config(): Sections found in config: ['Setup', 'UI', 'Server', 'Files', 'Image-Generation', 'ACP', 'WORKSPACES', 'ACP-WORKSPACE', 'ACP-SANDBOX', 'Audit', 'Processing', 'Media-Processing', 'Chat-Dictionaries', 'Chat-Module', 'Chat-Commands', 'Chat-Templating', 'Character-Chat', 'Settings', 'Auto-Save', 'Prompts', 'Database', 'Chunking', 'Visual-RAG', 'AuthNZ', 'Streaming', 'HTTP', 'Egress', 'Embeddings', 'Claims', 'ClaimsMonitoring', 'RAG', 'Search-Agent', 'ResourceGovernor', 'Jobs', 'SlidesStandaloneHtml', 'Diarization', 'API', 'MLX', 'Local-API', 'LlamaCpp', 'STT-Settings', 'external_providers', 'TTS-Settings', 'VibeVoice', 'Audio-Quota', 'API-Routes', 'Search-Engines', 'Web-Scraper', 'Logging', 'Moderation', 'Redis', 'Web-Scraping', 'personalization', 'persona', 'persona.rbac']
2026-09-17 02:02:31.911 | INFO     | tldw_Server_API.app.core.config:_buffered_log:210 - Ensured main SQLite database directory exists: /Users/macbook-dev/Documents/GitHub/tldw_server2/Databases
2026-09-17 02:02:31.911 | INFO     | tldw_Server_API.app.core.config:_buffered_log:210 - Ensured user data base directory exists: Databases/user_databases
2026-09-17 02:02:31.912 | WARNING  | tldw_Server_API.app.core.DB_Management.db_path_utils:resolve_user_db_base_dir:491 - USER_DB_BASE_DIR not configured in tests, using isolated fallback: /private/var/folders/sn/m80n2j152t9gw3w8qwk2nykh0000gn/T/tldw_user_databases_test/default-2b48a741
2026-09-17 02:02:31.912 | INFO     | tldw_Server_API.app.core.DB_Management.ChaChaNotes_DB:__init__:7657 - Initializing CharactersRAGDB for path: /private/var/folders/sn/m80n2j152t9gw3w8qwk2nykh0000gn/T/pytest-of-macbook-dev/pytest-705/test_private_pack_http_hides_f3/packs.db [Client ID: 2] (backend=postgresql)
2026-09-17 02:02:33.205 | DEBUG    | tldw_Server_API.app.core.DB_Management.ChaChaNotes_DB:__init__:7664 - CharactersRAGDB initialization completed successfully for /private/var/folders/sn/m80n2j152t9gw3w8qwk2nykh0000gn/T/pytest-of-macbook-dev/pytest-705/test_private_pack_http_hides_f3/packs.db
2026-09-17 02:02:33.209 | INFO     | tldw_Server_API.app.core.Jobs.migrations:ensure_jobs_tables:1505 - Ensured Jobs schema at /private/var/folders/sn/m80n2j152t9gw3w8qwk2nykh0000gn/T/pytest-of-macbook-dev/pytest-705/test_private_pack_http_hides_f3/jobs.db
2026-09-17 02:02:33.241 | WARNING  | tldw_Server_API.app.core.DB_Management.db_path_utils:resolve_user_db_base_dir:491 - USER_DB_BASE_DIR not configured in tests, using isolated fallback: /private/var/folders/sn/m80n2j152t9gw3w8qwk2nykh0000gn/T/tldw_user_databases_test/default-2b48a741
2026-09-17 02:02:33.241 | INFO     | tldw_Server_API.app.core.DB_Management.ChaChaNotes_DB:__init__:7657 - Initializing CharactersRAGDB for path: /private/var/folders/sn/m80n2j152t9gw3w8qwk2nykh0000gn/T/pytest-of-macbook-dev/pytest-705/test_private_pack_http_hides_f3/foreign.db [Client ID: 3] (backend=postgresql)
2026-09-17 02:02:33.391 | DEBUG    | tldw_Server_API.app.core.DB_Management.ChaChaNotes_DB:__init__:7664 - CharactersRAGDB initialization completed successfully for /private/var/folders/sn/m80n2j152t9gw3w8qwk2nykh0000gn/T/pytest-of-macbook-dev/pytest-705/test_private_pack_http_hides_f3/foreign.db
----------------------------- Captured stderr call -----------------------------
2026-09-17 02:02:33.393 | DEBUG    | tldw_Server_API.app.core.DB_Management.ChaChaNotes_DB:_get_connection_for_state:8036 - Acquired backend connection (postgresql) for thread 8346099072
2026-09-17 02:02:33.395 | INFO     | tldw_Server_API.app.core.DB_Management.chacha.note_store:_execute:126 - Added note 'Private pack source' with ID: f8c28883-b631-4191-adef-061ad2cd8fef.
2026-09-17 02:02:33.399 | DEBUG    | tldw_Server_API.app.core.DB_Management.ChaChaNotes_DB:execute_many:8456 - Executing Many on backend postgresql: INSERT INTO study_pack_cards(study_pack_id, flashcard_uuid, created_at, last_modified, deleted, client_id, version) VALUES(?, ?, ?, ?, ?, ?, ?) ON CON... with 1 sets.
2026-09-17 02:02:33.400 | DEBUG    | tldw_Server_API.app.core.DB_Management.ChaChaNotes_DB:execute_many:8456 - Executing Many on backend postgresql:
                    INSERT INTO flashcard_citations(
                        flashcard_uuid, source_type, source_id, citation_text, locator, ordinal,... with 1 sets.
2026-09-17 02:02:33.404 | DEBUG    | tldw_Server_API.app.core.DB_Management.ChaChaNotes_DB:_get_connection_for_state:8036 - Acquired backend connection (postgresql) for thread 6251769856
2026-09-17 02:02:33.404 | DEBUG    | tldw_Server_API.app.core.DB_Management.ChaChaNotes_DB:execute_query:8286 - Executing SQL (script=False, backend=postgresql):
            SELECT id, workspace_id, title, deck_id, source_bundle_json, generation_options_json,
                   status, superseded_by_pack_id, created_at, last_modified, deleted, client_id, version
              FROM study_packs
             WHERE id = ? AND deleted = 0
        ... Params: (1,)...
2026-09-17 02:02:33.409 | DEBUG    | tldw_Server_API.app.core.DB_Management.ChaChaNotes_DB:_get_connection_for_state:8036 - Acquired backend connection (postgresql) for thread 6251769856
2026-09-17 02:02:33.409 | DEBUG    | tldw_Server_API.app.core.DB_Management.ChaChaNotes_DB:execute_query:8286 - Executing SQL (script=False, backend=postgresql):
            SELECT id, workspace_id, title, deck_id, source_bundle_json, generation_options_json,
                   status, superseded_by_pack_id, created_at, last_modified, deleted, client_id, version
              FROM study_packs
             WHERE id = ? AND deleted = 0
        ... Params: (1,)...
--------------------------- Captured stderr teardown ---------------------------
2026-09-17 02:02:33.429 | INFO     | tldw_Server_API.app.api.v1.API_Deps.ChaCha_Notes_DB_Deps:close_all_chacha_db_instances:876 - Closing all cached ChaChaNotesDB instances (0)...
2026-09-17 02:02:33.429 | INFO     | tldw_Server_API.app.api.v1.API_Deps.ChaCha_Notes_DB_Deps:close_all_chacha_db_instances:892 - All ChaChaNotesDB instances closed and cache cleared.
2026-09-17 02:02:33.429 | INFO     | tldw_Server_API.app.api.v1.API_Deps.ChaCha_Notes_DB_Deps:close_all_chacha_db_instances:876 - Closing all cached ChaChaNotesDB instances (0)...
2026-09-17 02:02:33.429 | INFO     | tldw_Server_API.app.api.v1.API_Deps.ChaCha_Notes_DB_Deps:close_all_chacha_db_instances:892 - All ChaChaNotesDB instances closed and cache cleared.
_ test_foreign_study_pack_provenance_mutation_cannot_change_owner_rows[postgres-set-summary] _
tldw_Server_API/tests/StudyPacks/test_study_pack_owner_contract.py:194: in test_foreign_study_pack_provenance_mutation_cannot_change_owner_rows
    assert snapshot() == before
E   AssertionError: assert ({'client_id'... False, ...}]) == ({'client_id'... False, ...}])
E
E     At index 1 diff: None != {'uuid': '94977a11-ff75-4ea8-82a2-c501b57ff8b7', 'deck_id': 1, 'deck_name': 'Private pack deck 2', 'workspace_id': None, 'front': 'Private question', 'back': 'Private answer', 'notes': None, 'extra': None, 'is_cloze': False, 'tags_json': None, 'source_ref_type': 'manual', 'source_ref_id': None, 'conversation_id': None, 'message_id': None, 'ef': 2.5, 'interval_days': 0, 'repetitions': 0, 'lapses': 0, 'due_at': None, 'last_reviewed_at': None, 'queue_state': 'new', 'step_index': None, 'suspended_reason': None, 'scheduler_state_json': '{}', 'schedul...
E
E     ...Full output truncated (2 lines hidden), use '-vv' to show
---------------------------- Captured stderr setup -----------------------------
2026-09-17 02:02:35.380 | INFO     | tldw_Server_API.app.core.DB_Management.backends.factory:create_backend:392 - Creating postgresql backend
2026-09-17 02:02:35.381 | INFO     | tldw_Server_API.app.core.config:_buffered_log:210 - Determined ACTUAL_PROJECT_ROOT for database paths: /Users/macbook-dev/Documents/GitHub/tldw_server2
2026-09-17 02:02:35.381 | INFO     | tldw_Server_API.app.core.config:_buffered_log:210 - Early loading environment variables from: /Users/macbook-dev/Documents/GitHub/tldw_server2/tldw_Server_API/Config_Files/.env
2026-09-17 02:02:35.385 | INFO     | tldw_Server_API.app.core.config:_buffered_log:210 - Early loading environment variables from: /Users/macbook-dev/Documents/GitHub/tldw_server2/tldw_Server_API/Config_Files/.ENV
2026-09-17 02:02:35.389 | DEBUG    | tldw_Server_API.app.core.config:_buffered_log:210 - load_and_log_configs(): Loading and logging configurations...
2026-09-17 02:02:35.390 | INFO     | tldw_Server_API.app.core.config:_buffered_log:210 - Loading environment variables from: /Users/macbook-dev/Documents/GitHub/tldw_server2/tldw_Server_API/Config_Files/.env
2026-09-17 02:02:35.396 | INFO     | tldw_Server_API.app.core.config:_buffered_log:210 - Loading environment variables from: /Users/macbook-dev/Documents/GitHub/tldw_server2/tldw_Server_API/Config_Files/.ENV
2026-09-17 02:02:35.403 | INFO     | tldw_Server_API.app.core.config:_buffered_log:210 - Attempting to load comprehensive config from: /Users/macbook-dev/Documents/GitHub/tldw_server2/tldw_Server_API/Config_Files/config.txt
2026-09-17 02:02:35.405 | INFO     | tldw_Server_API.app.core.config:_buffered_log:210 - load_comprehensive_config(): Sections found in config: ['Setup', 'UI', 'Server', 'Files', 'Image-Generation', 'ACP', 'WORKSPACES', 'ACP-WORKSPACE', 'ACP-SANDBOX', 'Audit', 'Processing', 'Media-Processing', 'Chat-Dictionaries', 'Chat-Module', 'Chat-Commands', 'Chat-Templating', 'Character-Chat', 'Settings', 'Auto-Save', 'Prompts', 'Database', 'Chunking', 'Visual-RAG', 'AuthNZ', 'Streaming', 'HTTP', 'Egress', 'Embeddings', 'Claims', 'ClaimsMonitoring', 'RAG', 'Search-Agent', 'ResourceGovernor', 'Jobs', 'SlidesStandaloneHtml', 'Diarization', 'API', 'MLX', 'Local-API', 'LlamaCpp', 'STT-Settings', 'external_providers', 'TTS-Settings', 'VibeVoice', 'Audio-Quota', 'API-Routes', 'Search-Engines', 'Web-Scraper', 'Logging', 'Moderation', 'Redis', 'Web-Scraping', 'personalization', 'persona', 'persona.rbac']
2026-09-17 02:02:35.407 | INFO     | tldw_Server_API.app.core.config:_buffered_log:210 - Ensured main SQLite database directory exists: /Users/macbook-dev/Documents/GitHub/tldw_server2/Databases
2026-09-17 02:02:35.407 | INFO     | tldw_Server_API.app.core.config:_buffered_log:210 - Ensured user data base directory exists: Databases/user_databases
2026-09-17 02:02:35.407 | WARNING  | tldw_Server_API.app.core.DB_Management.db_path_utils:resolve_user_db_base_dir:491 - USER_DB_BASE_DIR not configured in tests, using isolated fallback: /private/var/folders/sn/m80n2j152t9gw3w8qwk2nykh0000gn/T/tldw_user_databases_test/default-2b48a741
2026-09-17 02:02:35.408 | INFO     | tldw_Server_API.app.core.DB_Management.ChaChaNotes_DB:__init__:7657 - Initializing CharactersRAGDB for path: /private/var/folders/sn/m80n2j152t9gw3w8qwk2nykh0000gn/T/pytest-of-macbook-dev/pytest-705/test_foreign_study_pack_proven13/packs.db [Client ID: 2] (backend=postgresql)
2026-09-17 02:02:36.760 | DEBUG    | tldw_Server_API.app.core.DB_Management.ChaChaNotes_DB:__init__:7664 - CharactersRAGDB initialization completed successfully for /private/var/folders/sn/m80n2j152t9gw3w8qwk2nykh0000gn/T/pytest-of-macbook-dev/pytest-705/test_foreign_study_pack_proven13/packs.db
2026-09-17 02:02:36.764 | INFO     | tldw_Server_API.app.core.Jobs.migrations:ensure_jobs_tables:1505 - Ensured Jobs schema at /private/var/folders/sn/m80n2j152t9gw3w8qwk2nykh0000gn/T/pytest-of-macbook-dev/pytest-705/test_foreign_study_pack_proven13/jobs.db
2026-09-17 02:02:36.797 | WARNING  | tldw_Server_API.app.core.DB_Management.db_path_utils:resolve_user_db_base_dir:491 - USER_DB_BASE_DIR not configured in tests, using isolated fallback: /private/var/folders/sn/m80n2j152t9gw3w8qwk2nykh0000gn/T/tldw_user_databases_test/default-2b48a741
2026-09-17 02:02:36.797 | INFO     | tldw_Server_API.app.core.DB_Management.ChaChaNotes_DB:__init__:7657 - Initializing CharactersRAGDB for path: /private/var/folders/sn/m80n2j152t9gw3w8qwk2nykh0000gn/T/pytest-of-macbook-dev/pytest-705/test_foreign_study_pack_proven13/foreign.db [Client ID: 3] (backend=postgresql)
2026-09-17 02:02:36.938 | DEBUG    | tldw_Server_API.app.core.DB_Management.ChaChaNotes_DB:__init__:7664 - CharactersRAGDB initialization completed successfully for /private/var/folders/sn/m80n2j152t9gw3w8qwk2nykh0000gn/T/pytest-of-macbook-dev/pytest-705/test_foreign_study_pack_proven13/foreign.db
----------------------------- Captured stderr call -----------------------------
2026-09-17 02:02:36.940 | DEBUG    | tldw_Server_API.app.core.DB_Management.ChaChaNotes_DB:_get_connection_for_state:8036 - Acquired backend connection (postgresql) for thread 8346099072
2026-09-17 02:02:36.942 | INFO     | tldw_Server_API.app.core.DB_Management.chacha.note_store:_execute:126 - Added note 'Private pack source' with ID: f7ca76dd-b404-4394-9e86-fb0e935ef378.
2026-09-17 02:02:36.946 | DEBUG    | tldw_Server_API.app.core.DB_Management.ChaChaNotes_DB:execute_many:8456 - Executing Many on backend postgresql: INSERT INTO study_pack_cards(study_pack_id, flashcard_uuid, created_at, last_modified, deleted, client_id, version) VALUES(?, ?, ?, ?, ?, ?, ?) ON CON... with 1 sets.
2026-09-17 02:02:36.947 | DEBUG    | tldw_Server_API.app.core.DB_Management.ChaChaNotes_DB:execute_many:8456 - Executing Many on backend postgresql:
                    INSERT INTO flashcard_citations(
                        flashcard_uuid, source_type, source_id, citation_text, locator, ordinal,... with 1 sets.
2026-09-17 02:02:36.950 | DEBUG    | tldw_Server_API.app.core.DB_Management.ChaChaNotes_DB:_get_connection_for_state:8036 - Acquired backend connection (postgresql) for thread 8346099072
2026-09-17 02:02:36.951 | INFO     | tldw_Server_API.app.core.DB_Management.chacha.note_store:_execute:126 - Added note 'Private pack source' with ID: c82880f0-0dcf-406d-9b32-19f153e79a5f.
2026-09-17 02:02:36.954 | DEBUG    | tldw_Server_API.app.core.DB_Management.ChaChaNotes_DB:execute_many:8456 - Executing Many on backend postgresql: INSERT INTO study_pack_cards(study_pack_id, flashcard_uuid, created_at, last_modified, deleted, client_id, version) VALUES(?, ?, ?, ?, ?, ?, ?) ON CON... with 1 sets.
2026-09-17 02:02:36.955 | DEBUG    | tldw_Server_API.app.core.DB_Management.ChaChaNotes_DB:execute_many:8456 - Executing Many on backend postgresql:
                    INSERT INTO flashcard_citations(
                        flashcard_uuid, source_type, source_id, citation_text, locator, ordinal,... with 1 sets.
2026-09-17 02:02:36.957 | DEBUG    | tldw_Server_API.app.core.DB_Management.ChaChaNotes_DB:_get_connection_for_state:8036 - Acquired backend connection (postgresql) for thread 8346099072
2026-09-17 02:02:36.957 | DEBUG    | tldw_Server_API.app.core.DB_Management.ChaChaNotes_DB:execute_query:8286 - Executing SQL (script=False, backend=postgresql):
            SELECT id, workspace_id, title, deck_id, source_bundle_json, generation_options_json,
                   status, superseded_by_pack_id, created_at, last_modified, deleted, client_id, version
              FROM study_packs
             WHERE id = ? AND deleted = 0
        ... Params: (1,)...
2026-09-17 02:02:36.957 | DEBUG    | tldw_Server_API.app.core.DB_Management.ChaChaNotes_DB:execute_query:8286 - Executing SQL (script=False, backend=postgresql):
            SELECT f.uuid, f.deck_id, d.name AS deck_name, d.workspace_id AS workspace_id, f.front, f.back, f.notes, f.extra, f.is_cloze, f.tags_json,
                   f.source_ref_type, f.source_ref_id, f.conversation_id, f.message_id,
                   f.ef, f.interval_days, f.repetitions, f.l... Params: ('94977a11-ff75-4ea8-82a2-c501b57ff8b7', '2')...
2026-09-17 02:02:36.958 | DEBUG    | tldw_Server_API.app.core.DB_Management.ChaChaNotes_DB:execute_query:8286 - Executing SQL (script=False, backend=postgresql):
            SELECT spc.id, spc.study_pack_id, spc.flashcard_uuid, spc.created_at, spc.last_modified,
                   spc.deleted, spc.client_id, spc.version, f.deck_id
              FROM study_pack_cards spc
              LEFT JOIN flashcards f ON f.uuid = spc.flashcard_uuid
             WHERE s... Params: (1,)...
2026-09-17 02:02:36.958 | DEBUG    | tldw_Server_API.app.core.DB_Management.ChaChaNotes_DB:execute_query:8286 - Executing SQL (script=False, backend=postgresql):
            SELECT id, flashcard_uuid, source_type, source_id, citation_text, locator, ordinal,
                   created_at, last_modified, deleted, client_id, version
              FROM flashcard_citations
             WHERE flashcard_uuid = ? AND 1=1
             ORDER BY ordinal, id
        ... Params: ('94977a11-ff75-4ea8-82a2-c501b57ff8b7',)...
2026-09-17 02:02:36.960 | DEBUG    | tldw_Server_API.app.core.DB_Management.ChaChaNotes_DB:_get_connection_for_state:8036 - Acquired backend connection (postgresql) for thread 8346099072
2026-09-17 02:02:36.962 | DEBUG    | tldw_Server_API.app.core.DB_Management.ChaChaNotes_DB:_get_connection_for_state:8036 - Acquired backend connection (postgresql) for thread 8346099072
2026-09-17 02:02:36.962 | DEBUG    | tldw_Server_API.app.core.DB_Management.ChaChaNotes_DB:execute_query:8286 - Executing SQL (script=False, backend=postgresql):
            SELECT id, workspace_id, title, deck_id, source_bundle_json, generation_options_json,
                   status, superseded_by_pack_id, created_at, last_modified, deleted, client_id, version
              FROM study_packs
             WHERE id = ? AND deleted = 0
        ... Params: (1,)...
2026-09-17 02:02:36.962 | DEBUG    | tldw_Server_API.app.core.DB_Management.ChaChaNotes_DB:execute_query:8286 - Executing SQL (script=False, backend=postgresql):
            SELECT f.uuid, f.deck_id, d.name AS deck_name, d.workspace_id AS workspace_id, f.front, f.back, f.notes, f.extra, f.is_cloze, f.tags_json,
                   f.source_ref_type, f.source_ref_id, f.conversation_id, f.message_id,
                   f.ef, f.interval_days, f.repetitions, f.l... Params: ('94977a11-ff75-4ea8-82a2-c501b57ff8b7', '2')...
2026-09-17 02:02:36.963 | DEBUG    | tldw_Server_API.app.core.DB_Management.ChaChaNotes_DB:execute_query:8286 - Executing SQL (script=False, backend=postgresql):
            SELECT spc.id, spc.study_pack_id, spc.flashcard_uuid, spc.created_at, spc.last_modified,
                   spc.deleted, spc.client_id, spc.version, f.deck_id
              FROM study_pack_cards spc
              LEFT JOIN flashcards f ON f.uuid = spc.flashcard_uuid
             WHERE s... Params: (1,)...
2026-09-17 02:02:36.963 | DEBUG    | tldw_Server_API.app.core.DB_Management.ChaChaNotes_DB:execute_query:8286 - Executing SQL (script=False, backend=postgresql):
            SELECT id, flashcard_uuid, source_type, source_id, citation_text, locator, ordinal,
                   created_at, last_modified, deleted, client_id, version
              FROM flashcard_citations
             WHERE flashcard_uuid = ? AND 1=1
             ORDER BY ordinal, id
        ... Params: ('94977a11-ff75-4ea8-82a2-c501b57ff8b7',)...2026-09-17 02:02:37.010 | INFO     | tldw_Server_API.app.core.config:_buffered_log:210 - Determined ACTUAL_PROJECT_ROOT for database paths: /Users/macbook-dev/Documents/GitHub/tldw_server2
2026-09-17 02:02:37.011 | INFO     | tldw_Server_API.app.core.config:_buffered_log:210 - Early loading environment variables from: /Users/macbook-dev/Documents/GitHub/tldw_server2/tldw_Server_API/Config_Files/.env
2026-09-17 02:02:37.015 | INFO     | tldw_Server_API.app.core.config:_buffered_log:210 - Early loading environment variables from: /Users/macbook-dev/Documents/GitHub/tldw_server2/tldw_Server_API/Config_Files/.ENV
2026-09-17 02:02:37.019 | DEBUG    | tldw_Server_API.app.core.config:_buffered_log:210 - load_and_log_configs(): Loading and logging configurations...
2026-09-17 02:02:37.020 | INFO     | tldw_Server_API.app.core.config:_buffered_log:210 - Loading environment variables from: /Users/macbook-dev/Documents/GitHub/tldw_server2/tldw_Server_API/Config_Files/.env
2026-09-17 02:02:37.024 | INFO     | tldw_Server_API.app.core.config:_buffered_log:210 - Loading environment variables from: /Users/macbook-dev/Documents/GitHub/tldw_server2/tldw_Server_API/Config_Files/.ENV
2026-09-17 02:02:37.028 | INFO     | tldw_Server_API.app.core.config:_buffered_log:210 - Attempting to load comprehensive config from: /Users/macbook-dev/Documents/GitHub/tldw_server2/tldw_Server_API/Config_Files/config.txt
2026-09-17 02:02:37.030 | INFO     | tldw_Server_API.app.core.config:_buffered_log:210 - load_comprehensive_config(): Sections found in config: ['Setup', 'UI', 'Server', 'Files', 'Image-Generation', 'ACP', 'WORKSPACES', 'ACP-WORKSPACE', 'ACP-SANDBOX', 'Audit', 'Processing', 'Media-Processing', 'Chat-Dictionaries', 'Chat-Module', 'Chat-Commands', 'Chat-Templating', 'Character-Chat', 'Settings', 'Auto-Save', 'Prompts', 'Database', 'Chunking', 'Visual-RAG', 'AuthNZ', 'Streaming', 'HTTP', 'Egress', 'Embeddings', 'Claims', 'ClaimsMonitoring', 'RAG', 'Search-Agent', 'ResourceGovernor', 'Jobs', 'SlidesStandaloneHtml', 'Diarization', 'API', 'MLX', 'Local-API', 'LlamaCpp', 'STT-Settings', 'external_providers', 'TTS-Settings', 'VibeVoice', 'Audio-Quota', 'API-Routes', 'Search-Engines', 'Web-Scraper', 'Logging', 'Moderation', 'Redis', 'Web-Scraping', 'personalization', 'persona', 'persona.rbac']
2026-09-17 02:02:37.032 | INFO     | tldw_Server_API.app.core.config:_buffered_log:210 - Ensured main SQLite database directory exists: /Users/macbook-dev/Documents/GitHub/tldw_server2/Databases
2026-09-17 02:02:37.032 | INFO     | tldw_Server_API.app.core.config:_buffered_log:210 - Ensured user data base directory exists: Databases/user_databases
2026-09-17 02:02:37.032 | INFO     | tldw_Server_API.app.api.v1.API_Deps.Audit_DB_Deps:shutdown_all_audit_services:1034 - Shutting down audit services for 0 instances...
2026-09-17 02:02:37.032 | INFO     | tldw_Server_API.app.api.v1.API_Deps.Audit_DB_Deps:shutdown_all_audit_services:1091 - All audit services shut down successfully.
2026-09-17 02:02:37.044 | DEBUG    | tldw_Server_API.app.core.AuthNZ.settings:_ensure_jwt_secret:899 - Single-user mode - skipping JWT secret initialization
2026-09-17 02:02:37.044 | WARNING  | tldw_Server_API.app.core.AuthNZ.settings:_validate_api_key:1013 - SINGLE_USER_API_KEY uses a legacy format; generate a new server-generated key for improved security.
2026-09-17 02:02:37.044 | INFO     | tldw_Server_API.app.core.AuthNZ.settings:get_settings:1588 - Settings initialized - Auth mode: single_user, profile=local-single-user
2026-09-17 02:02:37.044 | INFO     | tldw_Server_API.app.core.AuthNZ.db_config:_detect_backend:83 - Detected database backend: sqlite
2026-09-17 02:02:37.105 | DEBUG    | tldw_Server_API.app.core.Scheduler.base.registry:decorator:81 - Registered task handler: watchlist_run
2026-09-17 02:02:37.105 | DEBUG    | tldw_Server_API.app.core.Scheduler.base.registry:decorator:81 - Registered task handler: watchlists_enrich_output
2026-09-17 02:02:37.105 | DEBUG    | tldw_Server_API.app.core.Scheduler.base.registry:decorator:81 - Registered task handler: watchlists_deliver_briefing
2026-09-17 02:02:37.105 | DEBUG    | tldw_Server_API.app.core.Scheduler.base.registry:decorator:81 - Registered task handler: acp_run
2026-09-17 02:02:37.105 | DEBUG    | tldw_Server_API.app.core.Scheduler.base.registry:decorator:81 - Registered task handler: workflow_run
2026-09-17 02:02:37.106 | WARNING  | tldw_Server_API.app.core.DB_Management.db_path_utils:resolve_user_db_base_dir:491 - USER_DB_BASE_DIR not configured in tests, using isolated fallback: /private/var/folders/sn/m80n2j152t9gw3w8qwk2nykh0000gn/T/tldw_user_databases_test/default-2b48a741
2026-09-17 02:02:37.106 | DEBUG    | tldw_Server_API.app.core.DB_Management.backends.factory:_get_or_create_shared_sqlite_backend:325 - Creating sqlite backend for /private/var/folders/sn/m80n2j152t9gw3w8qwk2nykh0000gn/T/tldw_user_databases_test/default-2b48a741/1/workflows/workflows_scheduler.db
2026-09-17 02:02:37.107 | INFO     | tldw_Server_API.app.core.DB_Management.Workflows_Scheduler_DB:__init__:210 - WorkflowsSchedulerDB using SQLite path: /private/var/folders/sn/m80n2j152t9gw3w8qwk2nykh0000gn/T/tldw_user_databases_test/default-2b48a741/1/workflows/workflows_scheduler.db
2026-09-17 02:02:37.107 | INFO     | tldw_Server_API.app.services.workflows_scheduler:stop:183 - Workflows recurring scheduler stopped
2026-09-17 02:02:37.108 | INFO     | tldw_Server_API.app.api.v1.API_Deps.ChaCha_Notes_DB_Deps:close_all_chacha_db_instances:876 - Closing all cached ChaChaNotesDB instances (0)...
2026-09-17 02:02:37.108 | INFO     | tldw_Server_API.app.api.v1.API_Deps.ChaCha_Notes_DB_Deps:close_all_chacha_db_instances:892 - All ChaChaNotesDB instances closed and cache cleared.
2026-09-17 02:02:37.108 | INFO     | tldw_Server_API.app.api.v1.API_Deps.DB_Deps:<module>:57 - Using LRUCache for user DB instances (maxsize=100).

--------------------------- Captured stderr teardown ---------------------------
2026-09-17 02:02:36.983 | INFO     | tldw_Server_API.app.api.v1.API_Deps.ChaCha_Notes_DB_Deps:close_all_chacha_db_instances:876 - Closing all cached ChaChaNotesDB instances (0)...
2026-09-17 02:02:36.983 | INFO     | tldw_Server_API.app.api.v1.API_Deps.ChaCha_Notes_DB_Deps:close_all_chacha_db_instances:892 - All ChaChaNotesDB instances closed and cache cleared.
2026-09-17 02:02:36.983 | INFO     | tldw_Server_API.app.api.v1.API_Deps.ChaCha_Notes_DB_Deps:close_all_chacha_db_instances:876 - Closing all cached ChaChaNotesDB instances (0)...
2026-09-17 02:02:36.983 | INFO     | tldw_Server_API.app.api.v1.API_Deps.ChaCha_Notes_DB_Deps:close_all_chacha_db_instances:892 - All ChaChaNotesDB instances closed and cache cleared.
=========================== short test summary info ============================
FAILED tldw_Server_API/tests/StudyPacks/test_study_pack_owner_contract.py::test_selected_store_hides_foreign_pack_and_provenance[postgres-list_flashcard_citations]
FAILED tldw_Server_API/tests/StudyPacks/test_study_pack_owner_contract.py::test_postgres_study_pack_cannot_reference_foreign_parent[postgres-deck]
FAILED tldw_Server_API/tests/StudyPacks/test_study_pack_owner_contract.py::test_owned_card_assistant_filters_foreign_child_metadata[postgres-citation]
FAILED tldw_Server_API/tests/StudyPacks/test_study_pack_owner_contract.py::test_foreign_study_pack_provenance_mutation_cannot_change_owner_rows[postgres-add-membership]
FAILED tldw_Server_API/tests/StudyPacks/test_study_pack_owner_contract.py::test_owned_card_assistant_filters_foreign_child_metadata[postgres-membership]
FAILED tldw_Server_API/tests/StudyPacks/test_study_pack_owner_contract.py::test_foreign_tombstones_are_hidden_even_when_deleted_rows_requested[postgres]
FAILED tldw_Server_API/tests/StudyPacks/test_study_pack_owner_contract.py::test_foreign_study_pack_provenance_mutation_cannot_change_owner_rows[postgres-supersede-pack]
FAILED tldw_Server_API/tests/StudyPacks/test_study_pack_owner_contract.py::test_foreign_study_pack_provenance_mutation_cannot_change_owner_rows[postgres-delete-pack]
FAILED tldw_Server_API/tests/StudyPacks/test_study_pack_owner_contract.py::test_private_pack_http_hides_foreign_pack[postgres-regenerate]
FAILED tldw_Server_API/tests/StudyPacks/test_study_pack_owner_contract.py::test_restricted_role_study_pack_access_is_owner_scoped[postgres]
FAILED tldw_Server_API/tests/StudyPacks/test_study_pack_owner_contract.py::test_membership_parent_validation_keeps_backend_deletion_contract[postgres-deleted-card]
FAILED tldw_Server_API/tests/StudyPacks/test_study_pack_owner_contract.py::test_postgres_study_pack_cannot_reference_foreign_parent[postgres-initial-replacement-pack]
FAILED tldw_Server_API/tests/StudyPacks/test_study_pack_owner_contract.py::test_foreign_study_pack_provenance_mutation_cannot_change_owner_rows[postgres-replace-and-summary]
FAILED tldw_Server_API/tests/StudyPacks/test_study_pack_owner_contract.py::test_membership_parent_validation_keeps_backend_deletion_contract[postgres-missing-pack]
FAILED tldw_Server_API/tests/StudyPacks/test_study_pack_owner_contract.py::test_selected_store_hides_foreign_pack_and_provenance[postgres-get_study_pack_for_flashcard]
FAILED tldw_Server_API/tests/StudyPacks/test_study_pack_owner_contract.py::test_postgres_study_pack_cannot_reference_foreign_parent[postgres-card]
FAILED tldw_Server_API/tests/StudyPacks/test_study_pack_owner_contract.py::test_selected_store_hides_foreign_pack_and_provenance[postgres-list_study_pack_cards]
FAILED tldw_Server_API/tests/StudyPacks/test_study_pack_owner_contract.py::test_membership_parent_validation_keeps_backend_deletion_contract[postgres-missing-card]
FAILED tldw_Server_API/tests/StudyPacks/test_study_pack_owner_contract.py::test_postgres_study_pack_cannot_reference_foreign_parent[postgres-replacement-pack]
FAILED tldw_Server_API/tests/StudyPacks/test_study_pack_owner_contract.py::test_membership_denial_preserves_prior_caller_work_and_rolls_back_all_writes[sqlite]
FAILED tldw_Server_API/tests/StudyPacks/test_study_pack_owner_contract.py::test_foreign_study_pack_provenance_mutation_cannot_change_owner_rows[postgres-replace-citations]
FAILED tldw_Server_API/tests/StudyPacks/test_study_pack_owner_contract.py::test_selected_store_hides_foreign_pack_and_provenance[postgres-get_study_pack]
FAILED tldw_Server_API/tests/StudyPacks/test_study_pack_owner_contract.py::test_membership_denial_preserves_prior_caller_work_and_rolls_back_all_writes[postgres]
FAILED tldw_Server_API/tests/StudyPacks/test_study_pack_owner_contract.py::test_membership_parent_validation_keeps_backend_deletion_contract[postgres-deleted-pack]
FAILED tldw_Server_API/tests/StudyPacks/test_study_pack_owner_contract.py::test_foreign_study_pack_provenance_mutation_cannot_change_owner_rows[postgres-add-citation]
FAILED tldw_Server_API/tests/StudyPacks/test_study_pack_owner_contract.py::test_private_pack_http_hides_foreign_pack[postgres-detail]
FAILED tldw_Server_API/tests/StudyPacks/test_study_pack_owner_contract.py::test_foreign_study_pack_provenance_mutation_cannot_change_owner_rows[postgres-set-summary]
============= 27 failed, 28 passed, 4 warnings in 74.15s (0:01:14) =============
