============================= test session starts ==============================
platform darwin -- Python 3.11.13, pytest-8.4.1, pluggy-1.6.0
benchmark: 5.2.3 (defaults: timer=time.perf_counter disable_gc=False min_rounds=5 min_time=0.000005 max_time=1.0 calibration_precision=10 warmup=False warmup_iterations=100000)
Using --randomly-seed=260990665
rootdir: /Users/macbook-dev/Documents/GitHub/tldw_server2
configfile: pyproject.toml
plugins: anyio-4.12.1, benchmark-5.2.3, locust-2.43.3, asyncio-1.1.0, xdist-3.8.0, split-0.11.0, timeout-2.4.0, randomly-4.1.0, hypothesis-6.138.2, cov-6.2.1, mock-3.14.1
asyncio: mode=Mode.AUTO, asyncio_default_fixture_loop_scope=function, asyncio_default_test_loop_scope=function
timeout: 300.0s
timeout method: thread
timeout func_only: False
collected 9 items

tldw_Server_API/tests/DB_Management/test_study_pack_shared_sync_schema.py . [ 11%]
...FFF.F                                                                 [100%]

=================================== FAILURES ===================================
________ test_shared_sync_writes_remain_in_caller_rollback[postgresql] _________
tldw_Server_API/app/core/DB_Management/ChaChaNotes_DB.py:38520: in create_study_pack
    cursor = conn.execute(insert_sql + " RETURNING id", params)
             ^^^^^^^^^^^^^^^^^^^^^^^^^^^^^^^^^^^^^^^^^^^^^^^^^^
tldw_Server_API/app/core/DB_Management/ChaChaNotes_DB.py:506: in guarded
    return method(self, *args, **kwargs)
           ^^^^^^^^^^^^^^^^^^^^^^^^^^^^^
tldw_Server_API/app/core/DB_Management/ChaChaNotes_DB.py:612: in execute
    return cursor.execute(query, params)
           ^^^^^^^^^^^^^^^^^^^^^^^^^^^^^
tldw_Server_API/app/core/DB_Management/ChaChaNotes_DB.py:506: in guarded
    return method(self, *args, **kwargs)
           ^^^^^^^^^^^^^^^^^^^^^^^^^^^^^
tldw_Server_API/app/core/DB_Management/ChaChaNotes_DB.py:536: in execute
    self._result = self._backend.execute(
tldw_Server_API/app/core/DB_Management/backends/postgresql_backend.py:1100: in execute
    raise DatabaseError("PostgreSQL query execution failed")
E   tldw_Server_API.app.core.DB_Management.backends.base.DatabaseError: PostgreSQL query execution failed

The above exception was the direct cause of the following exception:
tldw_Server_API/tests/DB_Management/test_study_pack_shared_sync_schema.py:138: in test_shared_sync_writes_remain_in_caller_rollback
    _create_graph(db)
tldw_Server_API/tests/DB_Management/test_study_pack_shared_sync_schema.py:120: in _create_graph
    pack = db.create_study_pack(
tldw_Server_API/app/core/DB_Management/ChaChaNotes_DB.py:38533: in create_study_pack
    raise CharactersRAGDBError(f"Failed to create study pack: {exc}") from exc  # noqa: TRY003
    ^^^^^^^^^^^^^^^^^^^^^^^^^^^^^^^^^^^^^^^^^^^^^^^^^^^^^^^^^^^^^^^^^^^^^^^^^^
E   tldw_Server_API.app.core.DB_Management.ChaChaNotes_DB.CharactersRAGDBError: Failed to create study pack: PostgreSQL query execution failed
---------------------------- Captured stderr setup -----------------------------
2026-09-17 00:24:12.950 | INFO     | tldw_Server_API.app.core.DB_Management.backends.factory:create_backend:392 - Creating postgresql backend
2026-09-17 00:24:12.950 | INFO     | tldw_Server_API.app.core.DB_Management.media_db.runtime.bootstrap_lifecycle_ops:initialize_media_database:79 - Initializing Database object for path: /private/var/folders/sn/m80n2j152t9gw3w8qwk2nykh0000gn/T/pytest-of-macbook-dev/pytest-666/test_shared_sync_writes_remain1/media.db [Client ID: 2]
2026-09-17 00:24:12.959 | DEBUG    | tldw_Server_API.app.core.DB_Management.media_db.schema.features.core_media:apply_postgres_core_media_schema:357 - Applying Postgres base table DDL: CREATE TABLE IF NOT EXISTS schema_version ( version BIGINT PRIMARY KEY NOT NULL );...
2026-09-17 00:24:12.960 | DEBUG    | tldw_Server_API.app.core.DB_Management.media_db.schema.features.core_media:apply_postgres_core_media_schema:357 - Applying Postgres base table DDL: CREATE TABLE IF NOT EXISTS Media ( id BIGSERIAL PRIMARY KEY, url TEXT UNIQUE, title TEXT NOT NULL, type TEXT NOT NULL, c...
2026-09-17 00:24:12.962 | DEBUG    | tldw_Server_API.app.core.DB_Management.media_db.schema.features.core_media:apply_postgres_core_media_schema:357 - Applying Postgres base table DDL: CREATE TABLE IF NOT EXISTS Keywords ( id BIGSERIAL PRIMARY KEY, keyword TEXT NOT NULL UNIQUE , uuid TEXT UNIQUE NOT NULL...
2026-09-17 00:24:13.001 | DEBUG    | tldw_Server_API.app.core.DB_Management.media_db.schema.features.core_media:apply_postgres_core_media_schema:357 - Applying Postgres base table DDL: CREATE TABLE IF NOT EXISTS MediaKeywords ( id BIGSERIAL PRIMARY KEY, media_id INTEGER NOT NULL, keyword_id INTEGER NOT N...
2026-09-17 00:24:13.025 | DEBUG    | tldw_Server_API.app.core.DB_Management.media_db.schema.features.core_media:apply_postgres_core_media_schema:357 - Applying Postgres base table DDL: CREATE TABLE IF NOT EXISTS OperationOwnedCloneKeywords ( media_id INTEGER NOT NULL, keyword TEXT NOT NULL CHECK ( length...
2026-09-17 00:24:13.027 | DEBUG    | tldw_Server_API.app.core.DB_Management.media_db.schema.features.core_media:apply_postgres_core_media_schema:357 - Applying Postgres base table DDL: CREATE TABLE IF NOT EXISTS Transcripts ( id BIGSERIAL PRIMARY KEY, media_id INTEGER NOT NULL, whisper_model TEXT, transc...
2026-09-17 00:24:13.029 | DEBUG    | tldw_Server_API.app.core.DB_Management.media_db.schema.features.core_media:apply_postgres_core_media_schema:357 - Applying Postgres base table DDL: CREATE TABLE IF NOT EXISTS MediaChunks ( id BIGSERIAL PRIMARY KEY, media_id INTEGER NOT NULL, chunk_text TEXT NOT NULL, ...
2026-09-17 00:24:13.030 | DEBUG    | tldw_Server_API.app.core.DB_Management.media_db.schema.features.core_media:apply_postgres_core_media_schema:357 - Applying Postgres base table DDL: CREATE TABLE IF NOT EXISTS UnvectorizedMediaChunks ( id BIGSERIAL PRIMARY KEY, media_id INTEGER NOT NULL, chunk_text TEX...
2026-09-17 00:24:13.031 | DEBUG    | tldw_Server_API.app.core.DB_Management.media_db.schema.features.core_media:apply_postgres_core_media_schema:357 - Applying Postgres base table DDL: CREATE TABLE IF NOT EXISTS VisualDocuments ( id BIGSERIAL PRIMARY KEY, media_id INTEGER NOT NULL, location TEXT, page_nu...
2026-09-17 00:24:13.033 | DEBUG    | tldw_Server_API.app.core.DB_Management.media_db.schema.features.core_media:apply_postgres_core_media_schema:357 - Applying Postgres base table DDL: CREATE TABLE IF NOT EXISTS DocumentVersions ( id BIGSERIAL PRIMARY KEY, media_id INTEGER NOT NULL, version_number INTEGE...
2026-09-17 00:24:13.033 | DEBUG    | tldw_Server_API.app.core.DB_Management.media_db.schema.features.core_media:apply_postgres_core_media_schema:357 - Applying Postgres base table DDL: CREATE TABLE IF NOT EXISTS DocumentVersionIdentifiers ( dv_id BIGINT PRIMARY KEY, doi TEXT, pmid TEXT, pmcid TEXT, arxiv...
2026-09-17 00:24:13.034 | DEBUG    | tldw_Server_API.app.core.DB_Management.media_db.schema.features.core_media:apply_postgres_core_media_schema:357 - Applying Postgres base table DDL: CREATE TABLE IF NOT EXISTS DocumentStructureIndex ( id BIGSERIAL PRIMARY KEY, media_id INTEGER NOT NULL, parent_id INTEG...
2026-09-17 00:24:13.035 | DEBUG    | tldw_Server_API.app.core.DB_Management.media_db.schema.features.core_media:apply_postgres_core_media_schema:357 - Applying Postgres base table DDL: CREATE TABLE IF NOT EXISTS sync_log ( change_id BIGSERIAL PRIMARY KEY, entity TEXT NOT NULL, entity_uuid TEXT NOT NULL, ...
2026-09-17 00:24:13.036 | DEBUG    | tldw_Server_API.app.core.DB_Management.media_db.schema.features.core_media:apply_postgres_core_media_schema:357 - Applying Postgres base table DDL: CREATE TABLE IF NOT EXISTS ChunkingTemplates ( id BIGSERIAL PRIMARY KEY, uuid TEXT UNIQUE NOT NULL, name TEXT NOT NULL, ...
2026-09-17 00:24:13.037 | DEBUG    | tldw_Server_API.app.core.DB_Management.media_db.schema.features.core_media:apply_postgres_core_media_schema:357 - Applying Postgres base table DDL: CREATE TABLE IF NOT EXISTS Claims ( id BIGSERIAL PRIMARY KEY, media_id INTEGER NOT NULL, chunk_index INTEGER NOT NULL, s...
2026-09-17 00:24:13.038 | DEBUG    | tldw_Server_API.app.core.DB_Management.media_db.schema.features.core_media:apply_postgres_core_media_schema:357 - Applying Postgres base table DDL: CREATE TABLE IF NOT EXISTS claims_review_log ( id BIGSERIAL PRIMARY KEY, claim_id INTEGER NOT NULL, old_status TEXT, new...
2026-09-17 00:24:13.038 | DEBUG    | tldw_Server_API.app.core.DB_Management.media_db.schema.features.core_media:apply_postgres_core_media_schema:357 - Applying Postgres base table DDL: CREATE TABLE IF NOT EXISTS claims_review_extractor_metrics_daily ( id BIGSERIAL PRIMARY KEY, user_id TEXT NOT NULL, repo...
2026-09-17 00:24:13.039 | DEBUG    | tldw_Server_API.app.core.DB_Management.media_db.schema.features.core_media:apply_postgres_core_media_schema:357 - Applying Postgres base table DDL: CREATE TABLE IF NOT EXISTS claims_review_rules ( id BIGSERIAL PRIMARY KEY, user_id TEXT NOT NULL, priority INTEGER NOT N...
2026-09-17 00:24:13.040 | DEBUG    | tldw_Server_API.app.core.DB_Management.media_db.schema.features.core_media:apply_postgres_core_media_schema:357 - Applying Postgres base table DDL: CREATE TABLE IF NOT EXISTS claims_monitoring_events ( id BIGSERIAL PRIMARY KEY, user_id TEXT NOT NULL, event_type TEXT N...
2026-09-17 00:24:13.041 | DEBUG    | tldw_Server_API.app.core.DB_Management.media_db.schema.features.core_media:apply_postgres_core_media_schema:357 - Applying Postgres base table DDL: CREATE TABLE IF NOT EXISTS claims_monitoring_settings ( id BIGSERIAL PRIMARY KEY, user_id TEXT NOT NULL, threshold_ratio...
2026-09-17 00:24:13.041 | DEBUG    | tldw_Server_API.app.core.DB_Management.media_db.schema.features.core_media:apply_postgres_core_media_schema:357 - Applying Postgres base table DDL: CREATE TABLE IF NOT EXISTS claims_monitoring_alerts ( id BIGSERIAL PRIMARY KEY, user_id TEXT NOT NULL, name TEXT NOT NUL...
2026-09-17 00:24:13.042 | DEBUG    | tldw_Server_API.app.core.DB_Management.media_db.schema.features.core_media:apply_postgres_core_media_schema:357 - Applying Postgres base table DDL: CREATE TABLE IF NOT EXISTS claims_monitoring_config ( id BIGSERIAL PRIMARY KEY, user_id TEXT NOT NULL, threshold_ratio D...
2026-09-17 00:24:13.043 | DEBUG    | tldw_Server_API.app.core.DB_Management.media_db.schema.features.core_media:apply_postgres_core_media_schema:357 - Applying Postgres base table DDL: CREATE TABLE IF NOT EXISTS claims_monitoring_health ( id BIGSERIAL PRIMARY KEY, user_id TEXT NOT NULL, queue_size INTEGE...
2026-09-17 00:24:13.044 | DEBUG    | tldw_Server_API.app.core.DB_Management.media_db.schema.features.core_media:apply_postgres_core_media_schema:357 - Applying Postgres base table DDL: CREATE TABLE IF NOT EXISTS claims_analytics_exports ( export_id TEXT PRIMARY KEY, user_id TEXT NOT NULL, format TEXT NOT...
2026-09-17 00:24:13.044 | DEBUG    | tldw_Server_API.app.core.DB_Management.media_db.schema.features.core_media:apply_postgres_core_media_schema:357 - Applying Postgres base table DDL: CREATE TABLE IF NOT EXISTS claims_notifications ( id BIGSERIAL PRIMARY KEY, user_id TEXT NOT NULL, kind TEXT NOT NULL, t...
2026-09-17 00:24:13.045 | DEBUG    | tldw_Server_API.app.core.DB_Management.media_db.schema.features.core_media:apply_postgres_core_media_schema:357 - Applying Postgres base table DDL: CREATE TABLE IF NOT EXISTS claim_clusters ( id BIGSERIAL PRIMARY KEY, user_id TEXT NOT NULL, canonical_claim_text TEXT, ...
2026-09-17 00:24:13.045 | DEBUG    | tldw_Server_API.app.core.DB_Management.media_db.schema.features.core_media:apply_postgres_core_media_schema:357 - Applying Postgres base table DDL: CREATE TABLE IF NOT EXISTS claim_cluster_membership ( cluster_id INTEGER NOT NULL, claim_id INTEGER NOT NULL, similarity...
2026-09-17 00:24:13.046 | DEBUG    | tldw_Server_API.app.core.DB_Management.media_db.schema.features.core_media:apply_postgres_core_media_schema:357 - Applying Postgres base table DDL: CREATE TABLE IF NOT EXISTS claim_cluster_links ( parent_cluster_id INTEGER NOT NULL, child_cluster_id INTEGER NOT NULL, ...
2026-09-17 00:24:13.046 | DEBUG    | tldw_Server_API.app.core.DB_Management.media_db.schema.features.core_media:apply_postgres_core_media_schema:357 - Applying Postgres base table DDL: CREATE TABLE IF NOT EXISTS MediaFiles ( id BIGSERIAL PRIMARY KEY, media_id INTEGER NOT NULL, file_type TEXT NOT NULL DEF...
2026-09-17 00:24:13.047 | DEBUG    | tldw_Server_API.app.core.DB_Management.media_db.schema.features.core_media:apply_postgres_core_media_schema:357 - Applying Postgres base table DDL: CREATE TABLE IF NOT EXISTS tts_history ( id BIGSERIAL PRIMARY KEY, user_id TEXT NOT NULL, created_at TEXT NOT NULL, text...
2026-09-17 00:24:13.048 | DEBUG    | tldw_Server_API.app.core.DB_Management.media_db.schema.features.core_media:apply_postgres_core_media_schema:357 - Applying Postgres base table DDL: CREATE TABLE IF NOT EXISTS audio_presets ( id TEXT PRIMARY KEY, user_id TEXT NOT NULL, kind TEXT NOT NULL, name TEXT NOT...
2026-09-17 00:24:13.048 | DEBUG    | tldw_Server_API.app.core.DB_Management.media_db.schema.features.core_media:apply_postgres_core_media_schema:357 - Applying Postgres base table DDL: CREATE TABLE IF NOT EXISTS data_tables ( id BIGSERIAL PRIMARY KEY, uuid TEXT UNIQUE NOT NULL, name TEXT NOT NULL, descri...
2026-09-17 00:24:13.049 | DEBUG    | tldw_Server_API.app.core.DB_Management.media_db.schema.features.core_media:apply_postgres_core_media_schema:357 - Applying Postgres base table DDL: CREATE TABLE IF NOT EXISTS data_table_columns ( id BIGSERIAL PRIMARY KEY, table_id INTEGER NOT NULL, column_id TEXT NOT ...
2026-09-17 00:24:13.050 | DEBUG    | tldw_Server_API.app.core.DB_Management.media_db.schema.features.core_media:apply_postgres_core_media_schema:357 - Applying Postgres base table DDL: CREATE TABLE IF NOT EXISTS data_table_rows ( id BIGSERIAL PRIMARY KEY, table_id INTEGER NOT NULL, row_id TEXT NOT NULL, ...
2026-09-17 00:24:13.051 | DEBUG    | tldw_Server_API.app.core.DB_Management.media_db.schema.features.core_media:apply_postgres_core_media_schema:357 - Applying Postgres base table DDL: CREATE TABLE IF NOT EXISTS data_table_sources ( id BIGSERIAL PRIMARY KEY, table_id INTEGER NOT NULL, source_type TEXT NO...
2026-09-17 00:24:13.051 | DEBUG    | tldw_Server_API.app.core.DB_Management.media_db.schema.features.core_media:apply_postgres_core_media_schema:361 - Applying Postgres base initializer DDL: INSERT INTO schema_version (version) VALUES (0) ON CONFLICT DO NOTHING;...
2026-09-17 00:24:13.052 | DEBUG    | tldw_Server_API.app.core.DB_Management.media_db.schema.features.core_media:apply_postgres_core_media_schema:361 - Applying Postgres base initializer DDL: CREATE INDEX IF NOT EXISTS idx_claims_media_id ON Claims(media_id);...
2026-09-17 00:24:13.052 | DEBUG    | tldw_Server_API.app.core.DB_Management.media_db.schema.features.core_media:apply_postgres_core_media_schema:361 - Applying Postgres base initializer DDL: CREATE INDEX IF NOT EXISTS idx_claims_media_chunk ON Claims(media_id, chunk_index);...
2026-09-17 00:24:13.052 | DEBUG    | tldw_Server_API.app.core.DB_Management.media_db.schema.features.core_media:apply_postgres_core_media_schema:361 - Applying Postgres base initializer DDL: CREATE UNIQUE INDEX IF NOT EXISTS idx_claims_uuid ON Claims(uuid);...
2026-09-17 00:24:13.053 | DEBUG    | tldw_Server_API.app.core.DB_Management.media_db.schema.features.core_media:apply_postgres_core_media_schema:361 - Applying Postgres base initializer DDL: CREATE INDEX IF NOT EXISTS idx_claims_deleted ON Claims(deleted);...
2026-09-17 00:24:13.053 | DEBUG    | tldw_Server_API.app.core.DB_Management.media_db.schema.features.core_media:apply_postgres_core_media_schema:361 - Applying Postgres base initializer DDL: CREATE INDEX IF NOT EXISTS idx_claims_review_status ON Claims(review_status);...
2026-09-17 00:24:13.053 | DEBUG    | tldw_Server_API.app.core.DB_Management.media_db.schema.features.core_media:apply_postgres_core_media_schema:361 - Applying Postgres base initializer DDL: CREATE INDEX IF NOT EXISTS idx_claims_reviewer_id ON Claims(reviewer_id);...
2026-09-17 00:24:13.053 | DEBUG    | tldw_Server_API.app.core.DB_Management.media_db.schema.features.core_media:apply_postgres_core_media_schema:361 - Applying Postgres base initializer DDL: CREATE INDEX IF NOT EXISTS idx_claims_review_group ON Claims(review_group);...
2026-09-17 00:24:13.053 | DEBUG    | tldw_Server_API.app.core.DB_Management.media_db.schema.features.core_media:apply_postgres_core_media_schema:361 - Applying Postgres base initializer DDL: CREATE INDEX IF NOT EXISTS idx_claims_cluster_id ON Claims(claim_cluster_id);...
2026-09-17 00:24:13.054 | DEBUG    | tldw_Server_API.app.core.DB_Management.media_db.schema.features.core_media:apply_postgres_core_media_schema:361 - Applying Postgres base initializer DDL: CREATE INDEX IF NOT EXISTS idx_claims_review_log_claim ON claims_review_log(claim_id);...
2026-09-17 00:24:13.054 | DEBUG    | tldw_Server_API.app.core.DB_Management.media_db.schema.features.core_media:apply_postgres_core_media_schema:361 - Applying Postgres base initializer DDL: CREATE INDEX IF NOT EXISTS idx_claims_review_log_reviewer ON claims_review_log(reviewer_id);...
2026-09-17 00:24:13.054 | DEBUG    | tldw_Server_API.app.core.DB_Management.media_db.schema.features.core_media:apply_postgres_core_media_schema:361 - Applying Postgres base initializer DDL: CREATE INDEX IF NOT EXISTS idx_claims_review_log_created ON claims_review_log(created_at);...
2026-09-17 00:24:13.054 | DEBUG    | tldw_Server_API.app.core.DB_Management.media_db.schema.features.core_media:apply_postgres_core_media_schema:361 - Applying Postgres base initializer DDL: CREATE INDEX IF NOT EXISTS idx_claims_review_metrics_user ON claims_review_extractor_metrics_daily(user_id);...
2026-09-17 00:24:13.055 | DEBUG    | tldw_Server_API.app.core.DB_Management.media_db.schema.features.core_media:apply_postgres_core_media_schema:361 - Applying Postgres base initializer DDL: CREATE INDEX IF NOT EXISTS idx_claims_review_metrics_date ON claims_review_extractor_metrics_daily(report_date);...
2026-09-17 00:24:13.055 | DEBUG    | tldw_Server_API.app.core.DB_Management.media_db.schema.features.core_media:apply_postgres_core_media_schema:361 - Applying Postgres base initializer DDL: CREATE INDEX IF NOT EXISTS idx_claims_review_metrics_extractor ON claims_review_extractor_metrics_daily(extractor);...
2026-09-17 00:24:13.055 | DEBUG    | tldw_Server_API.app.core.DB_Management.media_db.schema.features.core_media:apply_postgres_core_media_schema:361 - Applying Postgres base initializer DDL: CREATE INDEX IF NOT EXISTS idx_claims_review_rules_user ON claims_review_rules(user_id);...
2026-09-17 00:24:13.055 | DEBUG    | tldw_Server_API.app.core.DB_Management.media_db.schema.features.core_media:apply_postgres_core_media_schema:361 - Applying Postgres base initializer DDL: CREATE INDEX IF NOT EXISTS idx_claims_review_rules_active ON claims_review_rules(active);...
2026-09-17 00:24:13.056 | DEBUG    | tldw_Server_API.app.core.DB_Management.media_db.schema.features.core_media:apply_postgres_core_media_schema:361 - Applying Postgres base initializer DDL: CREATE INDEX IF NOT EXISTS idx_claims_monitoring_events_user ON claims_monitoring_events(user_id);...
2026-09-17 00:24:13.056 | DEBUG    | tldw_Server_API.app.core.DB_Management.media_db.schema.features.core_media:apply_postgres_core_media_schema:361 - Applying Postgres base initializer DDL: CREATE INDEX IF NOT EXISTS idx_claims_monitoring_events_user_created_id ON claims_monitoring_events(user_id, created_at,...
2026-09-17 00:24:13.056 | DEBUG    | tldw_Server_API.app.core.DB_Management.media_db.schema.features.core_media:apply_postgres_core_media_schema:361 - Applying Postgres base initializer DDL: CREATE INDEX IF NOT EXISTS idx_claims_monitoring_events_user_id ON claims_monitoring_events(user_id, id);...
2026-09-17 00:24:13.056 | DEBUG    | tldw_Server_API.app.core.DB_Management.media_db.schema.features.core_media:apply_postgres_core_media_schema:361 - Applying Postgres base initializer DDL: CREATE INDEX IF NOT EXISTS idx_claims_monitoring_events_type ON claims_monitoring_events(event_type);...
2026-09-17 00:24:13.056 | DEBUG    | tldw_Server_API.app.core.DB_Management.media_db.schema.features.core_media:apply_postgres_core_media_schema:361 - Applying Postgres base initializer DDL: CREATE INDEX IF NOT EXISTS idx_claims_monitoring_events_delivered ON claims_monitoring_events(delivered_at);...
2026-09-17 00:24:13.057 | DEBUG    | tldw_Server_API.app.core.DB_Management.media_db.schema.features.core_media:apply_postgres_core_media_schema:361 - Applying Postgres base initializer DDL: CREATE UNIQUE INDEX IF NOT EXISTS idx_claims_monitoring_settings_user ON claims_monitoring_settings(user_id);...
2026-09-17 00:24:13.057 | DEBUG    | tldw_Server_API.app.core.DB_Management.media_db.schema.features.core_media:apply_postgres_core_media_schema:361 - Applying Postgres base initializer DDL: CREATE INDEX IF NOT EXISTS idx_claims_monitoring_alerts_user ON claims_monitoring_alerts(user_id);...
2026-09-17 00:24:13.057 | DEBUG    | tldw_Server_API.app.core.DB_Management.media_db.schema.features.core_media:apply_postgres_core_media_schema:361 - Applying Postgres base initializer DDL: CREATE INDEX IF NOT EXISTS idx_claims_monitoring_user ON claims_monitoring_config(user_id);...
2026-09-17 00:24:13.058 | DEBUG    | tldw_Server_API.app.core.DB_Management.media_db.schema.features.core_media:apply_postgres_core_media_schema:361 - Applying Postgres base initializer DDL: CREATE UNIQUE INDEX IF NOT EXISTS idx_claims_monitoring_health_user ON claims_monitoring_health(user_id);...
2026-09-17 00:24:13.058 | DEBUG    | tldw_Server_API.app.core.DB_Management.media_db.schema.features.core_media:apply_postgres_core_media_schema:361 - Applying Postgres base initializer DDL: CREATE INDEX IF NOT EXISTS idx_claims_analytics_exports_user ON claims_analytics_exports(user_id);...
2026-09-17 00:24:13.058 | DEBUG    | tldw_Server_API.app.core.DB_Management.media_db.schema.features.core_media:apply_postgres_core_media_schema:361 - Applying Postgres base initializer DDL: CREATE INDEX IF NOT EXISTS idx_claims_analytics_exports_job_id ON claims_analytics_exports(job_id);...
2026-09-17 00:24:13.058 | DEBUG    | tldw_Server_API.app.core.DB_Management.media_db.schema.features.core_media:apply_postgres_core_media_schema:361 - Applying Postgres base initializer DDL: CREATE INDEX IF NOT EXISTS idx_claims_analytics_exports_user_status_export_id ON claims_analytics_exports(user_id, statu...
2026-09-17 00:24:13.058 | DEBUG    | tldw_Server_API.app.core.DB_Management.media_db.schema.features.core_media:apply_postgres_core_media_schema:361 - Applying Postgres base initializer DDL: CREATE INDEX IF NOT EXISTS idx_claims_analytics_exports_user_status_updated_export_id ON claims_analytics_exports(user_i...
2026-09-17 00:24:13.059 | DEBUG    | tldw_Server_API.app.core.DB_Management.media_db.schema.features.core_media:apply_postgres_core_media_schema:361 - Applying Postgres base initializer DDL: CREATE INDEX IF NOT EXISTS idx_claims_notifications_user ON claims_notifications(user_id);...
2026-09-17 00:24:13.059 | DEBUG    | tldw_Server_API.app.core.DB_Management.media_db.schema.features.core_media:apply_postgres_core_media_schema:361 - Applying Postgres base initializer DDL: CREATE INDEX IF NOT EXISTS idx_claims_notifications_kind ON claims_notifications(kind);...
2026-09-17 00:24:13.059 | DEBUG    | tldw_Server_API.app.core.DB_Management.media_db.schema.features.core_media:apply_postgres_core_media_schema:361 - Applying Postgres base initializer DDL: CREATE INDEX IF NOT EXISTS idx_claims_notifications_target_user ON claims_notifications(target_user_id);...
2026-09-17 00:24:13.059 | DEBUG    | tldw_Server_API.app.core.DB_Management.media_db.schema.features.core_media:apply_postgres_core_media_schema:361 - Applying Postgres base initializer DDL: CREATE INDEX IF NOT EXISTS idx_claims_notifications_review_group ON claims_notifications(target_review_group);...
2026-09-17 00:24:13.060 | DEBUG    | tldw_Server_API.app.core.DB_Management.media_db.schema.features.core_media:apply_postgres_core_media_schema:361 - Applying Postgres base initializer DDL: CREATE INDEX IF NOT EXISTS idx_claims_notifications_resource ON claims_notifications(resource_type, resource_id);...
2026-09-17 00:24:13.060 | DEBUG    | tldw_Server_API.app.core.DB_Management.media_db.schema.features.core_media:apply_postgres_core_media_schema:361 - Applying Postgres base initializer DDL: CREATE INDEX IF NOT EXISTS idx_claims_notifications_delivered ON claims_notifications(delivered_at);...
2026-09-17 00:24:13.060 | DEBUG    | tldw_Server_API.app.core.DB_Management.media_db.schema.features.core_media:apply_postgres_core_media_schema:361 - Applying Postgres base initializer DDL: CREATE INDEX IF NOT EXISTS idx_claim_clusters_user ON claim_clusters(user_id);...
2026-09-17 00:24:13.060 | DEBUG    | tldw_Server_API.app.core.DB_Management.media_db.schema.features.core_media:apply_postgres_core_media_schema:361 - Applying Postgres base initializer DDL: CREATE INDEX IF NOT EXISTS idx_claim_clusters_updated ON claim_clusters(updated_at);...
2026-09-17 00:24:13.060 | DEBUG    | tldw_Server_API.app.core.DB_Management.media_db.schema.features.core_media:apply_postgres_core_media_schema:361 - Applying Postgres base initializer DDL: CREATE INDEX IF NOT EXISTS idx_claim_cluster_membership_claim ON claim_cluster_membership(claim_id);...
2026-09-17 00:24:13.061 | DEBUG    | tldw_Server_API.app.core.DB_Management.media_db.schema.features.core_media:apply_postgres_core_media_schema:361 - Applying Postgres base initializer DDL: CREATE INDEX IF NOT EXISTS idx_media_files_media_id ON MediaFiles(media_id);...
2026-09-17 00:24:13.061 | DEBUG    | tldw_Server_API.app.core.DB_Management.media_db.schema.features.core_media:apply_postgres_core_media_schema:361 - Applying Postgres base initializer DDL: CREATE INDEX IF NOT EXISTS idx_media_files_type ON MediaFiles(file_type);...
2026-09-17 00:24:13.061 | DEBUG    | tldw_Server_API.app.core.DB_Management.media_db.schema.features.core_media:apply_postgres_core_media_schema:361 - Applying Postgres base initializer DDL: CREATE UNIQUE INDEX IF NOT EXISTS idx_media_files_uuid ON MediaFiles(uuid);...
2026-09-17 00:24:13.061 | DEBUG    | tldw_Server_API.app.core.DB_Management.media_db.schema.features.core_media:apply_postgres_core_media_schema:361 - Applying Postgres base initializer DDL: CREATE INDEX IF NOT EXISTS idx_media_files_deleted ON MediaFiles(deleted);...
2026-09-17 00:24:13.062 | DEBUG    | tldw_Server_API.app.core.DB_Management.media_db.schema.features.core_media:apply_postgres_core_media_schema:361 - Applying Postgres base initializer DDL: CREATE INDEX IF NOT EXISTS idx_tts_history_user_created ON tts_history(user_id, created_at DESC);...
2026-09-17 00:24:13.062 | DEBUG    | tldw_Server_API.app.core.DB_Management.media_db.schema.features.core_media:apply_postgres_core_media_schema:361 - Applying Postgres base initializer DDL: CREATE INDEX IF NOT EXISTS idx_tts_history_user_favorite ON tts_history(user_id, favorite);...
2026-09-17 00:24:13.062 | DEBUG    | tldw_Server_API.app.core.DB_Management.media_db.schema.features.core_media:apply_postgres_core_media_schema:361 - Applying Postgres base initializer DDL: CREATE INDEX IF NOT EXISTS idx_tts_history_user_provider ON tts_history(user_id, provider);...
2026-09-17 00:24:13.062 | DEBUG    | tldw_Server_API.app.core.DB_Management.media_db.schema.features.core_media:apply_postgres_core_media_schema:361 - Applying Postgres base initializer DDL: CREATE INDEX IF NOT EXISTS idx_tts_history_user_model ON tts_history(user_id, model);...
2026-09-17 00:24:13.062 | DEBUG    | tldw_Server_API.app.core.DB_Management.media_db.schema.features.core_media:apply_postgres_core_media_schema:361 - Applying Postgres base initializer DDL: CREATE INDEX IF NOT EXISTS idx_tts_history_user_voice_id ON tts_history(user_id, voice_id);...
2026-09-17 00:24:13.063 | DEBUG    | tldw_Server_API.app.core.DB_Management.media_db.schema.features.core_media:apply_postgres_core_media_schema:361 - Applying Postgres base initializer DDL: CREATE INDEX IF NOT EXISTS idx_tts_history_user_text_hash ON tts_history(user_id, text_hash);...
2026-09-17 00:24:13.063 | DEBUG    | tldw_Server_API.app.core.DB_Management.media_db.schema.features.core_media:apply_postgres_core_media_schema:361 - Applying Postgres base initializer DDL: CREATE INDEX IF NOT EXISTS idx_audio_presets_user_kind_updated ON audio_presets(user_id, kind, deleted, updated_at DESC)...
2026-09-17 00:24:13.063 | DEBUG    | tldw_Server_API.app.core.DB_Management.media_db.schema.features.core_media:apply_postgres_core_media_schema:361 - Applying Postgres base initializer DDL: CREATE INDEX IF NOT EXISTS idx_audio_presets_user_kind_favorite ON audio_presets(user_id, kind, favorite, deleted);...
2026-09-17 00:24:13.064 | DEBUG    | tldw_Server_API.app.core.DB_Management.media_db.schema.features.core_media:apply_postgres_core_media_schema:361 - Applying Postgres base initializer DDL: CREATE INDEX IF NOT EXISTS idx_audio_presets_user_kind_default ON audio_presets(user_id, kind, is_default, deleted);...
2026-09-17 00:24:13.064 | DEBUG    | tldw_Server_API.app.core.DB_Management.media_db.schema.features.core_media:apply_postgres_core_media_schema:361 - Applying Postgres base initializer DDL: CREATE UNIQUE INDEX IF NOT EXISTS ux_audio_presets_user_kind_name_active ON audio_presets(user_id, kind, LOWER(name)) WH...
2026-09-17 00:24:13.064 | DEBUG    | tldw_Server_API.app.core.DB_Management.media_db.schema.features.core_media:apply_postgres_core_media_schema:361 - Applying Postgres base initializer DDL: CREATE UNIQUE INDEX IF NOT EXISTS ux_audio_presets_user_kind_default_active ON audio_presets(user_id, kind) WHERE is_def...
2026-09-17 00:24:13.064 | DEBUG    | tldw_Server_API.app.core.DB_Management.media_db.schema.features.core_media:apply_postgres_core_media_schema:361 - Applying Postgres base initializer DDL: CREATE INDEX IF NOT EXISTS idx_data_tables_status ON data_tables(status);...
2026-09-17 00:24:13.065 | DEBUG    | tldw_Server_API.app.core.DB_Management.media_db.schema.features.core_media:apply_postgres_core_media_schema:361 - Applying Postgres base initializer DDL: CREATE INDEX IF NOT EXISTS idx_data_tables_updated ON data_tables(updated_at DESC);...
2026-09-17 00:24:13.065 | DEBUG    | tldw_Server_API.app.core.DB_Management.media_db.schema.features.core_media:apply_postgres_core_media_schema:361 - Applying Postgres base initializer DDL: CREATE INDEX IF NOT EXISTS idx_data_tables_deleted ON data_tables(deleted);...
2026-09-17 00:24:13.066 | DEBUG    | tldw_Server_API.app.core.DB_Management.media_db.schema.features.core_media:apply_postgres_core_media_schema:361 - Applying Postgres base initializer DDL: CREATE INDEX IF NOT EXISTS idx_data_tables_workspace_tag ON data_tables(workspace_tag);...
2026-09-17 00:24:13.066 | DEBUG    | tldw_Server_API.app.core.DB_Management.media_db.schema.features.core_media:apply_postgres_core_media_schema:361 - Applying Postgres base initializer DDL: CREATE UNIQUE INDEX IF NOT EXISTS ux_data_table_columns_table_column ON data_table_columns(table_id, column_id);...
2026-09-17 00:24:13.066 | DEBUG    | tldw_Server_API.app.core.DB_Management.media_db.schema.features.core_media:apply_postgres_core_media_schema:361 - Applying Postgres base initializer DDL: CREATE INDEX IF NOT EXISTS idx_data_table_columns_table_position ON data_table_columns(table_id, position);...
2026-09-17 00:24:13.066 | DEBUG    | tldw_Server_API.app.core.DB_Management.media_db.schema.features.core_media:apply_postgres_core_media_schema:361 - Applying Postgres base initializer DDL: CREATE UNIQUE INDEX IF NOT EXISTS ux_data_table_columns_table_position_active ON data_table_columns(table_id, position, ...
2026-09-17 00:24:13.067 | DEBUG    | tldw_Server_API.app.core.DB_Management.media_db.schema.features.core_media:apply_postgres_core_media_schema:361 - Applying Postgres base initializer DDL: CREATE UNIQUE INDEX IF NOT EXISTS ux_data_table_rows_table_row ON data_table_rows(table_id, row_id);...
2026-09-17 00:24:13.067 | DEBUG    | tldw_Server_API.app.core.DB_Management.media_db.schema.features.core_media:apply_postgres_core_media_schema:361 - Applying Postgres base initializer DDL: CREATE INDEX IF NOT EXISTS idx_data_table_rows_table_index ON data_table_rows(table_id, row_index);...
2026-09-17 00:24:13.067 | DEBUG    | tldw_Server_API.app.core.DB_Management.media_db.schema.features.core_media:apply_postgres_core_media_schema:361 - Applying Postgres base initializer DDL: CREATE UNIQUE INDEX IF NOT EXISTS ux_data_table_rows_table_index_active ON data_table_rows(table_id, row_index, deleted)...
2026-09-17 00:24:13.068 | DEBUG    | tldw_Server_API.app.core.DB_Management.media_db.schema.features.core_media:apply_postgres_core_media_schema:361 - Applying Postgres base initializer DDL: CREATE INDEX IF NOT EXISTS idx_data_table_sources_table ON data_table_sources(table_id);...
2026-09-17 00:24:13.072 | DEBUG    | tldw_Server_API.app.core.DB_Management.media_db.schema.features.core_media:apply_postgres_core_media_schema:370 - Applying Postgres index DDL: CREATE INDEX IF NOT EXISTS idx_media_title ON Media(title);...
2026-09-17 00:24:13.073 | DEBUG    | tldw_Server_API.app.core.DB_Management.media_db.schema.features.core_media:apply_postgres_core_media_schema:370 - Applying Postgres index DDL: CREATE INDEX IF NOT EXISTS idx_media_type ON Media(type);...
2026-09-17 00:24:13.073 | DEBUG    | tldw_Server_API.app.core.DB_Management.media_db.schema.features.core_media:apply_postgres_core_media_schema:370 - Applying Postgres index DDL: CREATE INDEX IF NOT EXISTS idx_media_author ON Media(author);...
2026-09-17 00:24:13.074 | DEBUG    | tldw_Server_API.app.core.DB_Management.media_db.schema.features.core_media:apply_postgres_core_media_schema:370 - Applying Postgres index DDL: CREATE INDEX IF NOT EXISTS idx_media_ingestion_date ON Media(ingestion_date);...
2026-09-17 00:24:13.074 | DEBUG    | tldw_Server_API.app.core.DB_Management.media_db.schema.features.core_media:apply_postgres_core_media_schema:370 - Applying Postgres index DDL: CREATE INDEX IF NOT EXISTS idx_media_chunking_status ON Media(chunking_status);...
2026-09-17 00:24:13.074 | DEBUG    | tldw_Server_API.app.core.DB_Management.media_db.schema.features.core_media:apply_postgres_core_media_schema:370 - Applying Postgres index DDL: CREATE INDEX IF NOT EXISTS idx_media_vector_processing ON Media(vector_processing);...
2026-09-17 00:24:13.074 | DEBUG    | tldw_Server_API.app.core.DB_Management.media_db.schema.features.core_media:apply_postgres_core_media_schema:370 - Applying Postgres index DDL: CREATE INDEX IF NOT EXISTS idx_media_is_trash ON Media(is_trash);...
2026-09-17 00:24:13.075 | DEBUG    | tldw_Server_API.app.core.DB_Management.media_db.schema.features.core_media:apply_postgres_core_media_schema:370 - Applying Postgres index DDL: CREATE INDEX IF NOT EXISTS idx_media_content_hash ON Media(content_hash);...
2026-09-17 00:24:13.075 | DEBUG    | tldw_Server_API.app.core.DB_Management.media_db.schema.features.core_media:apply_postgres_core_media_schema:370 - Applying Postgres index DDL: CREATE INDEX IF NOT EXISTS idx_media_source_hash ON Media(source_hash);...
2026-09-17 00:24:13.075 | DEBUG    | tldw_Server_API.app.core.DB_Management.media_db.schema.features.core_media:apply_postgres_core_media_schema:370 - Applying Postgres index DDL: CREATE UNIQUE INDEX IF NOT EXISTS idx_media_uuid ON Media(uuid);...
2026-09-17 00:24:13.075 | DEBUG    | tldw_Server_API.app.core.DB_Management.media_db.schema.features.core_media:apply_postgres_core_media_schema:370 - Applying Postgres index DDL: CREATE INDEX IF NOT EXISTS idx_media_last_modified ON Media(last_modified);...
2026-09-17 00:24:13.076 | DEBUG    | tldw_Server_API.app.core.DB_Management.media_db.schema.features.core_media:apply_postgres_core_media_schema:370 - Applying Postgres index DDL: CREATE INDEX IF NOT EXISTS idx_media_deleted ON Media(deleted);...
2026-09-17 00:24:13.077 | DEBUG    | tldw_Server_API.app.core.DB_Management.media_db.schema.features.core_media:apply_postgres_core_media_schema:370 - Applying Postgres index DDL: CREATE INDEX IF NOT EXISTS idx_media_prev_version ON Media(prev_version);...
2026-09-17 00:24:13.077 | DEBUG    | tldw_Server_API.app.core.DB_Management.media_db.schema.features.core_media:apply_postgres_core_media_schema:370 - Applying Postgres index DDL: CREATE INDEX IF NOT EXISTS idx_media_merge_parent_uuid ON Media(merge_parent_uuid);...
2026-09-17 00:24:13.078 | DEBUG    | tldw_Server_API.app.core.DB_Management.media_db.schema.features.core_media:apply_postgres_core_media_schema:370 - Applying Postgres index DDL: CREATE INDEX IF NOT EXISTS idx_media_org_id ON Media(org_id);...
2026-09-17 00:24:13.078 | DEBUG    | tldw_Server_API.app.core.DB_Management.media_db.schema.features.core_media:apply_postgres_core_media_schema:370 - Applying Postgres index DDL: CREATE INDEX IF NOT EXISTS idx_media_team_id ON Media(team_id);...
2026-09-17 00:24:13.078 | DEBUG    | tldw_Server_API.app.core.DB_Management.media_db.schema.features.core_media:apply_postgres_core_media_schema:370 - Applying Postgres index DDL: CREATE INDEX IF NOT EXISTS idx_media_visibility ON Media(visibility);...
2026-09-17 00:24:13.078 | DEBUG    | tldw_Server_API.app.core.DB_Management.media_db.schema.features.core_media:apply_postgres_core_media_schema:370 - Applying Postgres index DDL: CREATE INDEX IF NOT EXISTS idx_media_owner_user_id ON Media(owner_user_id);...
2026-09-17 00:24:13.079 | DEBUG    | tldw_Server_API.app.core.DB_Management.media_db.schema.features.core_media:apply_postgres_core_media_schema:370 - Applying Postgres index DDL: CREATE INDEX IF NOT EXISTS idx_media_latest_transcription_run_id ON Media(latest_transcription_run_id);...
2026-09-17 00:24:13.079 | DEBUG    | tldw_Server_API.app.core.DB_Management.media_db.schema.features.core_media:apply_postgres_core_media_schema:370 - Applying Postgres index DDL: CREATE INDEX IF NOT EXISTS idx_media_next_transcription_run_id ON Media(next_transcription_run_id);...
2026-09-17 00:24:13.079 | DEBUG    | tldw_Server_API.app.core.DB_Management.media_db.schema.features.core_media:apply_postgres_core_media_schema:370 - Applying Postgres index DDL: CREATE UNIQUE INDEX IF NOT EXISTS ux_media_system_operation_source ON Media(system_operation_kind, system_operation_id, ...
2026-09-17 00:24:13.080 | DEBUG    | tldw_Server_API.app.core.DB_Management.media_db.schema.features.core_media:apply_postgres_core_media_schema:370 - Applying Postgres index DDL: CREATE UNIQUE INDEX IF NOT EXISTS idx_keywords_uuid ON Keywords(uuid);...
2026-09-17 00:24:13.080 | DEBUG    | tldw_Server_API.app.core.DB_Management.media_db.schema.features.core_media:apply_postgres_core_media_schema:370 - Applying Postgres index DDL: CREATE INDEX IF NOT EXISTS idx_keywords_last_modified ON Keywords(last_modified);...
2026-09-17 00:24:13.080 | DEBUG    | tldw_Server_API.app.core.DB_Management.media_db.schema.features.core_media:apply_postgres_core_media_schema:370 - Applying Postgres index DDL: CREATE INDEX IF NOT EXISTS idx_keywords_deleted ON Keywords(deleted);...
2026-09-17 00:24:13.080 | DEBUG    | tldw_Server_API.app.core.DB_Management.media_db.schema.features.core_media:apply_postgres_core_media_schema:370 - Applying Postgres index DDL: CREATE INDEX IF NOT EXISTS idx_keywords_prev_version ON Keywords(prev_version);...
2026-09-17 00:24:13.081 | DEBUG    | tldw_Server_API.app.core.DB_Management.media_db.schema.features.core_media:apply_postgres_core_media_schema:370 - Applying Postgres index DDL: CREATE INDEX IF NOT EXISTS idx_keywords_merge_parent_uuid ON Keywords(merge_parent_uuid);...
2026-09-17 00:24:13.081 | DEBUG    | tldw_Server_API.app.core.DB_Management.media_db.schema.features.core_media:apply_postgres_core_media_schema:370 - Applying Postgres index DDL: CREATE INDEX IF NOT EXISTS idx_mediakeywords_media_id ON MediaKeywords(media_id);...
2026-09-17 00:24:13.081 | DEBUG    | tldw_Server_API.app.core.DB_Management.media_db.schema.features.core_media:apply_postgres_core_media_schema:370 - Applying Postgres index DDL: CREATE INDEX IF NOT EXISTS idx_mediakeywords_keyword_id ON MediaKeywords(keyword_id);...
2026-09-17 00:24:13.082 | DEBUG    | tldw_Server_API.app.core.DB_Management.media_db.schema.features.core_media:apply_postgres_core_media_schema:370 - Applying Postgres index DDL: CREATE INDEX IF NOT EXISTS idx_owned_clone_keywords_keyword ON OperationOwnedCloneKeywords(keyword);...
2026-09-17 00:24:13.082 | DEBUG    | tldw_Server_API.app.core.DB_Management.media_db.schema.features.core_media:apply_postgres_core_media_schema:370 - Applying Postgres index DDL: CREATE INDEX IF NOT EXISTS idx_owned_clone_keywords_operation ON OperationOwnedCloneKeywords(operation_id, source_identi...
2026-09-17 00:24:13.082 | DEBUG    | tldw_Server_API.app.core.DB_Management.media_db.schema.features.core_media:apply_postgres_core_media_schema:370 - Applying Postgres index DDL: CREATE INDEX IF NOT EXISTS idx_transcripts_media_id ON Transcripts(media_id);...
2026-09-17 00:24:13.083 | DEBUG    | tldw_Server_API.app.core.DB_Management.media_db.schema.features.core_media:apply_postgres_core_media_schema:370 - Applying Postgres index DDL: CREATE UNIQUE INDEX IF NOT EXISTS idx_transcripts_uuid ON Transcripts(uuid);...
2026-09-17 00:24:13.083 | DEBUG    | tldw_Server_API.app.core.DB_Management.media_db.schema.features.core_media:apply_postgres_core_media_schema:370 - Applying Postgres index DDL: CREATE INDEX IF NOT EXISTS idx_transcripts_last_modified ON Transcripts(last_modified);...
2026-09-17 00:24:13.083 | DEBUG    | tldw_Server_API.app.core.DB_Management.media_db.schema.features.core_media:apply_postgres_core_media_schema:370 - Applying Postgres index DDL: CREATE INDEX IF NOT EXISTS idx_transcripts_deleted ON Transcripts(deleted);...
2026-09-17 00:24:13.083 | DEBUG    | tldw_Server_API.app.core.DB_Management.media_db.schema.features.core_media:apply_postgres_core_media_schema:370 - Applying Postgres index DDL: CREATE INDEX IF NOT EXISTS idx_transcripts_prev_version ON Transcripts(prev_version);...
2026-09-17 00:24:13.084 | DEBUG    | tldw_Server_API.app.core.DB_Management.media_db.schema.features.core_media:apply_postgres_core_media_schema:370 - Applying Postgres index DDL: CREATE INDEX IF NOT EXISTS idx_transcripts_merge_parent_uuid ON Transcripts(merge_parent_uuid);...
2026-09-17 00:24:13.084 | DEBUG    | tldw_Server_API.app.core.DB_Management.media_db.schema.features.core_media:apply_postgres_core_media_schema:370 - Applying Postgres index DDL: CREATE UNIQUE INDEX IF NOT EXISTS idx_transcripts_media_run_id ON Transcripts(media_id, transcription_run_id DESC) WHERE...
2026-09-17 00:24:13.084 | DEBUG    | tldw_Server_API.app.core.DB_Management.media_db.schema.features.core_media:apply_postgres_core_media_schema:370 - Applying Postgres index DDL: CREATE INDEX IF NOT EXISTS idx_transcripts_supersedes_run_id ON Transcripts(supersedes_run_id);...
2026-09-17 00:24:13.084 | DEBUG    | tldw_Server_API.app.core.DB_Management.media_db.schema.features.core_media:apply_postgres_core_media_schema:370 - Applying Postgres index DDL: CREATE UNIQUE INDEX IF NOT EXISTS idx_transcripts_media_idempotency_key ON Transcripts(media_id, idempotency_key) WHERE ...
2026-09-17 00:24:13.085 | DEBUG    | tldw_Server_API.app.core.DB_Management.media_db.schema.features.core_media:apply_postgres_core_media_schema:370 - Applying Postgres index DDL: CREATE INDEX IF NOT EXISTS idx_mediachunks_media_id ON MediaChunks(media_id);...
2026-09-17 00:24:13.085 | DEBUG    | tldw_Server_API.app.core.DB_Management.media_db.schema.features.core_media:apply_postgres_core_media_schema:370 - Applying Postgres index DDL: CREATE UNIQUE INDEX IF NOT EXISTS idx_mediachunks_uuid ON MediaChunks(uuid);...
2026-09-17 00:24:13.085 | DEBUG    | tldw_Server_API.app.core.DB_Management.media_db.schema.features.core_media:apply_postgres_core_media_schema:370 - Applying Postgres index DDL: CREATE INDEX IF NOT EXISTS idx_mediachunks_last_modified ON MediaChunks(last_modified);...
2026-09-17 00:24:13.086 | DEBUG    | tldw_Server_API.app.core.DB_Management.media_db.schema.features.core_media:apply_postgres_core_media_schema:370 - Applying Postgres index DDL: CREATE INDEX IF NOT EXISTS idx_mediachunks_deleted ON MediaChunks(deleted);...
2026-09-17 00:24:13.086 | DEBUG    | tldw_Server_API.app.core.DB_Management.media_db.schema.features.core_media:apply_postgres_core_media_schema:370 - Applying Postgres index DDL: CREATE INDEX IF NOT EXISTS idx_mediachunks_prev_version ON MediaChunks(prev_version);...
2026-09-17 00:24:13.086 | DEBUG    | tldw_Server_API.app.core.DB_Management.media_db.schema.features.core_media:apply_postgres_core_media_schema:370 - Applying Postgres index DDL: CREATE INDEX IF NOT EXISTS idx_mediachunks_merge_parent_uuid ON MediaChunks(merge_parent_uuid);...
2026-09-17 00:24:13.086 | DEBUG    | tldw_Server_API.app.core.DB_Management.media_db.schema.features.core_media:apply_postgres_core_media_schema:370 - Applying Postgres index DDL: CREATE INDEX IF NOT EXISTS idx_unvectorized_media_chunks_media_id ON UnvectorizedMediaChunks(media_id);...
2026-09-17 00:24:13.087 | DEBUG    | tldw_Server_API.app.core.DB_Management.media_db.schema.features.core_media:apply_postgres_core_media_schema:370 - Applying Postgres index DDL: CREATE INDEX IF NOT EXISTS idx_unvectorized_media_chunks_is_processed ON UnvectorizedMediaChunks(is_processed);...
2026-09-17 00:24:13.087 | DEBUG    | tldw_Server_API.app.core.DB_Management.media_db.schema.features.core_media:apply_postgres_core_media_schema:370 - Applying Postgres index DDL: CREATE INDEX IF NOT EXISTS idx_unvectorized_media_chunks_chunk_type ON UnvectorizedMediaChunks(chunk_type);...
2026-09-17 00:24:13.087 | DEBUG    | tldw_Server_API.app.core.DB_Management.media_db.schema.features.core_media:apply_postgres_core_media_schema:370 - Applying Postgres index DDL: CREATE UNIQUE INDEX IF NOT EXISTS idx_unvectorizedmediachunks_uuid ON UnvectorizedMediaChunks(uuid);...
2026-09-17 00:24:13.087 | DEBUG    | tldw_Server_API.app.core.DB_Management.media_db.schema.features.core_media:apply_postgres_core_media_schema:370 - Applying Postgres index DDL: CREATE INDEX IF NOT EXISTS idx_unvectorizedmediachunks_last_modified ON UnvectorizedMediaChunks(last_modified);...
2026-09-17 00:24:13.088 | DEBUG    | tldw_Server_API.app.core.DB_Management.media_db.schema.features.core_media:apply_postgres_core_media_schema:370 - Applying Postgres index DDL: CREATE INDEX IF NOT EXISTS idx_unvectorizedmediachunks_deleted ON UnvectorizedMediaChunks(deleted);...
2026-09-17 00:24:13.088 | DEBUG    | tldw_Server_API.app.core.DB_Management.media_db.schema.features.core_media:apply_postgres_core_media_schema:370 - Applying Postgres index DDL: CREATE INDEX IF NOT EXISTS idx_unvectorizedmediachunks_prev_version ON UnvectorizedMediaChunks(prev_version);...
2026-09-17 00:24:13.088 | DEBUG    | tldw_Server_API.app.core.DB_Management.media_db.schema.features.core_media:apply_postgres_core_media_schema:370 - Applying Postgres index DDL: CREATE INDEX IF NOT EXISTS idx_unvectorizedmediachunks_merge_parent_uuid ON UnvectorizedMediaChunks(merge_parent_uuid);...
2026-09-17 00:24:13.088 | DEBUG    | tldw_Server_API.app.core.DB_Management.media_db.schema.features.core_media:apply_postgres_core_media_schema:370 - Applying Postgres index DDL: CREATE INDEX IF NOT EXISTS idx_visualdocs_media_id ON VisualDocuments(media_id);...
2026-09-17 00:24:13.088 | DEBUG    | tldw_Server_API.app.core.DB_Management.media_db.schema.features.core_media:apply_postgres_core_media_schema:370 - Applying Postgres index DDL: CREATE UNIQUE INDEX IF NOT EXISTS idx_visualdocs_uuid ON VisualDocuments(uuid);...
2026-09-17 00:24:13.089 | DEBUG    | tldw_Server_API.app.core.DB_Management.media_db.schema.features.core_media:apply_postgres_core_media_schema:370 - Applying Postgres index DDL: CREATE INDEX IF NOT EXISTS idx_visualdocs_last_modified ON VisualDocuments(last_modified);...
2026-09-17 00:24:13.089 | DEBUG    | tldw_Server_API.app.core.DB_Management.media_db.schema.features.core_media:apply_postgres_core_media_schema:370 - Applying Postgres index DDL: CREATE INDEX IF NOT EXISTS idx_visualdocs_deleted ON VisualDocuments(deleted);...
2026-09-17 00:24:13.089 | DEBUG    | tldw_Server_API.app.core.DB_Management.media_db.schema.features.core_media:apply_postgres_core_media_schema:370 - Applying Postgres index DDL: CREATE INDEX IF NOT EXISTS idx_visualdocs_prev_version ON VisualDocuments(prev_version);...
2026-09-17 00:24:13.090 | DEBUG    | tldw_Server_API.app.core.DB_Management.media_db.schema.features.core_media:apply_postgres_core_media_schema:370 - Applying Postgres index DDL: CREATE INDEX IF NOT EXISTS idx_visualdocs_merge_parent_uuid ON VisualDocuments(merge_parent_uuid);...
2026-09-17 00:24:13.090 | DEBUG    | tldw_Server_API.app.core.DB_Management.media_db.schema.features.core_media:apply_postgres_core_media_schema:370 - Applying Postgres index DDL: CREATE INDEX IF NOT EXISTS idx_visualdocs_page_frame ON VisualDocuments(media_id, page_number, frame_index);...
2026-09-17 00:24:13.090 | DEBUG    | tldw_Server_API.app.core.DB_Management.media_db.schema.features.core_media:apply_postgres_core_media_schema:370 - Applying Postgres index DDL: CREATE INDEX IF NOT EXISTS idx_visualdocs_caption ON VisualDocuments(caption);...
2026-09-17 00:24:13.090 | DEBUG    | tldw_Server_API.app.core.DB_Management.media_db.schema.features.core_media:apply_postgres_core_media_schema:370 - Applying Postgres index DDL: CREATE INDEX IF NOT EXISTS idx_visualdocs_tags ON VisualDocuments(tags);...
2026-09-17 00:24:13.091 | DEBUG    | tldw_Server_API.app.core.DB_Management.media_db.schema.features.core_media:apply_postgres_core_media_schema:370 - Applying Postgres index DDL: CREATE INDEX IF NOT EXISTS idx_document_versions_media_id ON DocumentVersions(media_id);...
2026-09-17 00:24:13.091 | DEBUG    | tldw_Server_API.app.core.DB_Management.media_db.schema.features.core_media:apply_postgres_core_media_schema:370 - Applying Postgres index DDL: CREATE INDEX IF NOT EXISTS idx_document_versions_version_number ON DocumentVersions(version_number);...
2026-09-17 00:24:13.091 | DEBUG    | tldw_Server_API.app.core.DB_Management.media_db.schema.features.core_media:apply_postgres_core_media_schema:370 - Applying Postgres index DDL: CREATE UNIQUE INDEX IF NOT EXISTS idx_documentversions_uuid ON DocumentVersions(uuid);...
2026-09-17 00:24:13.091 | DEBUG    | tldw_Server_API.app.core.DB_Management.media_db.schema.features.core_media:apply_postgres_core_media_schema:370 - Applying Postgres index DDL: CREATE INDEX IF NOT EXISTS idx_documentversions_last_modified ON DocumentVersions(last_modified);...
2026-09-17 00:24:13.092 | DEBUG    | tldw_Server_API.app.core.DB_Management.media_db.schema.features.core_media:apply_postgres_core_media_schema:370 - Applying Postgres index DDL: CREATE INDEX IF NOT EXISTS idx_documentversions_deleted ON DocumentVersions(deleted);...
2026-09-17 00:24:13.092 | DEBUG    | tldw_Server_API.app.core.DB_Management.media_db.schema.features.core_media:apply_postgres_core_media_schema:370 - Applying Postgres index DDL: CREATE INDEX IF NOT EXISTS idx_documentversions_prev_version ON DocumentVersions(prev_version);...
2026-09-17 00:24:13.092 | DEBUG    | tldw_Server_API.app.core.DB_Management.media_db.schema.features.core_media:apply_postgres_core_media_schema:370 - Applying Postgres index DDL: CREATE INDEX IF NOT EXISTS idx_documentversions_merge_parent_uuid ON DocumentVersions(merge_parent_uuid);...
2026-09-17 00:24:13.092 | DEBUG    | tldw_Server_API.app.core.DB_Management.media_db.schema.features.core_media:apply_postgres_core_media_schema:370 - Applying Postgres index DDL: CREATE INDEX IF NOT EXISTS idx_dvi_doi ON DocumentVersionIdentifiers(doi);...
2026-09-17 00:24:13.092 | DEBUG    | tldw_Server_API.app.core.DB_Management.media_db.schema.features.core_media:apply_postgres_core_media_schema:370 - Applying Postgres index DDL: CREATE INDEX IF NOT EXISTS idx_dvi_pmid ON DocumentVersionIdentifiers(pmid);...
2026-09-17 00:24:13.093 | DEBUG    | tldw_Server_API.app.core.DB_Management.media_db.schema.features.core_media:apply_postgres_core_media_schema:370 - Applying Postgres index DDL: CREATE INDEX IF NOT EXISTS idx_dvi_pmcid ON DocumentVersionIdentifiers(pmcid);...
2026-09-17 00:24:13.093 | DEBUG    | tldw_Server_API.app.core.DB_Management.media_db.schema.features.core_media:apply_postgres_core_media_schema:370 - Applying Postgres index DDL: CREATE INDEX IF NOT EXISTS idx_dvi_arxiv ON DocumentVersionIdentifiers(arxiv_id);...
2026-09-17 00:24:13.093 | DEBUG    | tldw_Server_API.app.core.DB_Management.media_db.schema.features.core_media:apply_postgres_core_media_schema:370 - Applying Postgres index DDL: CREATE INDEX IF NOT EXISTS idx_dvi_s2 ON DocumentVersionIdentifiers(s2_paper_id);...
2026-09-17 00:24:13.093 | DEBUG    | tldw_Server_API.app.core.DB_Management.media_db.schema.features.core_media:apply_postgres_core_media_schema:370 - Applying Postgres index DDL: CREATE INDEX IF NOT EXISTS idx_dsi_media_kind ON DocumentStructureIndex(media_id, kind);...
2026-09-17 00:24:13.094 | DEBUG    | tldw_Server_API.app.core.DB_Management.media_db.schema.features.core_media:apply_postgres_core_media_schema:370 - Applying Postgres index DDL: CREATE INDEX IF NOT EXISTS idx_dsi_media_start ON DocumentStructureIndex(media_id, start_char);...
2026-09-17 00:24:13.094 | DEBUG    | tldw_Server_API.app.core.DB_Management.media_db.schema.features.core_media:apply_postgres_core_media_schema:370 - Applying Postgres index DDL: CREATE INDEX IF NOT EXISTS idx_dsi_media_parent ON DocumentStructureIndex(parent_id);...
2026-09-17 00:24:13.094 | DEBUG    | tldw_Server_API.app.core.DB_Management.media_db.schema.features.core_media:apply_postgres_core_media_schema:370 - Applying Postgres index DDL: CREATE INDEX IF NOT EXISTS idx_dsi_media_path ON DocumentStructureIndex(media_id, path);...
2026-09-17 00:24:13.094 | DEBUG    | tldw_Server_API.app.core.DB_Management.media_db.schema.features.core_media:apply_postgres_core_media_schema:370 - Applying Postgres index DDL: CREATE INDEX IF NOT EXISTS idx_sync_log_ts ON sync_log(timestamp);...
2026-09-17 00:24:13.095 | DEBUG    | tldw_Server_API.app.core.DB_Management.media_db.schema.features.core_media:apply_postgres_core_media_schema:370 - Applying Postgres index DDL: CREATE INDEX IF NOT EXISTS idx_sync_log_entity_uuid ON sync_log(entity_uuid);...
2026-09-17 00:24:13.095 | DEBUG    | tldw_Server_API.app.core.DB_Management.media_db.schema.features.core_media:apply_postgres_core_media_schema:370 - Applying Postgres index DDL: CREATE INDEX IF NOT EXISTS idx_sync_log_client_id ON sync_log(client_id);...
2026-09-17 00:24:13.095 | DEBUG    | tldw_Server_API.app.core.DB_Management.media_db.schema.features.core_media:apply_postgres_core_media_schema:370 - Applying Postgres index DDL: CREATE INDEX IF NOT EXISTS idx_sync_log_org_id ON sync_log(org_id);...
2026-09-17 00:24:13.095 | DEBUG    | tldw_Server_API.app.core.DB_Management.media_db.schema.features.core_media:apply_postgres_core_media_schema:370 - Applying Postgres index DDL: CREATE INDEX IF NOT EXISTS idx_sync_log_team_id ON sync_log(team_id);...
2026-09-17 00:24:13.096 | DEBUG    | tldw_Server_API.app.core.DB_Management.media_db.schema.features.core_media:apply_postgres_core_media_schema:370 - Applying Postgres index DDL: CREATE UNIQUE INDEX IF NOT EXISTS idx_unique_template_name ON ChunkingTemplates(name) WHERE deleted = FALSE;...
2026-09-17 00:24:13.096 | DEBUG    | tldw_Server_API.app.core.DB_Management.media_db.schema.features.core_media:apply_postgres_core_media_schema:370 - Applying Postgres index DDL: CREATE INDEX IF NOT EXISTS idx_template_is_builtin ON ChunkingTemplates(is_builtin);...
2026-09-17 00:24:13.096 | DEBUG    | tldw_Server_API.app.core.DB_Management.media_db.schema.features.core_media:apply_postgres_core_media_schema:370 - Applying Postgres index DDL: CREATE INDEX IF NOT EXISTS idx_template_deleted ON ChunkingTemplates(deleted);...
2026-09-17 00:24:13.097 | DEBUG    | tldw_Server_API.app.core.DB_Management.media_db.schema.features.core_media:apply_postgres_core_media_schema:370 - Applying Postgres index DDL: CREATE INDEX IF NOT EXISTS idx_template_tags ON ChunkingTemplates(tags);...
2026-09-17 00:24:13.199 | DEBUG    | tldw_Server_API.app.core.DB_Management.media_db.runtime.bootstrap_lifecycle_ops:initialize_media_database:138 - Database initialization completed successfully for /private/var/folders/sn/m80n2j152t9gw3w8qwk2nykh0000gn/T/pytest-of-macbook-dev/pytest-666/test_shared_sync_writes_remain1/media.db
2026-09-17 00:24:13.199 | INFO     | tldw_Server_API.app.core.config:_buffered_log:210 - Determined ACTUAL_PROJECT_ROOT for database paths: /Users/macbook-dev/Documents/GitHub/tldw_server2
2026-09-17 00:24:13.199 | INFO     | tldw_Server_API.app.core.config:_buffered_log:210 - Early loading environment variables from: /Users/macbook-dev/Documents/GitHub/tldw_server2/tldw_Server_API/Config_Files/.env
2026-09-17 00:24:13.204 | INFO     | tldw_Server_API.app.core.config:_buffered_log:210 - Early loading environment variables from: /Users/macbook-dev/Documents/GitHub/tldw_server2/tldw_Server_API/Config_Files/.ENV
2026-09-17 00:24:13.208 | DEBUG    | tldw_Server_API.app.core.config:_buffered_log:210 - load_and_log_configs(): Loading and logging configurations...
2026-09-17 00:24:13.208 | INFO     | tldw_Server_API.app.core.config:_buffered_log:210 - Loading environment variables from: /Users/macbook-dev/Documents/GitHub/tldw_server2/tldw_Server_API/Config_Files/.env
2026-09-17 00:24:13.213 | INFO     | tldw_Server_API.app.core.config:_buffered_log:210 - Loading environment variables from: /Users/macbook-dev/Documents/GitHub/tldw_server2/tldw_Server_API/Config_Files/.ENV
2026-09-17 00:24:13.217 | INFO     | tldw_Server_API.app.core.config:_buffered_log:210 - Attempting to load comprehensive config from: /Users/macbook-dev/Documents/GitHub/tldw_server2/tldw_Server_API/Config_Files/config.txt
2026-09-17 00:24:13.219 | INFO     | tldw_Server_API.app.core.config:_buffered_log:210 - load_comprehensive_config(): Sections found in config: ['Setup', 'UI', 'Server', 'Files', 'Image-Generation', 'ACP', 'WORKSPACES', 'ACP-WORKSPACE', 'ACP-SANDBOX', 'Audit', 'Processing', 'Media-Processing', 'Chat-Dictionaries', 'Chat-Module', 'Chat-Commands', 'Chat-Templating', 'Character-Chat', 'Settings', 'Auto-Save', 'Prompts', 'Database', 'Chunking', 'Visual-RAG', 'AuthNZ', 'Streaming', 'HTTP', 'Egress', 'Embeddings', 'Claims', 'ClaimsMonitoring', 'RAG', 'Search-Agent', 'ResourceGovernor', 'Jobs', 'SlidesStandaloneHtml', 'Diarization', 'API', 'MLX', 'Local-API', 'LlamaCpp', 'STT-Settings', 'external_providers', 'TTS-Settings', 'VibeVoice', 'Audio-Quota', 'API-Routes', 'Search-Engines', 'Web-Scraper', 'Logging', 'Moderation', 'Redis', 'Web-Scraping', 'personalization', 'persona', 'persona.rbac']
2026-09-17 00:24:13.221 | INFO     | tldw_Server_API.app.core.config:_buffered_log:210 - Ensured main SQLite database directory exists: /Users/macbook-dev/Documents/GitHub/tldw_server2/Databases
2026-09-17 00:24:13.221 | INFO     | tldw_Server_API.app.core.config:_buffered_log:210 - Ensured user data base directory exists: Databases/user_databases
2026-09-17 00:24:13.222 | WARNING  | tldw_Server_API.app.core.DB_Management.db_path_utils:resolve_user_db_base_dir:491 - USER_DB_BASE_DIR not configured in tests, using isolated fallback: /private/var/folders/sn/m80n2j152t9gw3w8qwk2nykh0000gn/T/tldw_user_databases_test/default-16e3469d
2026-09-17 00:24:13.222 | INFO     | tldw_Server_API.app.core.DB_Management.ChaChaNotes_DB:__init__:7657 - Initializing CharactersRAGDB for path: /private/var/folders/sn/m80n2j152t9gw3w8qwk2nykh0000gn/T/pytest-of-macbook-dev/pytest-666/test_shared_sync_writes_remain1/notes.db [Client ID: 2] (backend=postgresql)
2026-09-17 00:24:14.516 | DEBUG    | tldw_Server_API.app.core.DB_Management.ChaChaNotes_DB:__init__:7664 - CharactersRAGDB initialization completed successfully for /private/var/folders/sn/m80n2j152t9gw3w8qwk2nykh0000gn/T/pytest-of-macbook-dev/pytest-666/test_shared_sync_writes_remain1/notes.db
----------------------------- Captured stderr call -----------------------------
2026-09-17 00:24:14.517 | DEBUG    | tldw_Server_API.app.core.DB_Management.ChaChaNotes_DB:_get_connection_for_state:8036 - Acquired backend connection (postgresql) for thread 8346099072
2026-09-17 00:24:14.520 | INFO     | tldw_Server_API.app.core.DB_Management.chacha.note_store:_execute:126 - Added note 'Committed source' with ID: 51be26b9-c9b7-46b7-807d-84b909da48e3.
2026-09-17 00:24:14.522 | ERROR    | tldw_Server_API.app.core.DB_Management.backends.postgresql_backend:execute:1089 - PostgreSQL query execution failed
--------------------------- Captured stderr teardown ---------------------------
2026-09-17 00:24:15.179 | INFO     | tldw_Server_API.app.api.v1.API_Deps.ChaCha_Notes_DB_Deps:close_all_chacha_db_instances:876 - Closing all cached ChaChaNotesDB instances (0)...
2026-09-17 00:24:15.180 | INFO     | tldw_Server_API.app.api.v1.API_Deps.ChaCha_Notes_DB_Deps:close_all_chacha_db_instances:892 - All ChaChaNotesDB instances closed and cache cleared.
2026-09-17 00:24:15.180 | INFO     | tldw_Server_API.app.api.v1.API_Deps.ChaCha_Notes_DB_Deps:close_all_chacha_db_instances:876 - Closing all cached ChaChaNotesDB instances (0)...
2026-09-17 00:24:15.180 | INFO     | tldw_Server_API.app.api.v1.API_Deps.ChaCha_Notes_DB_Deps:close_all_chacha_db_instances:892 - All ChaChaNotesDB instances closed and cache cleared.
_____________ test_reopen_replaces_existing_runtime_trigger_bodies _____________
tldw_Server_API/app/core/DB_Management/ChaChaNotes_DB.py:7662: in __init__
    self._initialize_schema()
tldw_Server_API/app/core/DB_Management/ChaChaNotes_DB.py:20178: in _initialize_schema
    self._initialize_schema_postgres()
tldw_Server_API/app/core/DB_Management/ChaChaNotes_DB.py:24839: in _initialize_schema_postgres
    with backend.transaction() as conn:
../../../.local/share/uv/python/cpython-3.11.13-macos-aarch64-none/lib/python3.11/contextlib.py:137: in __enter__
    return next(self.gen)
           ^^^^^^^^^^^^^^
tldw_Server_API/app/core/DB_Management/backends/postgresql_backend.py:911: in transaction
    conn = self.get_pool().get_connection()
           ^^^^^^^^^^^^^^^^^^^^^^^^^^^^^^^^
tldw_Server_API/app/core/DB_Management/backends/postgresql_backend.py:197: in get_connection
    raise DatabaseError("Connection pool is closed")
E   tldw_Server_API.app.core.DB_Management.backends.base.DatabaseError: Connection pool is closed

The above exception was the direct cause of the following exception:
tldw_Server_API/tests/DB_Management/test_study_pack_shared_sync_schema.py:174: in test_reopen_replaces_existing_runtime_trigger_bodies
    db = CharactersRAGDB(tmp_path / "notes.db", client_id="2", backend=backend)
         ^^^^^^^^^^^^^^^^^^^^^^^^^^^^^^^^^^^^^^^^^^^^^^^^^^^^^^^^^^^^^^^^^^^^^^
tldw_Server_API/app/core/DB_Management/ChaChaNotes_DB.py:7673: in __init__
    raise CharactersRAGDBError(f"Unexpected database initialization error: {e}") from e  # noqa: TRY003
    ^^^^^^^^^^^^^^^^^^^^^^^^^^^^^^^^^^^^^^^^^^^^^^^^^^^^^^^^^^^^^^^^^^^^^^^^^^^^^^^^^^^
E   tldw_Server_API.app.core.DB_Management.ChaChaNotes_DB.CharactersRAGDBError: Unexpected database initialization error: Connection pool is closed
----------------------------- Captured stderr call -----------------------------
2026-09-17 00:24:15.201 | INFO     | tldw_Server_API.app.core.DB_Management.backends.factory:create_backend:392 - Creating postgresql backend
2026-09-17 00:24:15.202 | INFO     | tldw_Server_API.app.core.DB_Management.media_db.runtime.bootstrap_lifecycle_ops:initialize_media_database:79 - Initializing Database object for path: /private/var/folders/sn/m80n2j152t9gw3w8qwk2nykh0000gn/T/pytest-of-macbook-dev/pytest-666/test_reopen_replaces_existing_0/media.db [Client ID: 2]
2026-09-17 00:24:15.214 | DEBUG    | tldw_Server_API.app.core.DB_Management.media_db.schema.features.core_media:apply_postgres_core_media_schema:357 - Applying Postgres base table DDL: CREATE TABLE IF NOT EXISTS schema_version ( version BIGINT PRIMARY KEY NOT NULL );...
2026-09-17 00:24:15.238 | DEBUG    | tldw_Server_API.app.core.DB_Management.media_db.schema.features.core_media:apply_postgres_core_media_schema:357 - Applying Postgres base table DDL: CREATE TABLE IF NOT EXISTS Media ( id BIGSERIAL PRIMARY KEY, url TEXT UNIQUE, title TEXT NOT NULL, type TEXT NOT NULL, c...
2026-09-17 00:24:15.242 | DEBUG    | tldw_Server_API.app.core.DB_Management.media_db.schema.features.core_media:apply_postgres_core_media_schema:357 - Applying Postgres base table DDL: CREATE TABLE IF NOT EXISTS Keywords ( id BIGSERIAL PRIMARY KEY, keyword TEXT NOT NULL UNIQUE , uuid TEXT UNIQUE NOT NULL...
2026-09-17 00:24:15.245 | DEBUG    | tldw_Server_API.app.core.DB_Management.media_db.schema.features.core_media:apply_postgres_core_media_schema:357 - Applying Postgres base table DDL: CREATE TABLE IF NOT EXISTS MediaKeywords ( id BIGSERIAL PRIMARY KEY, media_id INTEGER NOT NULL, keyword_id INTEGER NOT N...
2026-09-17 00:24:15.247 | DEBUG    | tldw_Server_API.app.core.DB_Management.media_db.schema.features.core_media:apply_postgres_core_media_schema:357 - Applying Postgres base table DDL: CREATE TABLE IF NOT EXISTS OperationOwnedCloneKeywords ( media_id INTEGER NOT NULL, keyword TEXT NOT NULL CHECK ( length...
2026-09-17 00:24:15.250 | DEBUG    | tldw_Server_API.app.core.DB_Management.media_db.schema.features.core_media:apply_postgres_core_media_schema:357 - Applying Postgres base table DDL: CREATE TABLE IF NOT EXISTS Transcripts ( id BIGSERIAL PRIMARY KEY, media_id INTEGER NOT NULL, whisper_model TEXT, transc...
2026-09-17 00:24:15.253 | DEBUG    | tldw_Server_API.app.core.DB_Management.media_db.schema.features.core_media:apply_postgres_core_media_schema:357 - Applying Postgres base table DDL: CREATE TABLE IF NOT EXISTS MediaChunks ( id BIGSERIAL PRIMARY KEY, media_id INTEGER NOT NULL, chunk_text TEXT NOT NULL, ...
2026-09-17 00:24:15.256 | DEBUG    | tldw_Server_API.app.core.DB_Management.media_db.schema.features.core_media:apply_postgres_core_media_schema:357 - Applying Postgres base table DDL: CREATE TABLE IF NOT EXISTS UnvectorizedMediaChunks ( id BIGSERIAL PRIMARY KEY, media_id INTEGER NOT NULL, chunk_text TEX...
2026-09-17 00:24:15.259 | DEBUG    | tldw_Server_API.app.core.DB_Management.media_db.schema.features.core_media:apply_postgres_core_media_schema:357 - Applying Postgres base table DDL: CREATE TABLE IF NOT EXISTS VisualDocuments ( id BIGSERIAL PRIMARY KEY, media_id INTEGER NOT NULL, location TEXT, page_nu...
2026-09-17 00:24:15.261 | DEBUG    | tldw_Server_API.app.core.DB_Management.media_db.schema.features.core_media:apply_postgres_core_media_schema:357 - Applying Postgres base table DDL: CREATE TABLE IF NOT EXISTS DocumentVersions ( id BIGSERIAL PRIMARY KEY, media_id INTEGER NOT NULL, version_number INTEGE...
2026-09-17 00:24:15.263 | DEBUG    | tldw_Server_API.app.core.DB_Management.media_db.schema.features.core_media:apply_postgres_core_media_schema:357 - Applying Postgres base table DDL: CREATE TABLE IF NOT EXISTS DocumentVersionIdentifiers ( dv_id BIGINT PRIMARY KEY, doi TEXT, pmid TEXT, pmcid TEXT, arxiv...
2026-09-17 00:24:15.273 | DEBUG    | tldw_Server_API.app.core.DB_Management.media_db.schema.features.core_media:apply_postgres_core_media_schema:357 - Applying Postgres base table DDL: CREATE TABLE IF NOT EXISTS DocumentStructureIndex ( id BIGSERIAL PRIMARY KEY, media_id INTEGER NOT NULL, parent_id INTEG...
2026-09-17 00:24:15.277 | DEBUG    | tldw_Server_API.app.core.DB_Management.media_db.schema.features.core_media:apply_postgres_core_media_schema:357 - Applying Postgres base table DDL: CREATE TABLE IF NOT EXISTS sync_log ( change_id BIGSERIAL PRIMARY KEY, entity TEXT NOT NULL, entity_uuid TEXT NOT NULL, ...
2026-09-17 00:24:15.279 | DEBUG    | tldw_Server_API.app.core.DB_Management.media_db.schema.features.core_media:apply_postgres_core_media_schema:357 - Applying Postgres base table DDL: CREATE TABLE IF NOT EXISTS ChunkingTemplates ( id BIGSERIAL PRIMARY KEY, uuid TEXT UNIQUE NOT NULL, name TEXT NOT NULL, ...
2026-09-17 00:24:15.280 | DEBUG    | tldw_Server_API.app.core.DB_Management.media_db.schema.features.core_media:apply_postgres_core_media_schema:357 - Applying Postgres base table DDL: CREATE TABLE IF NOT EXISTS Claims ( id BIGSERIAL PRIMARY KEY, media_id INTEGER NOT NULL, chunk_index INTEGER NOT NULL, s...
2026-09-17 00:24:15.283 | DEBUG    | tldw_Server_API.app.core.DB_Management.media_db.schema.features.core_media:apply_postgres_core_media_schema:357 - Applying Postgres base table DDL: CREATE TABLE IF NOT EXISTS claims_review_log ( id BIGSERIAL PRIMARY KEY, claim_id INTEGER NOT NULL, old_status TEXT, new...
2026-09-17 00:24:15.285 | DEBUG    | tldw_Server_API.app.core.DB_Management.media_db.schema.features.core_media:apply_postgres_core_media_schema:357 - Applying Postgres base table DDL: CREATE TABLE IF NOT EXISTS claims_review_extractor_metrics_daily ( id BIGSERIAL PRIMARY KEY, user_id TEXT NOT NULL, repo...
2026-09-17 00:24:15.286 | DEBUG    | tldw_Server_API.app.core.DB_Management.media_db.schema.features.core_media:apply_postgres_core_media_schema:357 - Applying Postgres base table DDL: CREATE TABLE IF NOT EXISTS claims_review_rules ( id BIGSERIAL PRIMARY KEY, user_id TEXT NOT NULL, priority INTEGER NOT N...
2026-09-17 00:24:15.287 | DEBUG    | tldw_Server_API.app.core.DB_Management.media_db.schema.features.core_media:apply_postgres_core_media_schema:357 - Applying Postgres base table DDL: CREATE TABLE IF NOT EXISTS claims_monitoring_events ( id BIGSERIAL PRIMARY KEY, user_id TEXT NOT NULL, event_type TEXT N...
2026-09-17 00:24:15.288 | DEBUG    | tldw_Server_API.app.core.DB_Management.media_db.schema.features.core_media:apply_postgres_core_media_schema:357 - Applying Postgres base table DDL: CREATE TABLE IF NOT EXISTS claims_monitoring_settings ( id BIGSERIAL PRIMARY KEY, user_id TEXT NOT NULL, threshold_ratio...
2026-09-17 00:24:15.290 | DEBUG    | tldw_Server_API.app.core.DB_Management.media_db.schema.features.core_media:apply_postgres_core_media_schema:357 - Applying Postgres base table DDL: CREATE TABLE IF NOT EXISTS claims_monitoring_alerts ( id BIGSERIAL PRIMARY KEY, user_id TEXT NOT NULL, name TEXT NOT NUL...
2026-09-17 00:24:15.292 | DEBUG    | tldw_Server_API.app.core.DB_Management.media_db.schema.features.core_media:apply_postgres_core_media_schema:357 - Applying Postgres base table DDL: CREATE TABLE IF NOT EXISTS claims_monitoring_config ( id BIGSERIAL PRIMARY KEY, user_id TEXT NOT NULL, threshold_ratio D...
2026-09-17 00:24:15.292 | DEBUG    | tldw_Server_API.app.core.DB_Management.media_db.schema.features.core_media:apply_postgres_core_media_schema:357 - Applying Postgres base table DDL: CREATE TABLE IF NOT EXISTS claims_monitoring_health ( id BIGSERIAL PRIMARY KEY, user_id TEXT NOT NULL, queue_size INTEGE...
2026-09-17 00:24:15.293 | DEBUG    | tldw_Server_API.app.core.DB_Management.media_db.schema.features.core_media:apply_postgres_core_media_schema:357 - Applying Postgres base table DDL: CREATE TABLE IF NOT EXISTS claims_analytics_exports ( export_id TEXT PRIMARY KEY, user_id TEXT NOT NULL, format TEXT NOT...
2026-09-17 00:24:15.294 | DEBUG    | tldw_Server_API.app.core.DB_Management.media_db.schema.features.core_media:apply_postgres_core_media_schema:357 - Applying Postgres base table DDL: CREATE TABLE IF NOT EXISTS claims_notifications ( id BIGSERIAL PRIMARY KEY, user_id TEXT NOT NULL, kind TEXT NOT NULL, t...
2026-09-17 00:24:15.295 | DEBUG    | tldw_Server_API.app.core.DB_Management.media_db.schema.features.core_media:apply_postgres_core_media_schema:357 - Applying Postgres base table DDL: CREATE TABLE IF NOT EXISTS claim_clusters ( id BIGSERIAL PRIMARY KEY, user_id TEXT NOT NULL, canonical_claim_text TEXT, ...
2026-09-17 00:24:15.296 | DEBUG    | tldw_Server_API.app.core.DB_Management.media_db.schema.features.core_media:apply_postgres_core_media_schema:357 - Applying Postgres base table DDL: CREATE TABLE IF NOT EXISTS claim_cluster_membership ( cluster_id INTEGER NOT NULL, claim_id INTEGER NOT NULL, similarity...
2026-09-17 00:24:15.305 | DEBUG    | tldw_Server_API.app.core.DB_Management.media_db.schema.features.core_media:apply_postgres_core_media_schema:357 - Applying Postgres base table DDL: CREATE TABLE IF NOT EXISTS claim_cluster_links ( parent_cluster_id INTEGER NOT NULL, child_cluster_id INTEGER NOT NULL, ...
2026-09-17 00:24:15.307 | DEBUG    | tldw_Server_API.app.core.DB_Management.media_db.schema.features.core_media:apply_postgres_core_media_schema:357 - Applying Postgres base table DDL: CREATE TABLE IF NOT EXISTS MediaFiles ( id BIGSERIAL PRIMARY KEY, media_id INTEGER NOT NULL, file_type TEXT NOT NULL DEF...
2026-09-17 00:24:15.309 | DEBUG    | tldw_Server_API.app.core.DB_Management.media_db.schema.features.core_media:apply_postgres_core_media_schema:357 - Applying Postgres base table DDL: CREATE TABLE IF NOT EXISTS tts_history ( id BIGSERIAL PRIMARY KEY, user_id TEXT NOT NULL, created_at TEXT NOT NULL, text...
2026-09-17 00:24:15.310 | DEBUG    | tldw_Server_API.app.core.DB_Management.media_db.schema.features.core_media:apply_postgres_core_media_schema:357 - Applying Postgres base table DDL: CREATE TABLE IF NOT EXISTS audio_presets ( id TEXT PRIMARY KEY, user_id TEXT NOT NULL, kind TEXT NOT NULL, name TEXT NOT...
2026-09-17 00:24:15.311 | DEBUG    | tldw_Server_API.app.core.DB_Management.media_db.schema.features.core_media:apply_postgres_core_media_schema:357 - Applying Postgres base table DDL: CREATE TABLE IF NOT EXISTS data_tables ( id BIGSERIAL PRIMARY KEY, uuid TEXT UNIQUE NOT NULL, name TEXT NOT NULL, descri...
2026-09-17 00:24:15.313 | DEBUG    | tldw_Server_API.app.core.DB_Management.media_db.schema.features.core_media:apply_postgres_core_media_schema:357 - Applying Postgres base table DDL: CREATE TABLE IF NOT EXISTS data_table_columns ( id BIGSERIAL PRIMARY KEY, table_id INTEGER NOT NULL, column_id TEXT NOT ...
2026-09-17 00:24:15.314 | DEBUG    | tldw_Server_API.app.core.DB_Management.media_db.schema.features.core_media:apply_postgres_core_media_schema:357 - Applying Postgres base table DDL: CREATE TABLE IF NOT EXISTS data_table_rows ( id BIGSERIAL PRIMARY KEY, table_id INTEGER NOT NULL, row_id TEXT NOT NULL, ...
2026-09-17 00:24:15.317 | DEBUG    | tldw_Server_API.app.core.DB_Management.media_db.schema.features.core_media:apply_postgres_core_media_schema:357 - Applying Postgres base table DDL: CREATE TABLE IF NOT EXISTS data_table_sources ( id BIGSERIAL PRIMARY KEY, table_id INTEGER NOT NULL, source_type TEXT NO...
2026-09-17 00:24:15.320 | DEBUG    | tldw_Server_API.app.core.DB_Management.media_db.schema.features.core_media:apply_postgres_core_media_schema:361 - Applying Postgres base initializer DDL: INSERT INTO schema_version (version) VALUES (0) ON CONFLICT DO NOTHING;...
2026-09-17 00:24:15.321 | DEBUG    | tldw_Server_API.app.core.DB_Management.media_db.schema.features.core_media:apply_postgres_core_media_schema:361 - Applying Postgres base initializer DDL: CREATE INDEX IF NOT EXISTS idx_claims_media_id ON Claims(media_id);...
2026-09-17 00:24:15.322 | DEBUG    | tldw_Server_API.app.core.DB_Management.media_db.schema.features.core_media:apply_postgres_core_media_schema:361 - Applying Postgres base initializer DDL: CREATE INDEX IF NOT EXISTS idx_claims_media_chunk ON Claims(media_id, chunk_index);...
2026-09-17 00:24:15.324 | DEBUG    | tldw_Server_API.app.core.DB_Management.media_db.schema.features.core_media:apply_postgres_core_media_schema:361 - Applying Postgres base initializer DDL: CREATE UNIQUE INDEX IF NOT EXISTS idx_claims_uuid ON Claims(uuid);...
2026-09-17 00:24:15.325 | DEBUG    | tldw_Server_API.app.core.DB_Management.media_db.schema.features.core_media:apply_postgres_core_media_schema:361 - Applying Postgres base initializer DDL: CREATE INDEX IF NOT EXISTS idx_claims_deleted ON Claims(deleted);...
2026-09-17 00:24:15.326 | DEBUG    | tldw_Server_API.app.core.DB_Management.media_db.schema.features.core_media:apply_postgres_core_media_schema:361 - Applying Postgres base initializer DDL: CREATE INDEX IF NOT EXISTS idx_claims_review_status ON Claims(review_status);...
2026-09-17 00:24:15.327 | DEBUG    | tldw_Server_API.app.core.DB_Management.media_db.schema.features.core_media:apply_postgres_core_media_schema:361 - Applying Postgres base initializer DDL: CREATE INDEX IF NOT EXISTS idx_claims_reviewer_id ON Claims(reviewer_id);...
2026-09-17 00:24:15.327 | DEBUG    | tldw_Server_API.app.core.DB_Management.media_db.schema.features.core_media:apply_postgres_core_media_schema:361 - Applying Postgres base initializer DDL: CREATE INDEX IF NOT EXISTS idx_claims_review_group ON Claims(review_group);...
2026-09-17 00:24:15.328 | DEBUG    | tldw_Server_API.app.core.DB_Management.media_db.schema.features.core_media:apply_postgres_core_media_schema:361 - Applying Postgres base initializer DDL: CREATE INDEX IF NOT EXISTS idx_claims_cluster_id ON Claims(claim_cluster_id);...
2026-09-17 00:24:15.329 | DEBUG    | tldw_Server_API.app.core.DB_Management.media_db.schema.features.core_media:apply_postgres_core_media_schema:361 - Applying Postgres base initializer DDL: CREATE INDEX IF NOT EXISTS idx_claims_review_log_claim ON claims_review_log(claim_id);...
2026-09-17 00:24:15.330 | DEBUG    | tldw_Server_API.app.core.DB_Management.media_db.schema.features.core_media:apply_postgres_core_media_schema:361 - Applying Postgres base initializer DDL: CREATE INDEX IF NOT EXISTS idx_claims_review_log_reviewer ON claims_review_log(reviewer_id);...
2026-09-17 00:24:15.331 | DEBUG    | tldw_Server_API.app.core.DB_Management.media_db.schema.features.core_media:apply_postgres_core_media_schema:361 - Applying Postgres base initializer DDL: CREATE INDEX IF NOT EXISTS idx_claims_review_log_created ON claims_review_log(created_at);...
2026-09-17 00:24:15.331 | DEBUG    | tldw_Server_API.app.core.DB_Management.media_db.schema.features.core_media:apply_postgres_core_media_schema:361 - Applying Postgres base initializer DDL: CREATE INDEX IF NOT EXISTS idx_claims_review_metrics_user ON claims_review_extractor_metrics_daily(user_id);...
2026-09-17 00:24:15.332 | DEBUG    | tldw_Server_API.app.core.DB_Management.media_db.schema.features.core_media:apply_postgres_core_media_schema:361 - Applying Postgres base initializer DDL: CREATE INDEX IF NOT EXISTS idx_claims_review_metrics_date ON claims_review_extractor_metrics_daily(report_date);...
2026-09-17 00:24:15.333 | DEBUG    | tldw_Server_API.app.core.DB_Management.media_db.schema.features.core_media:apply_postgres_core_media_schema:361 - Applying Postgres base initializer DDL: CREATE INDEX IF NOT EXISTS idx_claims_review_metrics_extractor ON claims_review_extractor_metrics_daily(extractor);...
2026-09-17 00:24:15.333 | DEBUG    | tldw_Server_API.app.core.DB_Management.media_db.schema.features.core_media:apply_postgres_core_media_schema:361 - Applying Postgres base initializer DDL: CREATE INDEX IF NOT EXISTS idx_claims_review_rules_user ON claims_review_rules(user_id);...
2026-09-17 00:24:15.333 | DEBUG    | tldw_Server_API.app.core.DB_Management.media_db.schema.features.core_media:apply_postgres_core_media_schema:361 - Applying Postgres base initializer DDL: CREATE INDEX IF NOT EXISTS idx_claims_review_rules_active ON claims_review_rules(active);...
2026-09-17 00:24:15.334 | DEBUG    | tldw_Server_API.app.core.DB_Management.media_db.schema.features.core_media:apply_postgres_core_media_schema:361 - Applying Postgres base initializer DDL: CREATE INDEX IF NOT EXISTS idx_claims_monitoring_events_user ON claims_monitoring_events(user_id);...
2026-09-17 00:24:15.334 | DEBUG    | tldw_Server_API.app.core.DB_Management.media_db.schema.features.core_media:apply_postgres_core_media_schema:361 - Applying Postgres base initializer DDL: CREATE INDEX IF NOT EXISTS idx_claims_monitoring_events_user_created_id ON claims_monitoring_events(user_id, created_at,...
2026-09-17 00:24:15.334 | DEBUG    | tldw_Server_API.app.core.DB_Management.media_db.schema.features.core_media:apply_postgres_core_media_schema:361 - Applying Postgres base initializer DDL: CREATE INDEX IF NOT EXISTS idx_claims_monitoring_events_user_id ON claims_monitoring_events(user_id, id);...
2026-09-17 00:24:15.335 | DEBUG    | tldw_Server_API.app.core.DB_Management.media_db.schema.features.core_media:apply_postgres_core_media_schema:361 - Applying Postgres base initializer DDL: CREATE INDEX IF NOT EXISTS idx_claims_monitoring_events_type ON claims_monitoring_events(event_type);...
2026-09-17 00:24:15.335 | DEBUG    | tldw_Server_API.app.core.DB_Management.media_db.schema.features.core_media:apply_postgres_core_media_schema:361 - Applying Postgres base initializer DDL: CREATE INDEX IF NOT EXISTS idx_claims_monitoring_events_delivered ON claims_monitoring_events(delivered_at);...
2026-09-17 00:24:15.336 | DEBUG    | tldw_Server_API.app.core.DB_Management.media_db.schema.features.core_media:apply_postgres_core_media_schema:361 - Applying Postgres base initializer DDL: CREATE UNIQUE INDEX IF NOT EXISTS idx_claims_monitoring_settings_user ON claims_monitoring_settings(user_id);...
2026-09-17 00:24:15.336 | DEBUG    | tldw_Server_API.app.core.DB_Management.media_db.schema.features.core_media:apply_postgres_core_media_schema:361 - Applying Postgres base initializer DDL: CREATE INDEX IF NOT EXISTS idx_claims_monitoring_alerts_user ON claims_monitoring_alerts(user_id);...
2026-09-17 00:24:15.337 | DEBUG    | tldw_Server_API.app.core.DB_Management.media_db.schema.features.core_media:apply_postgres_core_media_schema:361 - Applying Postgres base initializer DDL: CREATE INDEX IF NOT EXISTS idx_claims_monitoring_user ON claims_monitoring_config(user_id);...
2026-09-17 00:24:15.337 | DEBUG    | tldw_Server_API.app.core.DB_Management.media_db.schema.features.core_media:apply_postgres_core_media_schema:361 - Applying Postgres base initializer DDL: CREATE UNIQUE INDEX IF NOT EXISTS idx_claims_monitoring_health_user ON claims_monitoring_health(user_id);...
2026-09-17 00:24:15.338 | DEBUG    | tldw_Server_API.app.core.DB_Management.media_db.schema.features.core_media:apply_postgres_core_media_schema:361 - Applying Postgres base initializer DDL: CREATE INDEX IF NOT EXISTS idx_claims_analytics_exports_user ON claims_analytics_exports(user_id);...
2026-09-17 00:24:15.339 | DEBUG    | tldw_Server_API.app.core.DB_Management.media_db.schema.features.core_media:apply_postgres_core_media_schema:361 - Applying Postgres base initializer DDL: CREATE INDEX IF NOT EXISTS idx_claims_analytics_exports_job_id ON claims_analytics_exports(job_id);...
2026-09-17 00:24:15.340 | DEBUG    | tldw_Server_API.app.core.DB_Management.media_db.schema.features.core_media:apply_postgres_core_media_schema:361 - Applying Postgres base initializer DDL: CREATE INDEX IF NOT EXISTS idx_claims_analytics_exports_user_status_export_id ON claims_analytics_exports(user_id, statu...
2026-09-17 00:24:15.342 | DEBUG    | tldw_Server_API.app.core.DB_Management.media_db.schema.features.core_media:apply_postgres_core_media_schema:361 - Applying Postgres base initializer DDL: CREATE INDEX IF NOT EXISTS idx_claims_analytics_exports_user_status_updated_export_id ON claims_analytics_exports(user_i...
2026-09-17 00:24:15.354 | DEBUG    | tldw_Server_API.app.core.DB_Management.media_db.schema.features.core_media:apply_postgres_core_media_schema:361 - Applying Postgres base initializer DDL: CREATE INDEX IF NOT EXISTS idx_claims_notifications_user ON claims_notifications(user_id);...
2026-09-17 00:24:15.356 | DEBUG    | tldw_Server_API.app.core.DB_Management.media_db.schema.features.core_media:apply_postgres_core_media_schema:361 - Applying Postgres base initializer DDL: CREATE INDEX IF NOT EXISTS idx_claims_notifications_kind ON claims_notifications(kind);...
2026-09-17 00:24:15.357 | DEBUG    | tldw_Server_API.app.core.DB_Management.media_db.schema.features.core_media:apply_postgres_core_media_schema:361 - Applying Postgres base initializer DDL: CREATE INDEX IF NOT EXISTS idx_claims_notifications_target_user ON claims_notifications(target_user_id);...
2026-09-17 00:24:15.358 | DEBUG    | tldw_Server_API.app.core.DB_Management.media_db.schema.features.core_media:apply_postgres_core_media_schema:361 - Applying Postgres base initializer DDL: CREATE INDEX IF NOT EXISTS idx_claims_notifications_review_group ON claims_notifications(target_review_group);...
2026-09-17 00:24:15.359 | DEBUG    | tldw_Server_API.app.core.DB_Management.media_db.schema.features.core_media:apply_postgres_core_media_schema:361 - Applying Postgres base initializer DDL: CREATE INDEX IF NOT EXISTS idx_claims_notifications_resource ON claims_notifications(resource_type, resource_id);...
2026-09-17 00:24:15.361 | DEBUG    | tldw_Server_API.app.core.DB_Management.media_db.schema.features.core_media:apply_postgres_core_media_schema:361 - Applying Postgres base initializer DDL: CREATE INDEX IF NOT EXISTS idx_claims_notifications_delivered ON claims_notifications(delivered_at);...
2026-09-17 00:24:15.361 | DEBUG    | tldw_Server_API.app.core.DB_Management.media_db.schema.features.core_media:apply_postgres_core_media_schema:361 - Applying Postgres base initializer DDL: CREATE INDEX IF NOT EXISTS idx_claim_clusters_user ON claim_clusters(user_id);...
2026-09-17 00:24:15.362 | DEBUG    | tldw_Server_API.app.core.DB_Management.media_db.schema.features.core_media:apply_postgres_core_media_schema:361 - Applying Postgres base initializer DDL: CREATE INDEX IF NOT EXISTS idx_claim_clusters_updated ON claim_clusters(updated_at);...
2026-09-17 00:24:15.363 | DEBUG    | tldw_Server_API.app.core.DB_Management.media_db.schema.features.core_media:apply_postgres_core_media_schema:361 - Applying Postgres base initializer DDL: CREATE INDEX IF NOT EXISTS idx_claim_cluster_membership_claim ON claim_cluster_membership(claim_id);...
2026-09-17 00:24:15.365 | DEBUG    | tldw_Server_API.app.core.DB_Management.media_db.schema.features.core_media:apply_postgres_core_media_schema:361 - Applying Postgres base initializer DDL: CREATE INDEX IF NOT EXISTS idx_media_files_media_id ON MediaFiles(media_id);...
2026-09-17 00:24:15.366 | DEBUG    | tldw_Server_API.app.core.DB_Management.media_db.schema.features.core_media:apply_postgres_core_media_schema:361 - Applying Postgres base initializer DDL: CREATE INDEX IF NOT EXISTS idx_media_files_type ON MediaFiles(file_type);...
2026-09-17 00:24:15.367 | DEBUG    | tldw_Server_API.app.core.DB_Management.media_db.schema.features.core_media:apply_postgres_core_media_schema:361 - Applying Postgres base initializer DDL: CREATE UNIQUE INDEX IF NOT EXISTS idx_media_files_uuid ON MediaFiles(uuid);...
2026-09-17 00:24:15.368 | DEBUG    | tldw_Server_API.app.core.DB_Management.media_db.schema.features.core_media:apply_postgres_core_media_schema:361 - Applying Postgres base initializer DDL: CREATE INDEX IF NOT EXISTS idx_media_files_deleted ON MediaFiles(deleted);...
2026-09-17 00:24:15.368 | DEBUG    | tldw_Server_API.app.core.DB_Management.media_db.schema.features.core_media:apply_postgres_core_media_schema:361 - Applying Postgres base initializer DDL: CREATE INDEX IF NOT EXISTS idx_tts_history_user_created ON tts_history(user_id, created_at DESC);...
2026-09-17 00:24:15.369 | DEBUG    | tldw_Server_API.app.core.DB_Management.media_db.schema.features.core_media:apply_postgres_core_media_schema:361 - Applying Postgres base initializer DDL: CREATE INDEX IF NOT EXISTS idx_tts_history_user_favorite ON tts_history(user_id, favorite);...
2026-09-17 00:24:15.370 | DEBUG    | tldw_Server_API.app.core.DB_Management.media_db.schema.features.core_media:apply_postgres_core_media_schema:361 - Applying Postgres base initializer DDL: CREATE INDEX IF NOT EXISTS idx_tts_history_user_provider ON tts_history(user_id, provider);...
2026-09-17 00:24:15.371 | DEBUG    | tldw_Server_API.app.core.DB_Management.media_db.schema.features.core_media:apply_postgres_core_media_schema:361 - Applying Postgres base initializer DDL: CREATE INDEX IF NOT EXISTS idx_tts_history_user_model ON tts_history(user_id, model);...
2026-09-17 00:24:15.371 | DEBUG    | tldw_Server_API.app.core.DB_Management.media_db.schema.features.core_media:apply_postgres_core_media_schema:361 - Applying Postgres base initializer DDL: CREATE INDEX IF NOT EXISTS idx_tts_history_user_voice_id ON tts_history(user_id, voice_id);...
2026-09-17 00:24:15.372 | DEBUG    | tldw_Server_API.app.core.DB_Management.media_db.schema.features.core_media:apply_postgres_core_media_schema:361 - Applying Postgres base initializer DDL: CREATE INDEX IF NOT EXISTS idx_tts_history_user_text_hash ON tts_history(user_id, text_hash);...
2026-09-17 00:24:15.373 | DEBUG    | tldw_Server_API.app.core.DB_Management.media_db.schema.features.core_media:apply_postgres_core_media_schema:361 - Applying Postgres base initializer DDL: CREATE INDEX IF NOT EXISTS idx_audio_presets_user_kind_updated ON audio_presets(user_id, kind, deleted, updated_at DESC)...
2026-09-17 00:24:15.374 | DEBUG    | tldw_Server_API.app.core.DB_Management.media_db.schema.features.core_media:apply_postgres_core_media_schema:361 - Applying Postgres base initializer DDL: CREATE INDEX IF NOT EXISTS idx_audio_presets_user_kind_favorite ON audio_presets(user_id, kind, favorite, deleted);...
2026-09-17 00:24:15.375 | DEBUG    | tldw_Server_API.app.core.DB_Management.media_db.schema.features.core_media:apply_postgres_core_media_schema:361 - Applying Postgres base initializer DDL: CREATE INDEX IF NOT EXISTS idx_audio_presets_user_kind_default ON audio_presets(user_id, kind, is_default, deleted);...
2026-09-17 00:24:15.376 | DEBUG    | tldw_Server_API.app.core.DB_Management.media_db.schema.features.core_media:apply_postgres_core_media_schema:361 - Applying Postgres base initializer DDL: CREATE UNIQUE INDEX IF NOT EXISTS ux_audio_presets_user_kind_name_active ON audio_presets(user_id, kind, LOWER(name)) WH...
2026-09-17 00:24:15.377 | DEBUG    | tldw_Server_API.app.core.DB_Management.media_db.schema.features.core_media:apply_postgres_core_media_schema:361 - Applying Postgres base initializer DDL: CREATE UNIQUE INDEX IF NOT EXISTS ux_audio_presets_user_kind_default_active ON audio_presets(user_id, kind) WHERE is_def...
2026-09-17 00:24:15.378 | DEBUG    | tldw_Server_API.app.core.DB_Management.media_db.schema.features.core_media:apply_postgres_core_media_schema:361 - Applying Postgres base initializer DDL: CREATE INDEX IF NOT EXISTS idx_data_tables_status ON data_tables(status);...
2026-09-17 00:24:15.378 | DEBUG    | tldw_Server_API.app.core.DB_Management.media_db.schema.features.core_media:apply_postgres_core_media_schema:361 - Applying Postgres base initializer DDL: CREATE INDEX IF NOT EXISTS idx_data_tables_updated ON data_tables(updated_at DESC);...
2026-09-17 00:24:15.379 | DEBUG    | tldw_Server_API.app.core.DB_Management.media_db.schema.features.core_media:apply_postgres_core_media_schema:361 - Applying Postgres base initializer DDL: CREATE INDEX IF NOT EXISTS idx_data_tables_deleted ON data_tables(deleted);...
2026-09-17 00:24:15.380 | DEBUG    | tldw_Server_API.app.core.DB_Management.media_db.schema.features.core_media:apply_postgres_core_media_schema:361 - Applying Postgres base initializer DDL: CREATE INDEX IF NOT EXISTS idx_data_tables_workspace_tag ON data_tables(workspace_tag);...
2026-09-17 00:24:15.381 | DEBUG    | tldw_Server_API.app.core.DB_Management.media_db.schema.features.core_media:apply_postgres_core_media_schema:361 - Applying Postgres base initializer DDL: CREATE UNIQUE INDEX IF NOT EXISTS ux_data_table_columns_table_column ON data_table_columns(table_id, column_id);...
2026-09-17 00:24:15.382 | DEBUG    | tldw_Server_API.app.core.DB_Management.media_db.schema.features.core_media:apply_postgres_core_media_schema:361 - Applying Postgres base initializer DDL: CREATE INDEX IF NOT EXISTS idx_data_table_columns_table_position ON data_table_columns(table_id, position);...
2026-09-17 00:24:15.383 | DEBUG    | tldw_Server_API.app.core.DB_Management.media_db.schema.features.core_media:apply_postgres_core_media_schema:361 - Applying Postgres base initializer DDL: CREATE UNIQUE INDEX IF NOT EXISTS ux_data_table_columns_table_position_active ON data_table_columns(table_id, position, ...
2026-09-17 00:24:15.384 | DEBUG    | tldw_Server_API.app.core.DB_Management.media_db.schema.features.core_media:apply_postgres_core_media_schema:361 - Applying Postgres base initializer DDL: CREATE UNIQUE INDEX IF NOT EXISTS ux_data_table_rows_table_row ON data_table_rows(table_id, row_id);...
2026-09-17 00:24:15.395 | DEBUG    | tldw_Server_API.app.core.DB_Management.media_db.schema.features.core_media:apply_postgres_core_media_schema:361 - Applying Postgres base initializer DDL: CREATE INDEX IF NOT EXISTS idx_data_table_rows_table_index ON data_table_rows(table_id, row_index);...
2026-09-17 00:24:15.395 | DEBUG    | tldw_Server_API.app.core.DB_Management.media_db.schema.features.core_media:apply_postgres_core_media_schema:361 - Applying Postgres base initializer DDL: CREATE UNIQUE INDEX IF NOT EXISTS ux_data_table_rows_table_index_active ON data_table_rows(table_id, row_index, deleted)...
2026-09-17 00:24:15.396 | DEBUG    | tldw_Server_API.app.core.DB_Management.media_db.schema.features.core_media:apply_postgres_core_media_schema:361 - Applying Postgres base initializer DDL: CREATE INDEX IF NOT EXISTS idx_data_table_sources_table ON data_table_sources(table_id);...
2026-09-17 00:24:15.404 | DEBUG    | tldw_Server_API.app.core.DB_Management.media_db.schema.features.core_media:apply_postgres_core_media_schema:370 - Applying Postgres index DDL: CREATE INDEX IF NOT EXISTS idx_media_title ON Media(title);...
2026-09-17 00:24:15.404 | DEBUG    | tldw_Server_API.app.core.DB_Management.media_db.schema.features.core_media:apply_postgres_core_media_schema:370 - Applying Postgres index DDL: CREATE INDEX IF NOT EXISTS idx_media_type ON Media(type);...
2026-09-17 00:24:15.405 | DEBUG    | tldw_Server_API.app.core.DB_Management.media_db.schema.features.core_media:apply_postgres_core_media_schema:370 - Applying Postgres index DDL: CREATE INDEX IF NOT EXISTS idx_media_author ON Media(author);...
2026-09-17 00:24:15.405 | DEBUG    | tldw_Server_API.app.core.DB_Management.media_db.schema.features.core_media:apply_postgres_core_media_schema:370 - Applying Postgres index DDL: CREATE INDEX IF NOT EXISTS idx_media_ingestion_date ON Media(ingestion_date);...
2026-09-17 00:24:15.405 | DEBUG    | tldw_Server_API.app.core.DB_Management.media_db.schema.features.core_media:apply_postgres_core_media_schema:370 - Applying Postgres index DDL: CREATE INDEX IF NOT EXISTS idx_media_chunking_status ON Media(chunking_status);...
2026-09-17 00:24:15.406 | DEBUG    | tldw_Server_API.app.core.DB_Management.media_db.schema.features.core_media:apply_postgres_core_media_schema:370 - Applying Postgres index DDL: CREATE INDEX IF NOT EXISTS idx_media_vector_processing ON Media(vector_processing);...
2026-09-17 00:24:15.407 | DEBUG    | tldw_Server_API.app.core.DB_Management.media_db.schema.features.core_media:apply_postgres_core_media_schema:370 - Applying Postgres index DDL: CREATE INDEX IF NOT EXISTS idx_media_is_trash ON Media(is_trash);...
2026-09-17 00:24:15.408 | DEBUG    | tldw_Server_API.app.core.DB_Management.media_db.schema.features.core_media:apply_postgres_core_media_schema:370 - Applying Postgres index DDL: CREATE INDEX IF NOT EXISTS idx_media_content_hash ON Media(content_hash);...
2026-09-17 00:24:15.409 | DEBUG    | tldw_Server_API.app.core.DB_Management.media_db.schema.features.core_media:apply_postgres_core_media_schema:370 - Applying Postgres index DDL: CREATE INDEX IF NOT EXISTS idx_media_source_hash ON Media(source_hash);...
2026-09-17 00:24:15.409 | DEBUG    | tldw_Server_API.app.core.DB_Management.media_db.schema.features.core_media:apply_postgres_core_media_schema:370 - Applying Postgres index DDL: CREATE UNIQUE INDEX IF NOT EXISTS idx_media_uuid ON Media(uuid);...
2026-09-17 00:24:15.409 | DEBUG    | tldw_Server_API.app.core.DB_Management.media_db.schema.features.core_media:apply_postgres_core_media_schema:370 - Applying Postgres index DDL: CREATE INDEX IF NOT EXISTS idx_media_last_modified ON Media(last_modified);...
2026-09-17 00:24:15.410 | DEBUG    | tldw_Server_API.app.core.DB_Management.media_db.schema.features.core_media:apply_postgres_core_media_schema:370 - Applying Postgres index DDL: CREATE INDEX IF NOT EXISTS idx_media_deleted ON Media(deleted);...
2026-09-17 00:24:15.410 | DEBUG    | tldw_Server_API.app.core.DB_Management.media_db.schema.features.core_media:apply_postgres_core_media_schema:370 - Applying Postgres index DDL: CREATE INDEX IF NOT EXISTS idx_media_prev_version ON Media(prev_version);...
2026-09-17 00:24:15.410 | DEBUG    | tldw_Server_API.app.core.DB_Management.media_db.schema.features.core_media:apply_postgres_core_media_schema:370 - Applying Postgres index DDL: CREATE INDEX IF NOT EXISTS idx_media_merge_parent_uuid ON Media(merge_parent_uuid);...
2026-09-17 00:24:15.411 | DEBUG    | tldw_Server_API.app.core.DB_Management.media_db.schema.features.core_media:apply_postgres_core_media_schema:370 - Applying Postgres index DDL: CREATE INDEX IF NOT EXISTS idx_media_org_id ON Media(org_id);...
2026-09-17 00:24:15.411 | DEBUG    | tldw_Server_API.app.core.DB_Management.media_db.schema.features.core_media:apply_postgres_core_media_schema:370 - Applying Postgres index DDL: CREATE INDEX IF NOT EXISTS idx_media_team_id ON Media(team_id);...
2026-09-17 00:24:15.412 | DEBUG    | tldw_Server_API.app.core.DB_Management.media_db.schema.features.core_media:apply_postgres_core_media_schema:370 - Applying Postgres index DDL: CREATE INDEX IF NOT EXISTS idx_media_visibility ON Media(visibility);...
2026-09-17 00:24:15.412 | DEBUG    | tldw_Server_API.app.core.DB_Management.media_db.schema.features.core_media:apply_postgres_core_media_schema:370 - Applying Postgres index DDL: CREATE INDEX IF NOT EXISTS idx_media_owner_user_id ON Media(owner_user_id);...
2026-09-17 00:24:15.412 | DEBUG    | tldw_Server_API.app.core.DB_Management.media_db.schema.features.core_media:apply_postgres_core_media_schema:370 - Applying Postgres index DDL: CREATE INDEX IF NOT EXISTS idx_media_latest_transcription_run_id ON Media(latest_transcription_run_id);...
2026-09-17 00:24:15.413 | DEBUG    | tldw_Server_API.app.core.DB_Management.media_db.schema.features.core_media:apply_postgres_core_media_schema:370 - Applying Postgres index DDL: CREATE INDEX IF NOT EXISTS idx_media_next_transcription_run_id ON Media(next_transcription_run_id);...
2026-09-17 00:24:15.413 | DEBUG    | tldw_Server_API.app.core.DB_Management.media_db.schema.features.core_media:apply_postgres_core_media_schema:370 - Applying Postgres index DDL: CREATE UNIQUE INDEX IF NOT EXISTS ux_media_system_operation_source ON Media(system_operation_kind, system_operation_id, ...
2026-09-17 00:24:15.414 | DEBUG    | tldw_Server_API.app.core.DB_Management.media_db.schema.features.core_media:apply_postgres_core_media_schema:370 - Applying Postgres index DDL: CREATE UNIQUE INDEX IF NOT EXISTS idx_keywords_uuid ON Keywords(uuid);...
2026-09-17 00:24:15.415 | DEBUG    | tldw_Server_API.app.core.DB_Management.media_db.schema.features.core_media:apply_postgres_core_media_schema:370 - Applying Postgres index DDL: CREATE INDEX IF NOT EXISTS idx_keywords_last_modified ON Keywords(last_modified);...
2026-09-17 00:24:15.415 | DEBUG    | tldw_Server_API.app.core.DB_Management.media_db.schema.features.core_media:apply_postgres_core_media_schema:370 - Applying Postgres index DDL: CREATE INDEX IF NOT EXISTS idx_keywords_deleted ON Keywords(deleted);...
2026-09-17 00:24:15.416 | DEBUG    | tldw_Server_API.app.core.DB_Management.media_db.schema.features.core_media:apply_postgres_core_media_schema:370 - Applying Postgres index DDL: CREATE INDEX IF NOT EXISTS idx_keywords_prev_version ON Keywords(prev_version);...
2026-09-17 00:24:15.416 | DEBUG    | tldw_Server_API.app.core.DB_Management.media_db.schema.features.core_media:apply_postgres_core_media_schema:370 - Applying Postgres index DDL: CREATE INDEX IF NOT EXISTS idx_keywords_merge_parent_uuid ON Keywords(merge_parent_uuid);...
2026-09-17 00:24:15.417 | DEBUG    | tldw_Server_API.app.core.DB_Management.media_db.schema.features.core_media:apply_postgres_core_media_schema:370 - Applying Postgres index DDL: CREATE INDEX IF NOT EXISTS idx_mediakeywords_media_id ON MediaKeywords(media_id);...
2026-09-17 00:24:15.417 | DEBUG    | tldw_Server_API.app.core.DB_Management.media_db.schema.features.core_media:apply_postgres_core_media_schema:370 - Applying Postgres index DDL: CREATE INDEX IF NOT EXISTS idx_mediakeywords_keyword_id ON MediaKeywords(keyword_id);...
2026-09-17 00:24:15.417 | DEBUG    | tldw_Server_API.app.core.DB_Management.media_db.schema.features.core_media:apply_postgres_core_media_schema:370 - Applying Postgres index DDL: CREATE INDEX IF NOT EXISTS idx_owned_clone_keywords_keyword ON OperationOwnedCloneKeywords(keyword);...
2026-09-17 00:24:15.418 | DEBUG    | tldw_Server_API.app.core.DB_Management.media_db.schema.features.core_media:apply_postgres_core_media_schema:370 - Applying Postgres index DDL: CREATE INDEX IF NOT EXISTS idx_owned_clone_keywords_operation ON OperationOwnedCloneKeywords(operation_id, source_identi...
2026-09-17 00:24:15.418 | DEBUG    | tldw_Server_API.app.core.DB_Management.media_db.schema.features.core_media:apply_postgres_core_media_schema:370 - Applying Postgres index DDL: CREATE INDEX IF NOT EXISTS idx_transcripts_media_id ON Transcripts(media_id);...
2026-09-17 00:24:15.418 | DEBUG    | tldw_Server_API.app.core.DB_Management.media_db.schema.features.core_media:apply_postgres_core_media_schema:370 - Applying Postgres index DDL: CREATE UNIQUE INDEX IF NOT EXISTS idx_transcripts_uuid ON Transcripts(uuid);...
2026-09-17 00:24:15.418 | DEBUG    | tldw_Server_API.app.core.DB_Management.media_db.schema.features.core_media:apply_postgres_core_media_schema:370 - Applying Postgres index DDL: CREATE INDEX IF NOT EXISTS idx_transcripts_last_modified ON Transcripts(last_modified);...
2026-09-17 00:24:15.419 | DEBUG    | tldw_Server_API.app.core.DB_Management.media_db.schema.features.core_media:apply_postgres_core_media_schema:370 - Applying Postgres index DDL: CREATE INDEX IF NOT EXISTS idx_transcripts_deleted ON Transcripts(deleted);...
2026-09-17 00:24:15.419 | DEBUG    | tldw_Server_API.app.core.DB_Management.media_db.schema.features.core_media:apply_postgres_core_media_schema:370 - Applying Postgres index DDL: CREATE INDEX IF NOT EXISTS idx_transcripts_prev_version ON Transcripts(prev_version);...
2026-09-17 00:24:15.420 | DEBUG    | tldw_Server_API.app.core.DB_Management.media_db.schema.features.core_media:apply_postgres_core_media_schema:370 - Applying Postgres index DDL: CREATE INDEX IF NOT EXISTS idx_transcripts_merge_parent_uuid ON Transcripts(merge_parent_uuid);...
2026-09-17 00:24:15.420 | DEBUG    | tldw_Server_API.app.core.DB_Management.media_db.schema.features.core_media:apply_postgres_core_media_schema:370 - Applying Postgres index DDL: CREATE UNIQUE INDEX IF NOT EXISTS idx_transcripts_media_run_id ON Transcripts(media_id, transcription_run_id DESC) WHERE...
2026-09-17 00:24:15.420 | DEBUG    | tldw_Server_API.app.core.DB_Management.media_db.schema.features.core_media:apply_postgres_core_media_schema:370 - Applying Postgres index DDL: CREATE INDEX IF NOT EXISTS idx_transcripts_supersedes_run_id ON Transcripts(supersedes_run_id);...
2026-09-17 00:24:15.421 | DEBUG    | tldw_Server_API.app.core.DB_Management.media_db.schema.features.core_media:apply_postgres_core_media_schema:370 - Applying Postgres index DDL: CREATE UNIQUE INDEX IF NOT EXISTS idx_transcripts_media_idempotency_key ON Transcripts(media_id, idempotency_key) WHERE ...
2026-09-17 00:24:15.421 | DEBUG    | tldw_Server_API.app.core.DB_Management.media_db.schema.features.core_media:apply_postgres_core_media_schema:370 - Applying Postgres index DDL: CREATE INDEX IF NOT EXISTS idx_mediachunks_media_id ON MediaChunks(media_id);...
2026-09-17 00:24:15.421 | DEBUG    | tldw_Server_API.app.core.DB_Management.media_db.schema.features.core_media:apply_postgres_core_media_schema:370 - Applying Postgres index DDL: CREATE UNIQUE INDEX IF NOT EXISTS idx_mediachunks_uuid ON MediaChunks(uuid);...
2026-09-17 00:24:15.421 | DEBUG    | tldw_Server_API.app.core.DB_Management.media_db.schema.features.core_media:apply_postgres_core_media_schema:370 - Applying Postgres index DDL: CREATE INDEX IF NOT EXISTS idx_mediachunks_last_modified ON MediaChunks(last_modified);...
2026-09-17 00:24:15.422 | DEBUG    | tldw_Server_API.app.core.DB_Management.media_db.schema.features.core_media:apply_postgres_core_media_schema:370 - Applying Postgres index DDL: CREATE INDEX IF NOT EXISTS idx_mediachunks_deleted ON MediaChunks(deleted);...
2026-09-17 00:24:15.422 | DEBUG    | tldw_Server_API.app.core.DB_Management.media_db.schema.features.core_media:apply_postgres_core_media_schema:370 - Applying Postgres index DDL: CREATE INDEX IF NOT EXISTS idx_mediachunks_prev_version ON MediaChunks(prev_version);...
2026-09-17 00:24:15.422 | DEBUG    | tldw_Server_API.app.core.DB_Management.media_db.schema.features.core_media:apply_postgres_core_media_schema:370 - Applying Postgres index DDL: CREATE INDEX IF NOT EXISTS idx_mediachunks_merge_parent_uuid ON MediaChunks(merge_parent_uuid);...
2026-09-17 00:24:15.423 | DEBUG    | tldw_Server_API.app.core.DB_Management.media_db.schema.features.core_media:apply_postgres_core_media_schema:370 - Applying Postgres index DDL: CREATE INDEX IF NOT EXISTS idx_unvectorized_media_chunks_media_id ON UnvectorizedMediaChunks(media_id);...
2026-09-17 00:24:15.423 | DEBUG    | tldw_Server_API.app.core.DB_Management.media_db.schema.features.core_media:apply_postgres_core_media_schema:370 - Applying Postgres index DDL: CREATE INDEX IF NOT EXISTS idx_unvectorized_media_chunks_is_processed ON UnvectorizedMediaChunks(is_processed);...
2026-09-17 00:24:15.423 | DEBUG    | tldw_Server_API.app.core.DB_Management.media_db.schema.features.core_media:apply_postgres_core_media_schema:370 - Applying Postgres index DDL: CREATE INDEX IF NOT EXISTS idx_unvectorized_media_chunks_chunk_type ON UnvectorizedMediaChunks(chunk_type);...
2026-09-17 00:24:15.424 | DEBUG    | tldw_Server_API.app.core.DB_Management.media_db.schema.features.core_media:apply_postgres_core_media_schema:370 - Applying Postgres index DDL: CREATE UNIQUE INDEX IF NOT EXISTS idx_unvectorizedmediachunks_uuid ON UnvectorizedMediaChunks(uuid);...
2026-09-17 00:24:15.424 | DEBUG    | tldw_Server_API.app.core.DB_Management.media_db.schema.features.core_media:apply_postgres_core_media_schema:370 - Applying Postgres index DDL: CREATE INDEX IF NOT EXISTS idx_unvectorizedmediachunks_last_modified ON UnvectorizedMediaChunks(last_modified);...
2026-09-17 00:24:15.424 | DEBUG    | tldw_Server_API.app.core.DB_Management.media_db.schema.features.core_media:apply_postgres_core_media_schema:370 - Applying Postgres index DDL: CREATE INDEX IF NOT EXISTS idx_unvectorizedmediachunks_deleted ON UnvectorizedMediaChunks(deleted);...
2026-09-17 00:24:15.424 | DEBUG    | tldw_Server_API.app.core.DB_Management.media_db.schema.features.core_media:apply_postgres_core_media_schema:370 - Applying Postgres index DDL: CREATE INDEX IF NOT EXISTS idx_unvectorizedmediachunks_prev_version ON UnvectorizedMediaChunks(prev_version);...
2026-09-17 00:24:15.425 | DEBUG    | tldw_Server_API.app.core.DB_Management.media_db.schema.features.core_media:apply_postgres_core_media_schema:370 - Applying Postgres index DDL: CREATE INDEX IF NOT EXISTS idx_unvectorizedmediachunks_merge_parent_uuid ON UnvectorizedMediaChunks(merge_parent_uuid);...
2026-09-17 00:24:15.426 | DEBUG    | tldw_Server_API.app.core.DB_Management.media_db.schema.features.core_media:apply_postgres_core_media_schema:370 - Applying Postgres index DDL: CREATE INDEX IF NOT EXISTS idx_visualdocs_media_id ON VisualDocuments(media_id);...
2026-09-17 00:24:15.427 | DEBUG    | tldw_Server_API.app.core.DB_Management.media_db.schema.features.core_media:apply_postgres_core_media_schema:370 - Applying Postgres index DDL: CREATE UNIQUE INDEX IF NOT EXISTS idx_visualdocs_uuid ON VisualDocuments(uuid);...
2026-09-17 00:24:15.428 | DEBUG    | tldw_Server_API.app.core.DB_Management.media_db.schema.features.core_media:apply_postgres_core_media_schema:370 - Applying Postgres index DDL: CREATE INDEX IF NOT EXISTS idx_visualdocs_last_modified ON VisualDocuments(last_modified);...
2026-09-17 00:24:15.428 | DEBUG    | tldw_Server_API.app.core.DB_Management.media_db.schema.features.core_media:apply_postgres_core_media_schema:370 - Applying Postgres index DDL: CREATE INDEX IF NOT EXISTS idx_visualdocs_deleted ON VisualDocuments(deleted);...
2026-09-17 00:24:15.428 | DEBUG    | tldw_Server_API.app.core.DB_Management.media_db.schema.features.core_media:apply_postgres_core_media_schema:370 - Applying Postgres index DDL: CREATE INDEX IF NOT EXISTS idx_visualdocs_prev_version ON VisualDocuments(prev_version);...
2026-09-17 00:24:15.429 | DEBUG    | tldw_Server_API.app.core.DB_Management.media_db.schema.features.core_media:apply_postgres_core_media_schema:370 - Applying Postgres index DDL: CREATE INDEX IF NOT EXISTS idx_visualdocs_merge_parent_uuid ON VisualDocuments(merge_parent_uuid);...
2026-09-17 00:24:15.430 | DEBUG    | tldw_Server_API.app.core.DB_Management.media_db.schema.features.core_media:apply_postgres_core_media_schema:370 - Applying Postgres index DDL: CREATE INDEX IF NOT EXISTS idx_visualdocs_page_frame ON VisualDocuments(media_id, page_number, frame_index);...
2026-09-17 00:24:15.441 | DEBUG    | tldw_Server_API.app.core.DB_Management.media_db.schema.features.core_media:apply_postgres_core_media_schema:370 - Applying Postgres index DDL: CREATE INDEX IF NOT EXISTS idx_visualdocs_caption ON VisualDocuments(caption);...
2026-09-17 00:24:15.442 | DEBUG    | tldw_Server_API.app.core.DB_Management.media_db.schema.features.core_media:apply_postgres_core_media_schema:370 - Applying Postgres index DDL: CREATE INDEX IF NOT EXISTS idx_visualdocs_tags ON VisualDocuments(tags);...
2026-09-17 00:24:15.442 | DEBUG    | tldw_Server_API.app.core.DB_Management.media_db.schema.features.core_media:apply_postgres_core_media_schema:370 - Applying Postgres index DDL: CREATE INDEX IF NOT EXISTS idx_document_versions_media_id ON DocumentVersions(media_id);...
2026-09-17 00:24:15.443 | DEBUG    | tldw_Server_API.app.core.DB_Management.media_db.schema.features.core_media:apply_postgres_core_media_schema:370 - Applying Postgres index DDL: CREATE INDEX IF NOT EXISTS idx_document_versions_version_number ON DocumentVersions(version_number);...
2026-09-17 00:24:15.443 | DEBUG    | tldw_Server_API.app.core.DB_Management.media_db.schema.features.core_media:apply_postgres_core_media_schema:370 - Applying Postgres index DDL: CREATE UNIQUE INDEX IF NOT EXISTS idx_documentversions_uuid ON DocumentVersions(uuid);...
2026-09-17 00:24:15.444 | DEBUG    | tldw_Server_API.app.core.DB_Management.media_db.schema.features.core_media:apply_postgres_core_media_schema:370 - Applying Postgres index DDL: CREATE INDEX IF NOT EXISTS idx_documentversions_last_modified ON DocumentVersions(last_modified);...
2026-09-17 00:24:15.444 | DEBUG    | tldw_Server_API.app.core.DB_Management.media_db.schema.features.core_media:apply_postgres_core_media_schema:370 - Applying Postgres index DDL: CREATE INDEX IF NOT EXISTS idx_documentversions_deleted ON DocumentVersions(deleted);...
2026-09-17 00:24:15.444 | DEBUG    | tldw_Server_API.app.core.DB_Management.media_db.schema.features.core_media:apply_postgres_core_media_schema:370 - Applying Postgres index DDL: CREATE INDEX IF NOT EXISTS idx_documentversions_prev_version ON DocumentVersions(prev_version);...
2026-09-17 00:24:15.445 | DEBUG    | tldw_Server_API.app.core.DB_Management.media_db.schema.features.core_media:apply_postgres_core_media_schema:370 - Applying Postgres index DDL: CREATE INDEX IF NOT EXISTS idx_documentversions_merge_parent_uuid ON DocumentVersions(merge_parent_uuid);...
2026-09-17 00:24:15.445 | DEBUG    | tldw_Server_API.app.core.DB_Management.media_db.schema.features.core_media:apply_postgres_core_media_schema:370 - Applying Postgres index DDL: CREATE INDEX IF NOT EXISTS idx_dvi_doi ON DocumentVersionIdentifiers(doi);...
2026-09-17 00:24:15.446 | DEBUG    | tldw_Server_API.app.core.DB_Management.media_db.schema.features.core_media:apply_postgres_core_media_schema:370 - Applying Postgres index DDL: CREATE INDEX IF NOT EXISTS idx_dvi_pmid ON DocumentVersionIdentifiers(pmid);...
2026-09-17 00:24:15.448 | DEBUG    | tldw_Server_API.app.core.DB_Management.media_db.schema.features.core_media:apply_postgres_core_media_schema:370 - Applying Postgres index DDL: CREATE INDEX IF NOT EXISTS idx_dvi_pmcid ON DocumentVersionIdentifiers(pmcid);...
2026-09-17 00:24:15.449 | DEBUG    | tldw_Server_API.app.core.DB_Management.media_db.schema.features.core_media:apply_postgres_core_media_schema:370 - Applying Postgres index DDL: CREATE INDEX IF NOT EXISTS idx_dvi_arxiv ON DocumentVersionIdentifiers(arxiv_id);...
2026-09-17 00:24:15.450 | DEBUG    | tldw_Server_API.app.core.DB_Management.media_db.schema.features.core_media:apply_postgres_core_media_schema:370 - Applying Postgres index DDL: CREATE INDEX IF NOT EXISTS idx_dvi_s2 ON DocumentVersionIdentifiers(s2_paper_id);...
2026-09-17 00:24:15.451 | DEBUG    | tldw_Server_API.app.core.DB_Management.media_db.schema.features.core_media:apply_postgres_core_media_schema:370 - Applying Postgres index DDL: CREATE INDEX IF NOT EXISTS idx_dsi_media_kind ON DocumentStructureIndex(media_id, kind);...
2026-09-17 00:24:15.452 | DEBUG    | tldw_Server_API.app.core.DB_Management.media_db.schema.features.core_media:apply_postgres_core_media_schema:370 - Applying Postgres index DDL: CREATE INDEX IF NOT EXISTS idx_dsi_media_start ON DocumentStructureIndex(media_id, start_char);...
2026-09-17 00:24:15.453 | DEBUG    | tldw_Server_API.app.core.DB_Management.media_db.schema.features.core_media:apply_postgres_core_media_schema:370 - Applying Postgres index DDL: CREATE INDEX IF NOT EXISTS idx_dsi_media_parent ON DocumentStructureIndex(parent_id);...
2026-09-17 00:24:15.454 | DEBUG    | tldw_Server_API.app.core.DB_Management.media_db.schema.features.core_media:apply_postgres_core_media_schema:370 - Applying Postgres index DDL: CREATE INDEX IF NOT EXISTS idx_dsi_media_path ON DocumentStructureIndex(media_id, path);...
2026-09-17 00:24:15.455 | DEBUG    | tldw_Server_API.app.core.DB_Management.media_db.schema.features.core_media:apply_postgres_core_media_schema:370 - Applying Postgres index DDL: CREATE INDEX IF NOT EXISTS idx_sync_log_ts ON sync_log(timestamp);...
2026-09-17 00:24:15.457 | DEBUG    | tldw_Server_API.app.core.DB_Management.media_db.schema.features.core_media:apply_postgres_core_media_schema:370 - Applying Postgres index DDL: CREATE INDEX IF NOT EXISTS idx_sync_log_entity_uuid ON sync_log(entity_uuid);...
2026-09-17 00:24:15.458 | DEBUG    | tldw_Server_API.app.core.DB_Management.media_db.schema.features.core_media:apply_postgres_core_media_schema:370 - Applying Postgres index DDL: CREATE INDEX IF NOT EXISTS idx_sync_log_client_id ON sync_log(client_id);...
2026-09-17 00:24:15.459 | DEBUG    | tldw_Server_API.app.core.DB_Management.media_db.schema.features.core_media:apply_postgres_core_media_schema:370 - Applying Postgres index DDL: CREATE INDEX IF NOT EXISTS idx_sync_log_org_id ON sync_log(org_id);...
2026-09-17 00:24:15.460 | DEBUG    | tldw_Server_API.app.core.DB_Management.media_db.schema.features.core_media:apply_postgres_core_media_schema:370 - Applying Postgres index DDL: CREATE INDEX IF NOT EXISTS idx_sync_log_team_id ON sync_log(team_id);...
2026-09-17 00:24:15.462 | DEBUG    | tldw_Server_API.app.core.DB_Management.media_db.schema.features.core_media:apply_postgres_core_media_schema:370 - Applying Postgres index DDL: CREATE UNIQUE INDEX IF NOT EXISTS idx_unique_template_name ON ChunkingTemplates(name) WHERE deleted = FALSE;...
2026-09-17 00:24:15.463 | DEBUG    | tldw_Server_API.app.core.DB_Management.media_db.schema.features.core_media:apply_postgres_core_media_schema:370 - Applying Postgres index DDL: CREATE INDEX IF NOT EXISTS idx_template_is_builtin ON ChunkingTemplates(is_builtin);...
2026-09-17 00:24:15.464 | DEBUG    | tldw_Server_API.app.core.DB_Management.media_db.schema.features.core_media:apply_postgres_core_media_schema:370 - Applying Postgres index DDL: CREATE INDEX IF NOT EXISTS idx_template_deleted ON ChunkingTemplates(deleted);...
2026-09-17 00:24:15.465 | DEBUG    | tldw_Server_API.app.core.DB_Management.media_db.schema.features.core_media:apply_postgres_core_media_schema:370 - Applying Postgres index DDL: CREATE INDEX IF NOT EXISTS idx_template_tags ON ChunkingTemplates(tags);...
2026-09-17 00:24:15.626 | DEBUG    | tldw_Server_API.app.core.DB_Management.media_db.runtime.bootstrap_lifecycle_ops:initialize_media_database:138 - Database initialization completed successfully for /private/var/folders/sn/m80n2j152t9gw3w8qwk2nykh0000gn/T/pytest-of-macbook-dev/pytest-666/test_reopen_replaces_existing_0/media.db
2026-09-17 00:24:15.627 | INFO     | tldw_Server_API.app.core.config:_buffered_log:210 - Determined ACTUAL_PROJECT_ROOT for database paths: /Users/macbook-dev/Documents/GitHub/tldw_server2
2026-09-17 00:24:15.627 | INFO     | tldw_Server_API.app.core.config:_buffered_log:210 - Early loading environment variables from: /Users/macbook-dev/Documents/GitHub/tldw_server2/tldw_Server_API/Config_Files/.env
2026-09-17 00:24:15.633 | INFO     | tldw_Server_API.app.core.config:_buffered_log:210 - Early loading environment variables from: /Users/macbook-dev/Documents/GitHub/tldw_server2/tldw_Server_API/Config_Files/.ENV
2026-09-17 00:24:15.639 | DEBUG    | tldw_Server_API.app.core.config:_buffered_log:210 - load_and_log_configs(): Loading and logging configurations...
2026-09-17 00:24:15.640 | INFO     | tldw_Server_API.app.core.config:_buffered_log:210 - Loading environment variables from: /Users/macbook-dev/Documents/GitHub/tldw_server2/tldw_Server_API/Config_Files/.env
2026-09-17 00:24:15.645 | INFO     | tldw_Server_API.app.core.config:_buffered_log:210 - Loading environment variables from: /Users/macbook-dev/Documents/GitHub/tldw_server2/tldw_Server_API/Config_Files/.ENV
2026-09-17 00:24:15.649 | INFO     | tldw_Server_API.app.core.config:_buffered_log:210 - Attempting to load comprehensive config from: /Users/macbook-dev/Documents/GitHub/tldw_server2/tldw_Server_API/Config_Files/config.txt
2026-09-17 00:24:15.651 | INFO     | tldw_Server_API.app.core.config:_buffered_log:210 - load_comprehensive_config(): Sections found in config: ['Setup', 'UI', 'Server', 'Files', 'Image-Generation', 'ACP', 'WORKSPACES', 'ACP-WORKSPACE', 'ACP-SANDBOX', 'Audit', 'Processing', 'Media-Processing', 'Chat-Dictionaries', 'Chat-Module', 'Chat-Commands', 'Chat-Templating', 'Character-Chat', 'Settings', 'Auto-Save', 'Prompts', 'Database', 'Chunking', 'Visual-RAG', 'AuthNZ', 'Streaming', 'HTTP', 'Egress', 'Embeddings', 'Claims', 'ClaimsMonitoring', 'RAG', 'Search-Agent', 'ResourceGovernor', 'Jobs', 'SlidesStandaloneHtml', 'Diarization', 'API', 'MLX', 'Local-API', 'LlamaCpp', 'STT-Settings', 'external_providers', 'TTS-Settings', 'VibeVoice', 'Audio-Quota', 'API-Routes', 'Search-Engines', 'Web-Scraper', 'Logging', 'Moderation', 'Redis', 'Web-Scraping', 'personalization', 'persona', 'persona.rbac']
2026-09-17 00:24:15.654 | INFO     | tldw_Server_API.app.core.config:_buffered_log:210 - Ensured main SQLite database directory exists: /Users/macbook-dev/Documents/GitHub/tldw_server2/Databases
2026-09-17 00:24:15.654 | INFO     | tldw_Server_API.app.core.config:_buffered_log:210 - Ensured user data base directory exists: Databases/user_databases
2026-09-17 00:24:15.654 | WARNING  | tldw_Server_API.app.core.DB_Management.db_path_utils:resolve_user_db_base_dir:491 - USER_DB_BASE_DIR not configured in tests, using isolated fallback: /private/var/folders/sn/m80n2j152t9gw3w8qwk2nykh0000gn/T/tldw_user_databases_test/default-16e3469d
2026-09-17 00:24:15.654 | INFO     | tldw_Server_API.app.core.DB_Management.ChaChaNotes_DB:__init__:7657 - Initializing CharactersRAGDB for path: /private/var/folders/sn/m80n2j152t9gw3w8qwk2nykh0000gn/T/pytest-of-macbook-dev/pytest-666/test_reopen_replaces_existing_0/notes.db [Client ID: 2] (backend=postgresql)
2026-09-17 00:24:17.177 | DEBUG    | tldw_Server_API.app.core.DB_Management.ChaChaNotes_DB:__init__:7664 - CharactersRAGDB initialization completed successfully for /private/var/folders/sn/m80n2j152t9gw3w8qwk2nykh0000gn/T/pytest-of-macbook-dev/pytest-666/test_reopen_replaces_existing_0/notes.db
2026-09-17 00:24:17.187 | WARNING  | tldw_Server_API.app.core.DB_Management.db_path_utils:resolve_user_db_base_dir:491 - USER_DB_BASE_DIR not configured in tests, using isolated fallback: /private/var/folders/sn/m80n2j152t9gw3w8qwk2nykh0000gn/T/tldw_user_databases_test/default-16e3469d
2026-09-17 00:24:17.187 | INFO     | tldw_Server_API.app.core.DB_Management.ChaChaNotes_DB:__init__:7657 - Initializing CharactersRAGDB for path: /private/var/folders/sn/m80n2j152t9gw3w8qwk2nykh0000gn/T/pytest-of-macbook-dev/pytest-666/test_reopen_replaces_existing_0/notes.db [Client ID: 2] (backend=postgresql)
2026-09-17 00:24:17.187 | CRITICAL | tldw_Server_API.app.core.DB_Management.ChaChaNotes_DB:__init__:7670 - FATAL: Unexpected error during DB Initialization for /private/var/folders/sn/m80n2j152t9gw3w8qwk2nykh0000gn/T/pytest-of-macbook-dev/pytest-666/test_reopen_replaces_existing_0/notes.db: Connection pool is closed
--------------------------- Captured stderr teardown ---------------------------
2026-09-17 00:24:17.623 | INFO     | tldw_Server_API.app.api.v1.API_Deps.ChaCha_Notes_DB_Deps:close_all_chacha_db_instances:876 - Closing all cached ChaChaNotesDB instances (0)...
2026-09-17 00:24:17.623 | INFO     | tldw_Server_API.app.api.v1.API_Deps.ChaCha_Notes_DB_Deps:close_all_chacha_db_instances:892 - All ChaChaNotesDB instances closed and cache cleared.
2026-09-17 00:24:17.624 | INFO     | tldw_Server_API.app.api.v1.API_Deps.ChaCha_Notes_DB_Deps:close_all_chacha_db_instances:876 - Closing all cached ChaChaNotesDB instances (0)...
2026-09-17 00:24:17.624 | INFO     | tldw_Server_API.app.api.v1.API_Deps.ChaCha_Notes_DB_Deps:close_all_chacha_db_instances:892 - All ChaChaNotesDB instances closed and cache cleared.
_ test_actual_worker_persists_pack_in_each_content_schema[real-media-first-postgresql] _
tldw_Server_API/app/core/DB_Management/ChaChaNotes_DB.py:38520: in create_study_pack
    cursor = conn.execute(insert_sql + " RETURNING id", params)
             ^^^^^^^^^^^^^^^^^^^^^^^^^^^^^^^^^^^^^^^^^^^^^^^^^^
tldw_Server_API/app/core/DB_Management/ChaChaNotes_DB.py:506: in guarded
    return method(self, *args, **kwargs)
           ^^^^^^^^^^^^^^^^^^^^^^^^^^^^^
tldw_Server_API/app/core/DB_Management/ChaChaNotes_DB.py:612: in execute
    return cursor.execute(query, params)
           ^^^^^^^^^^^^^^^^^^^^^^^^^^^^^
tldw_Server_API/app/core/DB_Management/ChaChaNotes_DB.py:506: in guarded
    return method(self, *args, **kwargs)
           ^^^^^^^^^^^^^^^^^^^^^^^^^^^^^
tldw_Server_API/app/core/DB_Management/ChaChaNotes_DB.py:536: in execute
    self._result = self._backend.execute(
tldw_Server_API/app/core/DB_Management/backends/postgresql_backend.py:1100: in execute
    raise DatabaseError("PostgreSQL query execution failed")
E   tldw_Server_API.app.core.DB_Management.backends.base.DatabaseError: PostgreSQL query execution failed

The above exception was the direct cause of the following exception:
tldw_Server_API/tests/DB_Management/test_study_pack_shared_sync_schema.py:58: in test_actual_worker_persists_pack_in_each_content_schema
    result = asyncio.run(worker.handle_study_pack_job({
../../../.local/share/uv/python/cpython-3.11.13-macos-aarch64-none/lib/python3.11/asyncio/runners.py:190: in run
    return runner.run(main)
           ^^^^^^^^^^^^^^^^
../../../.local/share/uv/python/cpython-3.11.13-macos-aarch64-none/lib/python3.11/asyncio/runners.py:118: in run
    return self._loop.run_until_complete(task)
           ^^^^^^^^^^^^^^^^^^^^^^^^^^^^^^^^^^^
../../../.local/share/uv/python/cpython-3.11.13-macos-aarch64-none/lib/python3.11/asyncio/base_events.py:654: in run_until_complete
    return future.result()
           ^^^^^^^^^^^^^^^
tldw_Server_API/app/services/study_pack_jobs_worker.py:75: in handle_study_pack_job
    created = await service.create_from_request(
tldw_Server_API/app/core/StudyPacks/generation_service.py:223: in create_from_request
    return self._persist_generated_cards(
tldw_Server_API/app/core/StudyPacks/generation_service.py:303: in _persist_generated_cards
    pack_id = self.note_db.create_study_pack(
tldw_Server_API/app/core/DB_Management/ChaChaNotes_DB.py:38533: in create_study_pack
    raise CharactersRAGDBError(f"Failed to create study pack: {exc}") from exc  # noqa: TRY003
    ^^^^^^^^^^^^^^^^^^^^^^^^^^^^^^^^^^^^^^^^^^^^^^^^^^^^^^^^^^^^^^^^^^^^^^^^^^
E   tldw_Server_API.app.core.DB_Management.ChaChaNotes_DB.CharactersRAGDBError: Failed to create study pack: PostgreSQL query execution failed
----------------------------- Captured stderr call -----------------------------
2026-09-17 00:24:17.670 | INFO     | tldw_Server_API.app.core.DB_Management.backends.factory:create_backend:392 - Creating postgresql backend
2026-09-17 00:24:17.671 | INFO     | tldw_Server_API.app.core.DB_Management.media_db.runtime.bootstrap_lifecycle_ops:initialize_media_database:79 - Initializing Database object for path: /private/var/folders/sn/m80n2j152t9gw3w8qwk2nykh0000gn/T/pytest-of-macbook-dev/pytest-666/test_actual_worker_persists_pa3/media.db [Client ID: 2]
2026-09-17 00:24:17.679 | DEBUG    | tldw_Server_API.app.core.DB_Management.media_db.schema.features.core_media:apply_postgres_core_media_schema:357 - Applying Postgres base table DDL: CREATE TABLE IF NOT EXISTS schema_version ( version BIGINT PRIMARY KEY NOT NULL );...
2026-09-17 00:24:17.680 | DEBUG    | tldw_Server_API.app.core.DB_Management.media_db.schema.features.core_media:apply_postgres_core_media_schema:357 - Applying Postgres base table DDL: CREATE TABLE IF NOT EXISTS Media ( id BIGSERIAL PRIMARY KEY, url TEXT UNIQUE, title TEXT NOT NULL, type TEXT NOT NULL, c...
2026-09-17 00:24:17.682 | DEBUG    | tldw_Server_API.app.core.DB_Management.media_db.schema.features.core_media:apply_postgres_core_media_schema:357 - Applying Postgres base table DDL: CREATE TABLE IF NOT EXISTS Keywords ( id BIGSERIAL PRIMARY KEY, keyword TEXT NOT NULL UNIQUE , uuid TEXT UNIQUE NOT NULL...
2026-09-17 00:24:17.683 | DEBUG    | tldw_Server_API.app.core.DB_Management.media_db.schema.features.core_media:apply_postgres_core_media_schema:357 - Applying Postgres base table DDL: CREATE TABLE IF NOT EXISTS MediaKeywords ( id BIGSERIAL PRIMARY KEY, media_id INTEGER NOT NULL, keyword_id INTEGER NOT N...
2026-09-17 00:24:17.684 | DEBUG    | tldw_Server_API.app.core.DB_Management.media_db.schema.features.core_media:apply_postgres_core_media_schema:357 - Applying Postgres base table DDL: CREATE TABLE IF NOT EXISTS OperationOwnedCloneKeywords ( media_id INTEGER NOT NULL, keyword TEXT NOT NULL CHECK ( length...
2026-09-17 00:24:17.685 | DEBUG    | tldw_Server_API.app.core.DB_Management.media_db.schema.features.core_media:apply_postgres_core_media_schema:357 - Applying Postgres base table DDL: CREATE TABLE IF NOT EXISTS Transcripts ( id BIGSERIAL PRIMARY KEY, media_id INTEGER NOT NULL, whisper_model TEXT, transc...
2026-09-17 00:24:17.686 | DEBUG    | tldw_Server_API.app.core.DB_Management.media_db.schema.features.core_media:apply_postgres_core_media_schema:357 - Applying Postgres base table DDL: CREATE TABLE IF NOT EXISTS MediaChunks ( id BIGSERIAL PRIMARY KEY, media_id INTEGER NOT NULL, chunk_text TEXT NOT NULL, ...
2026-09-17 00:24:17.687 | DEBUG    | tldw_Server_API.app.core.DB_Management.media_db.schema.features.core_media:apply_postgres_core_media_schema:357 - Applying Postgres base table DDL: CREATE TABLE IF NOT EXISTS UnvectorizedMediaChunks ( id BIGSERIAL PRIMARY KEY, media_id INTEGER NOT NULL, chunk_text TEX...
2026-09-17 00:24:17.688 | DEBUG    | tldw_Server_API.app.core.DB_Management.media_db.schema.features.core_media:apply_postgres_core_media_schema:357 - Applying Postgres base table DDL: CREATE TABLE IF NOT EXISTS VisualDocuments ( id BIGSERIAL PRIMARY KEY, media_id INTEGER NOT NULL, location TEXT, page_nu...
2026-09-17 00:24:17.689 | DEBUG    | tldw_Server_API.app.core.DB_Management.media_db.schema.features.core_media:apply_postgres_core_media_schema:357 - Applying Postgres base table DDL: CREATE TABLE IF NOT EXISTS DocumentVersions ( id BIGSERIAL PRIMARY KEY, media_id INTEGER NOT NULL, version_number INTEGE...
2026-09-17 00:24:17.690 | DEBUG    | tldw_Server_API.app.core.DB_Management.media_db.schema.features.core_media:apply_postgres_core_media_schema:357 - Applying Postgres base table DDL: CREATE TABLE IF NOT EXISTS DocumentVersionIdentifiers ( dv_id BIGINT PRIMARY KEY, doi TEXT, pmid TEXT, pmcid TEXT, arxiv...
2026-09-17 00:24:17.691 | DEBUG    | tldw_Server_API.app.core.DB_Management.media_db.schema.features.core_media:apply_postgres_core_media_schema:357 - Applying Postgres base table DDL: CREATE TABLE IF NOT EXISTS DocumentStructureIndex ( id BIGSERIAL PRIMARY KEY, media_id INTEGER NOT NULL, parent_id INTEG...
2026-09-17 00:24:17.692 | DEBUG    | tldw_Server_API.app.core.DB_Management.media_db.schema.features.core_media:apply_postgres_core_media_schema:357 - Applying Postgres base table DDL: CREATE TABLE IF NOT EXISTS sync_log ( change_id BIGSERIAL PRIMARY KEY, entity TEXT NOT NULL, entity_uuid TEXT NOT NULL, ...
2026-09-17 00:24:17.693 | DEBUG    | tldw_Server_API.app.core.DB_Management.media_db.schema.features.core_media:apply_postgres_core_media_schema:357 - Applying Postgres base table DDL: CREATE TABLE IF NOT EXISTS ChunkingTemplates ( id BIGSERIAL PRIMARY KEY, uuid TEXT UNIQUE NOT NULL, name TEXT NOT NULL, ...
2026-09-17 00:24:17.694 | DEBUG    | tldw_Server_API.app.core.DB_Management.media_db.schema.features.core_media:apply_postgres_core_media_schema:357 - Applying Postgres base table DDL: CREATE TABLE IF NOT EXISTS Claims ( id BIGSERIAL PRIMARY KEY, media_id INTEGER NOT NULL, chunk_index INTEGER NOT NULL, s...
2026-09-17 00:24:17.695 | DEBUG    | tldw_Server_API.app.core.DB_Management.media_db.schema.features.core_media:apply_postgres_core_media_schema:357 - Applying Postgres base table DDL: CREATE TABLE IF NOT EXISTS claims_review_log ( id BIGSERIAL PRIMARY KEY, claim_id INTEGER NOT NULL, old_status TEXT, new...
2026-09-17 00:24:17.695 | DEBUG    | tldw_Server_API.app.core.DB_Management.media_db.schema.features.core_media:apply_postgres_core_media_schema:357 - Applying Postgres base table DDL: CREATE TABLE IF NOT EXISTS claims_review_extractor_metrics_daily ( id BIGSERIAL PRIMARY KEY, user_id TEXT NOT NULL, repo...
2026-09-17 00:24:17.696 | DEBUG    | tldw_Server_API.app.core.DB_Management.media_db.schema.features.core_media:apply_postgres_core_media_schema:357 - Applying Postgres base table DDL: CREATE TABLE IF NOT EXISTS claims_review_rules ( id BIGSERIAL PRIMARY KEY, user_id TEXT NOT NULL, priority INTEGER NOT N...
2026-09-17 00:24:17.697 | DEBUG    | tldw_Server_API.app.core.DB_Management.media_db.schema.features.core_media:apply_postgres_core_media_schema:357 - Applying Postgres base table DDL: CREATE TABLE IF NOT EXISTS claims_monitoring_events ( id BIGSERIAL PRIMARY KEY, user_id TEXT NOT NULL, event_type TEXT N...
2026-09-17 00:24:17.698 | DEBUG    | tldw_Server_API.app.core.DB_Management.media_db.schema.features.core_media:apply_postgres_core_media_schema:357 - Applying Postgres base table DDL: CREATE TABLE IF NOT EXISTS claims_monitoring_settings ( id BIGSERIAL PRIMARY KEY, user_id TEXT NOT NULL, threshold_ratio...
2026-09-17 00:24:17.699 | DEBUG    | tldw_Server_API.app.core.DB_Management.media_db.schema.features.core_media:apply_postgres_core_media_schema:357 - Applying Postgres base table DDL: CREATE TABLE IF NOT EXISTS claims_monitoring_alerts ( id BIGSERIAL PRIMARY KEY, user_id TEXT NOT NULL, name TEXT NOT NUL...
2026-09-17 00:24:17.700 | DEBUG    | tldw_Server_API.app.core.DB_Management.media_db.schema.features.core_media:apply_postgres_core_media_schema:357 - Applying Postgres base table DDL: CREATE TABLE IF NOT EXISTS claims_monitoring_config ( id BIGSERIAL PRIMARY KEY, user_id TEXT NOT NULL, threshold_ratio D...
2026-09-17 00:24:17.700 | DEBUG    | tldw_Server_API.app.core.DB_Management.media_db.schema.features.core_media:apply_postgres_core_media_schema:357 - Applying Postgres base table DDL: CREATE TABLE IF NOT EXISTS claims_monitoring_health ( id BIGSERIAL PRIMARY KEY, user_id TEXT NOT NULL, queue_size INTEGE...
2026-09-17 00:24:17.701 | DEBUG    | tldw_Server_API.app.core.DB_Management.media_db.schema.features.core_media:apply_postgres_core_media_schema:357 - Applying Postgres base table DDL: CREATE TABLE IF NOT EXISTS claims_analytics_exports ( export_id TEXT PRIMARY KEY, user_id TEXT NOT NULL, format TEXT NOT...
2026-09-17 00:24:17.701 | DEBUG    | tldw_Server_API.app.core.DB_Management.media_db.schema.features.core_media:apply_postgres_core_media_schema:357 - Applying Postgres base table DDL: CREATE TABLE IF NOT EXISTS claims_notifications ( id BIGSERIAL PRIMARY KEY, user_id TEXT NOT NULL, kind TEXT NOT NULL, t...
2026-09-17 00:24:17.702 | DEBUG    | tldw_Server_API.app.core.DB_Management.media_db.schema.features.core_media:apply_postgres_core_media_schema:357 - Applying Postgres base table DDL: CREATE TABLE IF NOT EXISTS claim_clusters ( id BIGSERIAL PRIMARY KEY, user_id TEXT NOT NULL, canonical_claim_text TEXT, ...
2026-09-17 00:24:17.703 | DEBUG    | tldw_Server_API.app.core.DB_Management.media_db.schema.features.core_media:apply_postgres_core_media_schema:357 - Applying Postgres base table DDL: CREATE TABLE IF NOT EXISTS claim_cluster_membership ( cluster_id INTEGER NOT NULL, claim_id INTEGER NOT NULL, similarity...
2026-09-17 00:24:17.703 | DEBUG    | tldw_Server_API.app.core.DB_Management.media_db.schema.features.core_media:apply_postgres_core_media_schema:357 - Applying Postgres base table DDL: CREATE TABLE IF NOT EXISTS claim_cluster_links ( parent_cluster_id INTEGER NOT NULL, child_cluster_id INTEGER NOT NULL, ...
2026-09-17 00:24:17.703 | DEBUG    | tldw_Server_API.app.core.DB_Management.media_db.schema.features.core_media:apply_postgres_core_media_schema:357 - Applying Postgres base table DDL: CREATE TABLE IF NOT EXISTS MediaFiles ( id BIGSERIAL PRIMARY KEY, media_id INTEGER NOT NULL, file_type TEXT NOT NULL DEF...
2026-09-17 00:24:17.704 | DEBUG    | tldw_Server_API.app.core.DB_Management.media_db.schema.features.core_media:apply_postgres_core_media_schema:357 - Applying Postgres base table DDL: CREATE TABLE IF NOT EXISTS tts_history ( id BIGSERIAL PRIMARY KEY, user_id TEXT NOT NULL, created_at TEXT NOT NULL, text...
2026-09-17 00:24:17.705 | DEBUG    | tldw_Server_API.app.core.DB_Management.media_db.schema.features.core_media:apply_postgres_core_media_schema:357 - Applying Postgres base table DDL: CREATE TABLE IF NOT EXISTS audio_presets ( id TEXT PRIMARY KEY, user_id TEXT NOT NULL, kind TEXT NOT NULL, name TEXT NOT...
2026-09-17 00:24:17.706 | DEBUG    | tldw_Server_API.app.core.DB_Management.media_db.schema.features.core_media:apply_postgres_core_media_schema:357 - Applying Postgres base table DDL: CREATE TABLE IF NOT EXISTS data_tables ( id BIGSERIAL PRIMARY KEY, uuid TEXT UNIQUE NOT NULL, name TEXT NOT NULL, descri...
2026-09-17 00:24:17.707 | DEBUG    | tldw_Server_API.app.core.DB_Management.media_db.schema.features.core_media:apply_postgres_core_media_schema:357 - Applying Postgres base table DDL: CREATE TABLE IF NOT EXISTS data_table_columns ( id BIGSERIAL PRIMARY KEY, table_id INTEGER NOT NULL, column_id TEXT NOT ...
2026-09-17 00:24:17.708 | DEBUG    | tldw_Server_API.app.core.DB_Management.media_db.schema.features.core_media:apply_postgres_core_media_schema:357 - Applying Postgres base table DDL: CREATE TABLE IF NOT EXISTS data_table_rows ( id BIGSERIAL PRIMARY KEY, table_id INTEGER NOT NULL, row_id TEXT NOT NULL, ...
2026-09-17 00:24:17.709 | DEBUG    | tldw_Server_API.app.core.DB_Management.media_db.schema.features.core_media:apply_postgres_core_media_schema:357 - Applying Postgres base table DDL: CREATE TABLE IF NOT EXISTS data_table_sources ( id BIGSERIAL PRIMARY KEY, table_id INTEGER NOT NULL, source_type TEXT NO...
2026-09-17 00:24:17.710 | DEBUG    | tldw_Server_API.app.core.DB_Management.media_db.schema.features.core_media:apply_postgres_core_media_schema:361 - Applying Postgres base initializer DDL: INSERT INTO schema_version (version) VALUES (0) ON CONFLICT DO NOTHING;...
2026-09-17 00:24:17.710 | DEBUG    | tldw_Server_API.app.core.DB_Management.media_db.schema.features.core_media:apply_postgres_core_media_schema:361 - Applying Postgres base initializer DDL: CREATE INDEX IF NOT EXISTS idx_claims_media_id ON Claims(media_id);...
2026-09-17 00:24:17.711 | DEBUG    | tldw_Server_API.app.core.DB_Management.media_db.schema.features.core_media:apply_postgres_core_media_schema:361 - Applying Postgres base initializer DDL: CREATE INDEX IF NOT EXISTS idx_claims_media_chunk ON Claims(media_id, chunk_index);...
2026-09-17 00:24:17.711 | DEBUG    | tldw_Server_API.app.core.DB_Management.media_db.schema.features.core_media:apply_postgres_core_media_schema:361 - Applying Postgres base initializer DDL: CREATE UNIQUE INDEX IF NOT EXISTS idx_claims_uuid ON Claims(uuid);...
2026-09-17 00:24:17.711 | DEBUG    | tldw_Server_API.app.core.DB_Management.media_db.schema.features.core_media:apply_postgres_core_media_schema:361 - Applying Postgres base initializer DDL: CREATE INDEX IF NOT EXISTS idx_claims_deleted ON Claims(deleted);...
2026-09-17 00:24:17.712 | DEBUG    | tldw_Server_API.app.core.DB_Management.media_db.schema.features.core_media:apply_postgres_core_media_schema:361 - Applying Postgres base initializer DDL: CREATE INDEX IF NOT EXISTS idx_claims_review_status ON Claims(review_status);...
2026-09-17 00:24:17.712 | DEBUG    | tldw_Server_API.app.core.DB_Management.media_db.schema.features.core_media:apply_postgres_core_media_schema:361 - Applying Postgres base initializer DDL: CREATE INDEX IF NOT EXISTS idx_claims_reviewer_id ON Claims(reviewer_id);...
2026-09-17 00:24:17.712 | DEBUG    | tldw_Server_API.app.core.DB_Management.media_db.schema.features.core_media:apply_postgres_core_media_schema:361 - Applying Postgres base initializer DDL: CREATE INDEX IF NOT EXISTS idx_claims_review_group ON Claims(review_group);...
2026-09-17 00:24:17.712 | DEBUG    | tldw_Server_API.app.core.DB_Management.media_db.schema.features.core_media:apply_postgres_core_media_schema:361 - Applying Postgres base initializer DDL: CREATE INDEX IF NOT EXISTS idx_claims_cluster_id ON Claims(claim_cluster_id);...
2026-09-17 00:24:17.713 | DEBUG    | tldw_Server_API.app.core.DB_Management.media_db.schema.features.core_media:apply_postgres_core_media_schema:361 - Applying Postgres base initializer DDL: CREATE INDEX IF NOT EXISTS idx_claims_review_log_claim ON claims_review_log(claim_id);...
2026-09-17 00:24:17.713 | DEBUG    | tldw_Server_API.app.core.DB_Management.media_db.schema.features.core_media:apply_postgres_core_media_schema:361 - Applying Postgres base initializer DDL: CREATE INDEX IF NOT EXISTS idx_claims_review_log_reviewer ON claims_review_log(reviewer_id);...
2026-09-17 00:24:17.713 | DEBUG    | tldw_Server_API.app.core.DB_Management.media_db.schema.features.core_media:apply_postgres_core_media_schema:361 - Applying Postgres base initializer DDL: CREATE INDEX IF NOT EXISTS idx_claims_review_log_created ON claims_review_log(created_at);...
2026-09-17 00:24:17.713 | DEBUG    | tldw_Server_API.app.core.DB_Management.media_db.schema.features.core_media:apply_postgres_core_media_schema:361 - Applying Postgres base initializer DDL: CREATE INDEX IF NOT EXISTS idx_claims_review_metrics_user ON claims_review_extractor_metrics_daily(user_id);...
2026-09-17 00:24:17.714 | DEBUG    | tldw_Server_API.app.core.DB_Management.media_db.schema.features.core_media:apply_postgres_core_media_schema:361 - Applying Postgres base initializer DDL: CREATE INDEX IF NOT EXISTS idx_claims_review_metrics_date ON claims_review_extractor_metrics_daily(report_date);...
2026-09-17 00:24:17.714 | DEBUG    | tldw_Server_API.app.core.DB_Management.media_db.schema.features.core_media:apply_postgres_core_media_schema:361 - Applying Postgres base initializer DDL: CREATE INDEX IF NOT EXISTS idx_claims_review_metrics_extractor ON claims_review_extractor_metrics_daily(extractor);...
2026-09-17 00:24:17.714 | DEBUG    | tldw_Server_API.app.core.DB_Management.media_db.schema.features.core_media:apply_postgres_core_media_schema:361 - Applying Postgres base initializer DDL: CREATE INDEX IF NOT EXISTS idx_claims_review_rules_user ON claims_review_rules(user_id);...
2026-09-17 00:24:17.714 | DEBUG    | tldw_Server_API.app.core.DB_Management.media_db.schema.features.core_media:apply_postgres_core_media_schema:361 - Applying Postgres base initializer DDL: CREATE INDEX IF NOT EXISTS idx_claims_review_rules_active ON claims_review_rules(active);...
2026-09-17 00:24:17.715 | DEBUG    | tldw_Server_API.app.core.DB_Management.media_db.schema.features.core_media:apply_postgres_core_media_schema:361 - Applying Postgres base initializer DDL: CREATE INDEX IF NOT EXISTS idx_claims_monitoring_events_user ON claims_monitoring_events(user_id);...
2026-09-17 00:24:17.715 | DEBUG    | tldw_Server_API.app.core.DB_Management.media_db.schema.features.core_media:apply_postgres_core_media_schema:361 - Applying Postgres base initializer DDL: CREATE INDEX IF NOT EXISTS idx_claims_monitoring_events_user_created_id ON claims_monitoring_events(user_id, created_at,...
2026-09-17 00:24:17.715 | DEBUG    | tldw_Server_API.app.core.DB_Management.media_db.schema.features.core_media:apply_postgres_core_media_schema:361 - Applying Postgres base initializer DDL: CREATE INDEX IF NOT EXISTS idx_claims_monitoring_events_user_id ON claims_monitoring_events(user_id, id);...
2026-09-17 00:24:17.716 | DEBUG    | tldw_Server_API.app.core.DB_Management.media_db.schema.features.core_media:apply_postgres_core_media_schema:361 - Applying Postgres base initializer DDL: CREATE INDEX IF NOT EXISTS idx_claims_monitoring_events_type ON claims_monitoring_events(event_type);...
2026-09-17 00:24:17.716 | DEBUG    | tldw_Server_API.app.core.DB_Management.media_db.schema.features.core_media:apply_postgres_core_media_schema:361 - Applying Postgres base initializer DDL: CREATE INDEX IF NOT EXISTS idx_claims_monitoring_events_delivered ON claims_monitoring_events(delivered_at);...
2026-09-17 00:24:17.716 | DEBUG    | tldw_Server_API.app.core.DB_Management.media_db.schema.features.core_media:apply_postgres_core_media_schema:361 - Applying Postgres base initializer DDL: CREATE UNIQUE INDEX IF NOT EXISTS idx_claims_monitoring_settings_user ON claims_monitoring_settings(user_id);...
2026-09-17 00:24:17.717 | DEBUG    | tldw_Server_API.app.core.DB_Management.media_db.schema.features.core_media:apply_postgres_core_media_schema:361 - Applying Postgres base initializer DDL: CREATE INDEX IF NOT EXISTS idx_claims_monitoring_alerts_user ON claims_monitoring_alerts(user_id);...
2026-09-17 00:24:17.717 | DEBUG    | tldw_Server_API.app.core.DB_Management.media_db.schema.features.core_media:apply_postgres_core_media_schema:361 - Applying Postgres base initializer DDL: CREATE INDEX IF NOT EXISTS idx_claims_monitoring_user ON claims_monitoring_config(user_id);...
2026-09-17 00:24:17.717 | DEBUG    | tldw_Server_API.app.core.DB_Management.media_db.schema.features.core_media:apply_postgres_core_media_schema:361 - Applying Postgres base initializer DDL: CREATE UNIQUE INDEX IF NOT EXISTS idx_claims_monitoring_health_user ON claims_monitoring_health(user_id);...
2026-09-17 00:24:17.717 | DEBUG    | tldw_Server_API.app.core.DB_Management.media_db.schema.features.core_media:apply_postgres_core_media_schema:361 - Applying Postgres base initializer DDL: CREATE INDEX IF NOT EXISTS idx_claims_analytics_exports_user ON claims_analytics_exports(user_id);...
2026-09-17 00:24:17.718 | DEBUG    | tldw_Server_API.app.core.DB_Management.media_db.schema.features.core_media:apply_postgres_core_media_schema:361 - Applying Postgres base initializer DDL: CREATE INDEX IF NOT EXISTS idx_claims_analytics_exports_job_id ON claims_analytics_exports(job_id);...
2026-09-17 00:24:17.718 | DEBUG    | tldw_Server_API.app.core.DB_Management.media_db.schema.features.core_media:apply_postgres_core_media_schema:361 - Applying Postgres base initializer DDL: CREATE INDEX IF NOT EXISTS idx_claims_analytics_exports_user_status_export_id ON claims_analytics_exports(user_id, statu...
2026-09-17 00:24:17.718 | DEBUG    | tldw_Server_API.app.core.DB_Management.media_db.schema.features.core_media:apply_postgres_core_media_schema:361 - Applying Postgres base initializer DDL: CREATE INDEX IF NOT EXISTS idx_claims_analytics_exports_user_status_updated_export_id ON claims_analytics_exports(user_i...
2026-09-17 00:24:17.718 | DEBUG    | tldw_Server_API.app.core.DB_Management.media_db.schema.features.core_media:apply_postgres_core_media_schema:361 - Applying Postgres base initializer DDL: CREATE INDEX IF NOT EXISTS idx_claims_notifications_user ON claims_notifications(user_id);...
2026-09-17 00:24:17.719 | DEBUG    | tldw_Server_API.app.core.DB_Management.media_db.schema.features.core_media:apply_postgres_core_media_schema:361 - Applying Postgres base initializer DDL: CREATE INDEX IF NOT EXISTS idx_claims_notifications_kind ON claims_notifications(kind);...
2026-09-17 00:24:17.719 | DEBUG    | tldw_Server_API.app.core.DB_Management.media_db.schema.features.core_media:apply_postgres_core_media_schema:361 - Applying Postgres base initializer DDL: CREATE INDEX IF NOT EXISTS idx_claims_notifications_target_user ON claims_notifications(target_user_id);...
2026-09-17 00:24:17.719 | DEBUG    | tldw_Server_API.app.core.DB_Management.media_db.schema.features.core_media:apply_postgres_core_media_schema:361 - Applying Postgres base initializer DDL: CREATE INDEX IF NOT EXISTS idx_claims_notifications_review_group ON claims_notifications(target_review_group);...
2026-09-17 00:24:17.719 | DEBUG    | tldw_Server_API.app.core.DB_Management.media_db.schema.features.core_media:apply_postgres_core_media_schema:361 - Applying Postgres base initializer DDL: CREATE INDEX IF NOT EXISTS idx_claims_notifications_resource ON claims_notifications(resource_type, resource_id);...
2026-09-17 00:24:17.720 | DEBUG    | tldw_Server_API.app.core.DB_Management.media_db.schema.features.core_media:apply_postgres_core_media_schema:361 - Applying Postgres base initializer DDL: CREATE INDEX IF NOT EXISTS idx_claims_notifications_delivered ON claims_notifications(delivered_at);...
2026-09-17 00:24:17.720 | DEBUG    | tldw_Server_API.app.core.DB_Management.media_db.schema.features.core_media:apply_postgres_core_media_schema:361 - Applying Postgres base initializer DDL: CREATE INDEX IF NOT EXISTS idx_claim_clusters_user ON claim_clusters(user_id);...
2026-09-17 00:24:17.720 | DEBUG    | tldw_Server_API.app.core.DB_Management.media_db.schema.features.core_media:apply_postgres_core_media_schema:361 - Applying Postgres base initializer DDL: CREATE INDEX IF NOT EXISTS idx_claim_clusters_updated ON claim_clusters(updated_at);...
2026-09-17 00:24:17.720 | DEBUG    | tldw_Server_API.app.core.DB_Management.media_db.schema.features.core_media:apply_postgres_core_media_schema:361 - Applying Postgres base initializer DDL: CREATE INDEX IF NOT EXISTS idx_claim_cluster_membership_claim ON claim_cluster_membership(claim_id);...
2026-09-17 00:24:17.721 | DEBUG    | tldw_Server_API.app.core.DB_Management.media_db.schema.features.core_media:apply_postgres_core_media_schema:361 - Applying Postgres base initializer DDL: CREATE INDEX IF NOT EXISTS idx_media_files_media_id ON MediaFiles(media_id);...
2026-09-17 00:24:17.721 | DEBUG    | tldw_Server_API.app.core.DB_Management.media_db.schema.features.core_media:apply_postgres_core_media_schema:361 - Applying Postgres base initializer DDL: CREATE INDEX IF NOT EXISTS idx_media_files_type ON MediaFiles(file_type);...
2026-09-17 00:24:17.721 | DEBUG    | tldw_Server_API.app.core.DB_Management.media_db.schema.features.core_media:apply_postgres_core_media_schema:361 - Applying Postgres base initializer DDL: CREATE UNIQUE INDEX IF NOT EXISTS idx_media_files_uuid ON MediaFiles(uuid);...
2026-09-17 00:24:17.721 | DEBUG    | tldw_Server_API.app.core.DB_Management.media_db.schema.features.core_media:apply_postgres_core_media_schema:361 - Applying Postgres base initializer DDL: CREATE INDEX IF NOT EXISTS idx_media_files_deleted ON MediaFiles(deleted);...
2026-09-17 00:24:17.722 | DEBUG    | tldw_Server_API.app.core.DB_Management.media_db.schema.features.core_media:apply_postgres_core_media_schema:361 - Applying Postgres base initializer DDL: CREATE INDEX IF NOT EXISTS idx_tts_history_user_created ON tts_history(user_id, created_at DESC);...
2026-09-17 00:24:17.722 | DEBUG    | tldw_Server_API.app.core.DB_Management.media_db.schema.features.core_media:apply_postgres_core_media_schema:361 - Applying Postgres base initializer DDL: CREATE INDEX IF NOT EXISTS idx_tts_history_user_favorite ON tts_history(user_id, favorite);...
2026-09-17 00:24:17.722 | DEBUG    | tldw_Server_API.app.core.DB_Management.media_db.schema.features.core_media:apply_postgres_core_media_schema:361 - Applying Postgres base initializer DDL: CREATE INDEX IF NOT EXISTS idx_tts_history_user_provider ON tts_history(user_id, provider);...
2026-09-17 00:24:17.722 | DEBUG    | tldw_Server_API.app.core.DB_Management.media_db.schema.features.core_media:apply_postgres_core_media_schema:361 - Applying Postgres base initializer DDL: CREATE INDEX IF NOT EXISTS idx_tts_history_user_model ON tts_history(user_id, model);...
2026-09-17 00:24:17.723 | DEBUG    | tldw_Server_API.app.core.DB_Management.media_db.schema.features.core_media:apply_postgres_core_media_schema:361 - Applying Postgres base initializer DDL: CREATE INDEX IF NOT EXISTS idx_tts_history_user_voice_id ON tts_history(user_id, voice_id);...
2026-09-17 00:24:17.723 | DEBUG    | tldw_Server_API.app.core.DB_Management.media_db.schema.features.core_media:apply_postgres_core_media_schema:361 - Applying Postgres base initializer DDL: CREATE INDEX IF NOT EXISTS idx_tts_history_user_text_hash ON tts_history(user_id, text_hash);...
2026-09-17 00:24:17.723 | DEBUG    | tldw_Server_API.app.core.DB_Management.media_db.schema.features.core_media:apply_postgres_core_media_schema:361 - Applying Postgres base initializer DDL: CREATE INDEX IF NOT EXISTS idx_audio_presets_user_kind_updated ON audio_presets(user_id, kind, deleted, updated_at DESC)...
2026-09-17 00:24:17.724 | DEBUG    | tldw_Server_API.app.core.DB_Management.media_db.schema.features.core_media:apply_postgres_core_media_schema:361 - Applying Postgres base initializer DDL: CREATE INDEX IF NOT EXISTS idx_audio_presets_user_kind_favorite ON audio_presets(user_id, kind, favorite, deleted);...
2026-09-17 00:24:17.724 | DEBUG    | tldw_Server_API.app.core.DB_Management.media_db.schema.features.core_media:apply_postgres_core_media_schema:361 - Applying Postgres base initializer DDL: CREATE INDEX IF NOT EXISTS idx_audio_presets_user_kind_default ON audio_presets(user_id, kind, is_default, deleted);...
2026-09-17 00:24:17.724 | DEBUG    | tldw_Server_API.app.core.DB_Management.media_db.schema.features.core_media:apply_postgres_core_media_schema:361 - Applying Postgres base initializer DDL: CREATE UNIQUE INDEX IF NOT EXISTS ux_audio_presets_user_kind_name_active ON audio_presets(user_id, kind, LOWER(name)) WH...
2026-09-17 00:24:17.725 | DEBUG    | tldw_Server_API.app.core.DB_Management.media_db.schema.features.core_media:apply_postgres_core_media_schema:361 - Applying Postgres base initializer DDL: CREATE UNIQUE INDEX IF NOT EXISTS ux_audio_presets_user_kind_default_active ON audio_presets(user_id, kind) WHERE is_def...
2026-09-17 00:24:17.725 | DEBUG    | tldw_Server_API.app.core.DB_Management.media_db.schema.features.core_media:apply_postgres_core_media_schema:361 - Applying Postgres base initializer DDL: CREATE INDEX IF NOT EXISTS idx_data_tables_status ON data_tables(status);...
2026-09-17 00:24:17.725 | DEBUG    | tldw_Server_API.app.core.DB_Management.media_db.schema.features.core_media:apply_postgres_core_media_schema:361 - Applying Postgres base initializer DDL: CREATE INDEX IF NOT EXISTS idx_data_tables_updated ON data_tables(updated_at DESC);...
2026-09-17 00:24:17.725 | DEBUG    | tldw_Server_API.app.core.DB_Management.media_db.schema.features.core_media:apply_postgres_core_media_schema:361 - Applying Postgres base initializer DDL: CREATE INDEX IF NOT EXISTS idx_data_tables_deleted ON data_tables(deleted);...
2026-09-17 00:24:17.726 | DEBUG    | tldw_Server_API.app.core.DB_Management.media_db.schema.features.core_media:apply_postgres_core_media_schema:361 - Applying Postgres base initializer DDL: CREATE INDEX IF NOT EXISTS idx_data_tables_workspace_tag ON data_tables(workspace_tag);...
2026-09-17 00:24:17.726 | DEBUG    | tldw_Server_API.app.core.DB_Management.media_db.schema.features.core_media:apply_postgres_core_media_schema:361 - Applying Postgres base initializer DDL: CREATE UNIQUE INDEX IF NOT EXISTS ux_data_table_columns_table_column ON data_table_columns(table_id, column_id);...
2026-09-17 00:24:17.726 | DEBUG    | tldw_Server_API.app.core.DB_Management.media_db.schema.features.core_media:apply_postgres_core_media_schema:361 - Applying Postgres base initializer DDL: CREATE INDEX IF NOT EXISTS idx_data_table_columns_table_position ON data_table_columns(table_id, position);...
2026-09-17 00:24:17.726 | DEBUG    | tldw_Server_API.app.core.DB_Management.media_db.schema.features.core_media:apply_postgres_core_media_schema:361 - Applying Postgres base initializer DDL: CREATE UNIQUE INDEX IF NOT EXISTS ux_data_table_columns_table_position_active ON data_table_columns(table_id, position, ...
2026-09-17 00:24:17.727 | DEBUG    | tldw_Server_API.app.core.DB_Management.media_db.schema.features.core_media:apply_postgres_core_media_schema:361 - Applying Postgres base initializer DDL: CREATE UNIQUE INDEX IF NOT EXISTS ux_data_table_rows_table_row ON data_table_rows(table_id, row_id);...
2026-09-17 00:24:17.727 | DEBUG    | tldw_Server_API.app.core.DB_Management.media_db.schema.features.core_media:apply_postgres_core_media_schema:361 - Applying Postgres base initializer DDL: CREATE INDEX IF NOT EXISTS idx_data_table_rows_table_index ON data_table_rows(table_id, row_index);...
2026-09-17 00:24:17.727 | DEBUG    | tldw_Server_API.app.core.DB_Management.media_db.schema.features.core_media:apply_postgres_core_media_schema:361 - Applying Postgres base initializer DDL: CREATE UNIQUE INDEX IF NOT EXISTS ux_data_table_rows_table_index_active ON data_table_rows(table_id, row_index, deleted)...
2026-09-17 00:24:17.728 | DEBUG    | tldw_Server_API.app.core.DB_Management.media_db.schema.features.core_media:apply_postgres_core_media_schema:361 - Applying Postgres base initializer DDL: CREATE INDEX IF NOT EXISTS idx_data_table_sources_table ON data_table_sources(table_id);...
2026-09-17 00:24:17.733 | DEBUG    | tldw_Server_API.app.core.DB_Management.media_db.schema.features.core_media:apply_postgres_core_media_schema:370 - Applying Postgres index DDL: CREATE INDEX IF NOT EXISTS idx_media_title ON Media(title);...
2026-09-17 00:24:17.733 | DEBUG    | tldw_Server_API.app.core.DB_Management.media_db.schema.features.core_media:apply_postgres_core_media_schema:370 - Applying Postgres index DDL: CREATE INDEX IF NOT EXISTS idx_media_type ON Media(type);...
2026-09-17 00:24:17.734 | DEBUG    | tldw_Server_API.app.core.DB_Management.media_db.schema.features.core_media:apply_postgres_core_media_schema:370 - Applying Postgres index DDL: CREATE INDEX IF NOT EXISTS idx_media_author ON Media(author);...
2026-09-17 00:24:17.734 | DEBUG    | tldw_Server_API.app.core.DB_Management.media_db.schema.features.core_media:apply_postgres_core_media_schema:370 - Applying Postgres index DDL: CREATE INDEX IF NOT EXISTS idx_media_ingestion_date ON Media(ingestion_date);...
2026-09-17 00:24:17.734 | DEBUG    | tldw_Server_API.app.core.DB_Management.media_db.schema.features.core_media:apply_postgres_core_media_schema:370 - Applying Postgres index DDL: CREATE INDEX IF NOT EXISTS idx_media_chunking_status ON Media(chunking_status);...
2026-09-17 00:24:17.735 | DEBUG    | tldw_Server_API.app.core.DB_Management.media_db.schema.features.core_media:apply_postgres_core_media_schema:370 - Applying Postgres index DDL: CREATE INDEX IF NOT EXISTS idx_media_vector_processing ON Media(vector_processing);...
2026-09-17 00:24:17.735 | DEBUG    | tldw_Server_API.app.core.DB_Management.media_db.schema.features.core_media:apply_postgres_core_media_schema:370 - Applying Postgres index DDL: CREATE INDEX IF NOT EXISTS idx_media_is_trash ON Media(is_trash);...
2026-09-17 00:24:17.735 | DEBUG    | tldw_Server_API.app.core.DB_Management.media_db.schema.features.core_media:apply_postgres_core_media_schema:370 - Applying Postgres index DDL: CREATE INDEX IF NOT EXISTS idx_media_content_hash ON Media(content_hash);...
2026-09-17 00:24:17.736 | DEBUG    | tldw_Server_API.app.core.DB_Management.media_db.schema.features.core_media:apply_postgres_core_media_schema:370 - Applying Postgres index DDL: CREATE INDEX IF NOT EXISTS idx_media_source_hash ON Media(source_hash);...
2026-09-17 00:24:17.736 | DEBUG    | tldw_Server_API.app.core.DB_Management.media_db.schema.features.core_media:apply_postgres_core_media_schema:370 - Applying Postgres index DDL: CREATE UNIQUE INDEX IF NOT EXISTS idx_media_uuid ON Media(uuid);...
2026-09-17 00:24:17.736 | DEBUG    | tldw_Server_API.app.core.DB_Management.media_db.schema.features.core_media:apply_postgres_core_media_schema:370 - Applying Postgres index DDL: CREATE INDEX IF NOT EXISTS idx_media_last_modified ON Media(last_modified);...
2026-09-17 00:24:17.736 | DEBUG    | tldw_Server_API.app.core.DB_Management.media_db.schema.features.core_media:apply_postgres_core_media_schema:370 - Applying Postgres index DDL: CREATE INDEX IF NOT EXISTS idx_media_deleted ON Media(deleted);...
2026-09-17 00:24:17.737 | DEBUG    | tldw_Server_API.app.core.DB_Management.media_db.schema.features.core_media:apply_postgres_core_media_schema:370 - Applying Postgres index DDL: CREATE INDEX IF NOT EXISTS idx_media_prev_version ON Media(prev_version);...
2026-09-17 00:24:17.737 | DEBUG    | tldw_Server_API.app.core.DB_Management.media_db.schema.features.core_media:apply_postgres_core_media_schema:370 - Applying Postgres index DDL: CREATE INDEX IF NOT EXISTS idx_media_merge_parent_uuid ON Media(merge_parent_uuid);...
2026-09-17 00:24:17.737 | DEBUG    | tldw_Server_API.app.core.DB_Management.media_db.schema.features.core_media:apply_postgres_core_media_schema:370 - Applying Postgres index DDL: CREATE INDEX IF NOT EXISTS idx_media_org_id ON Media(org_id);...
2026-09-17 00:24:17.737 | DEBUG    | tldw_Server_API.app.core.DB_Management.media_db.schema.features.core_media:apply_postgres_core_media_schema:370 - Applying Postgres index DDL: CREATE INDEX IF NOT EXISTS idx_media_team_id ON Media(team_id);...
2026-09-17 00:24:17.738 | DEBUG    | tldw_Server_API.app.core.DB_Management.media_db.schema.features.core_media:apply_postgres_core_media_schema:370 - Applying Postgres index DDL: CREATE INDEX IF NOT EXISTS idx_media_visibility ON Media(visibility);...
2026-09-17 00:24:17.738 | DEBUG    | tldw_Server_API.app.core.DB_Management.media_db.schema.features.core_media:apply_postgres_core_media_schema:370 - Applying Postgres index DDL: CREATE INDEX IF NOT EXISTS idx_media_owner_user_id ON Media(owner_user_id);...
2026-09-17 00:24:17.738 | DEBUG    | tldw_Server_API.app.core.DB_Management.media_db.schema.features.core_media:apply_postgres_core_media_schema:370 - Applying Postgres index DDL: CREATE INDEX IF NOT EXISTS idx_media_latest_transcription_run_id ON Media(latest_transcription_run_id);...
2026-09-17 00:24:17.739 | DEBUG    | tldw_Server_API.app.core.DB_Management.media_db.schema.features.core_media:apply_postgres_core_media_schema:370 - Applying Postgres index DDL: CREATE INDEX IF NOT EXISTS idx_media_next_transcription_run_id ON Media(next_transcription_run_id);...
2026-09-17 00:24:17.739 | DEBUG    | tldw_Server_API.app.core.DB_Management.media_db.schema.features.core_media:apply_postgres_core_media_schema:370 - Applying Postgres index DDL: CREATE UNIQUE INDEX IF NOT EXISTS ux_media_system_operation_source ON Media(system_operation_kind, system_operation_id, ...
2026-09-17 00:24:17.739 | DEBUG    | tldw_Server_API.app.core.DB_Management.media_db.schema.features.core_media:apply_postgres_core_media_schema:370 - Applying Postgres index DDL: CREATE UNIQUE INDEX IF NOT EXISTS idx_keywords_uuid ON Keywords(uuid);...
2026-09-17 00:24:17.739 | DEBUG    | tldw_Server_API.app.core.DB_Management.media_db.schema.features.core_media:apply_postgres_core_media_schema:370 - Applying Postgres index DDL: CREATE INDEX IF NOT EXISTS idx_keywords_last_modified ON Keywords(last_modified);...
2026-09-17 00:24:17.740 | DEBUG    | tldw_Server_API.app.core.DB_Management.media_db.schema.features.core_media:apply_postgres_core_media_schema:370 - Applying Postgres index DDL: CREATE INDEX IF NOT EXISTS idx_keywords_deleted ON Keywords(deleted);...
2026-09-17 00:24:17.740 | DEBUG    | tldw_Server_API.app.core.DB_Management.media_db.schema.features.core_media:apply_postgres_core_media_schema:370 - Applying Postgres index DDL: CREATE INDEX IF NOT EXISTS idx_keywords_prev_version ON Keywords(prev_version);...
2026-09-17 00:24:17.740 | DEBUG    | tldw_Server_API.app.core.DB_Management.media_db.schema.features.core_media:apply_postgres_core_media_schema:370 - Applying Postgres index DDL: CREATE INDEX IF NOT EXISTS idx_keywords_merge_parent_uuid ON Keywords(merge_parent_uuid);...
2026-09-17 00:24:17.740 | DEBUG    | tldw_Server_API.app.core.DB_Management.media_db.schema.features.core_media:apply_postgres_core_media_schema:370 - Applying Postgres index DDL: CREATE INDEX IF NOT EXISTS idx_mediakeywords_media_id ON MediaKeywords(media_id);...
2026-09-17 00:24:17.741 | DEBUG    | tldw_Server_API.app.core.DB_Management.media_db.schema.features.core_media:apply_postgres_core_media_schema:370 - Applying Postgres index DDL: CREATE INDEX IF NOT EXISTS idx_mediakeywords_keyword_id ON MediaKeywords(keyword_id);...
2026-09-17 00:24:17.741 | DEBUG    | tldw_Server_API.app.core.DB_Management.media_db.schema.features.core_media:apply_postgres_core_media_schema:370 - Applying Postgres index DDL: CREATE INDEX IF NOT EXISTS idx_owned_clone_keywords_keyword ON OperationOwnedCloneKeywords(keyword);...
2026-09-17 00:24:17.741 | DEBUG    | tldw_Server_API.app.core.DB_Management.media_db.schema.features.core_media:apply_postgres_core_media_schema:370 - Applying Postgres index DDL: CREATE INDEX IF NOT EXISTS idx_owned_clone_keywords_operation ON OperationOwnedCloneKeywords(operation_id, source_identi...
2026-09-17 00:24:17.742 | DEBUG    | tldw_Server_API.app.core.DB_Management.media_db.schema.features.core_media:apply_postgres_core_media_schema:370 - Applying Postgres index DDL: CREATE INDEX IF NOT EXISTS idx_transcripts_media_id ON Transcripts(media_id);...
2026-09-17 00:24:17.742 | DEBUG    | tldw_Server_API.app.core.DB_Management.media_db.schema.features.core_media:apply_postgres_core_media_schema:370 - Applying Postgres index DDL: CREATE UNIQUE INDEX IF NOT EXISTS idx_transcripts_uuid ON Transcripts(uuid);...
2026-09-17 00:24:17.742 | DEBUG    | tldw_Server_API.app.core.DB_Management.media_db.schema.features.core_media:apply_postgres_core_media_schema:370 - Applying Postgres index DDL: CREATE INDEX IF NOT EXISTS idx_transcripts_last_modified ON Transcripts(last_modified);...
2026-09-17 00:24:17.742 | DEBUG    | tldw_Server_API.app.core.DB_Management.media_db.schema.features.core_media:apply_postgres_core_media_schema:370 - Applying Postgres index DDL: CREATE INDEX IF NOT EXISTS idx_transcripts_deleted ON Transcripts(deleted);...
2026-09-17 00:24:17.742 | DEBUG    | tldw_Server_API.app.core.DB_Management.media_db.schema.features.core_media:apply_postgres_core_media_schema:370 - Applying Postgres index DDL: CREATE INDEX IF NOT EXISTS idx_transcripts_prev_version ON Transcripts(prev_version);...
2026-09-17 00:24:17.743 | DEBUG    | tldw_Server_API.app.core.DB_Management.media_db.schema.features.core_media:apply_postgres_core_media_schema:370 - Applying Postgres index DDL: CREATE INDEX IF NOT EXISTS idx_transcripts_merge_parent_uuid ON Transcripts(merge_parent_uuid);...
2026-09-17 00:24:17.743 | DEBUG    | tldw_Server_API.app.core.DB_Management.media_db.schema.features.core_media:apply_postgres_core_media_schema:370 - Applying Postgres index DDL: CREATE UNIQUE INDEX IF NOT EXISTS idx_transcripts_media_run_id ON Transcripts(media_id, transcription_run_id DESC) WHERE...
2026-09-17 00:24:17.743 | DEBUG    | tldw_Server_API.app.core.DB_Management.media_db.schema.features.core_media:apply_postgres_core_media_schema:370 - Applying Postgres index DDL: CREATE INDEX IF NOT EXISTS idx_transcripts_supersedes_run_id ON Transcripts(supersedes_run_id);...
2026-09-17 00:24:17.744 | DEBUG    | tldw_Server_API.app.core.DB_Management.media_db.schema.features.core_media:apply_postgres_core_media_schema:370 - Applying Postgres index DDL: CREATE UNIQUE INDEX IF NOT EXISTS idx_transcripts_media_idempotency_key ON Transcripts(media_id, idempotency_key) WHERE ...
2026-09-17 00:24:17.744 | DEBUG    | tldw_Server_API.app.core.DB_Management.media_db.schema.features.core_media:apply_postgres_core_media_schema:370 - Applying Postgres index DDL: CREATE INDEX IF NOT EXISTS idx_mediachunks_media_id ON MediaChunks(media_id);...
2026-09-17 00:24:17.744 | DEBUG    | tldw_Server_API.app.core.DB_Management.media_db.schema.features.core_media:apply_postgres_core_media_schema:370 - Applying Postgres index DDL: CREATE UNIQUE INDEX IF NOT EXISTS idx_mediachunks_uuid ON MediaChunks(uuid);...
2026-09-17 00:24:17.744 | DEBUG    | tldw_Server_API.app.core.DB_Management.media_db.schema.features.core_media:apply_postgres_core_media_schema:370 - Applying Postgres index DDL: CREATE INDEX IF NOT EXISTS idx_mediachunks_last_modified ON MediaChunks(last_modified);...
2026-09-17 00:24:17.745 | DEBUG    | tldw_Server_API.app.core.DB_Management.media_db.schema.features.core_media:apply_postgres_core_media_schema:370 - Applying Postgres index DDL: CREATE INDEX IF NOT EXISTS idx_mediachunks_deleted ON MediaChunks(deleted);...
2026-09-17 00:24:17.745 | DEBUG    | tldw_Server_API.app.core.DB_Management.media_db.schema.features.core_media:apply_postgres_core_media_schema:370 - Applying Postgres index DDL: CREATE INDEX IF NOT EXISTS idx_mediachunks_prev_version ON MediaChunks(prev_version);...
2026-09-17 00:24:17.745 | DEBUG    | tldw_Server_API.app.core.DB_Management.media_db.schema.features.core_media:apply_postgres_core_media_schema:370 - Applying Postgres index DDL: CREATE INDEX IF NOT EXISTS idx_mediachunks_merge_parent_uuid ON MediaChunks(merge_parent_uuid);...
2026-09-17 00:24:17.745 | DEBUG    | tldw_Server_API.app.core.DB_Management.media_db.schema.features.core_media:apply_postgres_core_media_schema:370 - Applying Postgres index DDL: CREATE INDEX IF NOT EXISTS idx_unvectorized_media_chunks_media_id ON UnvectorizedMediaChunks(media_id);...
2026-09-17 00:24:17.746 | DEBUG    | tldw_Server_API.app.core.DB_Management.media_db.schema.features.core_media:apply_postgres_core_media_schema:370 - Applying Postgres index DDL: CREATE INDEX IF NOT EXISTS idx_unvectorized_media_chunks_is_processed ON UnvectorizedMediaChunks(is_processed);...
2026-09-17 00:24:17.746 | DEBUG    | tldw_Server_API.app.core.DB_Management.media_db.schema.features.core_media:apply_postgres_core_media_schema:370 - Applying Postgres index DDL: CREATE INDEX IF NOT EXISTS idx_unvectorized_media_chunks_chunk_type ON UnvectorizedMediaChunks(chunk_type);...
2026-09-17 00:24:17.746 | DEBUG    | tldw_Server_API.app.core.DB_Management.media_db.schema.features.core_media:apply_postgres_core_media_schema:370 - Applying Postgres index DDL: CREATE UNIQUE INDEX IF NOT EXISTS idx_unvectorizedmediachunks_uuid ON UnvectorizedMediaChunks(uuid);...
2026-09-17 00:24:17.746 | DEBUG    | tldw_Server_API.app.core.DB_Management.media_db.schema.features.core_media:apply_postgres_core_media_schema:370 - Applying Postgres index DDL: CREATE INDEX IF NOT EXISTS idx_unvectorizedmediachunks_last_modified ON UnvectorizedMediaChunks(last_modified);...
2026-09-17 00:24:17.746 | DEBUG    | tldw_Server_API.app.core.DB_Management.media_db.schema.features.core_media:apply_postgres_core_media_schema:370 - Applying Postgres index DDL: CREATE INDEX IF NOT EXISTS idx_unvectorizedmediachunks_deleted ON UnvectorizedMediaChunks(deleted);...
2026-09-17 00:24:17.747 | DEBUG    | tldw_Server_API.app.core.DB_Management.media_db.schema.features.core_media:apply_postgres_core_media_schema:370 - Applying Postgres index DDL: CREATE INDEX IF NOT EXISTS idx_unvectorizedmediachunks_prev_version ON UnvectorizedMediaChunks(prev_version);...
2026-09-17 00:24:17.747 | DEBUG    | tldw_Server_API.app.core.DB_Management.media_db.schema.features.core_media:apply_postgres_core_media_schema:370 - Applying Postgres index DDL: CREATE INDEX IF NOT EXISTS idx_unvectorizedmediachunks_merge_parent_uuid ON UnvectorizedMediaChunks(merge_parent_uuid);...
2026-09-17 00:24:17.747 | DEBUG    | tldw_Server_API.app.core.DB_Management.media_db.schema.features.core_media:apply_postgres_core_media_schema:370 - Applying Postgres index DDL: CREATE INDEX IF NOT EXISTS idx_visualdocs_media_id ON VisualDocuments(media_id);...
2026-09-17 00:24:17.747 | DEBUG    | tldw_Server_API.app.core.DB_Management.media_db.schema.features.core_media:apply_postgres_core_media_schema:370 - Applying Postgres index DDL: CREATE UNIQUE INDEX IF NOT EXISTS idx_visualdocs_uuid ON VisualDocuments(uuid);...
2026-09-17 00:24:17.748 | DEBUG    | tldw_Server_API.app.core.DB_Management.media_db.schema.features.core_media:apply_postgres_core_media_schema:370 - Applying Postgres index DDL: CREATE INDEX IF NOT EXISTS idx_visualdocs_last_modified ON VisualDocuments(last_modified);...
2026-09-17 00:24:17.748 | DEBUG    | tldw_Server_API.app.core.DB_Management.media_db.schema.features.core_media:apply_postgres_core_media_schema:370 - Applying Postgres index DDL: CREATE INDEX IF NOT EXISTS idx_visualdocs_deleted ON VisualDocuments(deleted);...
2026-09-17 00:24:17.748 | DEBUG    | tldw_Server_API.app.core.DB_Management.media_db.schema.features.core_media:apply_postgres_core_media_schema:370 - Applying Postgres index DDL: CREATE INDEX IF NOT EXISTS idx_visualdocs_prev_version ON VisualDocuments(prev_version);...
2026-09-17 00:24:17.748 | DEBUG    | tldw_Server_API.app.core.DB_Management.media_db.schema.features.core_media:apply_postgres_core_media_schema:370 - Applying Postgres index DDL: CREATE INDEX IF NOT EXISTS idx_visualdocs_merge_parent_uuid ON VisualDocuments(merge_parent_uuid);...
2026-09-17 00:24:17.749 | DEBUG    | tldw_Server_API.app.core.DB_Management.media_db.schema.features.core_media:apply_postgres_core_media_schema:370 - Applying Postgres index DDL: CREATE INDEX IF NOT EXISTS idx_visualdocs_page_frame ON VisualDocuments(media_id, page_number, frame_index);...
2026-09-17 00:24:17.749 | DEBUG    | tldw_Server_API.app.core.DB_Management.media_db.schema.features.core_media:apply_postgres_core_media_schema:370 - Applying Postgres index DDL: CREATE INDEX IF NOT EXISTS idx_visualdocs_caption ON VisualDocuments(caption);...
2026-09-17 00:24:17.749 | DEBUG    | tldw_Server_API.app.core.DB_Management.media_db.schema.features.core_media:apply_postgres_core_media_schema:370 - Applying Postgres index DDL: CREATE INDEX IF NOT EXISTS idx_visualdocs_tags ON VisualDocuments(tags);...
2026-09-17 00:24:17.750 | DEBUG    | tldw_Server_API.app.core.DB_Management.media_db.schema.features.core_media:apply_postgres_core_media_schema:370 - Applying Postgres index DDL: CREATE INDEX IF NOT EXISTS idx_document_versions_media_id ON DocumentVersions(media_id);...
2026-09-17 00:24:17.750 | DEBUG    | tldw_Server_API.app.core.DB_Management.media_db.schema.features.core_media:apply_postgres_core_media_schema:370 - Applying Postgres index DDL: CREATE INDEX IF NOT EXISTS idx_document_versions_version_number ON DocumentVersions(version_number);...
2026-09-17 00:24:17.750 | DEBUG    | tldw_Server_API.app.core.DB_Management.media_db.schema.features.core_media:apply_postgres_core_media_schema:370 - Applying Postgres index DDL: CREATE UNIQUE INDEX IF NOT EXISTS idx_documentversions_uuid ON DocumentVersions(uuid);...
2026-09-17 00:24:17.750 | DEBUG    | tldw_Server_API.app.core.DB_Management.media_db.schema.features.core_media:apply_postgres_core_media_schema:370 - Applying Postgres index DDL: CREATE INDEX IF NOT EXISTS idx_documentversions_last_modified ON DocumentVersions(last_modified);...
2026-09-17 00:24:17.751 | DEBUG    | tldw_Server_API.app.core.DB_Management.media_db.schema.features.core_media:apply_postgres_core_media_schema:370 - Applying Postgres index DDL: CREATE INDEX IF NOT EXISTS idx_documentversions_deleted ON DocumentVersions(deleted);...
2026-09-17 00:24:17.751 | DEBUG    | tldw_Server_API.app.core.DB_Management.media_db.schema.features.core_media:apply_postgres_core_media_schema:370 - Applying Postgres index DDL: CREATE INDEX IF NOT EXISTS idx_documentversions_prev_version ON DocumentVersions(prev_version);...
2026-09-17 00:24:17.751 | DEBUG    | tldw_Server_API.app.core.DB_Management.media_db.schema.features.core_media:apply_postgres_core_media_schema:370 - Applying Postgres index DDL: CREATE INDEX IF NOT EXISTS idx_documentversions_merge_parent_uuid ON DocumentVersions(merge_parent_uuid);...
2026-09-17 00:24:17.752 | DEBUG    | tldw_Server_API.app.core.DB_Management.media_db.schema.features.core_media:apply_postgres_core_media_schema:370 - Applying Postgres index DDL: CREATE INDEX IF NOT EXISTS idx_dvi_doi ON DocumentVersionIdentifiers(doi);...
2026-09-17 00:24:17.752 | DEBUG    | tldw_Server_API.app.core.DB_Management.media_db.schema.features.core_media:apply_postgres_core_media_schema:370 - Applying Postgres index DDL: CREATE INDEX IF NOT EXISTS idx_dvi_pmid ON DocumentVersionIdentifiers(pmid);...
2026-09-17 00:24:17.752 | DEBUG    | tldw_Server_API.app.core.DB_Management.media_db.schema.features.core_media:apply_postgres_core_media_schema:370 - Applying Postgres index DDL: CREATE INDEX IF NOT EXISTS idx_dvi_pmcid ON DocumentVersionIdentifiers(pmcid);...
2026-09-17 00:24:17.752 | DEBUG    | tldw_Server_API.app.core.DB_Management.media_db.schema.features.core_media:apply_postgres_core_media_schema:370 - Applying Postgres index DDL: CREATE INDEX IF NOT EXISTS idx_dvi_arxiv ON DocumentVersionIdentifiers(arxiv_id);...
2026-09-17 00:24:17.753 | DEBUG    | tldw_Server_API.app.core.DB_Management.media_db.schema.features.core_media:apply_postgres_core_media_schema:370 - Applying Postgres index DDL: CREATE INDEX IF NOT EXISTS idx_dvi_s2 ON DocumentVersionIdentifiers(s2_paper_id);...
2026-09-17 00:24:17.753 | DEBUG    | tldw_Server_API.app.core.DB_Management.media_db.schema.features.core_media:apply_postgres_core_media_schema:370 - Applying Postgres index DDL: CREATE INDEX IF NOT EXISTS idx_dsi_media_kind ON DocumentStructureIndex(media_id, kind);...
2026-09-17 00:24:17.753 | DEBUG    | tldw_Server_API.app.core.DB_Management.media_db.schema.features.core_media:apply_postgres_core_media_schema:370 - Applying Postgres index DDL: CREATE INDEX IF NOT EXISTS idx_dsi_media_start ON DocumentStructureIndex(media_id, start_char);...
2026-09-17 00:24:17.753 | DEBUG    | tldw_Server_API.app.core.DB_Management.media_db.schema.features.core_media:apply_postgres_core_media_schema:370 - Applying Postgres index DDL: CREATE INDEX IF NOT EXISTS idx_dsi_media_parent ON DocumentStructureIndex(parent_id);...
2026-09-17 00:24:17.753 | DEBUG    | tldw_Server_API.app.core.DB_Management.media_db.schema.features.core_media:apply_postgres_core_media_schema:370 - Applying Postgres index DDL: CREATE INDEX IF NOT EXISTS idx_dsi_media_path ON DocumentStructureIndex(media_id, path);...
2026-09-17 00:24:17.754 | DEBUG    | tldw_Server_API.app.core.DB_Management.media_db.schema.features.core_media:apply_postgres_core_media_schema:370 - Applying Postgres index DDL: CREATE INDEX IF NOT EXISTS idx_sync_log_ts ON sync_log(timestamp);...
2026-09-17 00:24:17.754 | DEBUG    | tldw_Server_API.app.core.DB_Management.media_db.schema.features.core_media:apply_postgres_core_media_schema:370 - Applying Postgres index DDL: CREATE INDEX IF NOT EXISTS idx_sync_log_entity_uuid ON sync_log(entity_uuid);...
2026-09-17 00:24:17.754 | DEBUG    | tldw_Server_API.app.core.DB_Management.media_db.schema.features.core_media:apply_postgres_core_media_schema:370 - Applying Postgres index DDL: CREATE INDEX IF NOT EXISTS idx_sync_log_client_id ON sync_log(client_id);...
2026-09-17 00:24:17.754 | DEBUG    | tldw_Server_API.app.core.DB_Management.media_db.schema.features.core_media:apply_postgres_core_media_schema:370 - Applying Postgres index DDL: CREATE INDEX IF NOT EXISTS idx_sync_log_org_id ON sync_log(org_id);...
2026-09-17 00:24:17.755 | DEBUG    | tldw_Server_API.app.core.DB_Management.media_db.schema.features.core_media:apply_postgres_core_media_schema:370 - Applying Postgres index DDL: CREATE INDEX IF NOT EXISTS idx_sync_log_team_id ON sync_log(team_id);...
2026-09-17 00:24:17.755 | DEBUG    | tldw_Server_API.app.core.DB_Management.media_db.schema.features.core_media:apply_postgres_core_media_schema:370 - Applying Postgres index DDL: CREATE UNIQUE INDEX IF NOT EXISTS idx_unique_template_name ON ChunkingTemplates(name) WHERE deleted = FALSE;...
2026-09-17 00:24:17.755 | DEBUG    | tldw_Server_API.app.core.DB_Management.media_db.schema.features.core_media:apply_postgres_core_media_schema:370 - Applying Postgres index DDL: CREATE INDEX IF NOT EXISTS idx_template_is_builtin ON ChunkingTemplates(is_builtin);...
2026-09-17 00:24:17.755 | DEBUG    | tldw_Server_API.app.core.DB_Management.media_db.schema.features.core_media:apply_postgres_core_media_schema:370 - Applying Postgres index DDL: CREATE INDEX IF NOT EXISTS idx_template_deleted ON ChunkingTemplates(deleted);...
2026-09-17 00:24:17.756 | DEBUG    | tldw_Server_API.app.core.DB_Management.media_db.schema.features.core_media:apply_postgres_core_media_schema:370 - Applying Postgres index DDL: CREATE INDEX IF NOT EXISTS idx_template_tags ON ChunkingTemplates(tags);...
2026-09-17 00:24:17.824 | DEBUG    | tldw_Server_API.app.core.DB_Management.media_db.runtime.bootstrap_lifecycle_ops:initialize_media_database:138 - Database initialization completed successfully for /private/var/folders/sn/m80n2j152t9gw3w8qwk2nykh0000gn/T/pytest-of-macbook-dev/pytest-666/test_actual_worker_persists_pa3/media.db
2026-09-17 00:24:17.824 | INFO     | tldw_Server_API.app.core.config:_buffered_log:210 - Determined ACTUAL_PROJECT_ROOT for database paths: /Users/macbook-dev/Documents/GitHub/tldw_server2
2026-09-17 00:24:17.825 | INFO     | tldw_Server_API.app.core.config:_buffered_log:210 - Early loading environment variables from: /Users/macbook-dev/Documents/GitHub/tldw_server2/tldw_Server_API/Config_Files/.env
2026-09-17 00:24:17.829 | INFO     | tldw_Server_API.app.core.config:_buffered_log:210 - Early loading environment variables from: /Users/macbook-dev/Documents/GitHub/tldw_server2/tldw_Server_API/Config_Files/.ENV
2026-09-17 00:24:17.833 | DEBUG    | tldw_Server_API.app.core.config:_buffered_log:210 - load_and_log_configs(): Loading and logging configurations...
2026-09-17 00:24:17.834 | INFO     | tldw_Server_API.app.core.config:_buffered_log:210 - Loading environment variables from: /Users/macbook-dev/Documents/GitHub/tldw_server2/tldw_Server_API/Config_Files/.env
2026-09-17 00:24:17.839 | INFO     | tldw_Server_API.app.core.config:_buffered_log:210 - Loading environment variables from: /Users/macbook-dev/Documents/GitHub/tldw_server2/tldw_Server_API/Config_Files/.ENV
2026-09-17 00:24:17.843 | INFO     | tldw_Server_API.app.core.config:_buffered_log:210 - Attempting to load comprehensive config from: /Users/macbook-dev/Documents/GitHub/tldw_server2/tldw_Server_API/Config_Files/config.txt
2026-09-17 00:24:17.845 | INFO     | tldw_Server_API.app.core.config:_buffered_log:210 - load_comprehensive_config(): Sections found in config: ['Setup', 'UI', 'Server', 'Files', 'Image-Generation', 'ACP', 'WORKSPACES', 'ACP-WORKSPACE', 'ACP-SANDBOX', 'Audit', 'Processing', 'Media-Processing', 'Chat-Dictionaries', 'Chat-Module', 'Chat-Commands', 'Chat-Templating', 'Character-Chat', 'Settings', 'Auto-Save', 'Prompts', 'Database', 'Chunking', 'Visual-RAG', 'AuthNZ', 'Streaming', 'HTTP', 'Egress', 'Embeddings', 'Claims', 'ClaimsMonitoring', 'RAG', 'Search-Agent', 'ResourceGovernor', 'Jobs', 'SlidesStandaloneHtml', 'Diarization', 'API', 'MLX', 'Local-API', 'LlamaCpp', 'STT-Settings', 'external_providers', 'TTS-Settings', 'VibeVoice', 'Audio-Quota', 'API-Routes', 'Search-Engines', 'Web-Scraper', 'Logging', 'Moderation', 'Redis', 'Web-Scraping', 'personalization', 'persona', 'persona.rbac']
2026-09-17 00:24:17.847 | INFO     | tldw_Server_API.app.core.config:_buffered_log:210 - Ensured main SQLite database directory exists: /Users/macbook-dev/Documents/GitHub/tldw_server2/Databases
2026-09-17 00:24:17.847 | INFO     | tldw_Server_API.app.core.config:_buffered_log:210 - Ensured user data base directory exists: Databases/user_databases
2026-09-17 00:24:17.847 | WARNING  | tldw_Server_API.app.core.DB_Management.db_path_utils:resolve_user_db_base_dir:491 - USER_DB_BASE_DIR not configured in tests, using isolated fallback: /private/var/folders/sn/m80n2j152t9gw3w8qwk2nykh0000gn/T/tldw_user_databases_test/default-16e3469d
2026-09-17 00:24:17.847 | INFO     | tldw_Server_API.app.core.DB_Management.ChaChaNotes_DB:__init__:7657 - Initializing CharactersRAGDB for path: /private/var/folders/sn/m80n2j152t9gw3w8qwk2nykh0000gn/T/pytest-of-macbook-dev/pytest-666/test_actual_worker_persists_pa3/notes.db [Client ID: 2] (backend=postgresql)
2026-09-17 00:24:19.247 | DEBUG    | tldw_Server_API.app.core.DB_Management.ChaChaNotes_DB:__init__:7664 - CharactersRAGDB initialization completed successfully for /private/var/folders/sn/m80n2j152t9gw3w8qwk2nykh0000gn/T/pytest-of-macbook-dev/pytest-666/test_actual_worker_persists_pa3/notes.db
2026-09-17 00:24:19.249 | DEBUG    | tldw_Server_API.app.core.DB_Management.ChaChaNotes_DB:_get_connection_for_state:8036 - Acquired backend connection (postgresql) for thread 8346099072
2026-09-17 00:24:19.251 | INFO     | tldw_Server_API.app.core.DB_Management.chacha.note_store:_execute:126 - Added note 'Owned synthetic source' with ID: ed1828f7-b16f-48ae-84db-f36852a56146.
2026-09-17 00:24:19.258 | DEBUG    | tldw_Server_API.app.core.DB_Management.ChaChaNotes_DB:_get_connection_for_state:8036 - Acquired backend connection (postgresql) for thread 6200356864
2026-09-17 00:24:19.275 | DEBUG    | tldw_Server_API.app.core.DB_Management.ChaChaNotes_DB:execute_query:8286 - Executing SQL (script=False, backend=postgresql): SELECT * FROM notes WHERE id = ? AND client_id = ? AND deleted = ?... Params: ('ed1828f7-b16f-48ae-84db-f36852a56146', '2', False)...
2026-09-17 00:24:19.276 | DEBUG    | tldw_Server_API.app.core.DB_Management.ChaChaNotes_DB:execute_query:8286 - Executing SQL (script=False, backend=postgresql): SELECT id, name, description, parent_deck_id, workspace_id, review_prompt_side, scheduler_settings_json, scheduler_type, created_at, last_modified, deleted, client_id, version, visibility FROM decks WHERE name = ?  AND client_id = ? ORDER BY id LIMIT 1... Params: ('Synthetic Study Pack', '2')...
2026-09-17 00:24:19.278 | DEBUG    | tldw_Server_API.app.core.DB_Management.ChaChaNotes_DB:execute_many:8456 - Executing Many on backend postgresql:
                    INSERT INTO flashcards(
                        uuid, deck_id, front, back, notes, extra, front_search, back_search, notes_search... with 1 sets.
2026-09-17 00:24:19.280 | ERROR    | tldw_Server_API.app.core.DB_Management.backends.postgresql_backend:execute:1089 - PostgreSQL query execution failed
--------------------------- Captured stderr teardown ---------------------------
2026-09-17 00:24:19.863 | INFO     | tldw_Server_API.app.api.v1.API_Deps.ChaCha_Notes_DB_Deps:close_all_chacha_db_instances:876 - Closing all cached ChaChaNotesDB instances (0)...
2026-09-17 00:24:19.863 | INFO     | tldw_Server_API.app.api.v1.API_Deps.ChaCha_Notes_DB_Deps:close_all_chacha_db_instances:892 - All ChaChaNotesDB instances closed and cache cleared.
2026-09-17 00:24:19.863 | INFO     | tldw_Server_API.app.api.v1.API_Deps.ChaCha_Notes_DB_Deps:close_all_chacha_db_instances:876 - Closing all cached ChaChaNotesDB instances (0)...
2026-09-17 00:24:19.863 | INFO     | tldw_Server_API.app.api.v1.API_Deps.ChaCha_Notes_DB_Deps:close_all_chacha_db_instances:892 - All ChaChaNotesDB instances closed and cache cleared.
_ test_actual_worker_persists_pack_in_each_content_schema[real-chacha-first-postgresql] _
tldw_Server_API/app/core/DB_Management/media_db/runtime/bootstrap_lifecycle_ops.py:120: in initialize_media_database
    self._initialize_schema()
tldw_Server_API/app/core/DB_Management/media_db/schema/bootstrap.py:27: in ensure_media_schema
    initialize_postgres_schema(db)
tldw_Server_API/app/core/DB_Management/media_db/schema/backends/postgres.py:15: in initialize_postgres_schema
    postgres_helpers_module.bootstrap_postgres_schema(db)
tldw_Server_API/app/core/DB_Management/media_db/schema/backends/postgres_helpers.py:129: in bootstrap_postgres_schema
    apply_postgres_core_media_schema(db, conn)
tldw_Server_API/app/core/DB_Management/media_db/schema/features/core_media.py:371: in apply_postgres_core_media_schema
    db.backend.execute(statement, connection=conn)
tldw_Server_API/app/core/DB_Management/backends/postgresql_backend.py:1100: in execute
    raise DatabaseError("PostgreSQL query execution failed")
E   tldw_Server_API.app.core.DB_Management.backends.base.DatabaseError: PostgreSQL query execution failed

The above exception was the direct cause of the following exception:
tldw_Server_API/tests/DB_Management/test_study_pack_shared_sync_schema.py:35: in test_actual_worker_persists_pack_in_each_content_schema
    media = MediaDatabase(str(tmp_path / "media.db"), client_id="2", backend=backend)
            ^^^^^^^^^^^^^^^^^^^^^^^^^^^^^^^^^^^^^^^^^^^^^^^^^^^^^^^^^^^^^^^^^^^^^^^^^
tldw_Server_API/app/core/DB_Management/media_db/runtime/bootstrap_lifecycle_ops.py:128: in initialize_media_database
    raise DatabaseError(f"Database initialization failed: {exc}") from exc  # noqa: TRY003
    ^^^^^^^^^^^^^^^^^^^^^^^^^^^^^^^^^^^^^^^^^^^^^^^^^^^^^^^^^^^^^^^^^^^^^^
E   tldw_Server_API.app.core.DB_Management.media_db.errors.DatabaseError: Database initialization failed: PostgreSQL query execution failed
----------------------------- Captured stderr call -----------------------------
2026-09-17 00:24:20.656 | INFO     | tldw_Server_API.app.core.DB_Management.backends.factory:create_backend:392 - Creating postgresql backend
2026-09-17 00:24:20.657 | INFO     | tldw_Server_API.app.core.config:_buffered_log:210 - Determined ACTUAL_PROJECT_ROOT for database paths: /Users/macbook-dev/Documents/GitHub/tldw_server2
2026-09-17 00:24:20.657 | INFO     | tldw_Server_API.app.core.config:_buffered_log:210 - Early loading environment variables from: /Users/macbook-dev/Documents/GitHub/tldw_server2/tldw_Server_API/Config_Files/.env
2026-09-17 00:24:20.662 | INFO     | tldw_Server_API.app.core.config:_buffered_log:210 - Early loading environment variables from: /Users/macbook-dev/Documents/GitHub/tldw_server2/tldw_Server_API/Config_Files/.ENV
2026-09-17 00:24:20.666 | DEBUG    | tldw_Server_API.app.core.config:_buffered_log:210 - load_and_log_configs(): Loading and logging configurations...
2026-09-17 00:24:20.667 | INFO     | tldw_Server_API.app.core.config:_buffered_log:210 - Loading environment variables from: /Users/macbook-dev/Documents/GitHub/tldw_server2/tldw_Server_API/Config_Files/.env
2026-09-17 00:24:20.671 | INFO     | tldw_Server_API.app.core.config:_buffered_log:210 - Loading environment variables from: /Users/macbook-dev/Documents/GitHub/tldw_server2/tldw_Server_API/Config_Files/.ENV
2026-09-17 00:24:20.675 | INFO     | tldw_Server_API.app.core.config:_buffered_log:210 - Attempting to load comprehensive config from: /Users/macbook-dev/Documents/GitHub/tldw_server2/tldw_Server_API/Config_Files/config.txt
2026-09-17 00:24:20.677 | INFO     | tldw_Server_API.app.core.config:_buffered_log:210 - load_comprehensive_config(): Sections found in config: ['Setup', 'UI', 'Server', 'Files', 'Image-Generation', 'ACP', 'WORKSPACES', 'ACP-WORKSPACE', 'ACP-SANDBOX', 'Audit', 'Processing', 'Media-Processing', 'Chat-Dictionaries', 'Chat-Module', 'Chat-Commands', 'Chat-Templating', 'Character-Chat', 'Settings', 'Auto-Save', 'Prompts', 'Database', 'Chunking', 'Visual-RAG', 'AuthNZ', 'Streaming', 'HTTP', 'Egress', 'Embeddings', 'Claims', 'ClaimsMonitoring', 'RAG', 'Search-Agent', 'ResourceGovernor', 'Jobs', 'SlidesStandaloneHtml', 'Diarization', 'API', 'MLX', 'Local-API', 'LlamaCpp', 'STT-Settings', 'external_providers', 'TTS-Settings', 'VibeVoice', 'Audio-Quota', 'API-Routes', 'Search-Engines', 'Web-Scraper', 'Logging', 'Moderation', 'Redis', 'Web-Scraping', 'personalization', 'persona', 'persona.rbac']
2026-09-17 00:24:20.679 | INFO     | tldw_Server_API.app.core.config:_buffered_log:210 - Ensured main SQLite database directory exists: /Users/macbook-dev/Documents/GitHub/tldw_server2/Databases
2026-09-17 00:24:20.679 | INFO     | tldw_Server_API.app.core.config:_buffered_log:210 - Ensured user data base directory exists: Databases/user_databases
2026-09-17 00:24:20.679 | WARNING  | tldw_Server_API.app.core.DB_Management.db_path_utils:resolve_user_db_base_dir:491 - USER_DB_BASE_DIR not configured in tests, using isolated fallback: /private/var/folders/sn/m80n2j152t9gw3w8qwk2nykh0000gn/T/tldw_user_databases_test/default-16e3469d
2026-09-17 00:24:20.679 | INFO     | tldw_Server_API.app.core.DB_Management.ChaChaNotes_DB:__init__:7657 - Initializing CharactersRAGDB for path: /private/var/folders/sn/m80n2j152t9gw3w8qwk2nykh0000gn/T/pytest-of-macbook-dev/pytest-666/test_actual_worker_persists_pa5/notes.db [Client ID: 2] (backend=postgresql)
2026-09-17 00:24:21.987 | DEBUG    | tldw_Server_API.app.core.DB_Management.ChaChaNotes_DB:__init__:7664 - CharactersRAGDB initialization completed successfully for /private/var/folders/sn/m80n2j152t9gw3w8qwk2nykh0000gn/T/pytest-of-macbook-dev/pytest-666/test_actual_worker_persists_pa5/notes.db
2026-09-17 00:24:21.987 | INFO     | tldw_Server_API.app.core.DB_Management.media_db.runtime.bootstrap_lifecycle_ops:initialize_media_database:79 - Initializing Database object for path: /private/var/folders/sn/m80n2j152t9gw3w8qwk2nykh0000gn/T/pytest-of-macbook-dev/pytest-666/test_actual_worker_persists_pa5/media.db [Client ID: 2]
2026-09-17 00:24:21.991 | DEBUG    | tldw_Server_API.app.core.DB_Management.media_db.schema.features.core_media:apply_postgres_core_media_schema:357 - Applying Postgres base table DDL: CREATE TABLE IF NOT EXISTS schema_version ( version BIGINT PRIMARY KEY NOT NULL );...
2026-09-17 00:24:21.991 | DEBUG    | tldw_Server_API.app.core.DB_Management.media_db.schema.features.core_media:apply_postgres_core_media_schema:357 - Applying Postgres base table DDL: CREATE TABLE IF NOT EXISTS Media ( id BIGSERIAL PRIMARY KEY, url TEXT UNIQUE, title TEXT NOT NULL, type TEXT NOT NULL, c...
2026-09-17 00:24:21.993 | DEBUG    | tldw_Server_API.app.core.DB_Management.media_db.schema.features.core_media:apply_postgres_core_media_schema:357 - Applying Postgres base table DDL: CREATE TABLE IF NOT EXISTS Keywords ( id BIGSERIAL PRIMARY KEY, keyword TEXT NOT NULL UNIQUE , uuid TEXT UNIQUE NOT NULL...
2026-09-17 00:24:21.994 | DEBUG    | tldw_Server_API.app.core.DB_Management.media_db.schema.features.core_media:apply_postgres_core_media_schema:357 - Applying Postgres base table DDL: CREATE TABLE IF NOT EXISTS MediaKeywords ( id BIGSERIAL PRIMARY KEY, media_id INTEGER NOT NULL, keyword_id INTEGER NOT N...
2026-09-17 00:24:21.995 | DEBUG    | tldw_Server_API.app.core.DB_Management.media_db.schema.features.core_media:apply_postgres_core_media_schema:357 - Applying Postgres base table DDL: CREATE TABLE IF NOT EXISTS OperationOwnedCloneKeywords ( media_id INTEGER NOT NULL, keyword TEXT NOT NULL CHECK ( length...
2026-09-17 00:24:21.996 | DEBUG    | tldw_Server_API.app.core.DB_Management.media_db.schema.features.core_media:apply_postgres_core_media_schema:357 - Applying Postgres base table DDL: CREATE TABLE IF NOT EXISTS Transcripts ( id BIGSERIAL PRIMARY KEY, media_id INTEGER NOT NULL, whisper_model TEXT, transc...
2026-09-17 00:24:21.996 | DEBUG    | tldw_Server_API.app.core.DB_Management.media_db.schema.features.core_media:apply_postgres_core_media_schema:357 - Applying Postgres base table DDL: CREATE TABLE IF NOT EXISTS MediaChunks ( id BIGSERIAL PRIMARY KEY, media_id INTEGER NOT NULL, chunk_text TEXT NOT NULL, ...
2026-09-17 00:24:21.997 | DEBUG    | tldw_Server_API.app.core.DB_Management.media_db.schema.features.core_media:apply_postgres_core_media_schema:357 - Applying Postgres base table DDL: CREATE TABLE IF NOT EXISTS UnvectorizedMediaChunks ( id BIGSERIAL PRIMARY KEY, media_id INTEGER NOT NULL, chunk_text TEX...
2026-09-17 00:24:21.998 | DEBUG    | tldw_Server_API.app.core.DB_Management.media_db.schema.features.core_media:apply_postgres_core_media_schema:357 - Applying Postgres base table DDL: CREATE TABLE IF NOT EXISTS VisualDocuments ( id BIGSERIAL PRIMARY KEY, media_id INTEGER NOT NULL, location TEXT, page_nu...
2026-09-17 00:24:22.000 | DEBUG    | tldw_Server_API.app.core.DB_Management.media_db.schema.features.core_media:apply_postgres_core_media_schema:357 - Applying Postgres base table DDL: CREATE TABLE IF NOT EXISTS DocumentVersions ( id BIGSERIAL PRIMARY KEY, media_id INTEGER NOT NULL, version_number INTEGE...
2026-09-17 00:24:22.001 | DEBUG    | tldw_Server_API.app.core.DB_Management.media_db.schema.features.core_media:apply_postgres_core_media_schema:357 - Applying Postgres base table DDL: CREATE TABLE IF NOT EXISTS DocumentVersionIdentifiers ( dv_id BIGINT PRIMARY KEY, doi TEXT, pmid TEXT, pmcid TEXT, arxiv...
2026-09-17 00:24:22.001 | DEBUG    | tldw_Server_API.app.core.DB_Management.media_db.schema.features.core_media:apply_postgres_core_media_schema:357 - Applying Postgres base table DDL: CREATE TABLE IF NOT EXISTS DocumentStructureIndex ( id BIGSERIAL PRIMARY KEY, media_id INTEGER NOT NULL, parent_id INTEG...
2026-09-17 00:24:22.002 | DEBUG    | tldw_Server_API.app.core.DB_Management.media_db.schema.features.core_media:apply_postgres_core_media_schema:357 - Applying Postgres base table DDL: CREATE TABLE IF NOT EXISTS sync_log ( change_id BIGSERIAL PRIMARY KEY, entity TEXT NOT NULL, entity_uuid TEXT NOT NULL, ...
2026-09-17 00:24:22.002 | DEBUG    | tldw_Server_API.app.core.DB_Management.media_db.schema.features.core_media:apply_postgres_core_media_schema:357 - Applying Postgres base table DDL: CREATE TABLE IF NOT EXISTS ChunkingTemplates ( id BIGSERIAL PRIMARY KEY, uuid TEXT UNIQUE NOT NULL, name TEXT NOT NULL, ...
2026-09-17 00:24:22.003 | DEBUG    | tldw_Server_API.app.core.DB_Management.media_db.schema.features.core_media:apply_postgres_core_media_schema:357 - Applying Postgres base table DDL: CREATE TABLE IF NOT EXISTS Claims ( id BIGSERIAL PRIMARY KEY, media_id INTEGER NOT NULL, chunk_index INTEGER NOT NULL, s...
2026-09-17 00:24:22.004 | DEBUG    | tldw_Server_API.app.core.DB_Management.media_db.schema.features.core_media:apply_postgres_core_media_schema:357 - Applying Postgres base table DDL: CREATE TABLE IF NOT EXISTS claims_review_log ( id BIGSERIAL PRIMARY KEY, claim_id INTEGER NOT NULL, old_status TEXT, new...
2026-09-17 00:24:22.005 | DEBUG    | tldw_Server_API.app.core.DB_Management.media_db.schema.features.core_media:apply_postgres_core_media_schema:357 - Applying Postgres base table DDL: CREATE TABLE IF NOT EXISTS claims_review_extractor_metrics_daily ( id BIGSERIAL PRIMARY KEY, user_id TEXT NOT NULL, repo...
2026-09-17 00:24:22.006 | DEBUG    | tldw_Server_API.app.core.DB_Management.media_db.schema.features.core_media:apply_postgres_core_media_schema:357 - Applying Postgres base table DDL: CREATE TABLE IF NOT EXISTS claims_review_rules ( id BIGSERIAL PRIMARY KEY, user_id TEXT NOT NULL, priority INTEGER NOT N...
2026-09-17 00:24:22.007 | DEBUG    | tldw_Server_API.app.core.DB_Management.media_db.schema.features.core_media:apply_postgres_core_media_schema:357 - Applying Postgres base table DDL: CREATE TABLE IF NOT EXISTS claims_monitoring_events ( id BIGSERIAL PRIMARY KEY, user_id TEXT NOT NULL, event_type TEXT N...
2026-09-17 00:24:22.008 | DEBUG    | tldw_Server_API.app.core.DB_Management.media_db.schema.features.core_media:apply_postgres_core_media_schema:357 - Applying Postgres base table DDL: CREATE TABLE IF NOT EXISTS claims_monitoring_settings ( id BIGSERIAL PRIMARY KEY, user_id TEXT NOT NULL, threshold_ratio...
2026-09-17 00:24:22.008 | DEBUG    | tldw_Server_API.app.core.DB_Management.media_db.schema.features.core_media:apply_postgres_core_media_schema:357 - Applying Postgres base table DDL: CREATE TABLE IF NOT EXISTS claims_monitoring_alerts ( id BIGSERIAL PRIMARY KEY, user_id TEXT NOT NULL, name TEXT NOT NUL...
2026-09-17 00:24:22.009 | DEBUG    | tldw_Server_API.app.core.DB_Management.media_db.schema.features.core_media:apply_postgres_core_media_schema:357 - Applying Postgres base table DDL: CREATE TABLE IF NOT EXISTS claims_monitoring_config ( id BIGSERIAL PRIMARY KEY, user_id TEXT NOT NULL, threshold_ratio D...
2026-09-17 00:24:22.009 | DEBUG    | tldw_Server_API.app.core.DB_Management.media_db.schema.features.core_media:apply_postgres_core_media_schema:357 - Applying Postgres base table DDL: CREATE TABLE IF NOT EXISTS claims_monitoring_health ( id BIGSERIAL PRIMARY KEY, user_id TEXT NOT NULL, queue_size INTEGE...
2026-09-17 00:24:22.010 | DEBUG    | tldw_Server_API.app.core.DB_Management.media_db.schema.features.core_media:apply_postgres_core_media_schema:357 - Applying Postgres base table DDL: CREATE TABLE IF NOT EXISTS claims_analytics_exports ( export_id TEXT PRIMARY KEY, user_id TEXT NOT NULL, format TEXT NOT...
2026-09-17 00:24:22.011 | DEBUG    | tldw_Server_API.app.core.DB_Management.media_db.schema.features.core_media:apply_postgres_core_media_schema:357 - Applying Postgres base table DDL: CREATE TABLE IF NOT EXISTS claims_notifications ( id BIGSERIAL PRIMARY KEY, user_id TEXT NOT NULL, kind TEXT NOT NULL, t...
2026-09-17 00:24:22.011 | DEBUG    | tldw_Server_API.app.core.DB_Management.media_db.schema.features.core_media:apply_postgres_core_media_schema:357 - Applying Postgres base table DDL: CREATE TABLE IF NOT EXISTS claim_clusters ( id BIGSERIAL PRIMARY KEY, user_id TEXT NOT NULL, canonical_claim_text TEXT, ...
2026-09-17 00:24:22.012 | DEBUG    | tldw_Server_API.app.core.DB_Management.media_db.schema.features.core_media:apply_postgres_core_media_schema:357 - Applying Postgres base table DDL: CREATE TABLE IF NOT EXISTS claim_cluster_membership ( cluster_id INTEGER NOT NULL, claim_id INTEGER NOT NULL, similarity...
2026-09-17 00:24:22.013 | DEBUG    | tldw_Server_API.app.core.DB_Management.media_db.schema.features.core_media:apply_postgres_core_media_schema:357 - Applying Postgres base table DDL: CREATE TABLE IF NOT EXISTS claim_cluster_links ( parent_cluster_id INTEGER NOT NULL, child_cluster_id INTEGER NOT NULL, ...
2026-09-17 00:24:22.013 | DEBUG    | tldw_Server_API.app.core.DB_Management.media_db.schema.features.core_media:apply_postgres_core_media_schema:357 - Applying Postgres base table DDL: CREATE TABLE IF NOT EXISTS MediaFiles ( id BIGSERIAL PRIMARY KEY, media_id INTEGER NOT NULL, file_type TEXT NOT NULL DEF...
2026-09-17 00:24:22.014 | DEBUG    | tldw_Server_API.app.core.DB_Management.media_db.schema.features.core_media:apply_postgres_core_media_schema:357 - Applying Postgres base table DDL: CREATE TABLE IF NOT EXISTS tts_history ( id BIGSERIAL PRIMARY KEY, user_id TEXT NOT NULL, created_at TEXT NOT NULL, text...
2026-09-17 00:24:22.016 | DEBUG    | tldw_Server_API.app.core.DB_Management.media_db.schema.features.core_media:apply_postgres_core_media_schema:357 - Applying Postgres base table DDL: CREATE TABLE IF NOT EXISTS audio_presets ( id TEXT PRIMARY KEY, user_id TEXT NOT NULL, kind TEXT NOT NULL, name TEXT NOT...
2026-09-17 00:24:22.016 | DEBUG    | tldw_Server_API.app.core.DB_Management.media_db.schema.features.core_media:apply_postgres_core_media_schema:357 - Applying Postgres base table DDL: CREATE TABLE IF NOT EXISTS data_tables ( id BIGSERIAL PRIMARY KEY, uuid TEXT UNIQUE NOT NULL, name TEXT NOT NULL, descri...
2026-09-17 00:24:22.018 | DEBUG    | tldw_Server_API.app.core.DB_Management.media_db.schema.features.core_media:apply_postgres_core_media_schema:357 - Applying Postgres base table DDL: CREATE TABLE IF NOT EXISTS data_table_columns ( id BIGSERIAL PRIMARY KEY, table_id INTEGER NOT NULL, column_id TEXT NOT ...
2026-09-17 00:24:22.019 | DEBUG    | tldw_Server_API.app.core.DB_Management.media_db.schema.features.core_media:apply_postgres_core_media_schema:357 - Applying Postgres base table DDL: CREATE TABLE IF NOT EXISTS data_table_rows ( id BIGSERIAL PRIMARY KEY, table_id INTEGER NOT NULL, row_id TEXT NOT NULL, ...
2026-09-17 00:24:22.020 | DEBUG    | tldw_Server_API.app.core.DB_Management.media_db.schema.features.core_media:apply_postgres_core_media_schema:357 - Applying Postgres base table DDL: CREATE TABLE IF NOT EXISTS data_table_sources ( id BIGSERIAL PRIMARY KEY, table_id INTEGER NOT NULL, source_type TEXT NO...
2026-09-17 00:24:22.021 | DEBUG    | tldw_Server_API.app.core.DB_Management.media_db.schema.features.core_media:apply_postgres_core_media_schema:361 - Applying Postgres base initializer DDL: INSERT INTO schema_version (version) VALUES (0) ON CONFLICT DO NOTHING;...
2026-09-17 00:24:22.021 | DEBUG    | tldw_Server_API.app.core.DB_Management.media_db.schema.features.core_media:apply_postgres_core_media_schema:361 - Applying Postgres base initializer DDL: CREATE INDEX IF NOT EXISTS idx_claims_media_id ON Claims(media_id);...
2026-09-17 00:24:22.021 | DEBUG    | tldw_Server_API.app.core.DB_Management.media_db.schema.features.core_media:apply_postgres_core_media_schema:361 - Applying Postgres base initializer DDL: CREATE INDEX IF NOT EXISTS idx_claims_media_chunk ON Claims(media_id, chunk_index);...
2026-09-17 00:24:22.022 | DEBUG    | tldw_Server_API.app.core.DB_Management.media_db.schema.features.core_media:apply_postgres_core_media_schema:361 - Applying Postgres base initializer DDL: CREATE UNIQUE INDEX IF NOT EXISTS idx_claims_uuid ON Claims(uuid);...
2026-09-17 00:24:22.022 | DEBUG    | tldw_Server_API.app.core.DB_Management.media_db.schema.features.core_media:apply_postgres_core_media_schema:361 - Applying Postgres base initializer DDL: CREATE INDEX IF NOT EXISTS idx_claims_deleted ON Claims(deleted);...
2026-09-17 00:24:22.022 | DEBUG    | tldw_Server_API.app.core.DB_Management.media_db.schema.features.core_media:apply_postgres_core_media_schema:361 - Applying Postgres base initializer DDL: CREATE INDEX IF NOT EXISTS idx_claims_review_status ON Claims(review_status);...
2026-09-17 00:24:22.023 | DEBUG    | tldw_Server_API.app.core.DB_Management.media_db.schema.features.core_media:apply_postgres_core_media_schema:361 - Applying Postgres base initializer DDL: CREATE INDEX IF NOT EXISTS idx_claims_reviewer_id ON Claims(reviewer_id);...
2026-09-17 00:24:22.023 | DEBUG    | tldw_Server_API.app.core.DB_Management.media_db.schema.features.core_media:apply_postgres_core_media_schema:361 - Applying Postgres base initializer DDL: CREATE INDEX IF NOT EXISTS idx_claims_review_group ON Claims(review_group);...
2026-09-17 00:24:22.024 | DEBUG    | tldw_Server_API.app.core.DB_Management.media_db.schema.features.core_media:apply_postgres_core_media_schema:361 - Applying Postgres base initializer DDL: CREATE INDEX IF NOT EXISTS idx_claims_cluster_id ON Claims(claim_cluster_id);...
2026-09-17 00:24:22.024 | DEBUG    | tldw_Server_API.app.core.DB_Management.media_db.schema.features.core_media:apply_postgres_core_media_schema:361 - Applying Postgres base initializer DDL: CREATE INDEX IF NOT EXISTS idx_claims_review_log_claim ON claims_review_log(claim_id);...
2026-09-17 00:24:22.024 | DEBUG    | tldw_Server_API.app.core.DB_Management.media_db.schema.features.core_media:apply_postgres_core_media_schema:361 - Applying Postgres base initializer DDL: CREATE INDEX IF NOT EXISTS idx_claims_review_log_reviewer ON claims_review_log(reviewer_id);...
2026-09-17 00:24:22.024 | DEBUG    | tldw_Server_API.app.core.DB_Management.media_db.schema.features.core_media:apply_postgres_core_media_schema:361 - Applying Postgres base initializer DDL: CREATE INDEX IF NOT EXISTS idx_claims_review_log_created ON claims_review_log(created_at);...
2026-09-17 00:24:22.025 | DEBUG    | tldw_Server_API.app.core.DB_Management.media_db.schema.features.core_media:apply_postgres_core_media_schema:361 - Applying Postgres base initializer DDL: CREATE INDEX IF NOT EXISTS idx_claims_review_metrics_user ON claims_review_extractor_metrics_daily(user_id);...
2026-09-17 00:24:22.025 | DEBUG    | tldw_Server_API.app.core.DB_Management.media_db.schema.features.core_media:apply_postgres_core_media_schema:361 - Applying Postgres base initializer DDL: CREATE INDEX IF NOT EXISTS idx_claims_review_metrics_date ON claims_review_extractor_metrics_daily(report_date);...
2026-09-17 00:24:22.025 | DEBUG    | tldw_Server_API.app.core.DB_Management.media_db.schema.features.core_media:apply_postgres_core_media_schema:361 - Applying Postgres base initializer DDL: CREATE INDEX IF NOT EXISTS idx_claims_review_metrics_extractor ON claims_review_extractor_metrics_daily(extractor);...
2026-09-17 00:24:22.026 | DEBUG    | tldw_Server_API.app.core.DB_Management.media_db.schema.features.core_media:apply_postgres_core_media_schema:361 - Applying Postgres base initializer DDL: CREATE INDEX IF NOT EXISTS idx_claims_review_rules_user ON claims_review_rules(user_id);...
2026-09-17 00:24:22.026 | DEBUG    | tldw_Server_API.app.core.DB_Management.media_db.schema.features.core_media:apply_postgres_core_media_schema:361 - Applying Postgres base initializer DDL: CREATE INDEX IF NOT EXISTS idx_claims_review_rules_active ON claims_review_rules(active);...
2026-09-17 00:24:22.026 | DEBUG    | tldw_Server_API.app.core.DB_Management.media_db.schema.features.core_media:apply_postgres_core_media_schema:361 - Applying Postgres base initializer DDL: CREATE INDEX IF NOT EXISTS idx_claims_monitoring_events_user ON claims_monitoring_events(user_id);...
2026-09-17 00:24:22.026 | DEBUG    | tldw_Server_API.app.core.DB_Management.media_db.schema.features.core_media:apply_postgres_core_media_schema:361 - Applying Postgres base initializer DDL: CREATE INDEX IF NOT EXISTS idx_claims_monitoring_events_user_created_id ON claims_monitoring_events(user_id, created_at,...
2026-09-17 00:24:22.027 | DEBUG    | tldw_Server_API.app.core.DB_Management.media_db.schema.features.core_media:apply_postgres_core_media_schema:361 - Applying Postgres base initializer DDL: CREATE INDEX IF NOT EXISTS idx_claims_monitoring_events_user_id ON claims_monitoring_events(user_id, id);...
2026-09-17 00:24:22.027 | DEBUG    | tldw_Server_API.app.core.DB_Management.media_db.schema.features.core_media:apply_postgres_core_media_schema:361 - Applying Postgres base initializer DDL: CREATE INDEX IF NOT EXISTS idx_claims_monitoring_events_type ON claims_monitoring_events(event_type);...
2026-09-17 00:24:22.027 | DEBUG    | tldw_Server_API.app.core.DB_Management.media_db.schema.features.core_media:apply_postgres_core_media_schema:361 - Applying Postgres base initializer DDL: CREATE INDEX IF NOT EXISTS idx_claims_monitoring_events_delivered ON claims_monitoring_events(delivered_at);...
2026-09-17 00:24:22.027 | DEBUG    | tldw_Server_API.app.core.DB_Management.media_db.schema.features.core_media:apply_postgres_core_media_schema:361 - Applying Postgres base initializer DDL: CREATE UNIQUE INDEX IF NOT EXISTS idx_claims_monitoring_settings_user ON claims_monitoring_settings(user_id);...
2026-09-17 00:24:22.028 | DEBUG    | tldw_Server_API.app.core.DB_Management.media_db.schema.features.core_media:apply_postgres_core_media_schema:361 - Applying Postgres base initializer DDL: CREATE INDEX IF NOT EXISTS idx_claims_monitoring_alerts_user ON claims_monitoring_alerts(user_id);...
2026-09-17 00:24:22.028 | DEBUG    | tldw_Server_API.app.core.DB_Management.media_db.schema.features.core_media:apply_postgres_core_media_schema:361 - Applying Postgres base initializer DDL: CREATE INDEX IF NOT EXISTS idx_claims_monitoring_user ON claims_monitoring_config(user_id);...
2026-09-17 00:24:22.028 | DEBUG    | tldw_Server_API.app.core.DB_Management.media_db.schema.features.core_media:apply_postgres_core_media_schema:361 - Applying Postgres base initializer DDL: CREATE UNIQUE INDEX IF NOT EXISTS idx_claims_monitoring_health_user ON claims_monitoring_health(user_id);...
2026-09-17 00:24:22.028 | DEBUG    | tldw_Server_API.app.core.DB_Management.media_db.schema.features.core_media:apply_postgres_core_media_schema:361 - Applying Postgres base initializer DDL: CREATE INDEX IF NOT EXISTS idx_claims_analytics_exports_user ON claims_analytics_exports(user_id);...
2026-09-17 00:24:22.029 | DEBUG    | tldw_Server_API.app.core.DB_Management.media_db.schema.features.core_media:apply_postgres_core_media_schema:361 - Applying Postgres base initializer DDL: CREATE INDEX IF NOT EXISTS idx_claims_analytics_exports_job_id ON claims_analytics_exports(job_id);...
2026-09-17 00:24:22.029 | DEBUG    | tldw_Server_API.app.core.DB_Management.media_db.schema.features.core_media:apply_postgres_core_media_schema:361 - Applying Postgres base initializer DDL: CREATE INDEX IF NOT EXISTS idx_claims_analytics_exports_user_status_export_id ON claims_analytics_exports(user_id, statu...
2026-09-17 00:24:22.029 | DEBUG    | tldw_Server_API.app.core.DB_Management.media_db.schema.features.core_media:apply_postgres_core_media_schema:361 - Applying Postgres base initializer DDL: CREATE INDEX IF NOT EXISTS idx_claims_analytics_exports_user_status_updated_export_id ON claims_analytics_exports(user_i...
2026-09-17 00:24:22.029 | DEBUG    | tldw_Server_API.app.core.DB_Management.media_db.schema.features.core_media:apply_postgres_core_media_schema:361 - Applying Postgres base initializer DDL: CREATE INDEX IF NOT EXISTS idx_claims_notifications_user ON claims_notifications(user_id);...
2026-09-17 00:24:22.030 | DEBUG    | tldw_Server_API.app.core.DB_Management.media_db.schema.features.core_media:apply_postgres_core_media_schema:361 - Applying Postgres base initializer DDL: CREATE INDEX IF NOT EXISTS idx_claims_notifications_kind ON claims_notifications(kind);...
2026-09-17 00:24:22.030 | DEBUG    | tldw_Server_API.app.core.DB_Management.media_db.schema.features.core_media:apply_postgres_core_media_schema:361 - Applying Postgres base initializer DDL: CREATE INDEX IF NOT EXISTS idx_claims_notifications_target_user ON claims_notifications(target_user_id);...
2026-09-17 00:24:22.030 | DEBUG    | tldw_Server_API.app.core.DB_Management.media_db.schema.features.core_media:apply_postgres_core_media_schema:361 - Applying Postgres base initializer DDL: CREATE INDEX IF NOT EXISTS idx_claims_notifications_review_group ON claims_notifications(target_review_group);...
2026-09-17 00:24:22.030 | DEBUG    | tldw_Server_API.app.core.DB_Management.media_db.schema.features.core_media:apply_postgres_core_media_schema:361 - Applying Postgres base initializer DDL: CREATE INDEX IF NOT EXISTS idx_claims_notifications_resource ON claims_notifications(resource_type, resource_id);...
2026-09-17 00:24:22.031 | DEBUG    | tldw_Server_API.app.core.DB_Management.media_db.schema.features.core_media:apply_postgres_core_media_schema:361 - Applying Postgres base initializer DDL: CREATE INDEX IF NOT EXISTS idx_claims_notifications_delivered ON claims_notifications(delivered_at);...
2026-09-17 00:24:22.031 | DEBUG    | tldw_Server_API.app.core.DB_Management.media_db.schema.features.core_media:apply_postgres_core_media_schema:361 - Applying Postgres base initializer DDL: CREATE INDEX IF NOT EXISTS idx_claim_clusters_user ON claim_clusters(user_id);...
2026-09-17 00:24:22.032 | DEBUG    | tldw_Server_API.app.core.DB_Management.media_db.schema.features.core_media:apply_postgres_core_media_schema:361 - Applying Postgres base initializer DDL: CREATE INDEX IF NOT EXISTS idx_claim_clusters_updated ON claim_clusters(updated_at);...
2026-09-17 00:24:22.032 | DEBUG    | tldw_Server_API.app.core.DB_Management.media_db.schema.features.core_media:apply_postgres_core_media_schema:361 - Applying Postgres base initializer DDL: CREATE INDEX IF NOT EXISTS idx_claim_cluster_membership_claim ON claim_cluster_membership(claim_id);...
2026-09-17 00:24:22.032 | DEBUG    | tldw_Server_API.app.core.DB_Management.media_db.schema.features.core_media:apply_postgres_core_media_schema:361 - Applying Postgres base initializer DDL: CREATE INDEX IF NOT EXISTS idx_media_files_media_id ON MediaFiles(media_id);...
2026-09-17 00:24:22.032 | DEBUG    | tldw_Server_API.app.core.DB_Management.media_db.schema.features.core_media:apply_postgres_core_media_schema:361 - Applying Postgres base initializer DDL: CREATE INDEX IF NOT EXISTS idx_media_files_type ON MediaFiles(file_type);...
2026-09-17 00:24:22.033 | DEBUG    | tldw_Server_API.app.core.DB_Management.media_db.schema.features.core_media:apply_postgres_core_media_schema:361 - Applying Postgres base initializer DDL: CREATE UNIQUE INDEX IF NOT EXISTS idx_media_files_uuid ON MediaFiles(uuid);...
2026-09-17 00:24:22.033 | DEBUG    | tldw_Server_API.app.core.DB_Management.media_db.schema.features.core_media:apply_postgres_core_media_schema:361 - Applying Postgres base initializer DDL: CREATE INDEX IF NOT EXISTS idx_media_files_deleted ON MediaFiles(deleted);...
2026-09-17 00:24:22.033 | DEBUG    | tldw_Server_API.app.core.DB_Management.media_db.schema.features.core_media:apply_postgres_core_media_schema:361 - Applying Postgres base initializer DDL: CREATE INDEX IF NOT EXISTS idx_tts_history_user_created ON tts_history(user_id, created_at DESC);...
2026-09-17 00:24:22.033 | DEBUG    | tldw_Server_API.app.core.DB_Management.media_db.schema.features.core_media:apply_postgres_core_media_schema:361 - Applying Postgres base initializer DDL: CREATE INDEX IF NOT EXISTS idx_tts_history_user_favorite ON tts_history(user_id, favorite);...
2026-09-17 00:24:22.034 | DEBUG    | tldw_Server_API.app.core.DB_Management.media_db.schema.features.core_media:apply_postgres_core_media_schema:361 - Applying Postgres base initializer DDL: CREATE INDEX IF NOT EXISTS idx_tts_history_user_provider ON tts_history(user_id, provider);...
2026-09-17 00:24:22.034 | DEBUG    | tldw_Server_API.app.core.DB_Management.media_db.schema.features.core_media:apply_postgres_core_media_schema:361 - Applying Postgres base initializer DDL: CREATE INDEX IF NOT EXISTS idx_tts_history_user_model ON tts_history(user_id, model);...
2026-09-17 00:24:22.034 | DEBUG    | tldw_Server_API.app.core.DB_Management.media_db.schema.features.core_media:apply_postgres_core_media_schema:361 - Applying Postgres base initializer DDL: CREATE INDEX IF NOT EXISTS idx_tts_history_user_voice_id ON tts_history(user_id, voice_id);...
2026-09-17 00:24:22.034 | DEBUG    | tldw_Server_API.app.core.DB_Management.media_db.schema.features.core_media:apply_postgres_core_media_schema:361 - Applying Postgres base initializer DDL: CREATE INDEX IF NOT EXISTS idx_tts_history_user_text_hash ON tts_history(user_id, text_hash);...
2026-09-17 00:24:22.035 | DEBUG    | tldw_Server_API.app.core.DB_Management.media_db.schema.features.core_media:apply_postgres_core_media_schema:361 - Applying Postgres base initializer DDL: CREATE INDEX IF NOT EXISTS idx_audio_presets_user_kind_updated ON audio_presets(user_id, kind, deleted, updated_at DESC)...
2026-09-17 00:24:22.035 | DEBUG    | tldw_Server_API.app.core.DB_Management.media_db.schema.features.core_media:apply_postgres_core_media_schema:361 - Applying Postgres base initializer DDL: CREATE INDEX IF NOT EXISTS idx_audio_presets_user_kind_favorite ON audio_presets(user_id, kind, favorite, deleted);...
2026-09-17 00:24:22.035 | DEBUG    | tldw_Server_API.app.core.DB_Management.media_db.schema.features.core_media:apply_postgres_core_media_schema:361 - Applying Postgres base initializer DDL: CREATE INDEX IF NOT EXISTS idx_audio_presets_user_kind_default ON audio_presets(user_id, kind, is_default, deleted);...
2026-09-17 00:24:22.036 | DEBUG    | tldw_Server_API.app.core.DB_Management.media_db.schema.features.core_media:apply_postgres_core_media_schema:361 - Applying Postgres base initializer DDL: CREATE UNIQUE INDEX IF NOT EXISTS ux_audio_presets_user_kind_name_active ON audio_presets(user_id, kind, LOWER(name)) WH...
2026-09-17 00:24:22.036 | DEBUG    | tldw_Server_API.app.core.DB_Management.media_db.schema.features.core_media:apply_postgres_core_media_schema:361 - Applying Postgres base initializer DDL: CREATE UNIQUE INDEX IF NOT EXISTS ux_audio_presets_user_kind_default_active ON audio_presets(user_id, kind) WHERE is_def...
2026-09-17 00:24:22.036 | DEBUG    | tldw_Server_API.app.core.DB_Management.media_db.schema.features.core_media:apply_postgres_core_media_schema:361 - Applying Postgres base initializer DDL: CREATE INDEX IF NOT EXISTS idx_data_tables_status ON data_tables(status);...
2026-09-17 00:24:22.036 | DEBUG    | tldw_Server_API.app.core.DB_Management.media_db.schema.features.core_media:apply_postgres_core_media_schema:361 - Applying Postgres base initializer DDL: CREATE INDEX IF NOT EXISTS idx_data_tables_updated ON data_tables(updated_at DESC);...
2026-09-17 00:24:22.037 | DEBUG    | tldw_Server_API.app.core.DB_Management.media_db.schema.features.core_media:apply_postgres_core_media_schema:361 - Applying Postgres base initializer DDL: CREATE INDEX IF NOT EXISTS idx_data_tables_deleted ON data_tables(deleted);...
2026-09-17 00:24:22.037 | DEBUG    | tldw_Server_API.app.core.DB_Management.media_db.schema.features.core_media:apply_postgres_core_media_schema:361 - Applying Postgres base initializer DDL: CREATE INDEX IF NOT EXISTS idx_data_tables_workspace_tag ON data_tables(workspace_tag);...
2026-09-17 00:24:22.037 | DEBUG    | tldw_Server_API.app.core.DB_Management.media_db.schema.features.core_media:apply_postgres_core_media_schema:361 - Applying Postgres base initializer DDL: CREATE UNIQUE INDEX IF NOT EXISTS ux_data_table_columns_table_column ON data_table_columns(table_id, column_id);...
2026-09-17 00:24:22.037 | DEBUG    | tldw_Server_API.app.core.DB_Management.media_db.schema.features.core_media:apply_postgres_core_media_schema:361 - Applying Postgres base initializer DDL: CREATE INDEX IF NOT EXISTS idx_data_table_columns_table_position ON data_table_columns(table_id, position);...
2026-09-17 00:24:22.038 | DEBUG    | tldw_Server_API.app.core.DB_Management.media_db.schema.features.core_media:apply_postgres_core_media_schema:361 - Applying Postgres base initializer DDL: CREATE UNIQUE INDEX IF NOT EXISTS ux_data_table_columns_table_position_active ON data_table_columns(table_id, position, ...
2026-09-17 00:24:22.038 | DEBUG    | tldw_Server_API.app.core.DB_Management.media_db.schema.features.core_media:apply_postgres_core_media_schema:361 - Applying Postgres base initializer DDL: CREATE UNIQUE INDEX IF NOT EXISTS ux_data_table_rows_table_row ON data_table_rows(table_id, row_id);...
2026-09-17 00:24:22.038 | DEBUG    | tldw_Server_API.app.core.DB_Management.media_db.schema.features.core_media:apply_postgres_core_media_schema:361 - Applying Postgres base initializer DDL: CREATE INDEX IF NOT EXISTS idx_data_table_rows_table_index ON data_table_rows(table_id, row_index);...
2026-09-17 00:24:22.038 | DEBUG    | tldw_Server_API.app.core.DB_Management.media_db.schema.features.core_media:apply_postgres_core_media_schema:361 - Applying Postgres base initializer DDL: CREATE UNIQUE INDEX IF NOT EXISTS ux_data_table_rows_table_index_active ON data_table_rows(table_id, row_index, deleted)...
2026-09-17 00:24:22.039 | DEBUG    | tldw_Server_API.app.core.DB_Management.media_db.schema.features.core_media:apply_postgres_core_media_schema:361 - Applying Postgres base initializer DDL: CREATE INDEX IF NOT EXISTS idx_data_table_sources_table ON data_table_sources(table_id);...
2026-09-17 00:24:22.044 | DEBUG    | tldw_Server_API.app.core.DB_Management.media_db.schema.features.core_media:apply_postgres_core_media_schema:370 - Applying Postgres index DDL: CREATE INDEX IF NOT EXISTS idx_media_title ON Media(title);...
2026-09-17 00:24:22.044 | DEBUG    | tldw_Server_API.app.core.DB_Management.media_db.schema.features.core_media:apply_postgres_core_media_schema:370 - Applying Postgres index DDL: CREATE INDEX IF NOT EXISTS idx_media_type ON Media(type);...
2026-09-17 00:24:22.045 | DEBUG    | tldw_Server_API.app.core.DB_Management.media_db.schema.features.core_media:apply_postgres_core_media_schema:370 - Applying Postgres index DDL: CREATE INDEX IF NOT EXISTS idx_media_author ON Media(author);...
2026-09-17 00:24:22.045 | DEBUG    | tldw_Server_API.app.core.DB_Management.media_db.schema.features.core_media:apply_postgres_core_media_schema:370 - Applying Postgres index DDL: CREATE INDEX IF NOT EXISTS idx_media_ingestion_date ON Media(ingestion_date);...
2026-09-17 00:24:22.045 | DEBUG    | tldw_Server_API.app.core.DB_Management.media_db.schema.features.core_media:apply_postgres_core_media_schema:370 - Applying Postgres index DDL: CREATE INDEX IF NOT EXISTS idx_media_chunking_status ON Media(chunking_status);...
2026-09-17 00:24:22.046 | DEBUG    | tldw_Server_API.app.core.DB_Management.media_db.schema.features.core_media:apply_postgres_core_media_schema:370 - Applying Postgres index DDL: CREATE INDEX IF NOT EXISTS idx_media_vector_processing ON Media(vector_processing);...
2026-09-17 00:24:22.046 | DEBUG    | tldw_Server_API.app.core.DB_Management.media_db.schema.features.core_media:apply_postgres_core_media_schema:370 - Applying Postgres index DDL: CREATE INDEX IF NOT EXISTS idx_media_is_trash ON Media(is_trash);...
2026-09-17 00:24:22.046 | DEBUG    | tldw_Server_API.app.core.DB_Management.media_db.schema.features.core_media:apply_postgres_core_media_schema:370 - Applying Postgres index DDL: CREATE INDEX IF NOT EXISTS idx_media_content_hash ON Media(content_hash);...
2026-09-17 00:24:22.046 | DEBUG    | tldw_Server_API.app.core.DB_Management.media_db.schema.features.core_media:apply_postgres_core_media_schema:370 - Applying Postgres index DDL: CREATE INDEX IF NOT EXISTS idx_media_source_hash ON Media(source_hash);...
2026-09-17 00:24:22.047 | DEBUG    | tldw_Server_API.app.core.DB_Management.media_db.schema.features.core_media:apply_postgres_core_media_schema:370 - Applying Postgres index DDL: CREATE UNIQUE INDEX IF NOT EXISTS idx_media_uuid ON Media(uuid);...
2026-09-17 00:24:22.047 | DEBUG    | tldw_Server_API.app.core.DB_Management.media_db.schema.features.core_media:apply_postgres_core_media_schema:370 - Applying Postgres index DDL: CREATE INDEX IF NOT EXISTS idx_media_last_modified ON Media(last_modified);...
2026-09-17 00:24:22.047 | DEBUG    | tldw_Server_API.app.core.DB_Management.media_db.schema.features.core_media:apply_postgres_core_media_schema:370 - Applying Postgres index DDL: CREATE INDEX IF NOT EXISTS idx_media_deleted ON Media(deleted);...
2026-09-17 00:24:22.048 | DEBUG    | tldw_Server_API.app.core.DB_Management.media_db.schema.features.core_media:apply_postgres_core_media_schema:370 - Applying Postgres index DDL: CREATE INDEX IF NOT EXISTS idx_media_prev_version ON Media(prev_version);...
2026-09-17 00:24:22.048 | DEBUG    | tldw_Server_API.app.core.DB_Management.media_db.schema.features.core_media:apply_postgres_core_media_schema:370 - Applying Postgres index DDL: CREATE INDEX IF NOT EXISTS idx_media_merge_parent_uuid ON Media(merge_parent_uuid);...
2026-09-17 00:24:22.048 | DEBUG    | tldw_Server_API.app.core.DB_Management.media_db.schema.features.core_media:apply_postgres_core_media_schema:370 - Applying Postgres index DDL: CREATE INDEX IF NOT EXISTS idx_media_org_id ON Media(org_id);...
2026-09-17 00:24:22.049 | DEBUG    | tldw_Server_API.app.core.DB_Management.media_db.schema.features.core_media:apply_postgres_core_media_schema:370 - Applying Postgres index DDL: CREATE INDEX IF NOT EXISTS idx_media_team_id ON Media(team_id);...
2026-09-17 00:24:22.049 | DEBUG    | tldw_Server_API.app.core.DB_Management.media_db.schema.features.core_media:apply_postgres_core_media_schema:370 - Applying Postgres index DDL: CREATE INDEX IF NOT EXISTS idx_media_visibility ON Media(visibility);...
2026-09-17 00:24:22.049 | DEBUG    | tldw_Server_API.app.core.DB_Management.media_db.schema.features.core_media:apply_postgres_core_media_schema:370 - Applying Postgres index DDL: CREATE INDEX IF NOT EXISTS idx_media_owner_user_id ON Media(owner_user_id);...
2026-09-17 00:24:22.050 | DEBUG    | tldw_Server_API.app.core.DB_Management.media_db.schema.features.core_media:apply_postgres_core_media_schema:370 - Applying Postgres index DDL: CREATE INDEX IF NOT EXISTS idx_media_latest_transcription_run_id ON Media(latest_transcription_run_id);...
2026-09-17 00:24:22.050 | DEBUG    | tldw_Server_API.app.core.DB_Management.media_db.schema.features.core_media:apply_postgres_core_media_schema:370 - Applying Postgres index DDL: CREATE INDEX IF NOT EXISTS idx_media_next_transcription_run_id ON Media(next_transcription_run_id);...
2026-09-17 00:24:22.050 | DEBUG    | tldw_Server_API.app.core.DB_Management.media_db.schema.features.core_media:apply_postgres_core_media_schema:370 - Applying Postgres index DDL: CREATE UNIQUE INDEX IF NOT EXISTS ux_media_system_operation_source ON Media(system_operation_kind, system_operation_id, ...
2026-09-17 00:24:22.050 | DEBUG    | tldw_Server_API.app.core.DB_Management.media_db.schema.features.core_media:apply_postgres_core_media_schema:370 - Applying Postgres index DDL: CREATE UNIQUE INDEX IF NOT EXISTS idx_keywords_uuid ON Keywords(uuid);...
2026-09-17 00:24:22.051 | DEBUG    | tldw_Server_API.app.core.DB_Management.media_db.schema.features.core_media:apply_postgres_core_media_schema:370 - Applying Postgres index DDL: CREATE INDEX IF NOT EXISTS idx_keywords_last_modified ON Keywords(last_modified);...
2026-09-17 00:24:22.051 | DEBUG    | tldw_Server_API.app.core.DB_Management.media_db.schema.features.core_media:apply_postgres_core_media_schema:370 - Applying Postgres index DDL: CREATE INDEX IF NOT EXISTS idx_keywords_deleted ON Keywords(deleted);...
2026-09-17 00:24:22.051 | DEBUG    | tldw_Server_API.app.core.DB_Management.media_db.schema.features.core_media:apply_postgres_core_media_schema:370 - Applying Postgres index DDL: CREATE INDEX IF NOT EXISTS idx_keywords_prev_version ON Keywords(prev_version);...
2026-09-17 00:24:22.051 | DEBUG    | tldw_Server_API.app.core.DB_Management.media_db.schema.features.core_media:apply_postgres_core_media_schema:370 - Applying Postgres index DDL: CREATE INDEX IF NOT EXISTS idx_keywords_merge_parent_uuid ON Keywords(merge_parent_uuid);...
2026-09-17 00:24:22.052 | DEBUG    | tldw_Server_API.app.core.DB_Management.media_db.schema.features.core_media:apply_postgres_core_media_schema:370 - Applying Postgres index DDL: CREATE INDEX IF NOT EXISTS idx_mediakeywords_media_id ON MediaKeywords(media_id);...
2026-09-17 00:24:22.052 | DEBUG    | tldw_Server_API.app.core.DB_Management.media_db.schema.features.core_media:apply_postgres_core_media_schema:370 - Applying Postgres index DDL: CREATE INDEX IF NOT EXISTS idx_mediakeywords_keyword_id ON MediaKeywords(keyword_id);...
2026-09-17 00:24:22.052 | DEBUG    | tldw_Server_API.app.core.DB_Management.media_db.schema.features.core_media:apply_postgres_core_media_schema:370 - Applying Postgres index DDL: CREATE INDEX IF NOT EXISTS idx_owned_clone_keywords_keyword ON OperationOwnedCloneKeywords(keyword);...
2026-09-17 00:24:22.053 | DEBUG    | tldw_Server_API.app.core.DB_Management.media_db.schema.features.core_media:apply_postgres_core_media_schema:370 - Applying Postgres index DDL: CREATE INDEX IF NOT EXISTS idx_owned_clone_keywords_operation ON OperationOwnedCloneKeywords(operation_id, source_identi...
2026-09-17 00:24:22.053 | DEBUG    | tldw_Server_API.app.core.DB_Management.media_db.schema.features.core_media:apply_postgres_core_media_schema:370 - Applying Postgres index DDL: CREATE INDEX IF NOT EXISTS idx_transcripts_media_id ON Transcripts(media_id);...
2026-09-17 00:24:22.053 | DEBUG    | tldw_Server_API.app.core.DB_Management.media_db.schema.features.core_media:apply_postgres_core_media_schema:370 - Applying Postgres index DDL: CREATE UNIQUE INDEX IF NOT EXISTS idx_transcripts_uuid ON Transcripts(uuid);...
2026-09-17 00:24:22.053 | DEBUG    | tldw_Server_API.app.core.DB_Management.media_db.schema.features.core_media:apply_postgres_core_media_schema:370 - Applying Postgres index DDL: CREATE INDEX IF NOT EXISTS idx_transcripts_last_modified ON Transcripts(last_modified);...
2026-09-17 00:24:22.053 | DEBUG    | tldw_Server_API.app.core.DB_Management.media_db.schema.features.core_media:apply_postgres_core_media_schema:370 - Applying Postgres index DDL: CREATE INDEX IF NOT EXISTS idx_transcripts_deleted ON Transcripts(deleted);...
2026-09-17 00:24:22.054 | DEBUG    | tldw_Server_API.app.core.DB_Management.media_db.schema.features.core_media:apply_postgres_core_media_schema:370 - Applying Postgres index DDL: CREATE INDEX IF NOT EXISTS idx_transcripts_prev_version ON Transcripts(prev_version);...
2026-09-17 00:24:22.054 | DEBUG    | tldw_Server_API.app.core.DB_Management.media_db.schema.features.core_media:apply_postgres_core_media_schema:370 - Applying Postgres index DDL: CREATE INDEX IF NOT EXISTS idx_transcripts_merge_parent_uuid ON Transcripts(merge_parent_uuid);...
2026-09-17 00:24:22.054 | DEBUG    | tldw_Server_API.app.core.DB_Management.media_db.schema.features.core_media:apply_postgres_core_media_schema:370 - Applying Postgres index DDL: CREATE UNIQUE INDEX IF NOT EXISTS idx_transcripts_media_run_id ON Transcripts(media_id, transcription_run_id DESC) WHERE...
2026-09-17 00:24:22.054 | DEBUG    | tldw_Server_API.app.core.DB_Management.media_db.schema.features.core_media:apply_postgres_core_media_schema:370 - Applying Postgres index DDL: CREATE INDEX IF NOT EXISTS idx_transcripts_supersedes_run_id ON Transcripts(supersedes_run_id);...
2026-09-17 00:24:22.055 | DEBUG    | tldw_Server_API.app.core.DB_Management.media_db.schema.features.core_media:apply_postgres_core_media_schema:370 - Applying Postgres index DDL: CREATE UNIQUE INDEX IF NOT EXISTS idx_transcripts_media_idempotency_key ON Transcripts(media_id, idempotency_key) WHERE ...
2026-09-17 00:24:22.055 | DEBUG    | tldw_Server_API.app.core.DB_Management.media_db.schema.features.core_media:apply_postgres_core_media_schema:370 - Applying Postgres index DDL: CREATE INDEX IF NOT EXISTS idx_mediachunks_media_id ON MediaChunks(media_id);...
2026-09-17 00:24:22.055 | DEBUG    | tldw_Server_API.app.core.DB_Management.media_db.schema.features.core_media:apply_postgres_core_media_schema:370 - Applying Postgres index DDL: CREATE UNIQUE INDEX IF NOT EXISTS idx_mediachunks_uuid ON MediaChunks(uuid);...
2026-09-17 00:24:22.055 | DEBUG    | tldw_Server_API.app.core.DB_Management.media_db.schema.features.core_media:apply_postgres_core_media_schema:370 - Applying Postgres index DDL: CREATE INDEX IF NOT EXISTS idx_mediachunks_last_modified ON MediaChunks(last_modified);...
2026-09-17 00:24:22.056 | DEBUG    | tldw_Server_API.app.core.DB_Management.media_db.schema.features.core_media:apply_postgres_core_media_schema:370 - Applying Postgres index DDL: CREATE INDEX IF NOT EXISTS idx_mediachunks_deleted ON MediaChunks(deleted);...
2026-09-17 00:24:22.056 | DEBUG    | tldw_Server_API.app.core.DB_Management.media_db.schema.features.core_media:apply_postgres_core_media_schema:370 - Applying Postgres index DDL: CREATE INDEX IF NOT EXISTS idx_mediachunks_prev_version ON MediaChunks(prev_version);...
2026-09-17 00:24:22.056 | DEBUG    | tldw_Server_API.app.core.DB_Management.media_db.schema.features.core_media:apply_postgres_core_media_schema:370 - Applying Postgres index DDL: CREATE INDEX IF NOT EXISTS idx_mediachunks_merge_parent_uuid ON MediaChunks(merge_parent_uuid);...
2026-09-17 00:24:22.057 | DEBUG    | tldw_Server_API.app.core.DB_Management.media_db.schema.features.core_media:apply_postgres_core_media_schema:370 - Applying Postgres index DDL: CREATE INDEX IF NOT EXISTS idx_unvectorized_media_chunks_media_id ON UnvectorizedMediaChunks(media_id);...
2026-09-17 00:24:22.057 | DEBUG    | tldw_Server_API.app.core.DB_Management.media_db.schema.features.core_media:apply_postgres_core_media_schema:370 - Applying Postgres index DDL: CREATE INDEX IF NOT EXISTS idx_unvectorized_media_chunks_is_processed ON UnvectorizedMediaChunks(is_processed);...
2026-09-17 00:24:22.058 | DEBUG    | tldw_Server_API.app.core.DB_Management.media_db.schema.features.core_media:apply_postgres_core_media_schema:370 - Applying Postgres index DDL: CREATE INDEX IF NOT EXISTS idx_unvectorized_media_chunks_chunk_type ON UnvectorizedMediaChunks(chunk_type);...
2026-09-17 00:24:22.058 | DEBUG    | tldw_Server_API.app.core.DB_Management.media_db.schema.features.core_media:apply_postgres_core_media_schema:370 - Applying Postgres index DDL: CREATE UNIQUE INDEX IF NOT EXISTS idx_unvectorizedmediachunks_uuid ON UnvectorizedMediaChunks(uuid);...
2026-09-17 00:24:22.058 | DEBUG    | tldw_Server_API.app.core.DB_Management.media_db.schema.features.core_media:apply_postgres_core_media_schema:370 - Applying Postgres index DDL: CREATE INDEX IF NOT EXISTS idx_unvectorizedmediachunks_last_modified ON UnvectorizedMediaChunks(last_modified);...
2026-09-17 00:24:22.058 | DEBUG    | tldw_Server_API.app.core.DB_Management.media_db.schema.features.core_media:apply_postgres_core_media_schema:370 - Applying Postgres index DDL: CREATE INDEX IF NOT EXISTS idx_unvectorizedmediachunks_deleted ON UnvectorizedMediaChunks(deleted);...
2026-09-17 00:24:22.059 | DEBUG    | tldw_Server_API.app.core.DB_Management.media_db.schema.features.core_media:apply_postgres_core_media_schema:370 - Applying Postgres index DDL: CREATE INDEX IF NOT EXISTS idx_unvectorizedmediachunks_prev_version ON UnvectorizedMediaChunks(prev_version);...
2026-09-17 00:24:22.059 | DEBUG    | tldw_Server_API.app.core.DB_Management.media_db.schema.features.core_media:apply_postgres_core_media_schema:370 - Applying Postgres index DDL: CREATE INDEX IF NOT EXISTS idx_unvectorizedmediachunks_merge_parent_uuid ON UnvectorizedMediaChunks(merge_parent_uuid);...
2026-09-17 00:24:22.059 | DEBUG    | tldw_Server_API.app.core.DB_Management.media_db.schema.features.core_media:apply_postgres_core_media_schema:370 - Applying Postgres index DDL: CREATE INDEX IF NOT EXISTS idx_visualdocs_media_id ON VisualDocuments(media_id);...
2026-09-17 00:24:22.059 | DEBUG    | tldw_Server_API.app.core.DB_Management.media_db.schema.features.core_media:apply_postgres_core_media_schema:370 - Applying Postgres index DDL: CREATE UNIQUE INDEX IF NOT EXISTS idx_visualdocs_uuid ON VisualDocuments(uuid);...
2026-09-17 00:24:22.060 | DEBUG    | tldw_Server_API.app.core.DB_Management.media_db.schema.features.core_media:apply_postgres_core_media_schema:370 - Applying Postgres index DDL: CREATE INDEX IF NOT EXISTS idx_visualdocs_last_modified ON VisualDocuments(last_modified);...
2026-09-17 00:24:22.060 | DEBUG    | tldw_Server_API.app.core.DB_Management.media_db.schema.features.core_media:apply_postgres_core_media_schema:370 - Applying Postgres index DDL: CREATE INDEX IF NOT EXISTS idx_visualdocs_deleted ON VisualDocuments(deleted);...
2026-09-17 00:24:22.060 | DEBUG    | tldw_Server_API.app.core.DB_Management.media_db.schema.features.core_media:apply_postgres_core_media_schema:370 - Applying Postgres index DDL: CREATE INDEX IF NOT EXISTS idx_visualdocs_prev_version ON VisualDocuments(prev_version);...
2026-09-17 00:24:22.061 | DEBUG    | tldw_Server_API.app.core.DB_Management.media_db.schema.features.core_media:apply_postgres_core_media_schema:370 - Applying Postgres index DDL: CREATE INDEX IF NOT EXISTS idx_visualdocs_merge_parent_uuid ON VisualDocuments(merge_parent_uuid);...
2026-09-17 00:24:22.061 | DEBUG    | tldw_Server_API.app.core.DB_Management.media_db.schema.features.core_media:apply_postgres_core_media_schema:370 - Applying Postgres index DDL: CREATE INDEX IF NOT EXISTS idx_visualdocs_page_frame ON VisualDocuments(media_id, page_number, frame_index);...
2026-09-17 00:24:22.061 | DEBUG    | tldw_Server_API.app.core.DB_Management.media_db.schema.features.core_media:apply_postgres_core_media_schema:370 - Applying Postgres index DDL: CREATE INDEX IF NOT EXISTS idx_visualdocs_caption ON VisualDocuments(caption);...
2026-09-17 00:24:22.061 | DEBUG    | tldw_Server_API.app.core.DB_Management.media_db.schema.features.core_media:apply_postgres_core_media_schema:370 - Applying Postgres index DDL: CREATE INDEX IF NOT EXISTS idx_visualdocs_tags ON VisualDocuments(tags);...
2026-09-17 00:24:22.061 | DEBUG    | tldw_Server_API.app.core.DB_Management.media_db.schema.features.core_media:apply_postgres_core_media_schema:370 - Applying Postgres index DDL: CREATE INDEX IF NOT EXISTS idx_document_versions_media_id ON DocumentVersions(media_id);...
2026-09-17 00:24:22.062 | DEBUG    | tldw_Server_API.app.core.DB_Management.media_db.schema.features.core_media:apply_postgres_core_media_schema:370 - Applying Postgres index DDL: CREATE INDEX IF NOT EXISTS idx_document_versions_version_number ON DocumentVersions(version_number);...
2026-09-17 00:24:22.062 | DEBUG    | tldw_Server_API.app.core.DB_Management.media_db.schema.features.core_media:apply_postgres_core_media_schema:370 - Applying Postgres index DDL: CREATE UNIQUE INDEX IF NOT EXISTS idx_documentversions_uuid ON DocumentVersions(uuid);...
2026-09-17 00:24:22.062 | DEBUG    | tldw_Server_API.app.core.DB_Management.media_db.schema.features.core_media:apply_postgres_core_media_schema:370 - Applying Postgres index DDL: CREATE INDEX IF NOT EXISTS idx_documentversions_last_modified ON DocumentVersions(last_modified);...
2026-09-17 00:24:22.062 | DEBUG    | tldw_Server_API.app.core.DB_Management.media_db.schema.features.core_media:apply_postgres_core_media_schema:370 - Applying Postgres index DDL: CREATE INDEX IF NOT EXISTS idx_documentversions_deleted ON DocumentVersions(deleted);...
2026-09-17 00:24:22.063 | DEBUG    | tldw_Server_API.app.core.DB_Management.media_db.schema.features.core_media:apply_postgres_core_media_schema:370 - Applying Postgres index DDL: CREATE INDEX IF NOT EXISTS idx_documentversions_prev_version ON DocumentVersions(prev_version);...
2026-09-17 00:24:22.063 | DEBUG    | tldw_Server_API.app.core.DB_Management.media_db.schema.features.core_media:apply_postgres_core_media_schema:370 - Applying Postgres index DDL: CREATE INDEX IF NOT EXISTS idx_documentversions_merge_parent_uuid ON DocumentVersions(merge_parent_uuid);...
2026-09-17 00:24:22.063 | DEBUG    | tldw_Server_API.app.core.DB_Management.media_db.schema.features.core_media:apply_postgres_core_media_schema:370 - Applying Postgres index DDL: CREATE INDEX IF NOT EXISTS idx_dvi_doi ON DocumentVersionIdentifiers(doi);...
2026-09-17 00:24:22.063 | DEBUG    | tldw_Server_API.app.core.DB_Management.media_db.schema.features.core_media:apply_postgres_core_media_schema:370 - Applying Postgres index DDL: CREATE INDEX IF NOT EXISTS idx_dvi_pmid ON DocumentVersionIdentifiers(pmid);...
2026-09-17 00:24:22.064 | DEBUG    | tldw_Server_API.app.core.DB_Management.media_db.schema.features.core_media:apply_postgres_core_media_schema:370 - Applying Postgres index DDL: CREATE INDEX IF NOT EXISTS idx_dvi_pmcid ON DocumentVersionIdentifiers(pmcid);...
2026-09-17 00:24:22.064 | DEBUG    | tldw_Server_API.app.core.DB_Management.media_db.schema.features.core_media:apply_postgres_core_media_schema:370 - Applying Postgres index DDL: CREATE INDEX IF NOT EXISTS idx_dvi_arxiv ON DocumentVersionIdentifiers(arxiv_id);...
2026-09-17 00:24:22.064 | DEBUG    | tldw_Server_API.app.core.DB_Management.media_db.schema.features.core_media:apply_postgres_core_media_schema:370 - Applying Postgres index DDL: CREATE INDEX IF NOT EXISTS idx_dvi_s2 ON DocumentVersionIdentifiers(s2_paper_id);...
2026-09-17 00:24:22.064 | DEBUG    | tldw_Server_API.app.core.DB_Management.media_db.schema.features.core_media:apply_postgres_core_media_schema:370 - Applying Postgres index DDL: CREATE INDEX IF NOT EXISTS idx_dsi_media_kind ON DocumentStructureIndex(media_id, kind);...
2026-09-17 00:24:22.065 | DEBUG    | tldw_Server_API.app.core.DB_Management.media_db.schema.features.core_media:apply_postgres_core_media_schema:370 - Applying Postgres index DDL: CREATE INDEX IF NOT EXISTS idx_dsi_media_start ON DocumentStructureIndex(media_id, start_char);...
2026-09-17 00:24:22.065 | DEBUG    | tldw_Server_API.app.core.DB_Management.media_db.schema.features.core_media:apply_postgres_core_media_schema:370 - Applying Postgres index DDL: CREATE INDEX IF NOT EXISTS idx_dsi_media_parent ON DocumentStructureIndex(parent_id);...
2026-09-17 00:24:22.065 | DEBUG    | tldw_Server_API.app.core.DB_Management.media_db.schema.features.core_media:apply_postgres_core_media_schema:370 - Applying Postgres index DDL: CREATE INDEX IF NOT EXISTS idx_dsi_media_path ON DocumentStructureIndex(media_id, path);...
2026-09-17 00:24:22.066 | DEBUG    | tldw_Server_API.app.core.DB_Management.media_db.schema.features.core_media:apply_postgres_core_media_schema:370 - Applying Postgres index DDL: CREATE INDEX IF NOT EXISTS idx_sync_log_ts ON sync_log(timestamp);...
2026-09-17 00:24:22.066 | DEBUG    | tldw_Server_API.app.core.DB_Management.media_db.schema.features.core_media:apply_postgres_core_media_schema:370 - Applying Postgres index DDL: CREATE INDEX IF NOT EXISTS idx_sync_log_entity_uuid ON sync_log(entity_uuid);...
2026-09-17 00:24:22.070 | ERROR    | tldw_Server_API.app.core.DB_Management.backends.postgresql_backend:execute:1089 - PostgreSQL query execution failed
2026-09-17 00:24:22.070 | CRITICAL | tldw_Server_API.app.core.DB_Management.media_db.runtime.bootstrap_lifecycle_ops:initialize_media_database:123 - FATAL: DB Initialization failed for /private/var/folders/sn/m80n2j152t9gw3w8qwk2nykh0000gn/T/pytest-of-macbook-dev/pytest-666/test_actual_worker_persists_pa5/media.db: PostgreSQL query execution failed
2026-09-17 00:24:22.070 | ERROR    | tldw_Server_API.app.core.DB_Management.media_db.runtime.bootstrap_lifecycle_ops:initialize_media_database:142 - Database initialization block finished for /private/var/folders/sn/m80n2j152t9gw3w8qwk2nykh0000gn/T/pytest-of-macbook-dev/pytest-666/test_actual_worker_persists_pa5/media.db, but failed.2026-09-17 00:24:22.149 | INFO     | tldw_Server_API.app.core.config:_buffered_log:210 - Determined ACTUAL_PROJECT_ROOT for database paths: /Users/macbook-dev/Documents/GitHub/tldw_server2
2026-09-17 00:24:22.149 | INFO     | tldw_Server_API.app.core.config:_buffered_log:210 - Early loading environment variables from: /Users/macbook-dev/Documents/GitHub/tldw_server2/tldw_Server_API/Config_Files/.env
2026-09-17 00:24:22.153 | INFO     | tldw_Server_API.app.core.config:_buffered_log:210 - Early loading environment variables from: /Users/macbook-dev/Documents/GitHub/tldw_server2/tldw_Server_API/Config_Files/.ENV
2026-09-17 00:24:22.158 | DEBUG    | tldw_Server_API.app.core.config:_buffered_log:210 - load_and_log_configs(): Loading and logging configurations...
2026-09-17 00:24:22.158 | INFO     | tldw_Server_API.app.core.config:_buffered_log:210 - Loading environment variables from: /Users/macbook-dev/Documents/GitHub/tldw_server2/tldw_Server_API/Config_Files/.env
2026-09-17 00:24:22.162 | INFO     | tldw_Server_API.app.core.config:_buffered_log:210 - Loading environment variables from: /Users/macbook-dev/Documents/GitHub/tldw_server2/tldw_Server_API/Config_Files/.ENV
2026-09-17 00:24:22.167 | INFO     | tldw_Server_API.app.core.config:_buffered_log:210 - Attempting to load comprehensive config from: /Users/macbook-dev/Documents/GitHub/tldw_server2/tldw_Server_API/Config_Files/config.txt
2026-09-17 00:24:22.169 | INFO     | tldw_Server_API.app.core.config:_buffered_log:210 - load_comprehensive_config(): Sections found in config: ['Setup', 'UI', 'Server', 'Files', 'Image-Generation', 'ACP', 'WORKSPACES', 'ACP-WORKSPACE', 'ACP-SANDBOX', 'Audit', 'Processing', 'Media-Processing', 'Chat-Dictionaries', 'Chat-Module', 'Chat-Commands', 'Chat-Templating', 'Character-Chat', 'Settings', 'Auto-Save', 'Prompts', 'Database', 'Chunking', 'Visual-RAG', 'AuthNZ', 'Streaming', 'HTTP', 'Egress', 'Embeddings', 'Claims', 'ClaimsMonitoring', 'RAG', 'Search-Agent', 'ResourceGovernor', 'Jobs', 'SlidesStandaloneHtml', 'Diarization', 'API', 'MLX', 'Local-API', 'LlamaCpp', 'STT-Settings', 'external_providers', 'TTS-Settings', 'VibeVoice', 'Audio-Quota', 'API-Routes', 'Search-Engines', 'Web-Scraper', 'Logging', 'Moderation', 'Redis', 'Web-Scraping', 'personalization', 'persona', 'persona.rbac']
2026-09-17 00:24:22.171 | INFO     | tldw_Server_API.app.core.config:_buffered_log:210 - Ensured main SQLite database directory exists: /Users/macbook-dev/Documents/GitHub/tldw_server2/Databases
2026-09-17 00:24:22.171 | INFO     | tldw_Server_API.app.core.config:_buffered_log:210 - Ensured user data base directory exists: Databases/user_databases
2026-09-17 00:24:22.171 | INFO     | tldw_Server_API.app.api.v1.API_Deps.Audit_DB_Deps:<module>:532 - Using cachetools.LRUCache for audit service instances (maxsize=20).
2026-09-17 00:24:22.172 | INFO     | tldw_Server_API.app.api.v1.API_Deps.Audit_DB_Deps:shutdown_all_audit_services:1034 - Shutting down audit services for 0 instances...
2026-09-17 00:24:22.172 | INFO     | tldw_Server_API.app.api.v1.API_Deps.Audit_DB_Deps:shutdown_all_audit_services:1091 - All audit services shut down successfully.
2026-09-17 00:24:22.183 | DEBUG    | tldw_Server_API.app.core.AuthNZ.settings:_ensure_jwt_secret:899 - Single-user mode - skipping JWT secret initialization
2026-09-17 00:24:22.183 | WARNING  | tldw_Server_API.app.core.AuthNZ.settings:_validate_api_key:1013 - SINGLE_USER_API_KEY uses a legacy format; generate a new server-generated key for improved security.
2026-09-17 00:24:22.184 | INFO     | tldw_Server_API.app.core.AuthNZ.settings:get_settings:1588 - Settings initialized - Auth mode: single_user, profile=local-single-user
2026-09-17 00:24:22.184 | INFO     | tldw_Server_API.app.core.AuthNZ.db_config:_detect_backend:83 - Detected database backend: sqlite
2026-09-17 00:24:22.246 | DEBUG    | tldw_Server_API.app.core.Scheduler.base.registry:decorator:81 - Registered task handler: watchlist_run
2026-09-17 00:24:22.246 | DEBUG    | tldw_Server_API.app.core.Scheduler.base.registry:decorator:81 - Registered task handler: watchlists_enrich_output
2026-09-17 00:24:22.246 | DEBUG    | tldw_Server_API.app.core.Scheduler.base.registry:decorator:81 - Registered task handler: watchlists_deliver_briefing
2026-09-17 00:24:22.247 | DEBUG    | tldw_Server_API.app.core.Scheduler.base.registry:decorator:81 - Registered task handler: acp_run
2026-09-17 00:24:22.247 | DEBUG    | tldw_Server_API.app.core.Scheduler.base.registry:decorator:81 - Registered task handler: workflow_run
2026-09-17 00:24:22.247 | WARNING  | tldw_Server_API.app.core.DB_Management.db_path_utils:resolve_user_db_base_dir:491 - USER_DB_BASE_DIR not configured in tests, using isolated fallback: /private/var/folders/sn/m80n2j152t9gw3w8qwk2nykh0000gn/T/tldw_user_databases_test/default-16e3469d
2026-09-17 00:24:22.248 | DEBUG    | tldw_Server_API.app.core.DB_Management.backends.factory:_get_or_create_shared_sqlite_backend:325 - Creating sqlite backend for /private/var/folders/sn/m80n2j152t9gw3w8qwk2nykh0000gn/T/tldw_user_databases_test/default-16e3469d/1/workflows/workflows_scheduler.db
2026-09-17 00:24:22.249 | INFO     | tldw_Server_API.app.core.DB_Management.Workflows_Scheduler_DB:__init__:210 - WorkflowsSchedulerDB using SQLite path: /private/var/folders/sn/m80n2j152t9gw3w8qwk2nykh0000gn/T/tldw_user_databases_test/default-16e3469d/1/workflows/workflows_scheduler.db
2026-09-17 00:24:22.249 | INFO     | tldw_Server_API.app.services.workflows_scheduler:stop:183 - Workflows recurring scheduler stopped
2026-09-17 00:24:22.250 | INFO     | tldw_Server_API.app.api.v1.API_Deps.ChaCha_Notes_DB_Deps:close_all_chacha_db_instances:876 - Closing all cached ChaChaNotesDB instances (0)...
2026-09-17 00:24:22.250 | INFO     | tldw_Server_API.app.api.v1.API_Deps.ChaCha_Notes_DB_Deps:close_all_chacha_db_instances:892 - All ChaChaNotesDB instances closed and cache cleared.
2026-09-17 00:24:22.399 | DEBUG    | tldw_Server_API.app.core.Metrics.metrics_manager:register_metric:1885 - Registered metric: chunker_cache_get_total
2026-09-17 00:24:22.399 | DEBUG    | tldw_Server_API.app.core.Metrics.metrics_manager:register_metric:1885 - Registered metric: chunker_cache_put_total
2026-09-17 00:24:22.400 | DEBUG    | tldw_Server_API.app.core.Metrics.metrics_manager:register_metric:1885 - Registered metric: chunker_process_total
2026-09-17 00:24:22.400 | DEBUG    | tldw_Server_API.app.core.Metrics.metrics_manager:register_metric:1885 - Registered metric: chunker_frontmatter_duration_seconds
2026-09-17 00:24:22.400 | DEBUG    | tldw_Server_API.app.core.Metrics.metrics_manager:register_metric:1885 - Registered metric: chunker_header_extract_seconds
2026-09-17 00:24:22.400 | DEBUG    | tldw_Server_API.app.core.Metrics.metrics_manager:register_metric:1885 - Registered metric: chunker_chunking_duration_seconds
2026-09-17 00:24:22.400 | DEBUG    | tldw_Server_API.app.core.Metrics.metrics_manager:register_metric:1885 - Registered metric: chunker_normalization_seconds
2026-09-17 00:24:22.400 | DEBUG    | tldw_Server_API.app.core.Metrics.metrics_manager:register_metric:1885 - Registered metric: chunker_last_chunk_count
2026-09-17 00:24:22.400 | DEBUG    | tldw_Server_API.app.core.Metrics.metrics_manager:register_metric:1885 - Registered metric: chunker_output_bytes
2026-09-17 00:24:22.400 | DEBUG    | tldw_Server_API.app.core.Metrics.metrics_manager:register_metric:1885 - Registered metric: chunker_input_bytes
2026-09-17 00:24:22.400 | DEBUG    | tldw_Server_API.app.core.Metrics.metrics_manager:register_metric:1885 - Registered metric: chunker_process_total_seconds
2026-09-17 00:24:22.400 | DEBUG    | tldw_Server_API.app.core.config:_buffered_log:210 - load_and_log_configs(): Loading and logging configurations...
2026-09-17 00:24:22.402 | DEBUG    | tldw_Server_API.app.core.config:_buffered_log:210 - load_and_log_configs(): Loading and logging configurations...

--------------------------- Captured stderr teardown ---------------------------
2026-09-17 00:24:22.119 | INFO     | tldw_Server_API.app.api.v1.API_Deps.ChaCha_Notes_DB_Deps:close_all_chacha_db_instances:876 - Closing all cached ChaChaNotesDB instances (0)...
2026-09-17 00:24:22.119 | INFO     | tldw_Server_API.app.api.v1.API_Deps.ChaCha_Notes_DB_Deps:close_all_chacha_db_instances:892 - All ChaChaNotesDB instances closed and cache cleared.
2026-09-17 00:24:22.120 | INFO     | tldw_Server_API.app.api.v1.API_Deps.ChaCha_Notes_DB_Deps:close_all_chacha_db_instances:876 - Closing all cached ChaChaNotesDB instances (0)...
2026-09-17 00:24:22.120 | INFO     | tldw_Server_API.app.api.v1.API_Deps.ChaCha_Notes_DB_Deps:close_all_chacha_db_instances:892 - All ChaChaNotesDB instances closed and cache cleared.
=========================== short test summary info ============================
FAILED tldw_Server_API/tests/DB_Management/test_study_pack_shared_sync_schema.py::test_shared_sync_writes_remain_in_caller_rollback[postgresql]
FAILED tldw_Server_API/tests/DB_Management/test_study_pack_shared_sync_schema.py::test_reopen_replaces_existing_runtime_trigger_bodies
FAILED tldw_Server_API/tests/DB_Management/test_study_pack_shared_sync_schema.py::test_actual_worker_persists_pack_in_each_content_schema[real-media-first-postgresql]
FAILED tldw_Server_API/tests/DB_Management/test_study_pack_shared_sync_schema.py::test_actual_worker_persists_pack_in_each_content_schema[real-chacha-first-postgresql]
=================== 4 failed, 5 passed, 4 warnings in 13.54s ===================
