
 RUN  v4.0.18 /Users/macbook-dev/Documents/GitHub/tldw_server2/apps/tldw-frontend

(node:55727) ExperimentalWarning: localStorage is not available because --localstorage-file was not provided.
(Use `node --trace-warnings ...` to show where the warning was created)
 ❯ ../packages/ui/src/components/Option/Settings/__tests__/TldwTimeoutSettings.accessibility.test.tsx (9 tests | 9 failed) 2230ms
   × names and focuses the numeric input through its visible label: Request Timeout (seconds) 404ms
   × names and focuses the numeric input through its visible label: Streaming Idle Timeout (seconds) 248ms
   × names and focuses the numeric input through its visible label: Chat Request Timeout 235ms
   × names and focuses the numeric input through its visible label: Chat startup timeout 214ms
   × names and focuses the numeric input through its visible label: Chat Stream Idle 218ms
   × names and focuses the numeric input through its visible label: RAG Request Timeout 214ms
   × names and focuses the numeric input through its visible label: Media Request Timeout 217ms
   × names and focuses the numeric input through its visible label: Upload Request Timeout 215ms
   × keeps labels scoped to their own instance and stable when controlled values rerender 263ms

⎯⎯⎯⎯⎯⎯⎯ Failed Tests 9 ⎯⎯⎯⎯⎯⎯⎯

 FAIL  ../packages/ui/src/components/Option/Settings/__tests__/TldwTimeoutSettings.accessibility.test.tsx > names and focuses the numeric input through its visible label: Request Timeout (seconds)
TestingLibraryElementError: Unable to find an accessible element with the role "spinbutton" and name "Request Timeout (seconds)"

Here are the accessible roles:

  button:

  Name "expanded Advanced Timeouts":
  [36m<div[39m
    [33maria-disabled[39m=[32m"false"[39m
    [33maria-expanded[39m=[32m"true"[39m
    [33mclass[39m=[32m"ant-collapse-header"[39m
    [33mrole[39m=[32m"button"[39m
    [33mtabindex[39m=[32m"0"[39m
  [36m/>[39m

  Name "Reset to recommended":
  [36m<button[39m
    [33mclass[39m=[32m"ant-btn css-dev-only-do-not-override-3uaqrl css-var-r0 ant-btn-default ant-btn-color-default ant-btn-variant-outlined"[39m
    [33mtype[39m=[32m"button"[39m
  [36m/>[39m

  --------------------------------------------------
  img:

  Name "expanded":
  [36m<span[39m
    [33maria-label[39m=[32m"expanded"[39m
    [33mclass[39m=[32m"anticon anticon-right ant-collapse-arrow"[39m
    [33mrole[39m=[32m"img"[39m
  [36m/>[39m

  --------------------------------------------------
  radiogroup:

  Name "segmented control":
  [36m<div[39m
    [33maria-label[39m=[32m"segmented control"[39m
    [33maria-orientation[39m=[32m"horizontal"[39m
    [33mclass[39m=[32m"ant-segmented css-dev-only-do-not-override-3uaqrl css-var-r0"[39m
    [33mrole[39m=[32m"radiogroup"[39m
    [33mtabindex[39m=[32m"0"[39m
  [36m/>[39m

  --------------------------------------------------
  radio:

  Name "Balanced":
  [36m<input[39m
    [33mchecked[39m=[32m""[39m
    [33mclass[39m=[32m"ant-segmented-item-input"[39m
    [33mname[39m=[32m"test-id"[39m
    [33mtype[39m=[32m"radio"[39m
  [36m/>[39m

  Name "Extended":
  [36m<input[39m
    [33mclass[39m=[32m"ant-segmented-item-input"[39m
    [33mname[39m=[32m"test-id"[39m
    [33mtype[39m=[32m"radio"[39m
  [36m/>[39m

  --------------------------------------------------
  spinbutton:

  Name "":
  [36m<input[39m
    [33mclass[39m=[32m"ant-input css-dev-only-do-not-override-3uaqrl"[39m
    [33mmin[39m=[32m"1"[39m
    [33mplaceholder[39m=[32m"10"[39m
    [33mtype[39m=[32m"number"[39m
    [33mvalue[39m=[32m"10"[39m
  [36m/>[39m

  Name "":
  [36m<input[39m
    [33mclass[39m=[32m"ant-input css-dev-only-do-not-override-3uaqrl"[39m
    [33mmin[39m=[32m"1"[39m
    [33mplaceholder[39m=[32m"15"[39m
    [33mtype[39m=[32m"number"[39m
    [33mvalue[39m=[32m"15"[39m
  [36m/>[39m

  Name "":
  [36m<input[39m
    [33mclass[39m=[32m"ant-input css-dev-only-do-not-override-3uaqrl"[39m
    [33mmin[39m=[32m"1"[39m
    [33mtype[39m=[32m"number"[39m
    [33mvalue[39m=[32m"120"[39m
  [36m/>[39m

  Name "":
  [36m<input[39m
    [33mclass[39m=[32m"ant-input css-dev-only-do-not-override-3uaqrl"[39m
    [33mmin[39m=[32m"1"[39m
    [33mtype[39m=[32m"number"[39m
    [33mvalue[39m=[32m"120"[39m
  [36m/>[39m

  Name "":
  [36m<input[39m
    [33mclass[39m=[32m"ant-input css-dev-only-do-not-override-3uaqrl"[39m
    [33mmin[39m=[32m"1"[39m
    [33mtype[39m=[32m"number"[39m
    [33mvalue[39m=[32m"15"[39m
  [36m/>[39m

  Name "":
  [36m<input[39m
    [33mclass[39m=[32m"ant-input css-dev-only-do-not-override-3uaqrl"[39m
    [33mmin[39m=[32m"1"[39m
    [33mtype[39m=[32m"number"[39m
    [33mvalue[39m=[32m"120"[39m
  [36m/>[39m

  Name "":
  [36m<input[39m
    [33mclass[39m=[32m"ant-input css-dev-only-do-not-override-3uaqrl"[39m
    [33mmin[39m=[32m"1"[39m
    [33mtype[39m=[32m"number"[39m
    [33mvalue[39m=[32m"60"[39m
  [36m/>[39m

  Name "":
  [36m<input[39m
    [33mclass[39m=[32m"ant-input css-dev-only-do-not-override-3uaqrl"[39m
    [33mmin[39m=[32m"1"[39m
    [33mtype[39m=[32m"number"[39m
    [33mvalue[39m=[32m"60"[39m
  [36m/>[39m

  --------------------------------------------------

Ignored nodes: comments, script, style
[36m<body>[39m
  [36m<div>[39m
    [36m<div[39m
      [33mclass[39m=[32m"scroll-mt-24"[39m
      [33mid[39m=[32m"tldw-settings-timeouts"[39m
    [36m>[39m
      [36m<div[39m
        [33mclass[39m=[32m"ant-collapse ant-collapse-icon-placement-start mt-4 css-dev-only-do-not-override-3uaqrl css-var-r0"[39m
      [36m>[39m
        [36m<div[39m
          [33mclass[39m=[32m"ant-collapse-item ant-collapse-item-active"[39m
        [36m>[39m
          [36m<div[39m
            [33maria-disabled[39m=[32m"false"[39m
            [33maria-expanded[39m=[32m"true"[39m
            [33mclass[39m=[32m"ant-collapse-header"[39m
            [33mrole[39m=[32m"button"[39m
            [33mtabindex[39m=[32m"0"[39m
          [36m>[39m
            [36m<div[39m
              [33mclass[39m=[32m"ant-collapse-expand-icon"[39m
            [36m>[39m
              [36m<span[39m
                [33maria-label[39m=[32m"expanded"[39m
                [33mclass[39m=[32m"anticon anticon-right ant-collapse-arrow"[39m
                [33mrole[39m=[32m"img"[39m
              [36m>[39m
                [36m<svg[39m
                  [33maria-hidden[39m=[32m"true"[39m
                  [33mdata-icon[39m=[32m"right"[39m
                  [33mfill[39m=[32m"currentColor"[39m
                  [33mfocusable[39m=[32m"false"[39m
                  [33mheight[39m=[32m"1em"[39m
                  [33mstyle[39m=[32m"transform: rotate(90deg);"[39m
                  [33mviewBox[39m=[32m"64 64 896 896"[39m
                  [33mwidth[39m=[32m"1em"[39m
                [36m>[39m
                  [36m<path[39m
                    [33md[39m=[32m"M765.7 486.8L314.9 134.7A7.97 7.97 0 00302 141v77.3c0 4.9 2.3 9.6 6.1 12.6l360 281.1-360 281.1c-3.9 3-6.1 7.7-6.1 12.6V883c0 6.7 7.7 10.4 12.9 6.3l450.8-352.1a31.96 31.96 0 000-50.4z"[39m
                  [36m/>[39m
                [36m</svg>[39m
              [36m</span>[39m
            [36m</div>[39m
            [36m<span[39m
              [33mclass[39m=[32m"ant-collapse-title"[39m
            [36m>[39m
              [0mAdvanced Timeouts[0m
            [36m</span>[39m
          [36m</div>[39m
          [36m<div[39m
            [33mclass[39m=[32m"ant-collapse-panel ant-collapse-panel-active"[39m
          [36m>[39m
            [36m<div[39m
              [33mclass[39m=[32m"ant-collapse-body"[39m
            [36m>[39m
              [36m<div[39m
                [33mclass[39m=[32m"space-y-3"[39m
              [36m>[39m
                [36m<div[39m
                  [33mclass[39m=[32m"flex flex-col gap-2"[39m
                [36m>[39m
                  [36m<span[39m
                    [33mclass[39m=[32m"text-sm font-medium"[39m
                  [36m>[39m
                    [0mTimeout profile[0m
                  [36m</span>[39m
                  [36m<div[39m
                    [33mclass[39m=[32m"flex flex-wrap items-center gap-3"[39m
                  [36m>[39m
                    [36m<div[39m
                      [33maria-label[39m=[32m"segmented control"[39m
                      [33maria-orientation[39m=[32m"horizontal"[39m
                      [33mclass[39m=[32m"ant-segmented css-dev-only-do-not-override-3uaqrl css-var-r0"[39m
                      [33mrole[39m=[32m"radiogroup"[39m
                      [33mtabindex[39m=[32m"0"[39m
                    [36m>[39m
                      [36m<div[39m
                        [33mclass[39m=[32m"ant-segmented-group"[39m
                      [36m>[39m
                        [36m<label[39m
                          [33mclass[39m=[32m"ant-segmented-item ant-segmented-item-selected"[39m
                        [36m>[39m
                          [36m<input[39m
                            [33mchecked[39m=[32m""[39m
                            [33mclass[39m=[32m"ant-segmented-item-input"[39m
                            [33mname[39m=[32m"test-id"[39m
                            [33mtype[39m=[32m"radio"[39m
                          [36m/>[39m
                          [36m<div[39m
                            [33mclass[39m=[32m"ant-segmented-item-label"[39m
                            [33mtitle[39m=[32m"Balanced"[39m
                          [36m>[39m
                            [0mBalanced[0m
                          [36m</div>[39m
                        [36m</label>[39m
                        [36m<label[39m
                          [33mclass[39m=[32m"ant-segmented-item"[39m
                        [36m>[39m
                          [36m<input[39m
                            [33mclass[39m=[32m"ant-segmented-item-input"[39m
                            [33mname[39m=[32m"test-id"[39m
                            [33mtype[39m=[32m"radio"[39m
                          [36m/>[39m
                          [36m<div[39m
                            [33mclass[39m=[32m"ant-segmented-item-label"[39m
                            [33mtitle[39m=[32m"Extended"[39m
                          [36m>[39m
                            [0mExtended[0m
                          [36m</div>[39m
                        [36m</label>[39m
                      [36m</div>[39m
                    [36m</div>[39m
                  [36m</div>[39m
                  [36m<span[39m
                    [33mclass[39m=[32m"text-xs text-text-subtle"[39m
                  [36m>[39m
                    [0mBalanced works well for most setups. Extended adds extra headroom for slower networks or long-running jobs.[0m
                  [36m</span>[39m
                [36m</div>[39m
                [36m<div[39m
                  [33mclass[39m=[32m"grid grid-cols-1 md:grid-cols-2 gap-4"[39m
                [36m>[39m
                  [36m<div>[39m
                    [36m<label[39m
                      [33mclass[39m=[32m"block text-sm font-medium mb-1"[39m
                    [36m>[39m
                      [0mRequest Timeout (seconds)[0m
                    [36m</label>[39m
                    [36m<span[39m
                      [33mclass[39m=[32m"ant-input-affix-wrapper css-dev-only-do-not-override-3uaqrl ant-input-outlined css-var-r0 ant-input-css-var"[39m
                    [36m>[39m
                      [36m<input[39m
                        [33mclass[39m=[32m"ant-input css-dev-only-do-not-override-3uaqrl"[39m
                        [33mmin[39m=[32m"1"[39m
                        [33mplaceholder[39m=[32m"10"[39m
                        [33mtype[39m=[32m"number"[39m
                        [33mvalue[39m=[32m"10"[39m
                      [36m/>[39m
                      [36m<span[39m
                        [33mclass[39m=[32m"ant-input-suffix"[39m
                      [36m>[39m
                        [0ms[0m
                      [36m</span>[39m
                    [36m</span>[39m
                    [36m<div[39m
                      [33mclass[39m=[32m"text-xs text-text-subtle mt-1"[39m
                    [36m>[39m
                      [0mAbort initial requests if no response within this time. Default: 10s.[0m
                    [36m</div>[39m
                  [36m</div>[39m
                  [36m<div>[39m
                    [36m<label[39m
                      [33mclass[39m=[32m"block text-sm font-medium mb-1"[39m
                    [36m>[39m
                      [0mStreaming Idle Timeout (seconds)[0m
                    [36m</label>[39m
                    [36m<span[39m
                      [33mclass[39m=[32m"ant-input-affix-wrapper css-dev-only-do-not-override-3uaqrl ant-input-outlined css-var-r0 ant-input-css-var"[39m
                    [36m>[39m
                      [36m<input[39m
                        [33mclass[39m=[32m"ant-input css-dev-only-do-not-override-3uaqrl"[39m
                        [33mmin[39m=[32m"1"[39m
                        [33mplaceholder[39m=[32m"15"[39m
                        [33mtype[39m=[32m"number"[39m
                        [33mvalue[39m=[32m"15"[39m
                      [36m/>[39m
                      [36m<span[39m
                        [33mclass[39m=[32m"ant-input-suffix"[39m
                      [36m>[39m
                        [0ms[0m
                      [36m</span>[39m
                    [36m</span>[39m
                    [36m<div[39m
                      [33mclass[39m=[32m"text-xs text-text-subtle mt-1"[39m
                    [36m>[39m
                      [0mAbort streaming if no updates received within this time. Default: 15s.[0m
                    [36m</div>[39m
                  [36m</div>[39m
                [36m</div>[39m
                [36m<div[39m
                  [33mclass[39m=[32m"grid grid-cols-1 md:grid-cols-2 gap-4"[39m
                [36m>[39m
                  [36m<div>[39m
                    [36m<label[39m
                      [33mclass[39m=[32m"block text-sm font-medium mb-1"[39m
                    [36m>[39m
                      [0mChat Request Timeout[0m
                    [36m</label>[39m
                    [36m<span[39m
                      [33mclass[39m=[32m"ant-input-affix-wrapper css-dev-only-do-not-override-3uaqrl ant-input-outlined css-var-r0 ant-input-css-var"[39m
                    [36m>[39m
                      [36m<input[39m
                        [33mclass[39m=[32m"ant-input css-dev-only-do-not-override-3uaqrl"[39m
                        [33mmin[39m=[32m"1"[39m
                        [33mtype[39m=[32m"number"[39m
                        [33mvalue[39m=[32m"120"[39m
                      [36m/>[39m
                      [36m<span[39m
                        [33mclass[39m=[32m"ant-input-suffix"[39m
                      [36m>[39m
                        [0ms[0m
                      [36m</span>[39m
                    [36m</span>[39m
                    [36m<div[39m
                      [33mclass[39m=[32m"text-xs text-text-subtle mt-1"[39m
                    [36m>[39m
                      [0mApplies to non-stream chat request timeout handling. Use startup timeout below for first visible token.[0m
                    [36m</div>[39m
                  [36m</div>[39m
                  [36m<div>[39m
                    [36m<label[39m
                      [33mclass[39m=[32m"block text-sm font-medium mb-1"[39m
                    [36m>[39m
                      [0mChat startup timeout[0m
                    [36m</label>[39m
                    [36m<span[39m
                      [33mclass[39m=[32m"ant-input-affix-wrapper css-dev-only-do-not-override-3uaqrl ant-input-outlined css-var-r0 ant-input-css-var"[39m
                    [36m>[39m
                      [36m<input[39m
                        [33mclass[39m=[32m"ant-input css-dev-only-do-not-override-3uaqrl"[39m
                        [33mmin[39m=[32m"1"[39m
                        [33mtype[39m=[32m"number"[39m
                        [33mvalue[39m=[32m"120"[39m
                      [36m/>[39m
                      [36m<span[39m
                        [33mclass[39m=[32m"ant-input-suffix"[39m
                      [36m>[39m
                        [0ms[0m
                      [36m</span>[39m
                    [36m</span>[39m
                    [36m<div[39m
                      [33mclass[39m=[32m"text-xs text-text-subtle mt-1"[39m
                    [36m>[39m
                      [0mAbort streaming if no visible assistant output arrives within this time. Default: 120s.[0m
                    [36m</div>[39m
                  [36m</div>[39m
                  [36m<div>[39m
                    [36m<label[39m
                      [33mclass[39m=[32m"block text-sm font-medium mb-1"[39m
                    [36m>[39m
                      [0mChat Stream Idle[0m
                    [36m</label>[39m
                    [36m<span[39m
                      [33mclass[39m=[32m"ant-input-affix-wrapper css-dev-only-do-not-override-3uaqrl ant-input-outlined css-var-r0 ant-input-css-var"[39m
                    [36m>[39m
                      [36m<input[39m
                        [33mclass[39m=[32m"ant-input css-dev-only-do-not-override-3uaqrl"[39m
                        [33mmin[39m=[32m"1"[39m
                        [33mtype[39m=[32m"number"[39m
                        [33mvalue[39m=[32m"15"[39m
                      [36m/>[39m
                      [36m<span[39m
                        [33mclass[39m=[32m"ant-input-suffix"[39m
                      [36m>[39m
                        [0ms[0m
                      [36m</span>[39m
                    [36m</span>[39m
                  [36m</div>[39m
                  [36m<div>[39m
                    [36m<label[39m
                      [33mclass[39m=[32m"block text-sm font-medium mb-1"[39m
                    [36m>[39m
                      [0mRAG Request Timeout[0m
                    [36m</label>[39m
                    [36m<span[39m
                      [33mclass[39m=[32m"ant-input-affix-wrapper css-dev-only-do-not-override-3uaqrl ant-input-outlined css-var-r0 ant-input-css-var"[39m
                    [36m>[39m
                      [36m<input[39m
                        [33mclass[39m=[32m"ant-input css-dev-only-do-not-override-3uaqrl"[39m
                        [33mmin[39m=[32m"1"[39m
                        [33mtype[39m=[32m"number"[39m
                        [33mvalue[39m=[32m"120"[39m
                      [36m/>[39m
                      [36m<span[39m
                        [33mclass[39m=[32m"ant-input-suffix"[39m
                      [36m>[39m
                        [0ms[0m
                      [36m</span>[39m
                    [36m</span>[39m
                  [36m</div>[39m
                  [36m<div>[39m
                    [36m<label[39m
                      [33mclass[39m=[32m"block text-sm font-medium mb-1"[39m
                    [36m>[39m
                      [0mMedia Request Timeout[0m
                    [36m</label>[39m
                    [36m<span[39m
                      [33mclass[39m=[32m"ant-input-affix-wrapper css-dev-only-do-not-override-3uaqrl ant-input-outlined css-var-r0 ant-input-css-var"[39m
                    [36m>[39m
                      [36m<input[39m
                        [33mclass[39m=[32m"ant-input css-dev-only-do-not-override-3uaqrl"[39m
                        [33mmin[39m=[32m"1"[39m
                        [33mtype[39m=[32m"number"[39m
                        [33mvalue[39m=[32m"60"[39m
                      [36m/>[39m
                      [36m<span[39m
                        [33mclass[39m=[32m"ant-input-suffix"[39m
                      [36m>[39m
                        [0ms[0m
                      [36m</span>[39m
                    [36m</span>[39m
                  [36m</div>[39m
                  [36m<div>[39m
                    [36m<label[39m
                      [33mclass[39m=[32m"block text-sm font-medium mb-1"[39m
                    [36m>[39m
                      [0mUpload Request Timeout[0m
                    [36m</label>[39m
                    [36m<span[39m
                      [33mclass[39m=[32m"ant-input-affix-wrapper css-dev-only-do-not-override-3uaqrl ant-input-outlined css-var-r0 ant-input-css-var"[39m
                    [36m>[39m
                      [36m<input[39m
                        [33mclass[39m=[32m"ant-input css-dev-only-do-not-override-3uaqrl"[39m
                        [33mmin[39m=[32m"1"[39m
                        [33mtype[39m=[32m"number"[39m
                        [33mvalue[39m=[32m"60"[39m
                      [36m/>[39m
                      [36m<span[39m
                        [33mclass[39m=[32m"ant-input-suffix"[39m
                      [36m>[39m
                        [0ms[0m
                      [36m</span>[39m
                    [36m</span>[39m
                  [36m</div>[39m
                [36m</div>[39m
                [36m<div[39m
                  [33mclass[39m=[32m"flex justify-end"[39m
                [36m>[39m
                  [36m<button[39m
                    [33mclass[39m=[32m"ant-btn css-dev-only-do-not-override-3uaqrl css-var-r0 ant-btn-default ant-btn-color-default ant-btn-variant-outlined"[39m
                    [33mtype[39m=[32m"button"[39m
                  [36m>[39m
                    [36m<span>[39m
                      [0mReset to recommended[0m
                    [36m</span>[39m
                  [36m</button>[39m
                [36m</div>[39m
              [36m</div>[39m
            [36m</div>[39m
          [36m</div>[39m
        [36m</div>[39m
      [36m</div>[39m
    [36m</div>[39m
  [36m</div>[39m
[36m</body>[39m
 ❯ Object.getElementError ../node_modules/.bun/@testing-library+dom@10.4.1/node_modules/@testing-library/dom/dist/config.js:37:19
 ❯ ../node_modules/.bun/@testing-library+dom@10.4.1/node_modules/@testing-library/dom/dist/query-helpers.js:76:38
 ❯ ../node_modules/.bun/@testing-library+dom@10.4.1/node_modules/@testing-library/dom/dist/query-helpers.js:52:17
 ❯ ../node_modules/.bun/@testing-library+dom@10.4.1/node_modules/@testing-library/dom/dist/query-helpers.js:95:19
 ❯ ../packages/ui/src/components/Option/Settings/__tests__/TldwTimeoutSettings.accessibility.test.tsx:47:24
     45|   await user.click(screen.getByRole("button", { name: /Advanced Timeou…
     46|
     47|   const input = screen.getByRole("spinbutton", { name: label, exact: t…
       |                        ^
     48|   expect(screen.getByLabelText(label, { exact: true })).toBe(input)
     49|   await user.click(screen.getByText(label, { selector: "label", exact:…

⎯⎯⎯⎯⎯⎯⎯⎯⎯⎯⎯⎯⎯⎯⎯⎯⎯⎯⎯⎯⎯⎯⎯⎯[1/9]⎯

 FAIL  ../packages/ui/src/components/Option/Settings/__tests__/TldwTimeoutSettings.accessibility.test.tsx > names and focuses the numeric input through its visible label: Streaming Idle Timeout (seconds)
TestingLibraryElementError: Unable to find an accessible element with the role "spinbutton" and name "Streaming Idle Timeout (seconds)"

Here are the accessible roles:

  button:

  Name "expanded Advanced Timeouts":
  [36m<div[39m
    [33maria-disabled[39m=[32m"false"[39m
    [33maria-expanded[39m=[32m"true"[39m
    [33mclass[39m=[32m"ant-collapse-header"[39m
    [33mrole[39m=[32m"button"[39m
    [33mtabindex[39m=[32m"0"[39m
  [36m/>[39m

  Name "Reset to recommended":
  [36m<button[39m
    [33mclass[39m=[32m"ant-btn css-dev-only-do-not-override-3uaqrl css-var-r2 ant-btn-default ant-btn-color-default ant-btn-variant-outlined"[39m
    [33mtype[39m=[32m"button"[39m
  [36m/>[39m

  --------------------------------------------------
  img:

  Name "expanded":
  [36m<span[39m
    [33maria-label[39m=[32m"expanded"[39m
    [33mclass[39m=[32m"anticon anticon-right ant-collapse-arrow"[39m
    [33mrole[39m=[32m"img"[39m
  [36m/>[39m

  --------------------------------------------------
  radiogroup:

  Name "segmented control":
  [36m<div[39m
    [33maria-label[39m=[32m"segmented control"[39m
    [33maria-orientation[39m=[32m"horizontal"[39m
    [33mclass[39m=[32m"ant-segmented css-dev-only-do-not-override-3uaqrl css-var-r2"[39m
    [33mrole[39m=[32m"radiogroup"[39m
    [33mtabindex[39m=[32m"0"[39m
  [36m/>[39m

  --------------------------------------------------
  radio:

  Name "Balanced":
  [36m<input[39m
    [33mchecked[39m=[32m""[39m
    [33mclass[39m=[32m"ant-segmented-item-input"[39m
    [33mname[39m=[32m"test-id"[39m
    [33mtype[39m=[32m"radio"[39m
  [36m/>[39m

  Name "Extended":
  [36m<input[39m
    [33mclass[39m=[32m"ant-segmented-item-input"[39m
    [33mname[39m=[32m"test-id"[39m
    [33mtype[39m=[32m"radio"[39m
  [36m/>[39m

  --------------------------------------------------
  spinbutton:

  Name "":
  [36m<input[39m
    [33mclass[39m=[32m"ant-input css-dev-only-do-not-override-3uaqrl"[39m
    [33mmin[39m=[32m"1"[39m
    [33mplaceholder[39m=[32m"10"[39m
    [33mtype[39m=[32m"number"[39m
    [33mvalue[39m=[32m"10"[39m
  [36m/>[39m

  Name "":
  [36m<input[39m
    [33mclass[39m=[32m"ant-input css-dev-only-do-not-override-3uaqrl"[39m
    [33mmin[39m=[32m"1"[39m
    [33mplaceholder[39m=[32m"15"[39m
    [33mtype[39m=[32m"number"[39m
    [33mvalue[39m=[32m"15"[39m
  [36m/>[39m

  Name "":
  [36m<input[39m
    [33mclass[39m=[32m"ant-input css-dev-only-do-not-override-3uaqrl"[39m
    [33mmin[39m=[32m"1"[39m
    [33mtype[39m=[32m"number"[39m
    [33mvalue[39m=[32m"120"[39m
  [36m/>[39m

  Name "":
  [36m<input[39m
    [33mclass[39m=[32m"ant-input css-dev-only-do-not-override-3uaqrl"[39m
    [33mmin[39m=[32m"1"[39m
    [33mtype[39m=[32m"number"[39m
    [33mvalue[39m=[32m"120"[39m
  [36m/>[39m

  Name "":
  [36m<input[39m
    [33mclass[39m=[32m"ant-input css-dev-only-do-not-override-3uaqrl"[39m
    [33mmin[39m=[32m"1"[39m
    [33mtype[39m=[32m"number"[39m
    [33mvalue[39m=[32m"15"[39m
  [36m/>[39m

  Name "":
  [36m<input[39m
    [33mclass[39m=[32m"ant-input css-dev-only-do-not-override-3uaqrl"[39m
    [33mmin[39m=[32m"1"[39m
    [33mtype[39m=[32m"number"[39m
    [33mvalue[39m=[32m"120"[39m
  [36m/>[39m

  Name "":
  [36m<input[39m
    [33mclass[39m=[32m"ant-input css-dev-only-do-not-override-3uaqrl"[39m
    [33mmin[39m=[32m"1"[39m
    [33mtype[39m=[32m"number"[39m
    [33mvalue[39m=[32m"60"[39m
  [36m/>[39m

  Name "":
  [36m<input[39m
    [33mclass[39m=[32m"ant-input css-dev-only-do-not-override-3uaqrl"[39m
    [33mmin[39m=[32m"1"[39m
    [33mtype[39m=[32m"number"[39m
    [33mvalue[39m=[32m"60"[39m
  [36m/>[39m

  --------------------------------------------------

Ignored nodes: comments, script, style
[36m<body>[39m
  [36m<div>[39m
    [36m<div[39m
      [33mclass[39m=[32m"scroll-mt-24"[39m
      [33mid[39m=[32m"tldw-settings-timeouts"[39m
    [36m>[39m
      [36m<div[39m
        [33mclass[39m=[32m"ant-collapse ant-collapse-icon-placement-start mt-4 css-dev-only-do-not-override-3uaqrl css-var-r2"[39m
      [36m>[39m
        [36m<div[39m
          [33mclass[39m=[32m"ant-collapse-item ant-collapse-item-active"[39m
        [36m>[39m
          [36m<div[39m
            [33maria-disabled[39m=[32m"false"[39m
            [33maria-expanded[39m=[32m"true"[39m
            [33mclass[39m=[32m"ant-collapse-header"[39m
            [33mrole[39m=[32m"button"[39m
            [33mtabindex[39m=[32m"0"[39m
          [36m>[39m
            [36m<div[39m
              [33mclass[39m=[32m"ant-collapse-expand-icon"[39m
            [36m>[39m
              [36m<span[39m
                [33maria-label[39m=[32m"expanded"[39m
                [33mclass[39m=[32m"anticon anticon-right ant-collapse-arrow"[39m
                [33mrole[39m=[32m"img"[39m
              [36m>[39m
                [36m<svg[39m
                  [33maria-hidden[39m=[32m"true"[39m
                  [33mdata-icon[39m=[32m"right"[39m
                  [33mfill[39m=[32m"currentColor"[39m
                  [33mfocusable[39m=[32m"false"[39m
                  [33mheight[39m=[32m"1em"[39m
                  [33mstyle[39m=[32m"transform: rotate(90deg);"[39m
                  [33mviewBox[39m=[32m"64 64 896 896"[39m
                  [33mwidth[39m=[32m"1em"[39m
                [36m>[39m
                  [36m<path[39m
                    [33md[39m=[32m"M765.7 486.8L314.9 134.7A7.97 7.97 0 00302 141v77.3c0 4.9 2.3 9.6 6.1 12.6l360 281.1-360 281.1c-3.9 3-6.1 7.7-6.1 12.6V883c0 6.7 7.7 10.4 12.9 6.3l450.8-352.1a31.96 31.96 0 000-50.4z"[39m
                  [36m/>[39m
                [36m</svg>[39m
              [36m</span>[39m
            [36m</div>[39m
            [36m<span[39m
              [33mclass[39m=[32m"ant-collapse-title"[39m
            [36m>[39m
              [0mAdvanced Timeouts[0m
            [36m</span>[39m
          [36m</div>[39m
          [36m<div[39m
            [33mclass[39m=[32m"ant-collapse-panel ant-collapse-panel-active"[39m
          [36m>[39m
            [36m<div[39m
              [33mclass[39m=[32m"ant-collapse-body"[39m
            [36m>[39m
              [36m<div[39m
                [33mclass[39m=[32m"space-y-3"[39m
              [36m>[39m
                [36m<div[39m
                  [33mclass[39m=[32m"flex flex-col gap-2"[39m
                [36m>[39m
                  [36m<span[39m
                    [33mclass[39m=[32m"text-sm font-medium"[39m
                  [36m>[39m
                    [0mTimeout profile[0m
                  [36m</span>[39m
                  [36m<div[39m
                    [33mclass[39m=[32m"flex flex-wrap items-center gap-3"[39m
                  [36m>[39m
                    [36m<div[39m
                      [33maria-label[39m=[32m"segmented control"[39m
                      [33maria-orientation[39m=[32m"horizontal"[39m
                      [33mclass[39m=[32m"ant-segmented css-dev-only-do-not-override-3uaqrl css-var-r2"[39m
                      [33mrole[39m=[32m"radiogroup"[39m
                      [33mtabindex[39m=[32m"0"[39m
                    [36m>[39m
                      [36m<div[39m
                        [33mclass[39m=[32m"ant-segmented-group"[39m
                      [36m>[39m
                        [36m<label[39m
                          [33mclass[39m=[32m"ant-segmented-item ant-segmented-item-selected"[39m
                        [36m>[39m
                          [36m<input[39m
                            [33mchecked[39m=[32m""[39m
                            [33mclass[39m=[32m"ant-segmented-item-input"[39m
                            [33mname[39m=[32m"test-id"[39m
                            [33mtype[39m=[32m"radio"[39m
                          [36m/>[39m
                          [36m<div[39m
                            [33mclass[39m=[32m"ant-segmented-item-label"[39m
                            [33mtitle[39m=[32m"Balanced"[39m
                          [36m>[39m
                            [0mBalanced[0m
                          [36m</div>[39m
                        [36m</label>[39m
                        [36m<label[39m
                          [33mclass[39m=[32m"ant-segmented-item"[39m
                        [36m>[39m
                          [36m<input[39m
                            [33mclass[39m=[32m"ant-segmented-item-input"[39m
                            [33mname[39m=[32m"test-id"[39m
                            [33mtype[39m=[32m"radio"[39m
                          [36m/>[39m
                          [36m<div[39m
                            [33mclass[39m=[32m"ant-segmented-item-label"[39m
                            [33mtitle[39m=[32m"Extended"[39m
                          [36m>[39m
                            [0mExtended[0m
                          [36m</div>[39m
                        [36m</label>[39m
                      [36m</div>[39m
                    [36m</div>[39m
                  [36m</div>[39m
                  [36m<span[39m
                    [33mclass[39m=[32m"text-xs text-text-subtle"[39m
                  [36m>[39m
                    [0mBalanced works well for most setups. Extended adds extra headroom for slower networks or long-running jobs.[0m
                  [36m</span>[39m
                [36m</div>[39m
                [36m<div[39m
                  [33mclass[39m=[32m"grid grid-cols-1 md:grid-cols-2 gap-4"[39m
                [36m>[39m
                  [36m<div>[39m
                    [36m<label[39m
                      [33mclass[39m=[32m"block text-sm font-medium mb-1"[39m
                    [36m>[39m
                      [0mRequest Timeout (seconds)[0m
                    [36m</label>[39m
                    [36m<span[39m
                      [33mclass[39m=[32m"ant-input-affix-wrapper css-dev-only-do-not-override-3uaqrl ant-input-outlined css-var-r2 ant-input-css-var"[39m
                    [36m>[39m
                      [36m<input[39m
                        [33mclass[39m=[32m"ant-input css-dev-only-do-not-override-3uaqrl"[39m
                        [33mmin[39m=[32m"1"[39m
                        [33mplaceholder[39m=[32m"10"[39m
                        [33mtype[39m=[32m"number"[39m
                        [33mvalue[39m=[32m"10"[39m
                      [36m/>[39m
                      [36m<span[39m
                        [33mclass[39m=[32m"ant-input-suffix"[39m
                      [36m>[39m
                        [0ms[0m
                      [36m</span>[39m
                    [36m</span>[39m
                    [36m<div[39m
                      [33mclass[39m=[32m"text-xs text-text-subtle mt-1"[39m
                    [36m>[39m
                      [0mAbort initial requests if no response within this time. Default: 10s.[0m
                    [36m</div>[39m
                  [36m</div>[39m
                  [36m<div>[39m
                    [36m<label[39m
                      [33mclass[39m=[32m"block text-sm font-medium mb-1"[39m
                    [36m>[39m
                      [0mStreaming Idle Timeout (seconds)[0m
                    [36m</label>[39m
                    [36m<span[39m
                      [33mclass[39m=[32m"ant-input-affix-wrapper css-dev-only-do-not-override-3uaqrl ant-input-outlined css-var-r2 ant-input-css-var"[39m
                    [36m>[39m
                      [36m<input[39m
                        [33mclass[39m=[32m"ant-input css-dev-only-do-not-override-3uaqrl"[39m
                        [33mmin[39m=[32m"1"[39m
                        [33mplaceholder[39m=[32m"15"[39m
                        [33mtype[39m=[32m"number"[39m
                        [33mvalue[39m=[32m"15"[39m
                      [36m/>[39m
                      [36m<span[39m
                        [33mclass[39m=[32m"ant-input-suffix"[39m
                      [36m>[39m
                        [0ms[0m
                      [36m</span>[39m
                    [36m</span>[39m
                    [36m<div[39m
                      [33mclass[39m=[32m"text-xs text-text-subtle mt-1"[39m
                    [36m>[39m
                      [0mAbort streaming if no updates received within this time. Default: 15s.[0m
                    [36m</div>[39m
                  [36m</div>[39m
                [36m</div>[39m
                [36m<div[39m
                  [33mclass[39m=[32m"grid grid-cols-1 md:grid-cols-2 gap-4"[39m
                [36m>[39m
                  [36m<div>[39m
                    [36m<label[39m
                      [33mclass[39m=[32m"block text-sm font-medium mb-1"[39m
                    [36m>[39m
                      [0mChat Request Timeout[0m
                    [36m</label>[39m
                    [36m<span[39m
                      [33mclass[39m=[32m"ant-input-affix-wrapper css-dev-only-do-not-override-3uaqrl ant-input-outlined css-var-r2 ant-input-css-var"[39m
                    [36m>[39m
                      [36m<input[39m
                        [33mclass[39m=[32m"ant-input css-dev-only-do-not-override-3uaqrl"[39m
                        [33mmin[39m=[32m"1"[39m
                        [33mtype[39m=[32m"number"[39m
                        [33mvalue[39m=[32m"120"[39m
                      [36m/>[39m
                      [36m<span[39m
                        [33mclass[39m=[32m"ant-input-suffix"[39m
                      [36m>[39m
                        [0ms[0m
                      [36m</span>[39m
                    [36m</span>[39m
                    [36m<div[39m
                      [33mclass[39m=[32m"text-xs text-text-subtle mt-1"[39m
                    [36m>[39m
                      [0mApplies to non-stream chat request timeout handling. Use startup timeout below for first visible token.[0m
                    [36m</div>[39m
                  [36m</div>[39m
                  [36m<div>[39m
                    [36m<label[39m
                      [33mclass[39m=[32m"block text-sm font-medium mb-1"[39m
                    [36m>[39m
                      [0mChat startup timeout[0m
                    [36m</label>[39m
                    [36m<span[39m
                      [33mclass[39m=[32m"ant-input-affix-wrapper css-dev-only-do-not-override-3uaqrl ant-input-outlined css-var-r2 ant-input-css-var"[39m
                    [36m>[39m
                      [36m<input[39m
                        [33mclass[39m=[32m"ant-input css-dev-only-do-not-override-3uaqrl"[39m
                        [33mmin[39m=[32m"1"[39m
                        [33mtype[39m=[32m"number"[39m
                        [33mvalue[39m=[32m"120"[39m
                      [36m/>[39m
                      [36m<span[39m
                        [33mclass[39m=[32m"ant-input-suffix"[39m
                      [36m>[39m
                        [0ms[0m
                      [36m</span>[39m
                    [36m</span>[39m
                    [36m<div[39m
                      [33mclass[39m=[32m"text-xs text-text-subtle mt-1"[39m
                    [36m>[39m
                      [0mAbort streaming if no visible assistant output arrives within this time. Default: 120s.[0m
                    [36m</div>[39m
                  [36m</div>[39m
                  [36m<div>[39m
                    [36m<label[39m
                      [33mclass[39m=[32m"block text-sm font-medium mb-1"[39m
                    [36m>[39m
                      [0mChat Stream Idle[0m
                    [36m</label>[39m
                    [36m<span[39m
                      [33mclass[39m=[32m"ant-input-affix-wrapper css-dev-only-do-not-override-3uaqrl ant-input-outlined css-var-r2 ant-input-css-var"[39m
                    [36m>[39m
                      [36m<input[39m
                        [33mclass[39m=[32m"ant-input css-dev-only-do-not-override-3uaqrl"[39m
                        [33mmin[39m=[32m"1"[39m
                        [33mtype[39m=[32m"number"[39m
                        [33mvalue[39m=[32m"15"[39m
                      [36m/>[39m
                      [36m<span[39m
                        [33mclass[39m=[32m"ant-input-suffix"[39m
                      [36m>[39m
                        [0ms[0m
                      [36m</span>[39m
                    [36m</span>[39m
                  [36m</div>[39m
                  [36m<div>[39m
                    [36m<label[39m
                      [33mclass[39m=[32m"block text-sm font-medium mb-1"[39m
                    [36m>[39m
                      [0mRAG Request Timeout[0m
                    [36m</label>[39m
                    [36m<span[39m
                      [33mclass[39m=[32m"ant-input-affix-wrapper css-dev-only-do-not-override-3uaqrl ant-input-outlined css-var-r2 ant-input-css-var"[39m
                    [36m>[39m
                      [36m<input[39m
                        [33mclass[39m=[32m"ant-input css-dev-only-do-not-override-3uaqrl"[39m
                        [33mmin[39m=[32m"1"[39m
                        [33mtype[39m=[32m"number"[39m
                        [33mvalue[39m=[32m"120"[39m
                      [36m/>[39m
                      [36m<span[39m
                        [33mclass[39m=[32m"ant-input-suffix"[39m
                      [36m>[39m
                        [0ms[0m
                      [36m</span>[39m
                    [36m</span>[39m
                  [36m</div>[39m
                  [36m<div>[39m
                    [36m<label[39m
                      [33mclass[39m=[32m"block text-sm font-medium mb-1"[39m
                    [36m>[39m
                      [0mMedia Request Timeout[0m
                    [36m</label>[39m
                    [36m<span[39m
                      [33mclass[39m=[32m"ant-input-affix-wrapper css-dev-only-do-not-override-3uaqrl ant-input-outlined css-var-r2 ant-input-css-var"[39m
                    [36m>[39m
                      [36m<input[39m
                        [33mclass[39m=[32m"ant-input css-dev-only-do-not-override-3uaqrl"[39m
                        [33mmin[39m=[32m"1"[39m
                        [33mtype[39m=[32m"number"[39m
                        [33mvalue[39m=[32m"60"[39m
                      [36m/>[39m
                      [36m<span[39m
                        [33mclass[39m=[32m"ant-input-suffix"[39m
                      [36m>[39m
                        [0ms[0m
                      [36m</span>[39m
                    [36m</span>[39m
                  [36m</div>[39m
                  [36m<div>[39m
                    [36m<label[39m
                      [33mclass[39m=[32m"block text-sm font-medium mb-1"[39m
                    [36m>[39m
                      [0mUpload Request Timeout[0m
                    [36m</label>[39m
                    [36m<span[39m
                      [33mclass[39m=[32m"ant-input-affix-wrapper css-dev-only-do-not-override-3uaqrl ant-input-outlined css-var-r2 ant-input-css-var"[39m
                    [36m>[39m
                      [36m<input[39m
                        [33mclass[39m=[32m"ant-input css-dev-only-do-not-override-3uaqrl"[39m
                        [33mmin[39m=[32m"1"[39m
                        [33mtype[39m=[32m"number"[39m
                        [33mvalue[39m=[32m"60"[39m
                      [36m/>[39m
                      [36m<span[39m
                        [33mclass[39m=[32m"ant-input-suffix"[39m
                      [36m>[39m
                        [0ms[0m
                      [36m</span>[39m
                    [36m</span>[39m
                  [36m</div>[39m
                [36m</div>[39m
                [36m<div[39m
                  [33mclass[39m=[32m"flex justify-end"[39m
                [36m>[39m
                  [36m<button[39m
                    [33mclass[39m=[32m"ant-btn css-dev-only-do-not-override-3uaqrl css-var-r2 ant-btn-default ant-btn-color-default ant-btn-variant-outlined"[39m
                    [33mtype[39m=[32m"button"[39m
                  [36m>[39m
                    [36m<span>[39m
                      [0mReset to recommended[0m
                    [36m</span>[39m
                  [36m</button>[39m
                [36m</div>[39m
              [36m</div>[39m
            [36m</div>[39m
          [36m</div>[39m
        [36m</div>[39m
      [36m</div>[39m
    [36m</div>[39m
  [36m</div>[39m
[36m</body>[39m
 ❯ Object.getElementError ../node_modules/.bun/@testing-library+dom@10.4.1/node_modules/@testing-library/dom/dist/config.js:37:19
 ❯ ../node_modules/.bun/@testing-library+dom@10.4.1/node_modules/@testing-library/dom/dist/query-helpers.js:76:38
 ❯ ../node_modules/.bun/@testing-library+dom@10.4.1/node_modules/@testing-library/dom/dist/query-helpers.js:52:17
 ❯ ../node_modules/.bun/@testing-library+dom@10.4.1/node_modules/@testing-library/dom/dist/query-helpers.js:95:19
 ❯ ../packages/ui/src/components/Option/Settings/__tests__/TldwTimeoutSettings.accessibility.test.tsx:47:24
     45|   await user.click(screen.getByRole("button", { name: /Advanced Timeou…
     46|
     47|   const input = screen.getByRole("spinbutton", { name: label, exact: t…
       |                        ^
     48|   expect(screen.getByLabelText(label, { exact: true })).toBe(input)
     49|   await user.click(screen.getByText(label, { selector: "label", exact:…

⎯⎯⎯⎯⎯⎯⎯⎯⎯⎯⎯⎯⎯⎯⎯⎯⎯⎯⎯⎯⎯⎯⎯⎯[2/9]⎯

 FAIL  ../packages/ui/src/components/Option/Settings/__tests__/TldwTimeoutSettings.accessibility.test.tsx > names and focuses the numeric input through its visible label: Chat Request Timeout
TestingLibraryElementError: Unable to find an accessible element with the role "spinbutton" and name "Chat Request Timeout"

Here are the accessible roles:

  button:

  Name "expanded Advanced Timeouts":
  [36m<div[39m
    [33maria-disabled[39m=[32m"false"[39m
    [33maria-expanded[39m=[32m"true"[39m
    [33mclass[39m=[32m"ant-collapse-header"[39m
    [33mrole[39m=[32m"button"[39m
    [33mtabindex[39m=[32m"0"[39m
  [36m/>[39m

  Name "Reset to recommended":
  [36m<button[39m
    [33mclass[39m=[32m"ant-btn css-dev-only-do-not-override-3uaqrl css-var-r4 ant-btn-default ant-btn-color-default ant-btn-variant-outlined"[39m
    [33mtype[39m=[32m"button"[39m
  [36m/>[39m

  --------------------------------------------------
  img:

  Name "expanded":
  [36m<span[39m
    [33maria-label[39m=[32m"expanded"[39m
    [33mclass[39m=[32m"anticon anticon-right ant-collapse-arrow"[39m
    [33mrole[39m=[32m"img"[39m
  [36m/>[39m

  --------------------------------------------------
  radiogroup:

  Name "segmented control":
  [36m<div[39m
    [33maria-label[39m=[32m"segmented control"[39m
    [33maria-orientation[39m=[32m"horizontal"[39m
    [33mclass[39m=[32m"ant-segmented css-dev-only-do-not-override-3uaqrl css-var-r4"[39m
    [33mrole[39m=[32m"radiogroup"[39m
    [33mtabindex[39m=[32m"0"[39m
  [36m/>[39m

  --------------------------------------------------
  radio:

  Name "Balanced":
  [36m<input[39m
    [33mchecked[39m=[32m""[39m
    [33mclass[39m=[32m"ant-segmented-item-input"[39m
    [33mname[39m=[32m"test-id"[39m
    [33mtype[39m=[32m"radio"[39m
  [36m/>[39m

  Name "Extended":
  [36m<input[39m
    [33mclass[39m=[32m"ant-segmented-item-input"[39m
    [33mname[39m=[32m"test-id"[39m
    [33mtype[39m=[32m"radio"[39m
  [36m/>[39m

  --------------------------------------------------
  spinbutton:

  Name "":
  [36m<input[39m
    [33mclass[39m=[32m"ant-input css-dev-only-do-not-override-3uaqrl"[39m
    [33mmin[39m=[32m"1"[39m
    [33mplaceholder[39m=[32m"10"[39m
    [33mtype[39m=[32m"number"[39m
    [33mvalue[39m=[32m"10"[39m
  [36m/>[39m

  Name "":
  [36m<input[39m
    [33mclass[39m=[32m"ant-input css-dev-only-do-not-override-3uaqrl"[39m
    [33mmin[39m=[32m"1"[39m
    [33mplaceholder[39m=[32m"15"[39m
    [33mtype[39m=[32m"number"[39m
    [33mvalue[39m=[32m"15"[39m
  [36m/>[39m

  Name "":
  [36m<input[39m
    [33mclass[39m=[32m"ant-input css-dev-only-do-not-override-3uaqrl"[39m
    [33mmin[39m=[32m"1"[39m
    [33mtype[39m=[32m"number"[39m
    [33mvalue[39m=[32m"120"[39m
  [36m/>[39m

  Name "":
  [36m<input[39m
    [33mclass[39m=[32m"ant-input css-dev-only-do-not-override-3uaqrl"[39m
    [33mmin[39m=[32m"1"[39m
    [33mtype[39m=[32m"number"[39m
    [33mvalue[39m=[32m"120"[39m
  [36m/>[39m

  Name "":
  [36m<input[39m
    [33mclass[39m=[32m"ant-input css-dev-only-do-not-override-3uaqrl"[39m
    [33mmin[39m=[32m"1"[39m
    [33mtype[39m=[32m"number"[39m
    [33mvalue[39m=[32m"15"[39m
  [36m/>[39m

  Name "":
  [36m<input[39m
    [33mclass[39m=[32m"ant-input css-dev-only-do-not-override-3uaqrl"[39m
    [33mmin[39m=[32m"1"[39m
    [33mtype[39m=[32m"number"[39m
    [33mvalue[39m=[32m"120"[39m
  [36m/>[39m

  Name "":
  [36m<input[39m
    [33mclass[39m=[32m"ant-input css-dev-only-do-not-override-3uaqrl"[39m
    [33mmin[39m=[32m"1"[39m
    [33mtype[39m=[32m"number"[39m
    [33mvalue[39m=[32m"60"[39m
  [36m/>[39m

  Name "":
  [36m<input[39m
    [33mclass[39m=[32m"ant-input css-dev-only-do-not-override-3uaqrl"[39m
    [33mmin[39m=[32m"1"[39m
    [33mtype[39m=[32m"number"[39m
    [33mvalue[39m=[32m"60"[39m
  [36m/>[39m

  --------------------------------------------------

Ignored nodes: comments, script, style
[36m<body>[39m
  [36m<div>[39m
    [36m<div[39m
      [33mclass[39m=[32m"scroll-mt-24"[39m
      [33mid[39m=[32m"tldw-settings-timeouts"[39m
    [36m>[39m
      [36m<div[39m
        [33mclass[39m=[32m"ant-collapse ant-collapse-icon-placement-start mt-4 css-dev-only-do-not-override-3uaqrl css-var-r4"[39m
      [36m>[39m
        [36m<div[39m
          [33mclass[39m=[32m"ant-collapse-item ant-collapse-item-active"[39m
        [36m>[39m
          [36m<div[39m
            [33maria-disabled[39m=[32m"false"[39m
            [33maria-expanded[39m=[32m"true"[39m
            [33mclass[39m=[32m"ant-collapse-header"[39m
            [33mrole[39m=[32m"button"[39m
            [33mtabindex[39m=[32m"0"[39m
          [36m>[39m
            [36m<div[39m
              [33mclass[39m=[32m"ant-collapse-expand-icon"[39m
            [36m>[39m
              [36m<span[39m
                [33maria-label[39m=[32m"expanded"[39m
                [33mclass[39m=[32m"anticon anticon-right ant-collapse-arrow"[39m
                [33mrole[39m=[32m"img"[39m
              [36m>[39m
                [36m<svg[39m
                  [33maria-hidden[39m=[32m"true"[39m
                  [33mdata-icon[39m=[32m"right"[39m
                  [33mfill[39m=[32m"currentColor"[39m
                  [33mfocusable[39m=[32m"false"[39m
                  [33mheight[39m=[32m"1em"[39m
                  [33mstyle[39m=[32m"transform: rotate(90deg);"[39m
                  [33mviewBox[39m=[32m"64 64 896 896"[39m
                  [33mwidth[39m=[32m"1em"[39m
                [36m>[39m
                  [36m<path[39m
                    [33md[39m=[32m"M765.7 486.8L314.9 134.7A7.97 7.97 0 00302 141v77.3c0 4.9 2.3 9.6 6.1 12.6l360 281.1-360 281.1c-3.9 3-6.1 7.7-6.1 12.6V883c0 6.7 7.7 10.4 12.9 6.3l450.8-352.1a31.96 31.96 0 000-50.4z"[39m
                  [36m/>[39m
                [36m</svg>[39m
              [36m</span>[39m
            [36m</div>[39m
            [36m<span[39m
              [33mclass[39m=[32m"ant-collapse-title"[39m
            [36m>[39m
              [0mAdvanced Timeouts[0m
            [36m</span>[39m
          [36m</div>[39m
          [36m<div[39m
            [33mclass[39m=[32m"ant-collapse-panel ant-collapse-panel-active"[39m
          [36m>[39m
            [36m<div[39m
              [33mclass[39m=[32m"ant-collapse-body"[39m
            [36m>[39m
              [36m<div[39m
                [33mclass[39m=[32m"space-y-3"[39m
              [36m>[39m
                [36m<div[39m
                  [33mclass[39m=[32m"flex flex-col gap-2"[39m
                [36m>[39m
                  [36m<span[39m
                    [33mclass[39m=[32m"text-sm font-medium"[39m
                  [36m>[39m
                    [0mTimeout profile[0m
                  [36m</span>[39m
                  [36m<div[39m
                    [33mclass[39m=[32m"flex flex-wrap items-center gap-3"[39m
                  [36m>[39m
                    [36m<div[39m
                      [33maria-label[39m=[32m"segmented control"[39m
                      [33maria-orientation[39m=[32m"horizontal"[39m
                      [33mclass[39m=[32m"ant-segmented css-dev-only-do-not-override-3uaqrl css-var-r4"[39m
                      [33mrole[39m=[32m"radiogroup"[39m
                      [33mtabindex[39m=[32m"0"[39m
                    [36m>[39m
                      [36m<div[39m
                        [33mclass[39m=[32m"ant-segmented-group"[39m
                      [36m>[39m
                        [36m<label[39m
                          [33mclass[39m=[32m"ant-segmented-item ant-segmented-item-selected"[39m
                        [36m>[39m
                          [36m<input[39m
                            [33mchecked[39m=[32m""[39m
                            [33mclass[39m=[32m"ant-segmented-item-input"[39m
                            [33mname[39m=[32m"test-id"[39m
                            [33mtype[39m=[32m"radio"[39m
                          [36m/>[39m
                          [36m<div[39m
                            [33mclass[39m=[32m"ant-segmented-item-label"[39m
                            [33mtitle[39m=[32m"Balanced"[39m
                          [36m>[39m
                            [0mBalanced[0m
                          [36m</div>[39m
                        [36m</label>[39m
                        [36m<label[39m
                          [33mclass[39m=[32m"ant-segmented-item"[39m
                        [36m>[39m
                          [36m<input[39m
                            [33mclass[39m=[32m"ant-segmented-item-input"[39m
                            [33mname[39m=[32m"test-id"[39m
                            [33mtype[39m=[32m"radio"[39m
                          [36m/>[39m
                          [36m<div[39m
                            [33mclass[39m=[32m"ant-segmented-item-label"[39m
                            [33mtitle[39m=[32m"Extended"[39m
                          [36m>[39m
                            [0mExtended[0m
                          [36m</div>[39m
                        [36m</label>[39m
                      [36m</div>[39m
                    [36m</div>[39m
                  [36m</div>[39m
                  [36m<span[39m
                    [33mclass[39m=[32m"text-xs text-text-subtle"[39m
                  [36m>[39m
                    [0mBalanced works well for most setups. Extended adds extra headroom for slower networks or long-running jobs.[0m
                  [36m</span>[39m
                [36m</div>[39m
                [36m<div[39m
                  [33mclass[39m=[32m"grid grid-cols-1 md:grid-cols-2 gap-4"[39m
                [36m>[39m
                  [36m<div>[39m
                    [36m<label[39m
                      [33mclass[39m=[32m"block text-sm font-medium mb-1"[39m
                    [36m>[39m
                      [0mRequest Timeout (seconds)[0m
                    [36m</label>[39m
                    [36m<span[39m
                      [33mclass[39m=[32m"ant-input-affix-wrapper css-dev-only-do-not-override-3uaqrl ant-input-outlined css-var-r4 ant-input-css-var"[39m
                    [36m>[39m
                      [36m<input[39m
                        [33mclass[39m=[32m"ant-input css-dev-only-do-not-override-3uaqrl"[39m
                        [33mmin[39m=[32m"1"[39m
                        [33mplaceholder[39m=[32m"10"[39m
                        [33mtype[39m=[32m"number"[39m
                        [33mvalue[39m=[32m"10"[39m
                      [36m/>[39m
                      [36m<span[39m
                        [33mclass[39m=[32m"ant-input-suffix"[39m
                      [36m>[39m
                        [0ms[0m
                      [36m</span>[39m
                    [36m</span>[39m
                    [36m<div[39m
                      [33mclass[39m=[32m"text-xs text-text-subtle mt-1"[39m
                    [36m>[39m
                      [0mAbort initial requests if no response within this time. Default: 10s.[0m
                    [36m</div>[39m
                  [36m</div>[39m
                  [36m<div>[39m
                    [36m<label[39m
                      [33mclass[39m=[32m"block text-sm font-medium mb-1"[39m
                    [36m>[39m
                      [0mStreaming Idle Timeout (seconds)[0m
                    [36m</label>[39m
                    [36m<span[39m
                      [33mclass[39m=[32m"ant-input-affix-wrapper css-dev-only-do-not-override-3uaqrl ant-input-outlined css-var-r4 ant-input-css-var"[39m
                    [36m>[39m
                      [36m<input[39m
                        [33mclass[39m=[32m"ant-input css-dev-only-do-not-override-3uaqrl"[39m
                        [33mmin[39m=[32m"1"[39m
                        [33mplaceholder[39m=[32m"15"[39m
                        [33mtype[39m=[32m"number"[39m
                        [33mvalue[39m=[32m"15"[39m
                      [36m/>[39m
                      [36m<span[39m
                        [33mclass[39m=[32m"ant-input-suffix"[39m
                      [36m>[39m
                        [0ms[0m
                      [36m</span>[39m
                    [36m</span>[39m
                    [36m<div[39m
                      [33mclass[39m=[32m"text-xs text-text-subtle mt-1"[39m
                    [36m>[39m
                      [0mAbort streaming if no updates received within this time. Default: 15s.[0m
                    [36m</div>[39m
                  [36m</div>[39m
                [36m</div>[39m
                [36m<div[39m
                  [33mclass[39m=[32m"grid grid-cols-1 md:grid-cols-2 gap-4"[39m
                [36m>[39m
                  [36m<div>[39m
                    [36m<label[39m
                      [33mclass[39m=[32m"block text-sm font-medium mb-1"[39m
                    [36m>[39m
                      [0mChat Request Timeout[0m
                    [36m</label>[39m
                    [36m<span[39m
                      [33mclass[39m=[32m"ant-input-affix-wrapper css-dev-only-do-not-override-3uaqrl ant-input-outlined css-var-r4 ant-input-css-var"[39m
                    [36m>[39m
                      [36m<input[39m
                        [33mclass[39m=[32m"ant-input css-dev-only-do-not-override-3uaqrl"[39m
                        [33mmin[39m=[32m"1"[39m
                        [33mtype[39m=[32m"number"[39m
                        [33mvalue[39m=[32m"120"[39m
                      [36m/>[39m
                      [36m<span[39m
                        [33mclass[39m=[32m"ant-input-suffix"[39m
                      [36m>[39m
                        [0ms[0m
                      [36m</span>[39m
                    [36m</span>[39m
                    [36m<div[39m
                      [33mclass[39m=[32m"text-xs text-text-subtle mt-1"[39m
                    [36m>[39m
                      [0mApplies to non-stream chat request timeout handling. Use startup timeout below for first visible token.[0m
                    [36m</div>[39m
                  [36m</div>[39m
                  [36m<div>[39m
                    [36m<label[39m
                      [33mclass[39m=[32m"block text-sm font-medium mb-1"[39m
                    [36m>[39m
                      [0mChat startup timeout[0m
                    [36m</label>[39m
                    [36m<span[39m
                      [33mclass[39m=[32m"ant-input-affix-wrapper css-dev-only-do-not-override-3uaqrl ant-input-outlined css-var-r4 ant-input-css-var"[39m
                    [36m>[39m
                      [36m<input[39m
                        [33mclass[39m=[32m"ant-input css-dev-only-do-not-override-3uaqrl"[39m
                        [33mmin[39m=[32m"1"[39m
                        [33mtype[39m=[32m"number"[39m
                        [33mvalue[39m=[32m"120"[39m
                      [36m/>[39m
                      [36m<span[39m
                        [33mclass[39m=[32m"ant-input-suffix"[39m
                      [36m>[39m
                        [0ms[0m
                      [36m</span>[39m
                    [36m</span>[39m
                    [36m<div[39m
                      [33mclass[39m=[32m"text-xs text-text-subtle mt-1"[39m
                    [36m>[39m
                      [0mAbort streaming if no visible assistant output arrives within this time. Default: 120s.[0m
                    [36m</div>[39m
                  [36m</div>[39m
                  [36m<div>[39m
                    [36m<label[39m
                      [33mclass[39m=[32m"block text-sm font-medium mb-1"[39m
                    [36m>[39m
                      [0mChat Stream Idle[0m
                    [36m</label>[39m
                    [36m<span[39m
                      [33mclass[39m=[32m"ant-input-affix-wrapper css-dev-only-do-not-override-3uaqrl ant-input-outlined css-var-r4 ant-input-css-var"[39m
                    [36m>[39m
                      [36m<input[39m
                        [33mclass[39m=[32m"ant-input css-dev-only-do-not-override-3uaqrl"[39m
                        [33mmin[39m=[32m"1"[39m
                        [33mtype[39m=[32m"number"[39m
                        [33mvalue[39m=[32m"15"[39m
                      [36m/>[39m
                      [36m<span[39m
                        [33mclass[39m=[32m"ant-input-suffix"[39m
                      [36m>[39m
                        [0ms[0m
                      [36m</span>[39m
                    [36m</span>[39m
                  [36m</div>[39m
                  [36m<div>[39m
                    [36m<label[39m
                      [33mclass[39m=[32m"block text-sm font-medium mb-1"[39m
                    [36m>[39m
                      [0mRAG Request Timeout[0m
                    [36m</label>[39m
                    [36m<span[39m
                      [33mclass[39m=[32m"ant-input-affix-wrapper css-dev-only-do-not-override-3uaqrl ant-input-outlined css-var-r4 ant-input-css-var"[39m
                    [36m>[39m
                      [36m<input[39m
                        [33mclass[39m=[32m"ant-input css-dev-only-do-not-override-3uaqrl"[39m
                        [33mmin[39m=[32m"1"[39m
                        [33mtype[39m=[32m"number"[39m
                        [33mvalue[39m=[32m"120"[39m
                      [36m/>[39m
                      [36m<span[39m
                        [33mclass[39m=[32m"ant-input-suffix"[39m
                      [36m>[39m
                        [0ms[0m
                      [36m</span>[39m
                    [36m</span>[39m
                  [36m</div>[39m
                  [36m<div>[39m
                    [36m<label[39m
                      [33mclass[39m=[32m"block text-sm font-medium mb-1"[39m
                    [36m>[39m
                      [0mMedia Request Timeout[0m
                    [36m</label>[39m
                    [36m<span[39m
                      [33mclass[39m=[32m"ant-input-affix-wrapper css-dev-only-do-not-override-3uaqrl ant-input-outlined css-var-r4 ant-input-css-var"[39m
                    [36m>[39m
                      [36m<input[39m
                        [33mclass[39m=[32m"ant-input css-dev-only-do-not-override-3uaqrl"[39m
                        [33mmin[39m=[32m"1"[39m
                        [33mtype[39m=[32m"number"[39m
                        [33mvalue[39m=[32m"60"[39m
                      [36m/>[39m
                      [36m<span[39m
                        [33mclass[39m=[32m"ant-input-suffix"[39m
                      [36m>[39m
                        [0ms[0m
                      [36m</span>[39m
                    [36m</span>[39m
                  [36m</div>[39m
                  [36m<div>[39m
                    [36m<label[39m
                      [33mclass[39m=[32m"block text-sm font-medium mb-1"[39m
                    [36m>[39m
                      [0mUpload Request Timeout[0m
                    [36m</label>[39m
                    [36m<span[39m
                      [33mclass[39m=[32m"ant-input-affix-wrapper css-dev-only-do-not-override-3uaqrl ant-input-outlined css-var-r4 ant-input-css-var"[39m
                    [36m>[39m
                      [36m<input[39m
                        [33mclass[39m=[32m"ant-input css-dev-only-do-not-override-3uaqrl"[39m
                        [33mmin[39m=[32m"1"[39m
                        [33mtype[39m=[32m"number"[39m
                        [33mvalue[39m=[32m"60"[39m
                      [36m/>[39m
                      [36m<span[39m
                        [33mclass[39m=[32m"ant-input-suffix"[39m
                      [36m>[39m
                        [0ms[0m
                      [36m</span>[39m
                    [36m</span>[39m
                  [36m</div>[39m
                [36m</div>[39m
                [36m<div[39m
                  [33mclass[39m=[32m"flex justify-end"[39m
                [36m>[39m
                  [36m<button[39m
                    [33mclass[39m=[32m"ant-btn css-dev-only-do-not-override-3uaqrl css-var-r4 ant-btn-default ant-btn-color-default ant-btn-variant-outlined"[39m
                    [33mtype[39m=[32m"button"[39m
                  [36m>[39m
                    [36m<span>[39m
                      [0mReset to recommended[0m
                    [36m</span>[39m
                  [36m</button>[39m
                [36m</div>[39m
              [36m</div>[39m
            [36m</div>[39m
          [36m</div>[39m
        [36m</div>[39m
      [36m</div>[39m
    [36m</div>[39m
  [36m</div>[39m
[36m</body>[39m
 ❯ Object.getElementError ../node_modules/.bun/@testing-library+dom@10.4.1/node_modules/@testing-library/dom/dist/config.js:37:19
 ❯ ../node_modules/.bun/@testing-library+dom@10.4.1/node_modules/@testing-library/dom/dist/query-helpers.js:76:38
 ❯ ../node_modules/.bun/@testing-library+dom@10.4.1/node_modules/@testing-library/dom/dist/query-helpers.js:52:17
 ❯ ../node_modules/.bun/@testing-library+dom@10.4.1/node_modules/@testing-library/dom/dist/query-helpers.js:95:19
 ❯ ../packages/ui/src/components/Option/Settings/__tests__/TldwTimeoutSettings.accessibility.test.tsx:47:24
     45|   await user.click(screen.getByRole("button", { name: /Advanced Timeou…
     46|
     47|   const input = screen.getByRole("spinbutton", { name: label, exact: t…
       |                        ^
     48|   expect(screen.getByLabelText(label, { exact: true })).toBe(input)
     49|   await user.click(screen.getByText(label, { selector: "label", exact:…

⎯⎯⎯⎯⎯⎯⎯⎯⎯⎯⎯⎯⎯⎯⎯⎯⎯⎯⎯⎯⎯⎯⎯⎯[3/9]⎯

 FAIL  ../packages/ui/src/components/Option/Settings/__tests__/TldwTimeoutSettings.accessibility.test.tsx > names and focuses the numeric input through its visible label: Chat startup timeout
TestingLibraryElementError: Unable to find an accessible element with the role "spinbutton" and name "Chat startup timeout"

Here are the accessible roles:

  button:

  Name "expanded Advanced Timeouts":
  [36m<div[39m
    [33maria-disabled[39m=[32m"false"[39m
    [33maria-expanded[39m=[32m"true"[39m
    [33mclass[39m=[32m"ant-collapse-header"[39m
    [33mrole[39m=[32m"button"[39m
    [33mtabindex[39m=[32m"0"[39m
  [36m/>[39m

  Name "Reset to recommended":
  [36m<button[39m
    [33mclass[39m=[32m"ant-btn css-dev-only-do-not-override-3uaqrl css-var-r6 ant-btn-default ant-btn-color-default ant-btn-variant-outlined"[39m
    [33mtype[39m=[32m"button"[39m
  [36m/>[39m

  --------------------------------------------------
  img:

  Name "expanded":
  [36m<span[39m
    [33maria-label[39m=[32m"expanded"[39m
    [33mclass[39m=[32m"anticon anticon-right ant-collapse-arrow"[39m
    [33mrole[39m=[32m"img"[39m
  [36m/>[39m

  --------------------------------------------------
  radiogroup:

  Name "segmented control":
  [36m<div[39m
    [33maria-label[39m=[32m"segmented control"[39m
    [33maria-orientation[39m=[32m"horizontal"[39m
    [33mclass[39m=[32m"ant-segmented css-dev-only-do-not-override-3uaqrl css-var-r6"[39m
    [33mrole[39m=[32m"radiogroup"[39m
    [33mtabindex[39m=[32m"0"[39m
  [36m/>[39m

  --------------------------------------------------
  radio:

  Name "Balanced":
  [36m<input[39m
    [33mchecked[39m=[32m""[39m
    [33mclass[39m=[32m"ant-segmented-item-input"[39m
    [33mname[39m=[32m"test-id"[39m
    [33mtype[39m=[32m"radio"[39m
  [36m/>[39m

  Name "Extended":
  [36m<input[39m
    [33mclass[39m=[32m"ant-segmented-item-input"[39m
    [33mname[39m=[32m"test-id"[39m
    [33mtype[39m=[32m"radio"[39m
  [36m/>[39m

  --------------------------------------------------
  spinbutton:

  Name "":
  [36m<input[39m
    [33mclass[39m=[32m"ant-input css-dev-only-do-not-override-3uaqrl"[39m
    [33mmin[39m=[32m"1"[39m
    [33mplaceholder[39m=[32m"10"[39m
    [33mtype[39m=[32m"number"[39m
    [33mvalue[39m=[32m"10"[39m
  [36m/>[39m

  Name "":
  [36m<input[39m
    [33mclass[39m=[32m"ant-input css-dev-only-do-not-override-3uaqrl"[39m
    [33mmin[39m=[32m"1"[39m
    [33mplaceholder[39m=[32m"15"[39m
    [33mtype[39m=[32m"number"[39m
    [33mvalue[39m=[32m"15"[39m
  [36m/>[39m

  Name "":
  [36m<input[39m
    [33mclass[39m=[32m"ant-input css-dev-only-do-not-override-3uaqrl"[39m
    [33mmin[39m=[32m"1"[39m
    [33mtype[39m=[32m"number"[39m
    [33mvalue[39m=[32m"120"[39m
  [36m/>[39m

  Name "":
  [36m<input[39m
    [33mclass[39m=[32m"ant-input css-dev-only-do-not-override-3uaqrl"[39m
    [33mmin[39m=[32m"1"[39m
    [33mtype[39m=[32m"number"[39m
    [33mvalue[39m=[32m"120"[39m
  [36m/>[39m

  Name "":
  [36m<input[39m
    [33mclass[39m=[32m"ant-input css-dev-only-do-not-override-3uaqrl"[39m
    [33mmin[39m=[32m"1"[39m
    [33mtype[39m=[32m"number"[39m
    [33mvalue[39m=[32m"15"[39m
  [36m/>[39m

  Name "":
  [36m<input[39m
    [33mclass[39m=[32m"ant-input css-dev-only-do-not-override-3uaqrl"[39m
    [33mmin[39m=[32m"1"[39m
    [33mtype[39m=[32m"number"[39m
    [33mvalue[39m=[32m"120"[39m
  [36m/>[39m

  Name "":
  [36m<input[39m
    [33mclass[39m=[32m"ant-input css-dev-only-do-not-override-3uaqrl"[39m
    [33mmin[39m=[32m"1"[39m
    [33mtype[39m=[32m"number"[39m
    [33mvalue[39m=[32m"60"[39m
  [36m/>[39m

  Name "":
  [36m<input[39m
    [33mclass[39m=[32m"ant-input css-dev-only-do-not-override-3uaqrl"[39m
    [33mmin[39m=[32m"1"[39m
    [33mtype[39m=[32m"number"[39m
    [33mvalue[39m=[32m"60"[39m
  [36m/>[39m

  --------------------------------------------------

Ignored nodes: comments, script, style
[36m<body>[39m
  [36m<div>[39m
    [36m<div[39m
      [33mclass[39m=[32m"scroll-mt-24"[39m
      [33mid[39m=[32m"tldw-settings-timeouts"[39m
    [36m>[39m
      [36m<div[39m
        [33mclass[39m=[32m"ant-collapse ant-collapse-icon-placement-start mt-4 css-dev-only-do-not-override-3uaqrl css-var-r6"[39m
      [36m>[39m
        [36m<div[39m
          [33mclass[39m=[32m"ant-collapse-item ant-collapse-item-active"[39m
        [36m>[39m
          [36m<div[39m
            [33maria-disabled[39m=[32m"false"[39m
            [33maria-expanded[39m=[32m"true"[39m
            [33mclass[39m=[32m"ant-collapse-header"[39m
            [33mrole[39m=[32m"button"[39m
            [33mtabindex[39m=[32m"0"[39m
          [36m>[39m
            [36m<div[39m
              [33mclass[39m=[32m"ant-collapse-expand-icon"[39m
            [36m>[39m
              [36m<span[39m
                [33maria-label[39m=[32m"expanded"[39m
                [33mclass[39m=[32m"anticon anticon-right ant-collapse-arrow"[39m
                [33mrole[39m=[32m"img"[39m
              [36m>[39m
                [36m<svg[39m
                  [33maria-hidden[39m=[32m"true"[39m
                  [33mdata-icon[39m=[32m"right"[39m
                  [33mfill[39m=[32m"currentColor"[39m
                  [33mfocusable[39m=[32m"false"[39m
                  [33mheight[39m=[32m"1em"[39m
                  [33mstyle[39m=[32m"transform: rotate(90deg);"[39m
                  [33mviewBox[39m=[32m"64 64 896 896"[39m
                  [33mwidth[39m=[32m"1em"[39m
                [36m>[39m
                  [36m<path[39m
                    [33md[39m=[32m"M765.7 486.8L314.9 134.7A7.97 7.97 0 00302 141v77.3c0 4.9 2.3 9.6 6.1 12.6l360 281.1-360 281.1c-3.9 3-6.1 7.7-6.1 12.6V883c0 6.7 7.7 10.4 12.9 6.3l450.8-352.1a31.96 31.96 0 000-50.4z"[39m
                  [36m/>[39m
                [36m</svg>[39m
              [36m</span>[39m
            [36m</div>[39m
            [36m<span[39m
              [33mclass[39m=[32m"ant-collapse-title"[39m
            [36m>[39m
              [0mAdvanced Timeouts[0m
            [36m</span>[39m
          [36m</div>[39m
          [36m<div[39m
            [33mclass[39m=[32m"ant-collapse-panel ant-collapse-panel-active"[39m
          [36m>[39m
            [36m<div[39m
              [33mclass[39m=[32m"ant-collapse-body"[39m
            [36m>[39m
              [36m<div[39m
                [33mclass[39m=[32m"space-y-3"[39m
              [36m>[39m
                [36m<div[39m
                  [33mclass[39m=[32m"flex flex-col gap-2"[39m
                [36m>[39m
                  [36m<span[39m
                    [33mclass[39m=[32m"text-sm font-medium"[39m
                  [36m>[39m
                    [0mTimeout profile[0m
                  [36m</span>[39m
                  [36m<div[39m
                    [33mclass[39m=[32m"flex flex-wrap items-center gap-3"[39m
                  [36m>[39m
                    [36m<div[39m
                      [33maria-label[39m=[32m"segmented control"[39m
                      [33maria-orientation[39m=[32m"horizontal"[39m
                      [33mclass[39m=[32m"ant-segmented css-dev-only-do-not-override-3uaqrl css-var-r6"[39m
                      [33mrole[39m=[32m"radiogroup"[39m
                      [33mtabindex[39m=[32m"0"[39m
                    [36m>[39m
                      [36m<div[39m
                        [33mclass[39m=[32m"ant-segmented-group"[39m
                      [36m>[39m
                        [36m<label[39m
                          [33mclass[39m=[32m"ant-segmented-item ant-segmented-item-selected"[39m
                        [36m>[39m
                          [36m<input[39m
                            [33mchecked[39m=[32m""[39m
                            [33mclass[39m=[32m"ant-segmented-item-input"[39m
                            [33mname[39m=[32m"test-id"[39m
                            [33mtype[39m=[32m"radio"[39m
                          [36m/>[39m
                          [36m<div[39m
                            [33mclass[39m=[32m"ant-segmented-item-label"[39m
                            [33mtitle[39m=[32m"Balanced"[39m
                          [36m>[39m
                            [0mBalanced[0m
                          [36m</div>[39m
                        [36m</label>[39m
                        [36m<label[39m
                          [33mclass[39m=[32m"ant-segmented-item"[39m
                        [36m>[39m
                          [36m<input[39m
                            [33mclass[39m=[32m"ant-segmented-item-input"[39m
                            [33mname[39m=[32m"test-id"[39m
                            [33mtype[39m=[32m"radio"[39m
                          [36m/>[39m
                          [36m<div[39m
                            [33mclass[39m=[32m"ant-segmented-item-label"[39m
                            [33mtitle[39m=[32m"Extended"[39m
                          [36m>[39m
                            [0mExtended[0m
                          [36m</div>[39m
                        [36m</label>[39m
                      [36m</div>[39m
                    [36m</div>[39m
                  [36m</div>[39m
                  [36m<span[39m
                    [33mclass[39m=[32m"text-xs text-text-subtle"[39m
                  [36m>[39m
                    [0mBalanced works well for most setups. Extended adds extra headroom for slower networks or long-running jobs.[0m
                  [36m</span>[39m
                [36m</div>[39m
                [36m<div[39m
                  [33mclass[39m=[32m"grid grid-cols-1 md:grid-cols-2 gap-4"[39m
                [36m>[39m
                  [36m<div>[39m
                    [36m<label[39m
                      [33mclass[39m=[32m"block text-sm font-medium mb-1"[39m
                    [36m>[39m
                      [0mRequest Timeout (seconds)[0m
                    [36m</label>[39m
                    [36m<span[39m
                      [33mclass[39m=[32m"ant-input-affix-wrapper css-dev-only-do-not-override-3uaqrl ant-input-outlined css-var-r6 ant-input-css-var"[39m
                    [36m>[39m
                      [36m<input[39m
                        [33mclass[39m=[32m"ant-input css-dev-only-do-not-override-3uaqrl"[39m
                        [33mmin[39m=[32m"1"[39m
                        [33mplaceholder[39m=[32m"10"[39m
                        [33mtype[39m=[32m"number"[39m
                        [33mvalue[39m=[32m"10"[39m
                      [36m/>[39m
                      [36m<span[39m
                        [33mclass[39m=[32m"ant-input-suffix"[39m
                      [36m>[39m
                        [0ms[0m
                      [36m</span>[39m
                    [36m</span>[39m
                    [36m<div[39m
                      [33mclass[39m=[32m"text-xs text-text-subtle mt-1"[39m
                    [36m>[39m
                      [0mAbort initial requests if no response within this time. Default: 10s.[0m
                    [36m</div>[39m
                  [36m</div>[39m
                  [36m<div>[39m
                    [36m<label[39m
                      [33mclass[39m=[32m"block text-sm font-medium mb-1"[39m
                    [36m>[39m
                      [0mStreaming Idle Timeout (seconds)[0m
                    [36m</label>[39m
                    [36m<span[39m
                      [33mclass[39m=[32m"ant-input-affix-wrapper css-dev-only-do-not-override-3uaqrl ant-input-outlined css-var-r6 ant-input-css-var"[39m
                    [36m>[39m
                      [36m<input[39m
                        [33mclass[39m=[32m"ant-input css-dev-only-do-not-override-3uaqrl"[39m
                        [33mmin[39m=[32m"1"[39m
                        [33mplaceholder[39m=[32m"15"[39m
                        [33mtype[39m=[32m"number"[39m
                        [33mvalue[39m=[32m"15"[39m
                      [36m/>[39m
                      [36m<span[39m
                        [33mclass[39m=[32m"ant-input-suffix"[39m
                      [36m>[39m
                        [0ms[0m
                      [36m</span>[39m
                    [36m</span>[39m
                    [36m<div[39m
                      [33mclass[39m=[32m"text-xs text-text-subtle mt-1"[39m
                    [36m>[39m
                      [0mAbort streaming if no updates received within this time. Default: 15s.[0m
                    [36m</div>[39m
                  [36m</div>[39m
                [36m</div>[39m
                [36m<div[39m
                  [33mclass[39m=[32m"grid grid-cols-1 md:grid-cols-2 gap-4"[39m
                [36m>[39m
                  [36m<div>[39m
                    [36m<label[39m
                      [33mclass[39m=[32m"block text-sm font-medium mb-1"[39m
                    [36m>[39m
                      [0mChat Request Timeout[0m
                    [36m</label>[39m
                    [36m<span[39m
                      [33mclass[39m=[32m"ant-input-affix-wrapper css-dev-only-do-not-override-3uaqrl ant-input-outlined css-var-r6 ant-input-css-var"[39m
                    [36m>[39m
                      [36m<input[39m
                        [33mclass[39m=[32m"ant-input css-dev-only-do-not-override-3uaqrl"[39m
                        [33mmin[39m=[32m"1"[39m
                        [33mtype[39m=[32m"number"[39m
                        [33mvalue[39m=[32m"120"[39m
                      [36m/>[39m
                      [36m<span[39m
                        [33mclass[39m=[32m"ant-input-suffix"[39m
                      [36m>[39m
                        [0ms[0m
                      [36m</span>[39m
                    [36m</span>[39m
                    [36m<div[39m
                      [33mclass[39m=[32m"text-xs text-text-subtle mt-1"[39m
                    [36m>[39m
                      [0mApplies to non-stream chat request timeout handling. Use startup timeout below for first visible token.[0m
                    [36m</div>[39m
                  [36m</div>[39m
                  [36m<div>[39m
                    [36m<label[39m
                      [33mclass[39m=[32m"block text-sm font-medium mb-1"[39m
                    [36m>[39m
                      [0mChat startup timeout[0m
                    [36m</label>[39m
                    [36m<span[39m
                      [33mclass[39m=[32m"ant-input-affix-wrapper css-dev-only-do-not-override-3uaqrl ant-input-outlined css-var-r6 ant-input-css-var"[39m
                    [36m>[39m
                      [36m<input[39m
                        [33mclass[39m=[32m"ant-input css-dev-only-do-not-override-3uaqrl"[39m
                        [33mmin[39m=[32m"1"[39m
                        [33mtype[39m=[32m"number"[39m
                        [33mvalue[39m=[32m"120"[39m
                      [36m/>[39m
                      [36m<span[39m
                        [33mclass[39m=[32m"ant-input-suffix"[39m
                      [36m>[39m
                        [0ms[0m
                      [36m</span>[39m
                    [36m</span>[39m
                    [36m<div[39m
                      [33mclass[39m=[32m"text-xs text-text-subtle mt-1"[39m
                    [36m>[39m
                      [0mAbort streaming if no visible assistant output arrives within this time. Default: 120s.[0m
                    [36m</div>[39m
                  [36m</div>[39m
                  [36m<div>[39m
                    [36m<label[39m
                      [33mclass[39m=[32m"block text-sm font-medium mb-1"[39m
                    [36m>[39m
                      [0mChat Stream Idle[0m
                    [36m</label>[39m
                    [36m<span[39m
                      [33mclass[39m=[32m"ant-input-affix-wrapper css-dev-only-do-not-override-3uaqrl ant-input-outlined css-var-r6 ant-input-css-var"[39m
                    [36m>[39m
                      [36m<input[39m
                        [33mclass[39m=[32m"ant-input css-dev-only-do-not-override-3uaqrl"[39m
                        [33mmin[39m=[32m"1"[39m
                        [33mtype[39m=[32m"number"[39m
                        [33mvalue[39m=[32m"15"[39m
                      [36m/>[39m
                      [36m<span[39m
                        [33mclass[39m=[32m"ant-input-suffix"[39m
                      [36m>[39m
                        [0ms[0m
                      [36m</span>[39m
                    [36m</span>[39m
                  [36m</div>[39m
                  [36m<div>[39m
                    [36m<label[39m
                      [33mclass[39m=[32m"block text-sm font-medium mb-1"[39m
                    [36m>[39m
                      [0mRAG Request Timeout[0m
                    [36m</label>[39m
                    [36m<span[39m
                      [33mclass[39m=[32m"ant-input-affix-wrapper css-dev-only-do-not-override-3uaqrl ant-input-outlined css-var-r6 ant-input-css-var"[39m
                    [36m>[39m
                      [36m<input[39m
                        [33mclass[39m=[32m"ant-input css-dev-only-do-not-override-3uaqrl"[39m
                        [33mmin[39m=[32m"1"[39m
                        [33mtype[39m=[32m"number"[39m
                        [33mvalue[39m=[32m"120"[39m
                      [36m/>[39m
                      [36m<span[39m
                        [33mclass[39m=[32m"ant-input-suffix"[39m
                      [36m>[39m
                        [0ms[0m
                      [36m</span>[39m
                    [36m</span>[39m
                  [36m</div>[39m
                  [36m<div>[39m
                    [36m<label[39m
                      [33mclass[39m=[32m"block text-sm font-medium mb-1"[39m
                    [36m>[39m
                      [0mMedia Request Timeout[0m
                    [36m</label>[39m
                    [36m<span[39m
                      [33mclass[39m=[32m"ant-input-affix-wrapper css-dev-only-do-not-override-3uaqrl ant-input-outlined css-var-r6 ant-input-css-var"[39m
                    [36m>[39m
                      [36m<input[39m
                        [33mclass[39m=[32m"ant-input css-dev-only-do-not-override-3uaqrl"[39m
                        [33mmin[39m=[32m"1"[39m
                        [33mtype[39m=[32m"number"[39m
                        [33mvalue[39m=[32m"60"[39m
                      [36m/>[39m
                      [36m<span[39m
                        [33mclass[39m=[32m"ant-input-suffix"[39m
                      [36m>[39m
                        [0ms[0m
                      [36m</span>[39m
                    [36m</span>[39m
                  [36m</div>[39m
                  [36m<div>[39m
                    [36m<label[39m
                      [33mclass[39m=[32m"block text-sm font-medium mb-1"[39m
                    [36m>[39m
                      [0mUpload Request Timeout[0m
                    [36m</label>[39m
                    [36m<span[39m
                      [33mclass[39m=[32m"ant-input-affix-wrapper css-dev-only-do-not-override-3uaqrl ant-input-outlined css-var-r6 ant-input-css-var"[39m
                    [36m>[39m
                      [36m<input[39m
                        [33mclass[39m=[32m"ant-input css-dev-only-do-not-override-3uaqrl"[39m
                        [33mmin[39m=[32m"1"[39m
                        [33mtype[39m=[32m"number"[39m
                        [33mvalue[39m=[32m"60"[39m
                      [36m/>[39m
                      [36m<span[39m
                        [33mclass[39m=[32m"ant-input-suffix"[39m
                      [36m>[39m
                        [0ms[0m
                      [36m</span>[39m
                    [36m</span>[39m
                  [36m</div>[39m
                [36m</div>[39m
                [36m<div[39m
                  [33mclass[39m=[32m"flex justify-end"[39m
                [36m>[39m
                  [36m<button[39m
                    [33mclass[39m=[32m"ant-btn css-dev-only-do-not-override-3uaqrl css-var-r6 ant-btn-default ant-btn-color-default ant-btn-variant-outlined"[39m
                    [33mtype[39m=[32m"button"[39m
                  [36m>[39m
                    [36m<span>[39m
                      [0mReset to recommended[0m
                    [36m</span>[39m
                  [36m</button>[39m
                [36m</div>[39m
              [36m</div>[39m
            [36m</div>[39m
          [36m</div>[39m
        [36m</div>[39m
      [36m</div>[39m
    [36m</div>[39m
  [36m</div>[39m
[36m</body>[39m
 ❯ Object.getElementError ../node_modules/.bun/@testing-library+dom@10.4.1/node_modules/@testing-library/dom/dist/config.js:37:19
 ❯ ../node_modules/.bun/@testing-library+dom@10.4.1/node_modules/@testing-library/dom/dist/query-helpers.js:76:38
 ❯ ../node_modules/.bun/@testing-library+dom@10.4.1/node_modules/@testing-library/dom/dist/query-helpers.js:52:17
 ❯ ../node_modules/.bun/@testing-library+dom@10.4.1/node_modules/@testing-library/dom/dist/query-helpers.js:95:19
 ❯ ../packages/ui/src/components/Option/Settings/__tests__/TldwTimeoutSettings.accessibility.test.tsx:47:24
     45|   await user.click(screen.getByRole("button", { name: /Advanced Timeou…
     46|
     47|   const input = screen.getByRole("spinbutton", { name: label, exact: t…
       |                        ^
     48|   expect(screen.getByLabelText(label, { exact: true })).toBe(input)
     49|   await user.click(screen.getByText(label, { selector: "label", exact:…

⎯⎯⎯⎯⎯⎯⎯⎯⎯⎯⎯⎯⎯⎯⎯⎯⎯⎯⎯⎯⎯⎯⎯⎯[4/9]⎯

 FAIL  ../packages/ui/src/components/Option/Settings/__tests__/TldwTimeoutSettings.accessibility.test.tsx > names and focuses the numeric input through its visible label: Chat Stream Idle
TestingLibraryElementError: Unable to find an accessible element with the role "spinbutton" and name "Chat Stream Idle"

Here are the accessible roles:

  button:

  Name "expanded Advanced Timeouts":
  [36m<div[39m
    [33maria-disabled[39m=[32m"false"[39m
    [33maria-expanded[39m=[32m"true"[39m
    [33mclass[39m=[32m"ant-collapse-header"[39m
    [33mrole[39m=[32m"button"[39m
    [33mtabindex[39m=[32m"0"[39m
  [36m/>[39m

  Name "Reset to recommended":
  [36m<button[39m
    [33mclass[39m=[32m"ant-btn css-dev-only-do-not-override-3uaqrl css-var-r8 ant-btn-default ant-btn-color-default ant-btn-variant-outlined"[39m
    [33mtype[39m=[32m"button"[39m
  [36m/>[39m

  --------------------------------------------------
  img:

  Name "expanded":
  [36m<span[39m
    [33maria-label[39m=[32m"expanded"[39m
    [33mclass[39m=[32m"anticon anticon-right ant-collapse-arrow"[39m
    [33mrole[39m=[32m"img"[39m
  [36m/>[39m

  --------------------------------------------------
  radiogroup:

  Name "segmented control":
  [36m<div[39m
    [33maria-label[39m=[32m"segmented control"[39m
    [33maria-orientation[39m=[32m"horizontal"[39m
    [33mclass[39m=[32m"ant-segmented css-dev-only-do-not-override-3uaqrl css-var-r8"[39m
    [33mrole[39m=[32m"radiogroup"[39m
    [33mtabindex[39m=[32m"0"[39m
  [36m/>[39m

  --------------------------------------------------
  radio:

  Name "Balanced":
  [36m<input[39m
    [33mchecked[39m=[32m""[39m
    [33mclass[39m=[32m"ant-segmented-item-input"[39m
    [33mname[39m=[32m"test-id"[39m
    [33mtype[39m=[32m"radio"[39m
  [36m/>[39m

  Name "Extended":
  [36m<input[39m
    [33mclass[39m=[32m"ant-segmented-item-input"[39m
    [33mname[39m=[32m"test-id"[39m
    [33mtype[39m=[32m"radio"[39m
  [36m/>[39m

  --------------------------------------------------
  spinbutton:

  Name "":
  [36m<input[39m
    [33mclass[39m=[32m"ant-input css-dev-only-do-not-override-3uaqrl"[39m
    [33mmin[39m=[32m"1"[39m
    [33mplaceholder[39m=[32m"10"[39m
    [33mtype[39m=[32m"number"[39m
    [33mvalue[39m=[32m"10"[39m
  [36m/>[39m

  Name "":
  [36m<input[39m
    [33mclass[39m=[32m"ant-input css-dev-only-do-not-override-3uaqrl"[39m
    [33mmin[39m=[32m"1"[39m
    [33mplaceholder[39m=[32m"15"[39m
    [33mtype[39m=[32m"number"[39m
    [33mvalue[39m=[32m"15"[39m
  [36m/>[39m

  Name "":
  [36m<input[39m
    [33mclass[39m=[32m"ant-input css-dev-only-do-not-override-3uaqrl"[39m
    [33mmin[39m=[32m"1"[39m
    [33mtype[39m=[32m"number"[39m
    [33mvalue[39m=[32m"120"[39m
  [36m/>[39m

  Name "":
  [36m<input[39m
    [33mclass[39m=[32m"ant-input css-dev-only-do-not-override-3uaqrl"[39m
    [33mmin[39m=[32m"1"[39m
    [33mtype[39m=[32m"number"[39m
    [33mvalue[39m=[32m"120"[39m
  [36m/>[39m

  Name "":
  [36m<input[39m
    [33mclass[39m=[32m"ant-input css-dev-only-do-not-override-3uaqrl"[39m
    [33mmin[39m=[32m"1"[39m
    [33mtype[39m=[32m"number"[39m
    [33mvalue[39m=[32m"15"[39m
  [36m/>[39m

  Name "":
  [36m<input[39m
    [33mclass[39m=[32m"ant-input css-dev-only-do-not-override-3uaqrl"[39m
    [33mmin[39m=[32m"1"[39m
    [33mtype[39m=[32m"number"[39m
    [33mvalue[39m=[32m"120"[39m
  [36m/>[39m

  Name "":
  [36m<input[39m
    [33mclass[39m=[32m"ant-input css-dev-only-do-not-override-3uaqrl"[39m
    [33mmin[39m=[32m"1"[39m
    [33mtype[39m=[32m"number"[39m
    [33mvalue[39m=[32m"60"[39m
  [36m/>[39m

  Name "":
  [36m<input[39m
    [33mclass[39m=[32m"ant-input css-dev-only-do-not-override-3uaqrl"[39m
    [33mmin[39m=[32m"1"[39m
    [33mtype[39m=[32m"number"[39m
    [33mvalue[39m=[32m"60"[39m
  [36m/>[39m

  --------------------------------------------------

Ignored nodes: comments, script, style
[36m<body>[39m
  [36m<div>[39m
    [36m<div[39m
      [33mclass[39m=[32m"scroll-mt-24"[39m
      [33mid[39m=[32m"tldw-settings-timeouts"[39m
    [36m>[39m
      [36m<div[39m
        [33mclass[39m=[32m"ant-collapse ant-collapse-icon-placement-start mt-4 css-dev-only-do-not-override-3uaqrl css-var-r8"[39m
      [36m>[39m
        [36m<div[39m
          [33mclass[39m=[32m"ant-collapse-item ant-collapse-item-active"[39m
        [36m>[39m
          [36m<div[39m
            [33maria-disabled[39m=[32m"false"[39m
            [33maria-expanded[39m=[32m"true"[39m
            [33mclass[39m=[32m"ant-collapse-header"[39m
            [33mrole[39m=[32m"button"[39m
            [33mtabindex[39m=[32m"0"[39m
          [36m>[39m
            [36m<div[39m
              [33mclass[39m=[32m"ant-collapse-expand-icon"[39m
            [36m>[39m
              [36m<span[39m
                [33maria-label[39m=[32m"expanded"[39m
                [33mclass[39m=[32m"anticon anticon-right ant-collapse-arrow"[39m
                [33mrole[39m=[32m"img"[39m
              [36m>[39m
                [36m<svg[39m
                  [33maria-hidden[39m=[32m"true"[39m
                  [33mdata-icon[39m=[32m"right"[39m
                  [33mfill[39m=[32m"currentColor"[39m
                  [33mfocusable[39m=[32m"false"[39m
                  [33mheight[39m=[32m"1em"[39m
                  [33mstyle[39m=[32m"transform: rotate(90deg);"[39m
                  [33mviewBox[39m=[32m"64 64 896 896"[39m
                  [33mwidth[39m=[32m"1em"[39m
                [36m>[39m
                  [36m<path[39m
                    [33md[39m=[32m"M765.7 486.8L314.9 134.7A7.97 7.97 0 00302 141v77.3c0 4.9 2.3 9.6 6.1 12.6l360 281.1-360 281.1c-3.9 3-6.1 7.7-6.1 12.6V883c0 6.7 7.7 10.4 12.9 6.3l450.8-352.1a31.96 31.96 0 000-50.4z"[39m
                  [36m/>[39m
                [36m</svg>[39m
              [36m</span>[39m
            [36m</div>[39m
            [36m<span[39m
              [33mclass[39m=[32m"ant-collapse-title"[39m
            [36m>[39m
              [0mAdvanced Timeouts[0m
            [36m</span>[39m
          [36m</div>[39m
          [36m<div[39m
            [33mclass[39m=[32m"ant-collapse-panel ant-collapse-panel-active"[39m
          [36m>[39m
            [36m<div[39m
              [33mclass[39m=[32m"ant-collapse-body"[39m
            [36m>[39m
              [36m<div[39m
                [33mclass[39m=[32m"space-y-3"[39m
              [36m>[39m
                [36m<div[39m
                  [33mclass[39m=[32m"flex flex-col gap-2"[39m
                [36m>[39m
                  [36m<span[39m
                    [33mclass[39m=[32m"text-sm font-medium"[39m
                  [36m>[39m
                    [0mTimeout profile[0m
                  [36m</span>[39m
                  [36m<div[39m
                    [33mclass[39m=[32m"flex flex-wrap items-center gap-3"[39m
                  [36m>[39m
                    [36m<div[39m
                      [33maria-label[39m=[32m"segmented control"[39m
                      [33maria-orientation[39m=[32m"horizontal"[39m
                      [33mclass[39m=[32m"ant-segmented css-dev-only-do-not-override-3uaqrl css-var-r8"[39m
                      [33mrole[39m=[32m"radiogroup"[39m
                      [33mtabindex[39m=[32m"0"[39m
                    [36m>[39m
                      [36m<div[39m
                        [33mclass[39m=[32m"ant-segmented-group"[39m
                      [36m>[39m
                        [36m<label[39m
                          [33mclass[39m=[32m"ant-segmented-item ant-segmented-item-selected"[39m
                        [36m>[39m
                          [36m<input[39m
                            [33mchecked[39m=[32m""[39m
                            [33mclass[39m=[32m"ant-segmented-item-input"[39m
                            [33mname[39m=[32m"test-id"[39m
                            [33mtype[39m=[32m"radio"[39m
                          [36m/>[39m
                          [36m<div[39m
                            [33mclass[39m=[32m"ant-segmented-item-label"[39m
                            [33mtitle[39m=[32m"Balanced"[39m
                          [36m>[39m
                            [0mBalanced[0m
                          [36m</div>[39m
                        [36m</label>[39m
                        [36m<label[39m
                          [33mclass[39m=[32m"ant-segmented-item"[39m
                        [36m>[39m
                          [36m<input[39m
                            [33mclass[39m=[32m"ant-segmented-item-input"[39m
                            [33mname[39m=[32m"test-id"[39m
                            [33mtype[39m=[32m"radio"[39m
                          [36m/>[39m
                          [36m<div[39m
                            [33mclass[39m=[32m"ant-segmented-item-label"[39m
                            [33mtitle[39m=[32m"Extended"[39m
                          [36m>[39m
                            [0mExtended[0m
                          [36m</div>[39m
                        [36m</label>[39m
                      [36m</div>[39m
                    [36m</div>[39m
                  [36m</div>[39m
                  [36m<span[39m
                    [33mclass[39m=[32m"text-xs text-text-subtle"[39m
                  [36m>[39m
                    [0mBalanced works well for most setups. Extended adds extra headroom for slower networks or long-running jobs.[0m
                  [36m</span>[39m
                [36m</div>[39m
                [36m<div[39m
                  [33mclass[39m=[32m"grid grid-cols-1 md:grid-cols-2 gap-4"[39m
                [36m>[39m
                  [36m<div>[39m
                    [36m<label[39m
                      [33mclass[39m=[32m"block text-sm font-medium mb-1"[39m
                    [36m>[39m
                      [0mRequest Timeout (seconds)[0m
                    [36m</label>[39m
                    [36m<span[39m
                      [33mclass[39m=[32m"ant-input-affix-wrapper css-dev-only-do-not-override-3uaqrl ant-input-outlined css-var-r8 ant-input-css-var"[39m
                    [36m>[39m
                      [36m<input[39m
                        [33mclass[39m=[32m"ant-input css-dev-only-do-not-override-3uaqrl"[39m
                        [33mmin[39m=[32m"1"[39m
                        [33mplaceholder[39m=[32m"10"[39m
                        [33mtype[39m=[32m"number"[39m
                        [33mvalue[39m=[32m"10"[39m
                      [36m/>[39m
                      [36m<span[39m
                        [33mclass[39m=[32m"ant-input-suffix"[39m
                      [36m>[39m
                        [0ms[0m
                      [36m</span>[39m
                    [36m</span>[39m
                    [36m<div[39m
                      [33mclass[39m=[32m"text-xs text-text-subtle mt-1"[39m
                    [36m>[39m
                      [0mAbort initial requests if no response within this time. Default: 10s.[0m
                    [36m</div>[39m
                  [36m</div>[39m
                  [36m<div>[39m
                    [36m<label[39m
                      [33mclass[39m=[32m"block text-sm font-medium mb-1"[39m
                    [36m>[39m
                      [0mStreaming Idle Timeout (seconds)[0m
                    [36m</label>[39m
                    [36m<span[39m
                      [33mclass[39m=[32m"ant-input-affix-wrapper css-dev-only-do-not-override-3uaqrl ant-input-outlined css-var-r8 ant-input-css-var"[39m
                    [36m>[39m
                      [36m<input[39m
                        [33mclass[39m=[32m"ant-input css-dev-only-do-not-override-3uaqrl"[39m
                        [33mmin[39m=[32m"1"[39m
                        [33mplaceholder[39m=[32m"15"[39m
                        [33mtype[39m=[32m"number"[39m
                        [33mvalue[39m=[32m"15"[39m
                      [36m/>[39m
                      [36m<span[39m
                        [33mclass[39m=[32m"ant-input-suffix"[39m
                      [36m>[39m
                        [0ms[0m
                      [36m</span>[39m
                    [36m</span>[39m
                    [36m<div[39m
                      [33mclass[39m=[32m"text-xs text-text-subtle mt-1"[39m
                    [36m>[39m
                      [0mAbort streaming if no updates received within this time. Default: 15s.[0m
                    [36m</div>[39m
                  [36m</div>[39m
                [36m</div>[39m
                [36m<div[39m
                  [33mclass[39m=[32m"grid grid-cols-1 md:grid-cols-2 gap-4"[39m
                [36m>[39m
                  [36m<div>[39m
                    [36m<label[39m
                      [33mclass[39m=[32m"block text-sm font-medium mb-1"[39m
                    [36m>[39m
                      [0mChat Request Timeout[0m
                    [36m</label>[39m
                    [36m<span[39m
                      [33mclass[39m=[32m"ant-input-affix-wrapper css-dev-only-do-not-override-3uaqrl ant-input-outlined css-var-r8 ant-input-css-var"[39m
                    [36m>[39m
                      [36m<input[39m
                        [33mclass[39m=[32m"ant-input css-dev-only-do-not-override-3uaqrl"[39m
                        [33mmin[39m=[32m"1"[39m
                        [33mtype[39m=[32m"number"[39m
                        [33mvalue[39m=[32m"120"[39m
                      [36m/>[39m
                      [36m<span[39m
                        [33mclass[39m=[32m"ant-input-suffix"[39m
                      [36m>[39m
                        [0ms[0m
                      [36m</span>[39m
                    [36m</span>[39m
                    [36m<div[39m
                      [33mclass[39m=[32m"text-xs text-text-subtle mt-1"[39m
                    [36m>[39m
                      [0mApplies to non-stream chat request timeout handling. Use startup timeout below for first visible token.[0m
                    [36m</div>[39m
                  [36m</div>[39m
                  [36m<div>[39m
                    [36m<label[39m
                      [33mclass[39m=[32m"block text-sm font-medium mb-1"[39m
                    [36m>[39m
                      [0mChat startup timeout[0m
                    [36m</label>[39m
                    [36m<span[39m
                      [33mclass[39m=[32m"ant-input-affix-wrapper css-dev-only-do-not-override-3uaqrl ant-input-outlined css-var-r8 ant-input-css-var"[39m
                    [36m>[39m
                      [36m<input[39m
                        [33mclass[39m=[32m"ant-input css-dev-only-do-not-override-3uaqrl"[39m
                        [33mmin[39m=[32m"1"[39m
                        [33mtype[39m=[32m"number"[39m
                        [33mvalue[39m=[32m"120"[39m
                      [36m/>[39m
                      [36m<span[39m
                        [33mclass[39m=[32m"ant-input-suffix"[39m
                      [36m>[39m
                        [0ms[0m
                      [36m</span>[39m
                    [36m</span>[39m
                    [36m<div[39m
                      [33mclass[39m=[32m"text-xs text-text-subtle mt-1"[39m
                    [36m>[39m
                      [0mAbort streaming if no visible assistant output arrives within this time. Default: 120s.[0m
                    [36m</div>[39m
                  [36m</div>[39m
                  [36m<div>[39m
                    [36m<label[39m
                      [33mclass[39m=[32m"block text-sm font-medium mb-1"[39m
                    [36m>[39m
                      [0mChat Stream Idle[0m
                    [36m</label>[39m
                    [36m<span[39m
                      [33mclass[39m=[32m"ant-input-affix-wrapper css-dev-only-do-not-override-3uaqrl ant-input-outlined css-var-r8 ant-input-css-var"[39m
                    [36m>[39m
                      [36m<input[39m
                        [33mclass[39m=[32m"ant-input css-dev-only-do-not-override-3uaqrl"[39m
                        [33mmin[39m=[32m"1"[39m
                        [33mtype[39m=[32m"number"[39m
                        [33mvalue[39m=[32m"15"[39m
                      [36m/>[39m
                      [36m<span[39m
                        [33mclass[39m=[32m"ant-input-suffix"[39m
                      [36m>[39m
                        [0ms[0m
                      [36m</span>[39m
                    [36m</span>[39m
                  [36m</div>[39m
                  [36m<div>[39m
                    [36m<label[39m
                      [33mclass[39m=[32m"block text-sm font-medium mb-1"[39m
                    [36m>[39m
                      [0mRAG Request Timeout[0m
                    [36m</label>[39m
                    [36m<span[39m
                      [33mclass[39m=[32m"ant-input-affix-wrapper css-dev-only-do-not-override-3uaqrl ant-input-outlined css-var-r8 ant-input-css-var"[39m
                    [36m>[39m
                      [36m<input[39m
                        [33mclass[39m=[32m"ant-input css-dev-only-do-not-override-3uaqrl"[39m
                        [33mmin[39m=[32m"1"[39m
                        [33mtype[39m=[32m"number"[39m
                        [33mvalue[39m=[32m"120"[39m
                      [36m/>[39m
                      [36m<span[39m
                        [33mclass[39m=[32m"ant-input-suffix"[39m
                      [36m>[39m
                        [0ms[0m
                      [36m</span>[39m
                    [36m</span>[39m
                  [36m</div>[39m
                  [36m<div>[39m
                    [36m<label[39m
                      [33mclass[39m=[32m"block text-sm font-medium mb-1"[39m
                    [36m>[39m
                      [0mMedia Request Timeout[0m
                    [36m</label>[39m
                    [36m<span[39m
                      [33mclass[39m=[32m"ant-input-affix-wrapper css-dev-only-do-not-override-3uaqrl ant-input-outlined css-var-r8 ant-input-css-var"[39m
                    [36m>[39m
                      [36m<input[39m
                        [33mclass[39m=[32m"ant-input css-dev-only-do-not-override-3uaqrl"[39m
                        [33mmin[39m=[32m"1"[39m
                        [33mtype[39m=[32m"number"[39m
                        [33mvalue[39m=[32m"60"[39m
                      [36m/>[39m
                      [36m<span[39m
                        [33mclass[39m=[32m"ant-input-suffix"[39m
                      [36m>[39m
                        [0ms[0m
                      [36m</span>[39m
                    [36m</span>[39m
                  [36m</div>[39m
                  [36m<div>[39m
                    [36m<label[39m
                      [33mclass[39m=[32m"block text-sm font-medium mb-1"[39m
                    [36m>[39m
                      [0mUpload Request Timeout[0m
                    [36m</label>[39m
                    [36m<span[39m
                      [33mclass[39m=[32m"ant-input-affix-wrapper css-dev-only-do-not-override-3uaqrl ant-input-outlined css-var-r8 ant-input-css-var"[39m
                    [36m>[39m
                      [36m<input[39m
                        [33mclass[39m=[32m"ant-input css-dev-only-do-not-override-3uaqrl"[39m
                        [33mmin[39m=[32m"1"[39m
                        [33mtype[39m=[32m"number"[39m
                        [33mvalue[39m=[32m"60"[39m
                      [36m/>[39m
                      [36m<span[39m
                        [33mclass[39m=[32m"ant-input-suffix"[39m
                      [36m>[39m
                        [0ms[0m
                      [36m</span>[39m
                    [36m</span>[39m
                  [36m</div>[39m
                [36m</div>[39m
                [36m<div[39m
                  [33mclass[39m=[32m"flex justify-end"[39m
                [36m>[39m
                  [36m<button[39m
                    [33mclass[39m=[32m"ant-btn css-dev-only-do-not-override-3uaqrl css-var-r8 ant-btn-default ant-btn-color-default ant-btn-variant-outlined"[39m
                    [33mtype[39m=[32m"button"[39m
                  [36m>[39m
                    [36m<span>[39m
                      [0mReset to recommended[0m
                    [36m</span>[39m
                  [36m</button>[39m
                [36m</div>[39m
              [36m</div>[39m
            [36m</div>[39m
          [36m</div>[39m
        [36m</div>[39m
      [36m</div>[39m
    [36m</div>[39m
  [36m</div>[39m
[36m</body>[39m
 ❯ Object.getElementError ../node_modules/.bun/@testing-library+dom@10.4.1/node_modules/@testing-library/dom/dist/config.js:37:19
 ❯ ../node_modules/.bun/@testing-library+dom@10.4.1/node_modules/@testing-library/dom/dist/query-helpers.js:76:38
 ❯ ../node_modules/.bun/@testing-library+dom@10.4.1/node_modules/@testing-library/dom/dist/query-helpers.js:52:17
 ❯ ../node_modules/.bun/@testing-library+dom@10.4.1/node_modules/@testing-library/dom/dist/query-helpers.js:95:19
 ❯ ../packages/ui/src/components/Option/Settings/__tests__/TldwTimeoutSettings.accessibility.test.tsx:47:24
     45|   await user.click(screen.getByRole("button", { name: /Advanced Timeou…
     46|
     47|   const input = screen.getByRole("spinbutton", { name: label, exact: t…
       |                        ^
     48|   expect(screen.getByLabelText(label, { exact: true })).toBe(input)
     49|   await user.click(screen.getByText(label, { selector: "label", exact:…

⎯⎯⎯⎯⎯⎯⎯⎯⎯⎯⎯⎯⎯⎯⎯⎯⎯⎯⎯⎯⎯⎯⎯⎯[5/9]⎯

 FAIL  ../packages/ui/src/components/Option/Settings/__tests__/TldwTimeoutSettings.accessibility.test.tsx > names and focuses the numeric input through its visible label: RAG Request Timeout
TestingLibraryElementError: Unable to find an accessible element with the role "spinbutton" and name "RAG Request Timeout"

Here are the accessible roles:

  button:

  Name "expanded Advanced Timeouts":
  [36m<div[39m
    [33maria-disabled[39m=[32m"false"[39m
    [33maria-expanded[39m=[32m"true"[39m
    [33mclass[39m=[32m"ant-collapse-header"[39m
    [33mrole[39m=[32m"button"[39m
    [33mtabindex[39m=[32m"0"[39m
  [36m/>[39m

  Name "Reset to recommended":
  [36m<button[39m
    [33mclass[39m=[32m"ant-btn css-dev-only-do-not-override-3uaqrl css-var-ra ant-btn-default ant-btn-color-default ant-btn-variant-outlined"[39m
    [33mtype[39m=[32m"button"[39m
  [36m/>[39m

  --------------------------------------------------
  img:

  Name "expanded":
  [36m<span[39m
    [33maria-label[39m=[32m"expanded"[39m
    [33mclass[39m=[32m"anticon anticon-right ant-collapse-arrow"[39m
    [33mrole[39m=[32m"img"[39m
  [36m/>[39m

  --------------------------------------------------
  radiogroup:

  Name "segmented control":
  [36m<div[39m
    [33maria-label[39m=[32m"segmented control"[39m
    [33maria-orientation[39m=[32m"horizontal"[39m
    [33mclass[39m=[32m"ant-segmented css-dev-only-do-not-override-3uaqrl css-var-ra"[39m
    [33mrole[39m=[32m"radiogroup"[39m
    [33mtabindex[39m=[32m"0"[39m
  [36m/>[39m

  --------------------------------------------------
  radio:

  Name "Balanced":
  [36m<input[39m
    [33mchecked[39m=[32m""[39m
    [33mclass[39m=[32m"ant-segmented-item-input"[39m
    [33mname[39m=[32m"test-id"[39m
    [33mtype[39m=[32m"radio"[39m
  [36m/>[39m

  Name "Extended":
  [36m<input[39m
    [33mclass[39m=[32m"ant-segmented-item-input"[39m
    [33mname[39m=[32m"test-id"[39m
    [33mtype[39m=[32m"radio"[39m
  [36m/>[39m

  --------------------------------------------------
  spinbutton:

  Name "":
  [36m<input[39m
    [33mclass[39m=[32m"ant-input css-dev-only-do-not-override-3uaqrl"[39m
    [33mmin[39m=[32m"1"[39m
    [33mplaceholder[39m=[32m"10"[39m
    [33mtype[39m=[32m"number"[39m
    [33mvalue[39m=[32m"10"[39m
  [36m/>[39m

  Name "":
  [36m<input[39m
    [33mclass[39m=[32m"ant-input css-dev-only-do-not-override-3uaqrl"[39m
    [33mmin[39m=[32m"1"[39m
    [33mplaceholder[39m=[32m"15"[39m
    [33mtype[39m=[32m"number"[39m
    [33mvalue[39m=[32m"15"[39m
  [36m/>[39m

  Name "":
  [36m<input[39m
    [33mclass[39m=[32m"ant-input css-dev-only-do-not-override-3uaqrl"[39m
    [33mmin[39m=[32m"1"[39m
    [33mtype[39m=[32m"number"[39m
    [33mvalue[39m=[32m"120"[39m
  [36m/>[39m

  Name "":
  [36m<input[39m
    [33mclass[39m=[32m"ant-input css-dev-only-do-not-override-3uaqrl"[39m
    [33mmin[39m=[32m"1"[39m
    [33mtype[39m=[32m"number"[39m
    [33mvalue[39m=[32m"120"[39m
  [36m/>[39m

  Name "":
  [36m<input[39m
    [33mclass[39m=[32m"ant-input css-dev-only-do-not-override-3uaqrl"[39m
    [33mmin[39m=[32m"1"[39m
    [33mtype[39m=[32m"number"[39m
    [33mvalue[39m=[32m"15"[39m
  [36m/>[39m

  Name "":
  [36m<input[39m
    [33mclass[39m=[32m"ant-input css-dev-only-do-not-override-3uaqrl"[39m
    [33mmin[39m=[32m"1"[39m
    [33mtype[39m=[32m"number"[39m
    [33mvalue[39m=[32m"120"[39m
  [36m/>[39m

  Name "":
  [36m<input[39m
    [33mclass[39m=[32m"ant-input css-dev-only-do-not-override-3uaqrl"[39m
    [33mmin[39m=[32m"1"[39m
    [33mtype[39m=[32m"number"[39m
    [33mvalue[39m=[32m"60"[39m
  [36m/>[39m

  Name "":
  [36m<input[39m
    [33mclass[39m=[32m"ant-input css-dev-only-do-not-override-3uaqrl"[39m
    [33mmin[39m=[32m"1"[39m
    [33mtype[39m=[32m"number"[39m
    [33mvalue[39m=[32m"60"[39m
  [36m/>[39m

  --------------------------------------------------

Ignored nodes: comments, script, style
[36m<body>[39m
  [36m<div>[39m
    [36m<div[39m
      [33mclass[39m=[32m"scroll-mt-24"[39m
      [33mid[39m=[32m"tldw-settings-timeouts"[39m
    [36m>[39m
      [36m<div[39m
        [33mclass[39m=[32m"ant-collapse ant-collapse-icon-placement-start mt-4 css-dev-only-do-not-override-3uaqrl css-var-ra"[39m
      [36m>[39m
        [36m<div[39m
          [33mclass[39m=[32m"ant-collapse-item ant-collapse-item-active"[39m
        [36m>[39m
          [36m<div[39m
            [33maria-disabled[39m=[32m"false"[39m
            [33maria-expanded[39m=[32m"true"[39m
            [33mclass[39m=[32m"ant-collapse-header"[39m
            [33mrole[39m=[32m"button"[39m
            [33mtabindex[39m=[32m"0"[39m
          [36m>[39m
            [36m<div[39m
              [33mclass[39m=[32m"ant-collapse-expand-icon"[39m
            [36m>[39m
              [36m<span[39m
                [33maria-label[39m=[32m"expanded"[39m
                [33mclass[39m=[32m"anticon anticon-right ant-collapse-arrow"[39m
                [33mrole[39m=[32m"img"[39m
              [36m>[39m
                [36m<svg[39m
                  [33maria-hidden[39m=[32m"true"[39m
                  [33mdata-icon[39m=[32m"right"[39m
                  [33mfill[39m=[32m"currentColor"[39m
                  [33mfocusable[39m=[32m"false"[39m
                  [33mheight[39m=[32m"1em"[39m
                  [33mstyle[39m=[32m"transform: rotate(90deg);"[39m
                  [33mviewBox[39m=[32m"64 64 896 896"[39m
                  [33mwidth[39m=[32m"1em"[39m
                [36m>[39m
                  [36m<path[39m
                    [33md[39m=[32m"M765.7 486.8L314.9 134.7A7.97 7.97 0 00302 141v77.3c0 4.9 2.3 9.6 6.1 12.6l360 281.1-360 281.1c-3.9 3-6.1 7.7-6.1 12.6V883c0 6.7 7.7 10.4 12.9 6.3l450.8-352.1a31.96 31.96 0 000-50.4z"[39m
                  [36m/>[39m
                [36m</svg>[39m
              [36m</span>[39m
            [36m</div>[39m
            [36m<span[39m
              [33mclass[39m=[32m"ant-collapse-title"[39m
            [36m>[39m
              [0mAdvanced Timeouts[0m
            [36m</span>[39m
          [36m</div>[39m
          [36m<div[39m
            [33mclass[39m=[32m"ant-collapse-panel ant-collapse-panel-active"[39m
          [36m>[39m
            [36m<div[39m
              [33mclass[39m=[32m"ant-collapse-body"[39m
            [36m>[39m
              [36m<div[39m
                [33mclass[39m=[32m"space-y-3"[39m
              [36m>[39m
                [36m<div[39m
                  [33mclass[39m=[32m"flex flex-col gap-2"[39m
                [36m>[39m
                  [36m<span[39m
                    [33mclass[39m=[32m"text-sm font-medium"[39m
                  [36m>[39m
                    [0mTimeout profile[0m
                  [36m</span>[39m
                  [36m<div[39m
                    [33mclass[39m=[32m"flex flex-wrap items-center gap-3"[39m
                  [36m>[39m
                    [36m<div[39m
                      [33maria-label[39m=[32m"segmented control"[39m
                      [33maria-orientation[39m=[32m"horizontal"[39m
                      [33mclass[39m=[32m"ant-segmented css-dev-only-do-not-override-3uaqrl css-var-ra"[39m
                      [33mrole[39m=[32m"radiogroup"[39m
                      [33mtabindex[39m=[32m"0"[39m
                    [36m>[39m
                      [36m<div[39m
                        [33mclass[39m=[32m"ant-segmented-group"[39m
                      [36m>[39m
                        [36m<label[39m
                          [33mclass[39m=[32m"ant-segmented-item ant-segmented-item-selected"[39m
                        [36m>[39m
                          [36m<input[39m
                            [33mchecked[39m=[32m""[39m
                            [33mclass[39m=[32m"ant-segmented-item-input"[39m
                            [33mname[39m=[32m"test-id"[39m
                            [33mtype[39m=[32m"radio"[39m
                          [36m/>[39m
                          [36m<div[39m
                            [33mclass[39m=[32m"ant-segmented-item-label"[39m
                            [33mtitle[39m=[32m"Balanced"[39m
                          [36m>[39m
                            [0mBalanced[0m
                          [36m</div>[39m
                        [36m</label>[39m
                        [36m<label[39m
                          [33mclass[39m=[32m"ant-segmented-item"[39m
                        [36m>[39m
                          [36m<input[39m
                            [33mclass[39m=[32m"ant-segmented-item-input"[39m
                            [33mname[39m=[32m"test-id"[39m
                            [33mtype[39m=[32m"radio"[39m
                          [36m/>[39m
                          [36m<div[39m
                            [33mclass[39m=[32m"ant-segmented-item-label"[39m
                            [33mtitle[39m=[32m"Extended"[39m
                          [36m>[39m
                            [0mExtended[0m
                          [36m</div>[39m
                        [36m</label>[39m
                      [36m</div>[39m
                    [36m</div>[39m
                  [36m</div>[39m
                  [36m<span[39m
                    [33mclass[39m=[32m"text-xs text-text-subtle"[39m
                  [36m>[39m
                    [0mBalanced works well for most setups. Extended adds extra headroom for slower networks or long-running jobs.[0m
                  [36m</span>[39m
                [36m</div>[39m
                [36m<div[39m
                  [33mclass[39m=[32m"grid grid-cols-1 md:grid-cols-2 gap-4"[39m
                [36m>[39m
                  [36m<div>[39m
                    [36m<label[39m
                      [33mclass[39m=[32m"block text-sm font-medium mb-1"[39m
                    [36m>[39m
                      [0mRequest Timeout (seconds)[0m
                    [36m</label>[39m
                    [36m<span[39m
                      [33mclass[39m=[32m"ant-input-affix-wrapper css-dev-only-do-not-override-3uaqrl ant-input-outlined css-var-ra ant-input-css-var"[39m
                    [36m>[39m
                      [36m<input[39m
                        [33mclass[39m=[32m"ant-input css-dev-only-do-not-override-3uaqrl"[39m
                        [33mmin[39m=[32m"1"[39m
                        [33mplaceholder[39m=[32m"10"[39m
                        [33mtype[39m=[32m"number"[39m
                        [33mvalue[39m=[32m"10"[39m
                      [36m/>[39m
                      [36m<span[39m
                        [33mclass[39m=[32m"ant-input-suffix"[39m
                      [36m>[39m
                        [0ms[0m
                      [36m</span>[39m
                    [36m</span>[39m
                    [36m<div[39m
                      [33mclass[39m=[32m"text-xs text-text-subtle mt-1"[39m
                    [36m>[39m
                      [0mAbort initial requests if no response within this time. Default: 10s.[0m
                    [36m</div>[39m
                  [36m</div>[39m
                  [36m<div>[39m
                    [36m<label[39m
                      [33mclass[39m=[32m"block text-sm font-medium mb-1"[39m
                    [36m>[39m
                      [0mStreaming Idle Timeout (seconds)[0m
                    [36m</label>[39m
                    [36m<span[39m
                      [33mclass[39m=[32m"ant-input-affix-wrapper css-dev-only-do-not-override-3uaqrl ant-input-outlined css-var-ra ant-input-css-var"[39m
                    [36m>[39m
                      [36m<input[39m
                        [33mclass[39m=[32m"ant-input css-dev-only-do-not-override-3uaqrl"[39m
                        [33mmin[39m=[32m"1"[39m
                        [33mplaceholder[39m=[32m"15"[39m
                        [33mtype[39m=[32m"number"[39m
                        [33mvalue[39m=[32m"15"[39m
                      [36m/>[39m
                      [36m<span[39m
                        [33mclass[39m=[32m"ant-input-suffix"[39m
                      [36m>[39m
                        [0ms[0m
                      [36m</span>[39m
                    [36m</span>[39m
                    [36m<div[39m
                      [33mclass[39m=[32m"text-xs text-text-subtle mt-1"[39m
                    [36m>[39m
                      [0mAbort streaming if no updates received within this time. Default: 15s.[0m
                    [36m</div>[39m
                  [36m</div>[39m
                [36m</div>[39m
                [36m<div[39m
                  [33mclass[39m=[32m"grid grid-cols-1 md:grid-cols-2 gap-4"[39m
                [36m>[39m
                  [36m<div>[39m
                    [36m<label[39m
                      [33mclass[39m=[32m"block text-sm font-medium mb-1"[39m
                    [36m>[39m
                      [0mChat Request Timeout[0m
                    [36m</label>[39m
                    [36m<span[39m
                      [33mclass[39m=[32m"ant-input-affix-wrapper css-dev-only-do-not-override-3uaqrl ant-input-outlined css-var-ra ant-input-css-var"[39m
                    [36m>[39m
                      [36m<input[39m
                        [33mclass[39m=[32m"ant-input css-dev-only-do-not-override-3uaqrl"[39m
                        [33mmin[39m=[32m"1"[39m
                        [33mtype[39m=[32m"number"[39m
                        [33mvalue[39m=[32m"120"[39m
                      [36m/>[39m
                      [36m<span[39m
                        [33mclass[39m=[32m"ant-input-suffix"[39m
                      [36m>[39m
                        [0ms[0m
                      [36m</span>[39m
                    [36m</span>[39m
                    [36m<div[39m
                      [33mclass[39m=[32m"text-xs text-text-subtle mt-1"[39m
                    [36m>[39m
                      [0mApplies to non-stream chat request timeout handling. Use startup timeout below for first visible token.[0m
                    [36m</div>[39m
                  [36m</div>[39m
                  [36m<div>[39m
                    [36m<label[39m
                      [33mclass[39m=[32m"block text-sm font-medium mb-1"[39m
                    [36m>[39m
                      [0mChat startup timeout[0m
                    [36m</label>[39m
                    [36m<span[39m
                      [33mclass[39m=[32m"ant-input-affix-wrapper css-dev-only-do-not-override-3uaqrl ant-input-outlined css-var-ra ant-input-css-var"[39m
                    [36m>[39m
                      [36m<input[39m
                        [33mclass[39m=[32m"ant-input css-dev-only-do-not-override-3uaqrl"[39m
                        [33mmin[39m=[32m"1"[39m
                        [33mtype[39m=[32m"number"[39m
                        [33mvalue[39m=[32m"120"[39m
                      [36m/>[39m
                      [36m<span[39m
                        [33mclass[39m=[32m"ant-input-suffix"[39m
                      [36m>[39m
                        [0ms[0m
                      [36m</span>[39m
                    [36m</span>[39m
                    [36m<div[39m
                      [33mclass[39m=[32m"text-xs text-text-subtle mt-1"[39m
                    [36m>[39m
                      [0mAbort streaming if no visible assistant output arrives within this time. Default: 120s.[0m
                    [36m</div>[39m
                  [36m</div>[39m
                  [36m<div>[39m
                    [36m<label[39m
                      [33mclass[39m=[32m"block text-sm font-medium mb-1"[39m
                    [36m>[39m
                      [0mChat Stream Idle[0m
                    [36m</label>[39m
                    [36m<span[39m
                      [33mclass[39m=[32m"ant-input-affix-wrapper css-dev-only-do-not-override-3uaqrl ant-input-outlined css-var-ra ant-input-css-var"[39m
                    [36m>[39m
                      [36m<input[39m
                        [33mclass[39m=[32m"ant-input css-dev-only-do-not-override-3uaqrl"[39m
                        [33mmin[39m=[32m"1"[39m
                        [33mtype[39m=[32m"number"[39m
                        [33mvalue[39m=[32m"15"[39m
                      [36m/>[39m
                      [36m<span[39m
                        [33mclass[39m=[32m"ant-input-suffix"[39m
                      [36m>[39m
                        [0ms[0m
                      [36m</span>[39m
                    [36m</span>[39m
                  [36m</div>[39m
                  [36m<div>[39m
                    [36m<label[39m
                      [33mclass[39m=[32m"block text-sm font-medium mb-1"[39m
                    [36m>[39m
                      [0mRAG Request Timeout[0m
                    [36m</label>[39m
                    [36m<span[39m
                      [33mclass[39m=[32m"ant-input-affix-wrapper css-dev-only-do-not-override-3uaqrl ant-input-outlined css-var-ra ant-input-css-var"[39m
                    [36m>[39m
                      [36m<input[39m
                        [33mclass[39m=[32m"ant-input css-dev-only-do-not-override-3uaqrl"[39m
                        [33mmin[39m=[32m"1"[39m
                        [33mtype[39m=[32m"number"[39m
                        [33mvalue[39m=[32m"120"[39m
                      [36m/>[39m
                      [36m<span[39m
                        [33mclass[39m=[32m"ant-input-suffix"[39m
                      [36m>[39m
                        [0ms[0m
                      [36m</span>[39m
                    [36m</span>[39m
                  [36m</div>[39m
                  [36m<div>[39m
                    [36m<label[39m
                      [33mclass[39m=[32m"block text-sm font-medium mb-1"[39m
                    [36m>[39m
                      [0mMedia Request Timeout[0m
                    [36m</label>[39m
                    [36m<span[39m
                      [33mclass[39m=[32m"ant-input-affix-wrapper css-dev-only-do-not-override-3uaqrl ant-input-outlined css-var-ra ant-input-css-var"[39m
                    [36m>[39m
                      [36m<input[39m
                        [33mclass[39m=[32m"ant-input css-dev-only-do-not-override-3uaqrl"[39m
                        [33mmin[39m=[32m"1"[39m
                        [33mtype[39m=[32m"number"[39m
                        [33mvalue[39m=[32m"60"[39m
                      [36m/>[39m
                      [36m<span[39m
                        [33mclass[39m=[32m"ant-input-suffix"[39m
                      [36m>[39m
                        [0ms[0m
                      [36m</span>[39m
                    [36m</span>[39m
                  [36m</div>[39m
                  [36m<div>[39m
                    [36m<label[39m
                      [33mclass[39m=[32m"block text-sm font-medium mb-1"[39m
                    [36m>[39m
                      [0mUpload Request Timeout[0m
                    [36m</label>[39m
                    [36m<span[39m
                      [33mclass[39m=[32m"ant-input-affix-wrapper css-dev-only-do-not-override-3uaqrl ant-input-outlined css-var-ra ant-input-css-var"[39m
                    [36m>[39m
                      [36m<input[39m
                        [33mclass[39m=[32m"ant-input css-dev-only-do-not-override-3uaqrl"[39m
                        [33mmin[39m=[32m"1"[39m
                        [33mtype[39m=[32m"number"[39m
                        [33mvalue[39m=[32m"60"[39m
                      [36m/>[39m
                      [36m<span[39m
                        [33mclass[39m=[32m"ant-input-suffix"[39m
                      [36m>[39m
                        [0ms[0m
                      [36m</span>[39m
                    [36m</span>[39m
                  [36m</div>[39m
                [36m</div>[39m
                [36m<div[39m
                  [33mclass[39m=[32m"flex justify-end"[39m
                [36m>[39m
                  [36m<button[39m
                    [33mclass[39m=[32m"ant-btn css-dev-only-do-not-override-3uaqrl css-var-ra ant-btn-default ant-btn-color-default ant-btn-variant-outlined"[39m
                    [33mtype[39m=[32m"button"[39m
                  [36m>[39m
                    [36m<span>[39m
                      [0mReset to recommended[0m
                    [36m</span>[39m
                  [36m</button>[39m
                [36m</div>[39m
              [36m</div>[39m
            [36m</div>[39m
          [36m</div>[39m
        [36m</div>[39m
      [36m</div>[39m
    [36m</div>[39m
  [36m</div>[39m
[36m</body>[39m
 ❯ Object.getElementError ../node_modules/.bun/@testing-library+dom@10.4.1/node_modules/@testing-library/dom/dist/config.js:37:19
 ❯ ../node_modules/.bun/@testing-library+dom@10.4.1/node_modules/@testing-library/dom/dist/query-helpers.js:76:38
 ❯ ../node_modules/.bun/@testing-library+dom@10.4.1/node_modules/@testing-library/dom/dist/query-helpers.js:52:17
 ❯ ../node_modules/.bun/@testing-library+dom@10.4.1/node_modules/@testing-library/dom/dist/query-helpers.js:95:19
 ❯ ../packages/ui/src/components/Option/Settings/__tests__/TldwTimeoutSettings.accessibility.test.tsx:47:24
     45|   await user.click(screen.getByRole("button", { name: /Advanced Timeou…
     46|
     47|   const input = screen.getByRole("spinbutton", { name: label, exact: t…
       |                        ^
     48|   expect(screen.getByLabelText(label, { exact: true })).toBe(input)
     49|   await user.click(screen.getByText(label, { selector: "label", exact:…

⎯⎯⎯⎯⎯⎯⎯⎯⎯⎯⎯⎯⎯⎯⎯⎯⎯⎯⎯⎯⎯⎯⎯⎯[6/9]⎯

 FAIL  ../packages/ui/src/components/Option/Settings/__tests__/TldwTimeoutSettings.accessibility.test.tsx > names and focuses the numeric input through its visible label: Media Request Timeout
TestingLibraryElementError: Unable to find an accessible element with the role "spinbutton" and name "Media Request Timeout"

Here are the accessible roles:

  button:

  Name "expanded Advanced Timeouts":
  [36m<div[39m
    [33maria-disabled[39m=[32m"false"[39m
    [33maria-expanded[39m=[32m"true"[39m
    [33mclass[39m=[32m"ant-collapse-header"[39m
    [33mrole[39m=[32m"button"[39m
    [33mtabindex[39m=[32m"0"[39m
  [36m/>[39m

  Name "Reset to recommended":
  [36m<button[39m
    [33mclass[39m=[32m"ant-btn css-dev-only-do-not-override-3uaqrl css-var-rc ant-btn-default ant-btn-color-default ant-btn-variant-outlined"[39m
    [33mtype[39m=[32m"button"[39m
  [36m/>[39m

  --------------------------------------------------
  img:

  Name "expanded":
  [36m<span[39m
    [33maria-label[39m=[32m"expanded"[39m
    [33mclass[39m=[32m"anticon anticon-right ant-collapse-arrow"[39m
    [33mrole[39m=[32m"img"[39m
  [36m/>[39m

  --------------------------------------------------
  radiogroup:

  Name "segmented control":
  [36m<div[39m
    [33maria-label[39m=[32m"segmented control"[39m
    [33maria-orientation[39m=[32m"horizontal"[39m
    [33mclass[39m=[32m"ant-segmented css-dev-only-do-not-override-3uaqrl css-var-rc"[39m
    [33mrole[39m=[32m"radiogroup"[39m
    [33mtabindex[39m=[32m"0"[39m
  [36m/>[39m

  --------------------------------------------------
  radio:

  Name "Balanced":
  [36m<input[39m
    [33mchecked[39m=[32m""[39m
    [33mclass[39m=[32m"ant-segmented-item-input"[39m
    [33mname[39m=[32m"test-id"[39m
    [33mtype[39m=[32m"radio"[39m
  [36m/>[39m

  Name "Extended":
  [36m<input[39m
    [33mclass[39m=[32m"ant-segmented-item-input"[39m
    [33mname[39m=[32m"test-id"[39m
    [33mtype[39m=[32m"radio"[39m
  [36m/>[39m

  --------------------------------------------------
  spinbutton:

  Name "":
  [36m<input[39m
    [33mclass[39m=[32m"ant-input css-dev-only-do-not-override-3uaqrl"[39m
    [33mmin[39m=[32m"1"[39m
    [33mplaceholder[39m=[32m"10"[39m
    [33mtype[39m=[32m"number"[39m
    [33mvalue[39m=[32m"10"[39m
  [36m/>[39m

  Name "":
  [36m<input[39m
    [33mclass[39m=[32m"ant-input css-dev-only-do-not-override-3uaqrl"[39m
    [33mmin[39m=[32m"1"[39m
    [33mplaceholder[39m=[32m"15"[39m
    [33mtype[39m=[32m"number"[39m
    [33mvalue[39m=[32m"15"[39m
  [36m/>[39m

  Name "":
  [36m<input[39m
    [33mclass[39m=[32m"ant-input css-dev-only-do-not-override-3uaqrl"[39m
    [33mmin[39m=[32m"1"[39m
    [33mtype[39m=[32m"number"[39m
    [33mvalue[39m=[32m"120"[39m
  [36m/>[39m

  Name "":
  [36m<input[39m
    [33mclass[39m=[32m"ant-input css-dev-only-do-not-override-3uaqrl"[39m
    [33mmin[39m=[32m"1"[39m
    [33mtype[39m=[32m"number"[39m
    [33mvalue[39m=[32m"120"[39m
  [36m/>[39m

  Name "":
  [36m<input[39m
    [33mclass[39m=[32m"ant-input css-dev-only-do-not-override-3uaqrl"[39m
    [33mmin[39m=[32m"1"[39m
    [33mtype[39m=[32m"number"[39m
    [33mvalue[39m=[32m"15"[39m
  [36m/>[39m

  Name "":
  [36m<input[39m
    [33mclass[39m=[32m"ant-input css-dev-only-do-not-override-3uaqrl"[39m
    [33mmin[39m=[32m"1"[39m
    [33mtype[39m=[32m"number"[39m
    [33mvalue[39m=[32m"120"[39m
  [36m/>[39m

  Name "":
  [36m<input[39m
    [33mclass[39m=[32m"ant-input css-dev-only-do-not-override-3uaqrl"[39m
    [33mmin[39m=[32m"1"[39m
    [33mtype[39m=[32m"number"[39m
    [33mvalue[39m=[32m"60"[39m
  [36m/>[39m

  Name "":
  [36m<input[39m
    [33mclass[39m=[32m"ant-input css-dev-only-do-not-override-3uaqrl"[39m
    [33mmin[39m=[32m"1"[39m
    [33mtype[39m=[32m"number"[39m
    [33mvalue[39m=[32m"60"[39m
  [36m/>[39m

  --------------------------------------------------

Ignored nodes: comments, script, style
[36m<body>[39m
  [36m<div>[39m
    [36m<div[39m
      [33mclass[39m=[32m"scroll-mt-24"[39m
      [33mid[39m=[32m"tldw-settings-timeouts"[39m
    [36m>[39m
      [36m<div[39m
        [33mclass[39m=[32m"ant-collapse ant-collapse-icon-placement-start mt-4 css-dev-only-do-not-override-3uaqrl css-var-rc"[39m
      [36m>[39m
        [36m<div[39m
          [33mclass[39m=[32m"ant-collapse-item ant-collapse-item-active"[39m
        [36m>[39m
          [36m<div[39m
            [33maria-disabled[39m=[32m"false"[39m
            [33maria-expanded[39m=[32m"true"[39m
            [33mclass[39m=[32m"ant-collapse-header"[39m
            [33mrole[39m=[32m"button"[39m
            [33mtabindex[39m=[32m"0"[39m
          [36m>[39m
            [36m<div[39m
              [33mclass[39m=[32m"ant-collapse-expand-icon"[39m
            [36m>[39m
              [36m<span[39m
                [33maria-label[39m=[32m"expanded"[39m
                [33mclass[39m=[32m"anticon anticon-right ant-collapse-arrow"[39m
                [33mrole[39m=[32m"img"[39m
              [36m>[39m
                [36m<svg[39m
                  [33maria-hidden[39m=[32m"true"[39m
                  [33mdata-icon[39m=[32m"right"[39m
                  [33mfill[39m=[32m"currentColor"[39m
                  [33mfocusable[39m=[32m"false"[39m
                  [33mheight[39m=[32m"1em"[39m
                  [33mstyle[39m=[32m"transform: rotate(90deg);"[39m
                  [33mviewBox[39m=[32m"64 64 896 896"[39m
                  [33mwidth[39m=[32m"1em"[39m
                [36m>[39m
                  [36m<path[39m
                    [33md[39m=[32m"M765.7 486.8L314.9 134.7A7.97 7.97 0 00302 141v77.3c0 4.9 2.3 9.6 6.1 12.6l360 281.1-360 281.1c-3.9 3-6.1 7.7-6.1 12.6V883c0 6.7 7.7 10.4 12.9 6.3l450.8-352.1a31.96 31.96 0 000-50.4z"[39m
                  [36m/>[39m
                [36m</svg>[39m
              [36m</span>[39m
            [36m</div>[39m
            [36m<span[39m
              [33mclass[39m=[32m"ant-collapse-title"[39m
            [36m>[39m
              [0mAdvanced Timeouts[0m
            [36m</span>[39m
          [36m</div>[39m
          [36m<div[39m
            [33mclass[39m=[32m"ant-collapse-panel ant-collapse-panel-active"[39m
          [36m>[39m
            [36m<div[39m
              [33mclass[39m=[32m"ant-collapse-body"[39m
            [36m>[39m
              [36m<div[39m
                [33mclass[39m=[32m"space-y-3"[39m
              [36m>[39m
                [36m<div[39m
                  [33mclass[39m=[32m"flex flex-col gap-2"[39m
                [36m>[39m
                  [36m<span[39m
                    [33mclass[39m=[32m"text-sm font-medium"[39m
                  [36m>[39m
                    [0mTimeout profile[0m
                  [36m</span>[39m
                  [36m<div[39m
                    [33mclass[39m=[32m"flex flex-wrap items-center gap-3"[39m
                  [36m>[39m
                    [36m<div[39m
                      [33maria-label[39m=[32m"segmented control"[39m
                      [33maria-orientation[39m=[32m"horizontal"[39m
                      [33mclass[39m=[32m"ant-segmented css-dev-only-do-not-override-3uaqrl css-var-rc"[39m
                      [33mrole[39m=[32m"radiogroup"[39m
                      [33mtabindex[39m=[32m"0"[39m
                    [36m>[39m
                      [36m<div[39m
                        [33mclass[39m=[32m"ant-segmented-group"[39m
                      [36m>[39m
                        [36m<label[39m
                          [33mclass[39m=[32m"ant-segmented-item ant-segmented-item-selected"[39m
                        [36m>[39m
                          [36m<input[39m
                            [33mchecked[39m=[32m""[39m
                            [33mclass[39m=[32m"ant-segmented-item-input"[39m
                            [33mname[39m=[32m"test-id"[39m
                            [33mtype[39m=[32m"radio"[39m
                          [36m/>[39m
                          [36m<div[39m
                            [33mclass[39m=[32m"ant-segmented-item-label"[39m
                            [33mtitle[39m=[32m"Balanced"[39m
                          [36m>[39m
                            [0mBalanced[0m
                          [36m</div>[39m
                        [36m</label>[39m
                        [36m<label[39m
                          [33mclass[39m=[32m"ant-segmented-item"[39m
                        [36m>[39m
                          [36m<input[39m
                            [33mclass[39m=[32m"ant-segmented-item-input"[39m
                            [33mname[39m=[32m"test-id"[39m
                            [33mtype[39m=[32m"radio"[39m
                          [36m/>[39m
                          [36m<div[39m
                            [33mclass[39m=[32m"ant-segmented-item-label"[39m
                            [33mtitle[39m=[32m"Extended"[39m
                          [36m>[39m
                            [0mExtended[0m
                          [36m</div>[39m
                        [36m</label>[39m
                      [36m</div>[39m
                    [36m</div>[39m
                  [36m</div>[39m
                  [36m<span[39m
                    [33mclass[39m=[32m"text-xs text-text-subtle"[39m
                  [36m>[39m
                    [0mBalanced works well for most setups. Extended adds extra headroom for slower networks or long-running jobs.[0m
                  [36m</span>[39m
                [36m</div>[39m
                [36m<div[39m
                  [33mclass[39m=[32m"grid grid-cols-1 md:grid-cols-2 gap-4"[39m
                [36m>[39m
                  [36m<div>[39m
                    [36m<label[39m
                      [33mclass[39m=[32m"block text-sm font-medium mb-1"[39m
                    [36m>[39m
                      [0mRequest Timeout (seconds)[0m
                    [36m</label>[39m
                    [36m<span[39m
                      [33mclass[39m=[32m"ant-input-affix-wrapper css-dev-only-do-not-override-3uaqrl ant-input-outlined css-var-rc ant-input-css-var"[39m
                    [36m>[39m
                      [36m<input[39m
                        [33mclass[39m=[32m"ant-input css-dev-only-do-not-override-3uaqrl"[39m
                        [33mmin[39m=[32m"1"[39m
                        [33mplaceholder[39m=[32m"10"[39m
                        [33mtype[39m=[32m"number"[39m
                        [33mvalue[39m=[32m"10"[39m
                      [36m/>[39m
                      [36m<span[39m
                        [33mclass[39m=[32m"ant-input-suffix"[39m
                      [36m>[39m
                        [0ms[0m
                      [36m</span>[39m
                    [36m</span>[39m
                    [36m<div[39m
                      [33mclass[39m=[32m"text-xs text-text-subtle mt-1"[39m
                    [36m>[39m
                      [0mAbort initial requests if no response within this time. Default: 10s.[0m
                    [36m</div>[39m
                  [36m</div>[39m
                  [36m<div>[39m
                    [36m<label[39m
                      [33mclass[39m=[32m"block text-sm font-medium mb-1"[39m
                    [36m>[39m
                      [0mStreaming Idle Timeout (seconds)[0m
                    [36m</label>[39m
                    [36m<span[39m
                      [33mclass[39m=[32m"ant-input-affix-wrapper css-dev-only-do-not-override-3uaqrl ant-input-outlined css-var-rc ant-input-css-var"[39m
                    [36m>[39m
                      [36m<input[39m
                        [33mclass[39m=[32m"ant-input css-dev-only-do-not-override-3uaqrl"[39m
                        [33mmin[39m=[32m"1"[39m
                        [33mplaceholder[39m=[32m"15"[39m
                        [33mtype[39m=[32m"number"[39m
                        [33mvalue[39m=[32m"15"[39m
                      [36m/>[39m
                      [36m<span[39m
                        [33mclass[39m=[32m"ant-input-suffix"[39m
                      [36m>[39m
                        [0ms[0m
                      [36m</span>[39m
                    [36m</span>[39m
                    [36m<div[39m
                      [33mclass[39m=[32m"text-xs text-text-subtle mt-1"[39m
                    [36m>[39m
                      [0mAbort streaming if no updates received within this time. Default: 15s.[0m
                    [36m</div>[39m
                  [36m</div>[39m
                [36m</div>[39m
                [36m<div[39m
                  [33mclass[39m=[32m"grid grid-cols-1 md:grid-cols-2 gap-4"[39m
                [36m>[39m
                  [36m<div>[39m
                    [36m<label[39m
                      [33mclass[39m=[32m"block text-sm font-medium mb-1"[39m
                    [36m>[39m
                      [0mChat Request Timeout[0m
                    [36m</label>[39m
                    [36m<span[39m
                      [33mclass[39m=[32m"ant-input-affix-wrapper css-dev-only-do-not-override-3uaqrl ant-input-outlined css-var-rc ant-input-css-var"[39m
                    [36m>[39m
                      [36m<input[39m
                        [33mclass[39m=[32m"ant-input css-dev-only-do-not-override-3uaqrl"[39m
                        [33mmin[39m=[32m"1"[39m
                        [33mtype[39m=[32m"number"[39m
                        [33mvalue[39m=[32m"120"[39m
                      [36m/>[39m
                      [36m<span[39m
                        [33mclass[39m=[32m"ant-input-suffix"[39m
                      [36m>[39m
                        [0ms[0m
                      [36m</span>[39m
                    [36m</span>[39m
                    [36m<div[39m
                      [33mclass[39m=[32m"text-xs text-text-subtle mt-1"[39m
                    [36m>[39m
                      [0mApplies to non-stream chat request timeout handling. Use startup timeout below for first visible token.[0m
                    [36m</div>[39m
                  [36m</div>[39m
                  [36m<div>[39m
                    [36m<label[39m
                      [33mclass[39m=[32m"block text-sm font-medium mb-1"[39m
                    [36m>[39m
                      [0mChat startup timeout[0m
                    [36m</label>[39m
                    [36m<span[39m
                      [33mclass[39m=[32m"ant-input-affix-wrapper css-dev-only-do-not-override-3uaqrl ant-input-outlined css-var-rc ant-input-css-var"[39m
                    [36m>[39m
                      [36m<input[39m
                        [33mclass[39m=[32m"ant-input css-dev-only-do-not-override-3uaqrl"[39m
                        [33mmin[39m=[32m"1"[39m
                        [33mtype[39m=[32m"number"[39m
                        [33mvalue[39m=[32m"120"[39m
                      [36m/>[39m
                      [36m<span[39m
                        [33mclass[39m=[32m"ant-input-suffix"[39m
                      [36m>[39m
                        [0ms[0m
                      [36m</span>[39m
                    [36m</span>[39m
                    [36m<div[39m
                      [33mclass[39m=[32m"text-xs text-text-subtle mt-1"[39m
                    [36m>[39m
                      [0mAbort streaming if no visible assistant output arrives within this time. Default: 120s.[0m
                    [36m</div>[39m
                  [36m</div>[39m
                  [36m<div>[39m
                    [36m<label[39m
                      [33mclass[39m=[32m"block text-sm font-medium mb-1"[39m
                    [36m>[39m
                      [0mChat Stream Idle[0m
                    [36m</label>[39m
                    [36m<span[39m
                      [33mclass[39m=[32m"ant-input-affix-wrapper css-dev-only-do-not-override-3uaqrl ant-input-outlined css-var-rc ant-input-css-var"[39m
                    [36m>[39m
                      [36m<input[39m
                        [33mclass[39m=[32m"ant-input css-dev-only-do-not-override-3uaqrl"[39m
                        [33mmin[39m=[32m"1"[39m
                        [33mtype[39m=[32m"number"[39m
                        [33mvalue[39m=[32m"15"[39m
                      [36m/>[39m
                      [36m<span[39m
                        [33mclass[39m=[32m"ant-input-suffix"[39m
                      [36m>[39m
                        [0ms[0m
                      [36m</span>[39m
                    [36m</span>[39m
                  [36m</div>[39m
                  [36m<div>[39m
                    [36m<label[39m
                      [33mclass[39m=[32m"block text-sm font-medium mb-1"[39m
                    [36m>[39m
                      [0mRAG Request Timeout[0m
                    [36m</label>[39m
                    [36m<span[39m
                      [33mclass[39m=[32m"ant-input-affix-wrapper css-dev-only-do-not-override-3uaqrl ant-input-outlined css-var-rc ant-input-css-var"[39m
                    [36m>[39m
                      [36m<input[39m
                        [33mclass[39m=[32m"ant-input css-dev-only-do-not-override-3uaqrl"[39m
                        [33mmin[39m=[32m"1"[39m
                        [33mtype[39m=[32m"number"[39m
                        [33mvalue[39m=[32m"120"[39m
                      [36m/>[39m
                      [36m<span[39m
                        [33mclass[39m=[32m"ant-input-suffix"[39m
                      [36m>[39m
                        [0ms[0m
                      [36m</span>[39m
                    [36m</span>[39m
                  [36m</div>[39m
                  [36m<div>[39m
                    [36m<label[39m
                      [33mclass[39m=[32m"block text-sm font-medium mb-1"[39m
                    [36m>[39m
                      [0mMedia Request Timeout[0m
                    [36m</label>[39m
                    [36m<span[39m
                      [33mclass[39m=[32m"ant-input-affix-wrapper css-dev-only-do-not-override-3uaqrl ant-input-outlined css-var-rc ant-input-css-var"[39m
                    [36m>[39m
                      [36m<input[39m
                        [33mclass[39m=[32m"ant-input css-dev-only-do-not-override-3uaqrl"[39m
                        [33mmin[39m=[32m"1"[39m
                        [33mtype[39m=[32m"number"[39m
                        [33mvalue[39m=[32m"60"[39m
                      [36m/>[39m
                      [36m<span[39m
                        [33mclass[39m=[32m"ant-input-suffix"[39m
                      [36m>[39m
                        [0ms[0m
                      [36m</span>[39m
                    [36m</span>[39m
                  [36m</div>[39m
                  [36m<div>[39m
                    [36m<label[39m
                      [33mclass[39m=[32m"block text-sm font-medium mb-1"[39m
                    [36m>[39m
                      [0mUpload Request Timeout[0m
                    [36m</label>[39m
                    [36m<span[39m
                      [33mclass[39m=[32m"ant-input-affix-wrapper css-dev-only-do-not-override-3uaqrl ant-input-outlined css-var-rc ant-input-css-var"[39m
                    [36m>[39m
                      [36m<input[39m
                        [33mclass[39m=[32m"ant-input css-dev-only-do-not-override-3uaqrl"[39m
                        [33mmin[39m=[32m"1"[39m
                        [33mtype[39m=[32m"number"[39m
                        [33mvalue[39m=[32m"60"[39m
                      [36m/>[39m
                      [36m<span[39m
                        [33mclass[39m=[32m"ant-input-suffix"[39m
                      [36m>[39m
                        [0ms[0m
                      [36m</span>[39m
                    [36m</span>[39m
                  [36m</div>[39m
                [36m</div>[39m
                [36m<div[39m
                  [33mclass[39m=[32m"flex justify-end"[39m
                [36m>[39m
                  [36m<button[39m
                    [33mclass[39m=[32m"ant-btn css-dev-only-do-not-override-3uaqrl css-var-rc ant-btn-default ant-btn-color-default ant-btn-variant-outlined"[39m
                    [33mtype[39m=[32m"button"[39m
                  [36m>[39m
                    [36m<span>[39m
                      [0mReset to recommended[0m
                    [36m</span>[39m
                  [36m</button>[39m
                [36m</div>[39m
              [36m</div>[39m
            [36m</div>[39m
          [36m</div>[39m
        [36m</div>[39m
      [36m</div>[39m
    [36m</div>[39m
  [36m</div>[39m
[36m</body>[39m
 ❯ Object.getElementError ../node_modules/.bun/@testing-library+dom@10.4.1/node_modules/@testing-library/dom/dist/config.js:37:19
 ❯ ../node_modules/.bun/@testing-library+dom@10.4.1/node_modules/@testing-library/dom/dist/query-helpers.js:76:38
 ❯ ../node_modules/.bun/@testing-library+dom@10.4.1/node_modules/@testing-library/dom/dist/query-helpers.js:52:17
 ❯ ../node_modules/.bun/@testing-library+dom@10.4.1/node_modules/@testing-library/dom/dist/query-helpers.js:95:19
 ❯ ../packages/ui/src/components/Option/Settings/__tests__/TldwTimeoutSettings.accessibility.test.tsx:47:24
     45|   await user.click(screen.getByRole("button", { name: /Advanced Timeou…
     46|
     47|   const input = screen.getByRole("spinbutton", { name: label, exact: t…
       |                        ^
     48|   expect(screen.getByLabelText(label, { exact: true })).toBe(input)
     49|   await user.click(screen.getByText(label, { selector: "label", exact:…

⎯⎯⎯⎯⎯⎯⎯⎯⎯⎯⎯⎯⎯⎯⎯⎯⎯⎯⎯⎯⎯⎯⎯⎯[7/9]⎯

 FAIL  ../packages/ui/src/components/Option/Settings/__tests__/TldwTimeoutSettings.accessibility.test.tsx > names and focuses the numeric input through its visible label: Upload Request Timeout
TestingLibraryElementError: Unable to find an accessible element with the role "spinbutton" and name "Upload Request Timeout"

Here are the accessible roles:

  button:

  Name "expanded Advanced Timeouts":
  [36m<div[39m
    [33maria-disabled[39m=[32m"false"[39m
    [33maria-expanded[39m=[32m"true"[39m
    [33mclass[39m=[32m"ant-collapse-header"[39m
    [33mrole[39m=[32m"button"[39m
    [33mtabindex[39m=[32m"0"[39m
  [36m/>[39m

  Name "Reset to recommended":
  [36m<button[39m
    [33mclass[39m=[32m"ant-btn css-dev-only-do-not-override-3uaqrl css-var-re ant-btn-default ant-btn-color-default ant-btn-variant-outlined"[39m
    [33mtype[39m=[32m"button"[39m
  [36m/>[39m

  --------------------------------------------------
  img:

  Name "expanded":
  [36m<span[39m
    [33maria-label[39m=[32m"expanded"[39m
    [33mclass[39m=[32m"anticon anticon-right ant-collapse-arrow"[39m
    [33mrole[39m=[32m"img"[39m
  [36m/>[39m

  --------------------------------------------------
  radiogroup:

  Name "segmented control":
  [36m<div[39m
    [33maria-label[39m=[32m"segmented control"[39m
    [33maria-orientation[39m=[32m"horizontal"[39m
    [33mclass[39m=[32m"ant-segmented css-dev-only-do-not-override-3uaqrl css-var-re"[39m
    [33mrole[39m=[32m"radiogroup"[39m
    [33mtabindex[39m=[32m"0"[39m
  [36m/>[39m

  --------------------------------------------------
  radio:

  Name "Balanced":
  [36m<input[39m
    [33mchecked[39m=[32m""[39m
    [33mclass[39m=[32m"ant-segmented-item-input"[39m
    [33mname[39m=[32m"test-id"[39m
    [33mtype[39m=[32m"radio"[39m
  [36m/>[39m

  Name "Extended":
  [36m<input[39m
    [33mclass[39m=[32m"ant-segmented-item-input"[39m
    [33mname[39m=[32m"test-id"[39m
    [33mtype[39m=[32m"radio"[39m
  [36m/>[39m

  --------------------------------------------------
  spinbutton:

  Name "":
  [36m<input[39m
    [33mclass[39m=[32m"ant-input css-dev-only-do-not-override-3uaqrl"[39m
    [33mmin[39m=[32m"1"[39m
    [33mplaceholder[39m=[32m"10"[39m
    [33mtype[39m=[32m"number"[39m
    [33mvalue[39m=[32m"10"[39m
  [36m/>[39m

  Name "":
  [36m<input[39m
    [33mclass[39m=[32m"ant-input css-dev-only-do-not-override-3uaqrl"[39m
    [33mmin[39m=[32m"1"[39m
    [33mplaceholder[39m=[32m"15"[39m
    [33mtype[39m=[32m"number"[39m
    [33mvalue[39m=[32m"15"[39m
  [36m/>[39m

  Name "":
  [36m<input[39m
    [33mclass[39m=[32m"ant-input css-dev-only-do-not-override-3uaqrl"[39m
    [33mmin[39m=[32m"1"[39m
    [33mtype[39m=[32m"number"[39m
    [33mvalue[39m=[32m"120"[39m
  [36m/>[39m

  Name "":
  [36m<input[39m
    [33mclass[39m=[32m"ant-input css-dev-only-do-not-override-3uaqrl"[39m
    [33mmin[39m=[32m"1"[39m
    [33mtype[39m=[32m"number"[39m
    [33mvalue[39m=[32m"120"[39m
  [36m/>[39m

  Name "":
  [36m<input[39m
    [33mclass[39m=[32m"ant-input css-dev-only-do-not-override-3uaqrl"[39m
    [33mmin[39m=[32m"1"[39m
    [33mtype[39m=[32m"number"[39m
    [33mvalue[39m=[32m"15"[39m
  [36m/>[39m

  Name "":
  [36m<input[39m
    [33mclass[39m=[32m"ant-input css-dev-only-do-not-override-3uaqrl"[39m
    [33mmin[39m=[32m"1"[39m
    [33mtype[39m=[32m"number"[39m
    [33mvalue[39m=[32m"120"[39m
  [36m/>[39m

  Name "":
  [36m<input[39m
    [33mclass[39m=[32m"ant-input css-dev-only-do-not-override-3uaqrl"[39m
    [33mmin[39m=[32m"1"[39m
    [33mtype[39m=[32m"number"[39m
    [33mvalue[39m=[32m"60"[39m
  [36m/>[39m

  Name "":
  [36m<input[39m
    [33mclass[39m=[32m"ant-input css-dev-only-do-not-override-3uaqrl"[39m
    [33mmin[39m=[32m"1"[39m
    [33mtype[39m=[32m"number"[39m
    [33mvalue[39m=[32m"60"[39m
  [36m/>[39m

  --------------------------------------------------

Ignored nodes: comments, script, style
[36m<body>[39m
  [36m<div>[39m
    [36m<div[39m
      [33mclass[39m=[32m"scroll-mt-24"[39m
      [33mid[39m=[32m"tldw-settings-timeouts"[39m
    [36m>[39m
      [36m<div[39m
        [33mclass[39m=[32m"ant-collapse ant-collapse-icon-placement-start mt-4 css-dev-only-do-not-override-3uaqrl css-var-re"[39m
      [36m>[39m
        [36m<div[39m
          [33mclass[39m=[32m"ant-collapse-item ant-collapse-item-active"[39m
        [36m>[39m
          [36m<div[39m
            [33maria-disabled[39m=[32m"false"[39m
            [33maria-expanded[39m=[32m"true"[39m
            [33mclass[39m=[32m"ant-collapse-header"[39m
            [33mrole[39m=[32m"button"[39m
            [33mtabindex[39m=[32m"0"[39m
          [36m>[39m
            [36m<div[39m
              [33mclass[39m=[32m"ant-collapse-expand-icon"[39m
            [36m>[39m
              [36m<span[39m
                [33maria-label[39m=[32m"expanded"[39m
                [33mclass[39m=[32m"anticon anticon-right ant-collapse-arrow"[39m
                [33mrole[39m=[32m"img"[39m
              [36m>[39m
                [36m<svg[39m
                  [33maria-hidden[39m=[32m"true"[39m
                  [33mdata-icon[39m=[32m"right"[39m
                  [33mfill[39m=[32m"currentColor"[39m
                  [33mfocusable[39m=[32m"false"[39m
                  [33mheight[39m=[32m"1em"[39m
                  [33mstyle[39m=[32m"transform: rotate(90deg);"[39m
                  [33mviewBox[39m=[32m"64 64 896 896"[39m
                  [33mwidth[39m=[32m"1em"[39m
                [36m>[39m
                  [36m<path[39m
                    [33md[39m=[32m"M765.7 486.8L314.9 134.7A7.97 7.97 0 00302 141v77.3c0 4.9 2.3 9.6 6.1 12.6l360 281.1-360 281.1c-3.9 3-6.1 7.7-6.1 12.6V883c0 6.7 7.7 10.4 12.9 6.3l450.8-352.1a31.96 31.96 0 000-50.4z"[39m
                  [36m/>[39m
                [36m</svg>[39m
              [36m</span>[39m
            [36m</div>[39m
            [36m<span[39m
              [33mclass[39m=[32m"ant-collapse-title"[39m
            [36m>[39m
              [0mAdvanced Timeouts[0m
            [36m</span>[39m
          [36m</div>[39m
          [36m<div[39m
            [33mclass[39m=[32m"ant-collapse-panel ant-collapse-panel-active"[39m
          [36m>[39m
            [36m<div[39m
              [33mclass[39m=[32m"ant-collapse-body"[39m
            [36m>[39m
              [36m<div[39m
                [33mclass[39m=[32m"space-y-3"[39m
              [36m>[39m
                [36m<div[39m
                  [33mclass[39m=[32m"flex flex-col gap-2"[39m
                [36m>[39m
                  [36m<span[39m
                    [33mclass[39m=[32m"text-sm font-medium"[39m
                  [36m>[39m
                    [0mTimeout profile[0m
                  [36m</span>[39m
                  [36m<div[39m
                    [33mclass[39m=[32m"flex flex-wrap items-center gap-3"[39m
                  [36m>[39m
                    [36m<div[39m
                      [33maria-label[39m=[32m"segmented control"[39m
                      [33maria-orientation[39m=[32m"horizontal"[39m
                      [33mclass[39m=[32m"ant-segmented css-dev-only-do-not-override-3uaqrl css-var-re"[39m
                      [33mrole[39m=[32m"radiogroup"[39m
                      [33mtabindex[39m=[32m"0"[39m
                    [36m>[39m
                      [36m<div[39m
                        [33mclass[39m=[32m"ant-segmented-group"[39m
                      [36m>[39m
                        [36m<label[39m
                          [33mclass[39m=[32m"ant-segmented-item ant-segmented-item-selected"[39m
                        [36m>[39m
                          [36m<input[39m
                            [33mchecked[39m=[32m""[39m
                            [33mclass[39m=[32m"ant-segmented-item-input"[39m
                            [33mname[39m=[32m"test-id"[39m
                            [33mtype[39m=[32m"radio"[39m
                          [36m/>[39m
                          [36m<div[39m
                            [33mclass[39m=[32m"ant-segmented-item-label"[39m
                            [33mtitle[39m=[32m"Balanced"[39m
                          [36m>[39m
                            [0mBalanced[0m
                          [36m</div>[39m
                        [36m</label>[39m
                        [36m<label[39m
                          [33mclass[39m=[32m"ant-segmented-item"[39m
                        [36m>[39m
                          [36m<input[39m
                            [33mclass[39m=[32m"ant-segmented-item-input"[39m
                            [33mname[39m=[32m"test-id"[39m
                            [33mtype[39m=[32m"radio"[39m
                          [36m/>[39m
                          [36m<div[39m
                            [33mclass[39m=[32m"ant-segmented-item-label"[39m
                            [33mtitle[39m=[32m"Extended"[39m
                          [36m>[39m
                            [0mExtended[0m
                          [36m</div>[39m
                        [36m</label>[39m
                      [36m</div>[39m
                    [36m</div>[39m
                  [36m</div>[39m
                  [36m<span[39m
                    [33mclass[39m=[32m"text-xs text-text-subtle"[39m
                  [36m>[39m
                    [0mBalanced works well for most setups. Extended adds extra headroom for slower networks or long-running jobs.[0m
                  [36m</span>[39m
                [36m</div>[39m
                [36m<div[39m
                  [33mclass[39m=[32m"grid grid-cols-1 md:grid-cols-2 gap-4"[39m
                [36m>[39m
                  [36m<div>[39m
                    [36m<label[39m
                      [33mclass[39m=[32m"block text-sm font-medium mb-1"[39m
                    [36m>[39m
                      [0mRequest Timeout (seconds)[0m
                    [36m</label>[39m
                    [36m<span[39m
                      [33mclass[39m=[32m"ant-input-affix-wrapper css-dev-only-do-not-override-3uaqrl ant-input-outlined css-var-re ant-input-css-var"[39m
                    [36m>[39m
                      [36m<input[39m
                        [33mclass[39m=[32m"ant-input css-dev-only-do-not-override-3uaqrl"[39m
                        [33mmin[39m=[32m"1"[39m
                        [33mplaceholder[39m=[32m"10"[39m
                        [33mtype[39m=[32m"number"[39m
                        [33mvalue[39m=[32m"10"[39m
                      [36m/>[39m
                      [36m<span[39m
                        [33mclass[39m=[32m"ant-input-suffix"[39m
                      [36m>[39m
                        [0ms[0m
                      [36m</span>[39m
                    [36m</span>[39m
                    [36m<div[39m
                      [33mclass[39m=[32m"text-xs text-text-subtle mt-1"[39m
                    [36m>[39m
                      [0mAbort initial requests if no response within this time. Default: 10s.[0m
                    [36m</div>[39m
                  [36m</div>[39m
                  [36m<div>[39m
                    [36m<label[39m
                      [33mclass[39m=[32m"block text-sm font-medium mb-1"[39m
                    [36m>[39m
                      [0mStreaming Idle Timeout (seconds)[0m
                    [36m</label>[39m
                    [36m<span[39m
                      [33mclass[39m=[32m"ant-input-affix-wrapper css-dev-only-do-not-override-3uaqrl ant-input-outlined css-var-re ant-input-css-var"[39m
                    [36m>[39m
                      [36m<input[39m
                        [33mclass[39m=[32m"ant-input css-dev-only-do-not-override-3uaqrl"[39m
                        [33mmin[39m=[32m"1"[39m
                        [33mplaceholder[39m=[32m"15"[39m
                        [33mtype[39m=[32m"number"[39m
                        [33mvalue[39m=[32m"15"[39m
                      [36m/>[39m
                      [36m<span[39m
                        [33mclass[39m=[32m"ant-input-suffix"[39m
                      [36m>[39m
                        [0ms[0m
                      [36m</span>[39m
                    [36m</span>[39m
                    [36m<div[39m
                      [33mclass[39m=[32m"text-xs text-text-subtle mt-1"[39m
                    [36m>[39m
                      [0mAbort streaming if no updates received within this time. Default: 15s.[0m
                    [36m</div>[39m
                  [36m</div>[39m
                [36m</div>[39m
                [36m<div[39m
                  [33mclass[39m=[32m"grid grid-cols-1 md:grid-cols-2 gap-4"[39m
                [36m>[39m
                  [36m<div>[39m
                    [36m<label[39m
                      [33mclass[39m=[32m"block text-sm font-medium mb-1"[39m
                    [36m>[39m
                      [0mChat Request Timeout[0m
                    [36m</label>[39m
                    [36m<span[39m
                      [33mclass[39m=[32m"ant-input-affix-wrapper css-dev-only-do-not-override-3uaqrl ant-input-outlined css-var-re ant-input-css-var"[39m
                    [36m>[39m
                      [36m<input[39m
                        [33mclass[39m=[32m"ant-input css-dev-only-do-not-override-3uaqrl"[39m
                        [33mmin[39m=[32m"1"[39m
                        [33mtype[39m=[32m"number"[39m
                        [33mvalue[39m=[32m"120"[39m
                      [36m/>[39m
                      [36m<span[39m
                        [33mclass[39m=[32m"ant-input-suffix"[39m
                      [36m>[39m
                        [0ms[0m
                      [36m</span>[39m
                    [36m</span>[39m
                    [36m<div[39m
                      [33mclass[39m=[32m"text-xs text-text-subtle mt-1"[39m
                    [36m>[39m
                      [0mApplies to non-stream chat request timeout handling. Use startup timeout below for first visible token.[0m
                    [36m</div>[39m
                  [36m</div>[39m
                  [36m<div>[39m
                    [36m<label[39m
                      [33mclass[39m=[32m"block text-sm font-medium mb-1"[39m
                    [36m>[39m
                      [0mChat startup timeout[0m
                    [36m</label>[39m
                    [36m<span[39m
                      [33mclass[39m=[32m"ant-input-affix-wrapper css-dev-only-do-not-override-3uaqrl ant-input-outlined css-var-re ant-input-css-var"[39m
                    [36m>[39m
                      [36m<input[39m
                        [33mclass[39m=[32m"ant-input css-dev-only-do-not-override-3uaqrl"[39m
                        [33mmin[39m=[32m"1"[39m
                        [33mtype[39m=[32m"number"[39m
                        [33mvalue[39m=[32m"120"[39m
                      [36m/>[39m
                      [36m<span[39m
                        [33mclass[39m=[32m"ant-input-suffix"[39m
                      [36m>[39m
                        [0ms[0m
                      [36m</span>[39m
                    [36m</span>[39m
                    [36m<div[39m
                      [33mclass[39m=[32m"text-xs text-text-subtle mt-1"[39m
                    [36m>[39m
                      [0mAbort streaming if no visible assistant output arrives within this time. Default: 120s.[0m
                    [36m</div>[39m
                  [36m</div>[39m
                  [36m<div>[39m
                    [36m<label[39m
                      [33mclass[39m=[32m"block text-sm font-medium mb-1"[39m
                    [36m>[39m
                      [0mChat Stream Idle[0m
                    [36m</label>[39m
                    [36m<span[39m
                      [33mclass[39m=[32m"ant-input-affix-wrapper css-dev-only-do-not-override-3uaqrl ant-input-outlined css-var-re ant-input-css-var"[39m
                    [36m>[39m
                      [36m<input[39m
                        [33mclass[39m=[32m"ant-input css-dev-only-do-not-override-3uaqrl"[39m
                        [33mmin[39m=[32m"1"[39m
                        [33mtype[39m=[32m"number"[39m
                        [33mvalue[39m=[32m"15"[39m
                      [36m/>[39m
                      [36m<span[39m
                        [33mclass[39m=[32m"ant-input-suffix"[39m
                      [36m>[39m
                        [0ms[0m
                      [36m</span>[39m
                    [36m</span>[39m
                  [36m</div>[39m
                  [36m<div>[39m
                    [36m<label[39m
                      [33mclass[39m=[32m"block text-sm font-medium mb-1"[39m
                    [36m>[39m
                      [0mRAG Request Timeout[0m
                    [36m</label>[39m
                    [36m<span[39m
                      [33mclass[39m=[32m"ant-input-affix-wrapper css-dev-only-do-not-override-3uaqrl ant-input-outlined css-var-re ant-input-css-var"[39m
                    [36m>[39m
                      [36m<input[39m
                        [33mclass[39m=[32m"ant-input css-dev-only-do-not-override-3uaqrl"[39m
                        [33mmin[39m=[32m"1"[39m
                        [33mtype[39m=[32m"number"[39m
                        [33mvalue[39m=[32m"120"[39m
                      [36m/>[39m
                      [36m<span[39m
                        [33mclass[39m=[32m"ant-input-suffix"[39m
                      [36m>[39m
                        [0ms[0m
                      [36m</span>[39m
                    [36m</span>[39m
                  [36m</div>[39m
                  [36m<div>[39m
                    [36m<label[39m
                      [33mclass[39m=[32m"block text-sm font-medium mb-1"[39m
                    [36m>[39m
                      [0mMedia Request Timeout[0m
                    [36m</label>[39m
                    [36m<span[39m
                      [33mclass[39m=[32m"ant-input-affix-wrapper css-dev-only-do-not-override-3uaqrl ant-input-outlined css-var-re ant-input-css-var"[39m
                    [36m>[39m
                      [36m<input[39m
                        [33mclass[39m=[32m"ant-input css-dev-only-do-not-override-3uaqrl"[39m
                        [33mmin[39m=[32m"1"[39m
                        [33mtype[39m=[32m"number"[39m
                        [33mvalue[39m=[32m"60"[39m
                      [36m/>[39m
                      [36m<span[39m
                        [33mclass[39m=[32m"ant-input-suffix"[39m
                      [36m>[39m
                        [0ms[0m
                      [36m</span>[39m
                    [36m</span>[39m
                  [36m</div>[39m
                  [36m<div>[39m
                    [36m<label[39m
                      [33mclass[39m=[32m"block text-sm font-medium mb-1"[39m
                    [36m>[39m
                      [0mUpload Request Timeout[0m
                    [36m</label>[39m
                    [36m<span[39m
                      [33mclass[39m=[32m"ant-input-affix-wrapper css-dev-only-do-not-override-3uaqrl ant-input-outlined css-var-re ant-input-css-var"[39m
                    [36m>[39m
                      [36m<input[39m
                        [33mclass[39m=[32m"ant-input css-dev-only-do-not-override-3uaqrl"[39m
                        [33mmin[39m=[32m"1"[39m
                        [33mtype[39m=[32m"number"[39m
                        [33mvalue[39m=[32m"60"[39m
                      [36m/>[39m
                      [36m<span[39m
                        [33mclass[39m=[32m"ant-input-suffix"[39m
                      [36m>[39m
                        [0ms[0m
                      [36m</span>[39m
                    [36m</span>[39m
                  [36m</div>[39m
                [36m</div>[39m
                [36m<div[39m
                  [33mclass[39m=[32m"flex justify-end"[39m
                [36m>[39m
                  [36m<button[39m
                    [33mclass[39m=[32m"ant-btn css-dev-only-do-not-override-3uaqrl css-var-re ant-btn-default ant-btn-color-default ant-btn-variant-outlined"[39m
                    [33mtype[39m=[32m"button"[39m
                  [36m>[39m
                    [36m<span>[39m
                      [0mReset to recommended[0m
                    [36m</span>[39m
                  [36m</button>[39m
                [36m</div>[39m
              [36m</div>[39m
            [36m</div>[39m
          [36m</div>[39m
        [36m</div>[39m
      [36m</div>[39m
    [36m</div>[39m
  [36m</div>[39m
[36m</body>[39m
 ❯ Object.getElementError ../node_modules/.bun/@testing-library+dom@10.4.1/node_modules/@testing-library/dom/dist/config.js:37:19
 ❯ ../node_modules/.bun/@testing-library+dom@10.4.1/node_modules/@testing-library/dom/dist/query-helpers.js:76:38
 ❯ ../node_modules/.bun/@testing-library+dom@10.4.1/node_modules/@testing-library/dom/dist/query-helpers.js:52:17
 ❯ ../node_modules/.bun/@testing-library+dom@10.4.1/node_modules/@testing-library/dom/dist/query-helpers.js:95:19
 ❯ ../packages/ui/src/components/Option/Settings/__tests__/TldwTimeoutSettings.accessibility.test.tsx:47:24
     45|   await user.click(screen.getByRole("button", { name: /Advanced Timeou…
     46|
     47|   const input = screen.getByRole("spinbutton", { name: label, exact: t…
       |                        ^
     48|   expect(screen.getByLabelText(label, { exact: true })).toBe(input)
     49|   await user.click(screen.getByText(label, { selector: "label", exact:…

⎯⎯⎯⎯⎯⎯⎯⎯⎯⎯⎯⎯⎯⎯⎯⎯⎯⎯⎯⎯⎯⎯⎯⎯[8/9]⎯

 FAIL  ../packages/ui/src/components/Option/Settings/__tests__/TldwTimeoutSettings.accessibility.test.tsx > keeps labels scoped to their own instance and stable when controlled values rerender
AssertionError: expected false to be true // Object.is equality

- Expected
+ Received

- true
+ false

 ❯ ../packages/ui/src/components/Option/Settings/__tests__/TldwTimeoutSettings.accessibility.test.tsx:70:30
     68|   const ids = inputIds()
     69|   expect(ids).toHaveLength(16)
     70|   expect(ids.every(Boolean)).toBe(true)
       |                              ^
     71|   expect(new Set(ids).size).toBe(16)
     72|

⎯⎯⎯⎯⎯⎯⎯⎯⎯⎯⎯⎯⎯⎯⎯⎯⎯⎯⎯⎯⎯⎯⎯⎯[9/9]⎯


 Test Files  1 failed (1)
      Tests  9 failed (9)
   Start at  14:18:39
   Duration  2.94s (transform 46ms, setup 80ms, import 353ms, tests 2.23s, environment 195ms)
