============================= test session starts ==============================
platform darwin -- Python 3.11.13, pytest-8.4.1, pluggy-1.6.0
benchmark: 5.2.3 (defaults: timer=time.perf_counter disable_gc=False min_rounds=5 min_time=0.000005 max_time=1.0 calibration_precision=10 warmup=False warmup_iterations=100000)
Using --randomly-seed=3451164776
rootdir: /Users/macbook-dev/Documents/GitHub/tldw_server2
configfile: pyproject.toml
plugins: anyio-4.12.1, benchmark-5.2.3, locust-2.43.3, asyncio-1.1.0, xdist-3.8.0, split-0.11.0, timeout-2.4.0, randomly-4.1.0, hypothesis-6.138.2, cov-6.2.1, mock-3.14.1
asyncio: mode=Mode.AUTO, asyncio_default_fixture_loop_scope=function, asyncio_default_test_loop_scope=function
timeout: 300.0s
timeout method: thread
timeout func_only: False
collected 137 items / 102 deselected / 35 selected

tldw_Server_API/tests/DB_Management/test_note_shared_owner_contract.py . [  2%]
...F.F.F.FFF.FFF...F.....FF..F....                                       [100%]

=================================== FAILURES ===================================
____ test_other_keyword_link_parent_scope[postgres-reverse-read-collection] ____
tldw_Server_API/tests/DB_Management/test_note_shared_owner_contract.py:425: in test_other_keyword_link_parent_scope
    assert getattr(f.bob, f"get_{kind}s_for_keyword")(foreign_kw) == []
E   AssertionError: assert [{'client_id'...'id': 2, ...}] == []
E
E     Left contains one more item: {'client_id': '2', 'created_at': datetime.datetime(2026, 9, 17, 6, 54, 30, 252000, tzinfo=zoneinfo.ZoneInfo(key='Etc/UTC')), 'deleted': False, 'id': 2, ...}
E     Use -v to get more diff
---------------------------- Captured stderr setup -----------------------------
2026-09-16 23:54:28.483 | INFO     | tldw_Server_API.app.core.DB_Management.backends.factory:create_backend:392 - Creating postgresql backend
2026-09-16 23:54:28.484 | INFO     | tldw_Server_API.app.core.config:_buffered_log:210 - Determined ACTUAL_PROJECT_ROOT for database paths: /Users/macbook-dev/Documents/GitHub/tldw_server2
2026-09-16 23:54:28.484 | INFO     | tldw_Server_API.app.core.config:_buffered_log:210 - Early loading environment variables from: /Users/macbook-dev/Documents/GitHub/tldw_server2/tldw_Server_API/Config_Files/.env
2026-09-16 23:54:28.489 | INFO     | tldw_Server_API.app.core.config:_buffered_log:210 - Early loading environment variables from: /Users/macbook-dev/Documents/GitHub/tldw_server2/tldw_Server_API/Config_Files/.ENV
2026-09-16 23:54:28.493 | DEBUG    | tldw_Server_API.app.core.config:_buffered_log:210 - load_and_log_configs(): Loading and logging configurations...
2026-09-16 23:54:28.493 | INFO     | tldw_Server_API.app.core.config:_buffered_log:210 - Loading environment variables from: /Users/macbook-dev/Documents/GitHub/tldw_server2/tldw_Server_API/Config_Files/.env
2026-09-16 23:54:28.498 | INFO     | tldw_Server_API.app.core.config:_buffered_log:210 - Loading environment variables from: /Users/macbook-dev/Documents/GitHub/tldw_server2/tldw_Server_API/Config_Files/.ENV
2026-09-16 23:54:28.502 | INFO     | tldw_Server_API.app.core.config:_buffered_log:210 - Attempting to load comprehensive config from: /Users/macbook-dev/Documents/GitHub/tldw_server2/tldw_Server_API/Config_Files/config.txt
2026-09-16 23:54:28.505 | INFO     | tldw_Server_API.app.core.config:_buffered_log:210 - load_comprehensive_config(): Sections found in config: ['Setup', 'UI', 'Server', 'Files', 'Image-Generation', 'ACP', 'WORKSPACES', 'ACP-WORKSPACE', 'ACP-SANDBOX', 'Audit', 'Processing', 'Media-Processing', 'Chat-Dictionaries', 'Chat-Module', 'Chat-Commands', 'Chat-Templating', 'Character-Chat', 'Settings', 'Auto-Save', 'Prompts', 'Database', 'Chunking', 'Visual-RAG', 'AuthNZ', 'Streaming', 'HTTP', 'Egress', 'Embeddings', 'Claims', 'ClaimsMonitoring', 'RAG', 'Search-Agent', 'ResourceGovernor', 'Jobs', 'SlidesStandaloneHtml', 'Diarization', 'API', 'MLX', 'Local-API', 'LlamaCpp', 'STT-Settings', 'external_providers', 'TTS-Settings', 'VibeVoice', 'Audio-Quota', 'API-Routes', 'Search-Engines', 'Web-Scraper', 'Logging', 'Moderation', 'Redis', 'Web-Scraping', 'personalization', 'persona', 'persona.rbac']
2026-09-16 23:54:28.507 | INFO     | tldw_Server_API.app.core.config:_buffered_log:210 - Ensured main SQLite database directory exists: /Users/macbook-dev/Documents/GitHub/tldw_server2/Databases
2026-09-16 23:54:28.507 | INFO     | tldw_Server_API.app.core.config:_buffered_log:210 - Ensured user data base directory exists: Databases/user_databases
2026-09-16 23:54:28.507 | WARNING  | tldw_Server_API.app.core.DB_Management.db_path_utils:resolve_user_db_base_dir:491 - USER_DB_BASE_DIR not configured in tests, using isolated fallback: /private/var/folders/sn/m80n2j152t9gw3w8qwk2nykh0000gn/T/tldw_user_databases_test/default-cd1a9f21
2026-09-16 23:54:28.508 | INFO     | tldw_Server_API.app.core.DB_Management.ChaChaNotes_DB:__init__:7657 - Initializing CharactersRAGDB for path: /private/var/folders/sn/m80n2j152t9gw3w8qwk2nykh0000gn/T/pytest-of-macbook-dev/pytest-627/test_other_keyword_link_parent2/2/ChaChaNotes.db [Client ID: 2] (backend=postgresql)
2026-09-16 23:54:30.052 | DEBUG    | tldw_Server_API.app.core.DB_Management.ChaChaNotes_DB:__init__:7664 - CharactersRAGDB initialization completed successfully for /private/var/folders/sn/m80n2j152t9gw3w8qwk2nykh0000gn/T/pytest-of-macbook-dev/pytest-627/test_other_keyword_link_parent2/2/ChaChaNotes.db
2026-09-16 23:54:30.053 | WARNING  | tldw_Server_API.app.core.DB_Management.db_path_utils:resolve_user_db_base_dir:491 - USER_DB_BASE_DIR not configured in tests, using isolated fallback: /private/var/folders/sn/m80n2j152t9gw3w8qwk2nykh0000gn/T/tldw_user_databases_test/default-cd1a9f21
2026-09-16 23:54:30.053 | INFO     | tldw_Server_API.app.core.DB_Management.ChaChaNotes_DB:__init__:7657 - Initializing CharactersRAGDB for path: /private/var/folders/sn/m80n2j152t9gw3w8qwk2nykh0000gn/T/pytest-of-macbook-dev/pytest-627/test_other_keyword_link_parent2/3/ChaChaNotes.db [Client ID: 3] (backend=postgresql)
2026-09-16 23:54:30.224 | DEBUG    | tldw_Server_API.app.core.DB_Management.ChaChaNotes_DB:__init__:7664 - CharactersRAGDB initialization completed successfully for /private/var/folders/sn/m80n2j152t9gw3w8qwk2nykh0000gn/T/pytest-of-macbook-dev/pytest-627/test_other_keyword_link_parent2/3/ChaChaNotes.db
2026-09-16 23:54:30.225 | DEBUG    | tldw_Server_API.app.core.DB_Management.ChaChaNotes_DB:_get_connection_for_state:8036 - Acquired backend connection (postgresql) for thread 8346099072
2026-09-16 23:54:30.228 | INFO     | tldw_Server_API.app.core.DB_Management.chacha.note_store:_execute:124 - Added note 'Alice private Citrine' with ID: 623dbd7a-f908-4f98-aecc-217716884a53.
2026-09-16 23:54:30.230 | INFO     | tldw_Server_API.app.core.DB_Management.chacha.note_store:_execute:124 - Added note 'Alice deleted Citrine' with ID: 8a56b181-bb44-47b8-8a0d-dc1f346c524f.
2026-09-16 23:54:30.233 | INFO     | tldw_Server_API.app.core.DB_Management.chacha.note_store:soft_delete_note:2247 - Soft-deleted note ID 8a56b181-bb44-47b8-8a0d-dc1f346c524f (was v1), new version 2.
2026-09-16 23:54:30.238 | DEBUG    | tldw_Server_API.app.core.DB_Management.ChaChaNotes_DB:_get_connection_for_state:8036 - Acquired backend connection (postgresql) for thread 8346099072
2026-09-16 23:54:30.241 | INFO     | tldw_Server_API.app.core.DB_Management.chacha.note_store:_execute:124 - Added note 'Bob private Indigo' with ID: 6c883bf4-fb6c-4c49-8b0b-2a73b2cf01bf.
2026-09-16 23:54:30.242 | DEBUG    | tldw_Server_API.app.core.DB_Management.ChaChaNotes_DB:close_connection:8110 - Returned backend connection (postgresql) for thread 8346099072.
2026-09-16 23:54:30.242 | DEBUG    | tldw_Server_API.app.core.DB_Management.ChaChaNotes_DB:close_connection:8110 - Returned backend connection (postgresql) for thread 8346099072.
----------------------------- Captured stderr call -----------------------------
2026-09-16 23:54:30.244 | DEBUG    | tldw_Server_API.app.core.DB_Management.ChaChaNotes_DB:_get_connection_for_state:8036 - Acquired backend connection (postgresql) for thread 8346099072
2026-09-16 23:54:30.245 | INFO     | tldw_Server_API.app.core.DB_Management.ChaChaNotes_DB:_add_generic_item:32644 - Added chacha_keywords 'Keyword integer spacer' with ID: 1.
2026-09-16 23:54:30.247 | INFO     | tldw_Server_API.app.core.DB_Management.ChaChaNotes_DB:_add_generic_item:32644 - Added chacha_keywords 'Foreign link keyword' with ID: 2.
2026-09-16 23:54:30.249 | DEBUG    | tldw_Server_API.app.core.DB_Management.ChaChaNotes_DB:_get_connection_for_state:8036 - Acquired backend connection (postgresql) for thread 8346099072
2026-09-16 23:54:30.250 | INFO     | tldw_Server_API.app.core.DB_Management.ChaChaNotes_DB:_add_generic_item:32644 - Added chacha_keywords 'Owned link keyword' with ID: 3.
2026-09-16 23:54:30.251 | INFO     | tldw_Server_API.app.core.DB_Management.ChaChaNotes_DB:_add_generic_item:32644 - Added keyword_collections 'Collection integer spacer' with ID: 1.
2026-09-16 23:54:30.253 | INFO     | tldw_Server_API.app.core.DB_Management.ChaChaNotes_DB:_add_generic_item:32644 - Added keyword_collections 'Foreign source' with ID: 2.
2026-09-16 23:54:30.254 | INFO     | tldw_Server_API.app.core.DB_Management.ChaChaNotes_DB:_add_generic_item:32644 - Added keyword_collections 'Owned source' with ID: 3.
2026-09-16 23:54:30.259 | DEBUG    | tldw_Server_API.app.core.DB_Management.ChaChaNotes_DB:_manage_link:34391 - Logged sync event for collection_keywords: create on 2_2
2026-09-16 23:54:30.259 | INFO     | tldw_Server_API.app.core.DB_Management.ChaChaNotes_DB:_manage_link:34393 - Linked collection_keywords: collection_id=2, keyword_id=2. Rows affected: 1
2026-09-16 23:54:30.263 | DEBUG    | tldw_Server_API.app.core.DB_Management.ChaChaNotes_DB:_manage_link:34391 - Logged sync event for collection_keywords: create on 3_3
2026-09-16 23:54:30.264 | INFO     | tldw_Server_API.app.core.DB_Management.ChaChaNotes_DB:_manage_link:34393 - Linked collection_keywords: collection_id=3, keyword_id=3. Rows affected: 1
2026-09-16 23:54:30.264 | DEBUG    | tldw_Server_API.app.core.DB_Management.ChaChaNotes_DB:execute_query:8286 - Executing SQL (script=False, backend=postgresql):
                SELECT kc.*                 FROM keyword_collections kc                          JOIN collection_keywords ck ON kc.id = ck.collection_id
                WHERE ck.keyword_id = ?                   AND kc.deleted = FALSE
                ORDER BY LOWER(kc.name) LIMIT ?                 O... Params: (2, 50, 0)...
--------------------------- Captured stderr teardown ---------------------------
2026-09-16 23:54:30.301 | DEBUG    | tldw_Server_API.app.core.DB_Management.ChaChaNotes_DB:close_connection:8110 - Returned backend connection (postgresql) for thread 8346099072.
2026-09-16 23:54:30.301 | DEBUG    | tldw_Server_API.app.core.DB_Management.ChaChaNotes_DB:close_connection:8110 - Returned backend connection (postgresql) for thread 8346099072.
2026-09-16 23:54:30.318 | INFO     | tldw_Server_API.app.api.v1.API_Deps.ChaCha_Notes_DB_Deps:close_all_chacha_db_instances:876 - Closing all cached ChaChaNotesDB instances (0)...
2026-09-16 23:54:30.318 | INFO     | tldw_Server_API.app.api.v1.API_Deps.ChaCha_Notes_DB_Deps:close_all_chacha_db_instances:892 - All ChaChaNotesDB instances closed and cache cleared.
2026-09-16 23:54:30.319 | INFO     | tldw_Server_API.app.api.v1.API_Deps.ChaCha_Notes_DB_Deps:close_all_chacha_db_instances:876 - Closing all cached ChaChaNotesDB instances (0)...
2026-09-16 23:54:30.319 | INFO     | tldw_Server_API.app.api.v1.API_Deps.ChaCha_Notes_DB_Deps:close_all_chacha_db_instances:892 - All ChaChaNotesDB instances closed and cache cleared.
____ test_malformed_note_keyword_links_do_not_cross_owners[single-postgres] ____
tldw_Server_API/tests/DB_Management/test_note_shared_owner_contract.py:370: in test_malformed_note_keyword_links_do_not_cross_owners
    assert [k["id"] for k in f.bob.get_keywords_for_note(f.own)] == [own]
E   assert [1, 2] == [2]
E
E     At index 0 diff: 1 != 2
E     Left contains one more item: 2
E     Use -v to get more diff
---------------------------- Captured stderr setup -----------------------------
2026-09-16 23:54:31.754 | INFO     | tldw_Server_API.app.core.DB_Management.backends.factory:create_backend:392 - Creating postgresql backend
2026-09-16 23:54:31.755 | INFO     | tldw_Server_API.app.core.config:_buffered_log:210 - Determined ACTUAL_PROJECT_ROOT for database paths: /Users/macbook-dev/Documents/GitHub/tldw_server2
2026-09-16 23:54:31.755 | INFO     | tldw_Server_API.app.core.config:_buffered_log:210 - Early loading environment variables from: /Users/macbook-dev/Documents/GitHub/tldw_server2/tldw_Server_API/Config_Files/.env
2026-09-16 23:54:31.761 | INFO     | tldw_Server_API.app.core.config:_buffered_log:210 - Early loading environment variables from: /Users/macbook-dev/Documents/GitHub/tldw_server2/tldw_Server_API/Config_Files/.ENV
2026-09-16 23:54:31.766 | DEBUG    | tldw_Server_API.app.core.config:_buffered_log:210 - load_and_log_configs(): Loading and logging configurations...
2026-09-16 23:54:31.766 | INFO     | tldw_Server_API.app.core.config:_buffered_log:210 - Loading environment variables from: /Users/macbook-dev/Documents/GitHub/tldw_server2/tldw_Server_API/Config_Files/.env
2026-09-16 23:54:31.771 | INFO     | tldw_Server_API.app.core.config:_buffered_log:210 - Loading environment variables from: /Users/macbook-dev/Documents/GitHub/tldw_server2/tldw_Server_API/Config_Files/.ENV
2026-09-16 23:54:31.776 | INFO     | tldw_Server_API.app.core.config:_buffered_log:210 - Attempting to load comprehensive config from: /Users/macbook-dev/Documents/GitHub/tldw_server2/tldw_Server_API/Config_Files/config.txt
2026-09-16 23:54:31.778 | INFO     | tldw_Server_API.app.core.config:_buffered_log:210 - load_comprehensive_config(): Sections found in config: ['Setup', 'UI', 'Server', 'Files', 'Image-Generation', 'ACP', 'WORKSPACES', 'ACP-WORKSPACE', 'ACP-SANDBOX', 'Audit', 'Processing', 'Media-Processing', 'Chat-Dictionaries', 'Chat-Module', 'Chat-Commands', 'Chat-Templating', 'Character-Chat', 'Settings', 'Auto-Save', 'Prompts', 'Database', 'Chunking', 'Visual-RAG', 'AuthNZ', 'Streaming', 'HTTP', 'Egress', 'Embeddings', 'Claims', 'ClaimsMonitoring', 'RAG', 'Search-Agent', 'ResourceGovernor', 'Jobs', 'SlidesStandaloneHtml', 'Diarization', 'API', 'MLX', 'Local-API', 'LlamaCpp', 'STT-Settings', 'external_providers', 'TTS-Settings', 'VibeVoice', 'Audio-Quota', 'API-Routes', 'Search-Engines', 'Web-Scraper', 'Logging', 'Moderation', 'Redis', 'Web-Scraping', 'personalization', 'persona', 'persona.rbac']
2026-09-16 23:54:31.781 | INFO     | tldw_Server_API.app.core.config:_buffered_log:210 - Ensured main SQLite database directory exists: /Users/macbook-dev/Documents/GitHub/tldw_server2/Databases
2026-09-16 23:54:31.781 | INFO     | tldw_Server_API.app.core.config:_buffered_log:210 - Ensured user data base directory exists: Databases/user_databases
2026-09-16 23:54:31.781 | WARNING  | tldw_Server_API.app.core.DB_Management.db_path_utils:resolve_user_db_base_dir:491 - USER_DB_BASE_DIR not configured in tests, using isolated fallback: /private/var/folders/sn/m80n2j152t9gw3w8qwk2nykh0000gn/T/tldw_user_databases_test/default-cd1a9f21
2026-09-16 23:54:31.781 | INFO     | tldw_Server_API.app.core.DB_Management.ChaChaNotes_DB:__init__:7657 - Initializing CharactersRAGDB for path: /private/var/folders/sn/m80n2j152t9gw3w8qwk2nykh0000gn/T/pytest-of-macbook-dev/pytest-627/test_malformed_note_keyword_li1/2/ChaChaNotes.db [Client ID: 2] (backend=postgresql)
2026-09-16 23:54:33.417 | DEBUG    | tldw_Server_API.app.core.DB_Management.ChaChaNotes_DB:__init__:7664 - CharactersRAGDB initialization completed successfully for /private/var/folders/sn/m80n2j152t9gw3w8qwk2nykh0000gn/T/pytest-of-macbook-dev/pytest-627/test_malformed_note_keyword_li1/2/ChaChaNotes.db
2026-09-16 23:54:33.418 | WARNING  | tldw_Server_API.app.core.DB_Management.db_path_utils:resolve_user_db_base_dir:491 - USER_DB_BASE_DIR not configured in tests, using isolated fallback: /private/var/folders/sn/m80n2j152t9gw3w8qwk2nykh0000gn/T/tldw_user_databases_test/default-cd1a9f21
2026-09-16 23:54:33.418 | INFO     | tldw_Server_API.app.core.DB_Management.ChaChaNotes_DB:__init__:7657 - Initializing CharactersRAGDB for path: /private/var/folders/sn/m80n2j152t9gw3w8qwk2nykh0000gn/T/pytest-of-macbook-dev/pytest-627/test_malformed_note_keyword_li1/3/ChaChaNotes.db [Client ID: 3] (backend=postgresql)
2026-09-16 23:54:33.596 | DEBUG    | tldw_Server_API.app.core.DB_Management.ChaChaNotes_DB:__init__:7664 - CharactersRAGDB initialization completed successfully for /private/var/folders/sn/m80n2j152t9gw3w8qwk2nykh0000gn/T/pytest-of-macbook-dev/pytest-627/test_malformed_note_keyword_li1/3/ChaChaNotes.db
2026-09-16 23:54:33.597 | DEBUG    | tldw_Server_API.app.core.DB_Management.ChaChaNotes_DB:_get_connection_for_state:8036 - Acquired backend connection (postgresql) for thread 8346099072
2026-09-16 23:54:33.600 | INFO     | tldw_Server_API.app.core.DB_Management.chacha.note_store:_execute:124 - Added note 'Alice private Citrine' with ID: fc13298e-aeed-4ef5-b51e-919d9c0fafdd.
2026-09-16 23:54:33.602 | INFO     | tldw_Server_API.app.core.DB_Management.chacha.note_store:_execute:124 - Added note 'Alice deleted Citrine' with ID: 9a264719-5e26-4194-a9f3-4c2b0df49962.
2026-09-16 23:54:33.605 | INFO     | tldw_Server_API.app.core.DB_Management.chacha.note_store:soft_delete_note:2247 - Soft-deleted note ID 9a264719-5e26-4194-a9f3-4c2b0df49962 (was v1), new version 2.
2026-09-16 23:54:33.612 | DEBUG    | tldw_Server_API.app.core.DB_Management.ChaChaNotes_DB:_get_connection_for_state:8036 - Acquired backend connection (postgresql) for thread 8346099072
2026-09-16 23:54:33.618 | INFO     | tldw_Server_API.app.core.DB_Management.chacha.note_store:_execute:124 - Added note 'Bob private Indigo' with ID: a8fa4f40-72a2-437f-bc26-de157ce8462c.
2026-09-16 23:54:33.618 | DEBUG    | tldw_Server_API.app.core.DB_Management.ChaChaNotes_DB:close_connection:8110 - Returned backend connection (postgresql) for thread 8346099072.
2026-09-16 23:54:33.618 | DEBUG    | tldw_Server_API.app.core.DB_Management.ChaChaNotes_DB:close_connection:8110 - Returned backend connection (postgresql) for thread 8346099072.
----------------------------- Captured stderr call -----------------------------
2026-09-16 23:54:33.621 | DEBUG    | tldw_Server_API.app.core.DB_Management.ChaChaNotes_DB:_get_connection_for_state:8036 - Acquired backend connection (postgresql) for thread 8346099072
2026-09-16 23:54:33.623 | INFO     | tldw_Server_API.app.core.DB_Management.ChaChaNotes_DB:_add_generic_item:32644 - Added chacha_keywords 'Foreign amber' with ID: 1.
2026-09-16 23:54:33.625 | DEBUG    | tldw_Server_API.app.core.DB_Management.ChaChaNotes_DB:_get_connection_for_state:8036 - Acquired backend connection (postgresql) for thread 8346099072
2026-09-16 23:54:33.627 | INFO     | tldw_Server_API.app.core.DB_Management.ChaChaNotes_DB:_add_generic_item:32644 - Added chacha_keywords 'Owned indigo' with ID: 2.
2026-09-16 23:54:33.628 | INFO     | tldw_Server_API.app.core.DB_Management.ChaChaNotes_DB:_add_generic_item:32644 - Added chacha_keywords 'Owned destination' with ID: 3.
2026-09-16 23:54:33.633 | DEBUG    | tldw_Server_API.app.core.DB_Management.ChaChaNotes_DB:_manage_link:34391 - Logged sync event for note_keywords: create on a8fa4f40-72a2-437f-bc26-de157ce8462c_2
2026-09-16 23:54:33.633 | INFO     | tldw_Server_API.app.core.DB_Management.ChaChaNotes_DB:_manage_link:34393 - Linked note_keywords: note_id=a8fa4f40-72a2-437f-bc26-de157ce8462c, keyword_id=2. Rows affected: 1
2026-09-16 23:54:33.635 | DEBUG    | tldw_Server_API.app.core.DB_Management.ChaChaNotes_DB:execute_query:8286 - Executing SQL (script=False, backend=postgresql):
                SELECT k.*                 FROM chacha_keywords k                          JOIN note_keywords nk ON k.id = nk.keyword_id
                WHERE nk.note_id = ?                   AND k.deleted = 0                 ORDER BY LOWER(k.keyword)
                ... Params: ('a8fa4f40-72a2-437f-bc26-de157ce8462c',)...
--------------------------- Captured stderr teardown ---------------------------
2026-09-16 23:54:33.641 | DEBUG    | tldw_Server_API.app.core.DB_Management.ChaChaNotes_DB:close_connection:8110 - Returned backend connection (postgresql) for thread 8346099072.
2026-09-16 23:54:33.641 | DEBUG    | tldw_Server_API.app.core.DB_Management.ChaChaNotes_DB:close_connection:8110 - Returned backend connection (postgresql) for thread 8346099072.
2026-09-16 23:54:33.850 | INFO     | tldw_Server_API.app.api.v1.API_Deps.ChaCha_Notes_DB_Deps:close_all_chacha_db_instances:876 - Closing all cached ChaChaNotesDB instances (0)...
2026-09-16 23:54:33.850 | INFO     | tldw_Server_API.app.api.v1.API_Deps.ChaCha_Notes_DB_Deps:close_all_chacha_db_instances:892 - All ChaChaNotesDB instances closed and cache cleared.
2026-09-16 23:54:33.850 | INFO     | tldw_Server_API.app.api.v1.API_Deps.ChaCha_Notes_DB_Deps:close_all_chacha_db_instances:876 - Closing all cached ChaChaNotesDB instances (0)...
2026-09-16 23:54:33.850 | INFO     | tldw_Server_API.app.api.v1.API_Deps.ChaCha_Notes_DB_Deps:close_all_chacha_db_instances:892 - All ChaChaNotesDB instances closed and cache cleared.
____ test_other_keyword_link_parent_scope[postgres-link-count-conversation] ____
tldw_Server_API/tests/DB_Management/test_note_shared_owner_contract.py:427: in test_other_keyword_link_parent_scope
    assert getattr(f.bob, f"count_{kind}_keyword_links")() == 1
E   AssertionError: assert 2 == 1
E    +  where 2 = count_conversation_keyword_links()
E    +    where count_conversation_keyword_links = getattr(<tldw_Server_API.app.core.DB_Management.ChaChaNotes_DB.CharactersRAGDB object at 0x1100c9310>, 'count_conversation_keyword_links')
E    +      where <tldw_Server_API.app.core.DB_Management.ChaChaNotes_DB.CharactersRAGDB object at 0x1100c9310> = namespace(alice=<tldw_Server_API.app.core.DB_Management.ChaChaNotes_DB.CharactersRAGDB object at 0x110784650>, bob=<tl...b9-4ce5-92a4-078bba39c6f4', deleted='0a7dd87c-ed5f-4548-ac08-5dd10425b6d9', own='7821f664-db2a-4c39-8ca7-32a22fada451').bob
---------------------------- Captured stderr setup -----------------------------
2026-09-16 23:54:36.101 | INFO     | tldw_Server_API.app.core.DB_Management.backends.factory:create_backend:392 - Creating postgresql backend
2026-09-16 23:54:36.101 | INFO     | tldw_Server_API.app.core.config:_buffered_log:210 - Determined ACTUAL_PROJECT_ROOT for database paths: /Users/macbook-dev/Documents/GitHub/tldw_server2
2026-09-16 23:54:36.102 | INFO     | tldw_Server_API.app.core.config:_buffered_log:210 - Early loading environment variables from: /Users/macbook-dev/Documents/GitHub/tldw_server2/tldw_Server_API/Config_Files/.env
2026-09-16 23:54:36.107 | INFO     | tldw_Server_API.app.core.config:_buffered_log:210 - Early loading environment variables from: /Users/macbook-dev/Documents/GitHub/tldw_server2/tldw_Server_API/Config_Files/.ENV
2026-09-16 23:54:36.111 | DEBUG    | tldw_Server_API.app.core.config:_buffered_log:210 - load_and_log_configs(): Loading and logging configurations...
2026-09-16 23:54:36.112 | INFO     | tldw_Server_API.app.core.config:_buffered_log:210 - Loading environment variables from: /Users/macbook-dev/Documents/GitHub/tldw_server2/tldw_Server_API/Config_Files/.env
2026-09-16 23:54:36.116 | INFO     | tldw_Server_API.app.core.config:_buffered_log:210 - Loading environment variables from: /Users/macbook-dev/Documents/GitHub/tldw_server2/tldw_Server_API/Config_Files/.ENV
2026-09-16 23:54:36.121 | INFO     | tldw_Server_API.app.core.config:_buffered_log:210 - Attempting to load comprehensive config from: /Users/macbook-dev/Documents/GitHub/tldw_server2/tldw_Server_API/Config_Files/config.txt
2026-09-16 23:54:36.123 | INFO     | tldw_Server_API.app.core.config:_buffered_log:210 - load_comprehensive_config(): Sections found in config: ['Setup', 'UI', 'Server', 'Files', 'Image-Generation', 'ACP', 'WORKSPACES', 'ACP-WORKSPACE', 'ACP-SANDBOX', 'Audit', 'Processing', 'Media-Processing', 'Chat-Dictionaries', 'Chat-Module', 'Chat-Commands', 'Chat-Templating', 'Character-Chat', 'Settings', 'Auto-Save', 'Prompts', 'Database', 'Chunking', 'Visual-RAG', 'AuthNZ', 'Streaming', 'HTTP', 'Egress', 'Embeddings', 'Claims', 'ClaimsMonitoring', 'RAG', 'Search-Agent', 'ResourceGovernor', 'Jobs', 'SlidesStandaloneHtml', 'Diarization', 'API', 'MLX', 'Local-API', 'LlamaCpp', 'STT-Settings', 'external_providers', 'TTS-Settings', 'VibeVoice', 'Audio-Quota', 'API-Routes', 'Search-Engines', 'Web-Scraper', 'Logging', 'Moderation', 'Redis', 'Web-Scraping', 'personalization', 'persona', 'persona.rbac']
2026-09-16 23:54:36.125 | INFO     | tldw_Server_API.app.core.config:_buffered_log:210 - Ensured main SQLite database directory exists: /Users/macbook-dev/Documents/GitHub/tldw_server2/Databases
2026-09-16 23:54:36.126 | INFO     | tldw_Server_API.app.core.config:_buffered_log:210 - Ensured user data base directory exists: Databases/user_databases
2026-09-16 23:54:36.126 | WARNING  | tldw_Server_API.app.core.DB_Management.db_path_utils:resolve_user_db_base_dir:491 - USER_DB_BASE_DIR not configured in tests, using isolated fallback: /private/var/folders/sn/m80n2j152t9gw3w8qwk2nykh0000gn/T/tldw_user_databases_test/default-cd1a9f21
2026-09-16 23:54:36.126 | INFO     | tldw_Server_API.app.core.DB_Management.ChaChaNotes_DB:__init__:7657 - Initializing CharactersRAGDB for path: /private/var/folders/sn/m80n2j152t9gw3w8qwk2nykh0000gn/T/pytest-of-macbook-dev/pytest-627/test_other_keyword_link_parent4/2/ChaChaNotes.db [Client ID: 2] (backend=postgresql)
2026-09-16 23:54:37.724 | DEBUG    | tldw_Server_API.app.core.DB_Management.ChaChaNotes_DB:__init__:7664 - CharactersRAGDB initialization completed successfully for /private/var/folders/sn/m80n2j152t9gw3w8qwk2nykh0000gn/T/pytest-of-macbook-dev/pytest-627/test_other_keyword_link_parent4/2/ChaChaNotes.db
2026-09-16 23:54:37.725 | WARNING  | tldw_Server_API.app.core.DB_Management.db_path_utils:resolve_user_db_base_dir:491 - USER_DB_BASE_DIR not configured in tests, using isolated fallback: /private/var/folders/sn/m80n2j152t9gw3w8qwk2nykh0000gn/T/tldw_user_databases_test/default-cd1a9f21
2026-09-16 23:54:37.725 | INFO     | tldw_Server_API.app.core.DB_Management.ChaChaNotes_DB:__init__:7657 - Initializing CharactersRAGDB for path: /private/var/folders/sn/m80n2j152t9gw3w8qwk2nykh0000gn/T/pytest-of-macbook-dev/pytest-627/test_other_keyword_link_parent4/3/ChaChaNotes.db [Client ID: 3] (backend=postgresql)
2026-09-16 23:54:37.879 | DEBUG    | tldw_Server_API.app.core.DB_Management.ChaChaNotes_DB:__init__:7664 - CharactersRAGDB initialization completed successfully for /private/var/folders/sn/m80n2j152t9gw3w8qwk2nykh0000gn/T/pytest-of-macbook-dev/pytest-627/test_other_keyword_link_parent4/3/ChaChaNotes.db
2026-09-16 23:54:37.881 | DEBUG    | tldw_Server_API.app.core.DB_Management.ChaChaNotes_DB:_get_connection_for_state:8036 - Acquired backend connection (postgresql) for thread 8346099072
2026-09-16 23:54:37.883 | INFO     | tldw_Server_API.app.core.DB_Management.chacha.note_store:_execute:124 - Added note 'Alice private Citrine' with ID: 557db24d-2cb9-4ce5-92a4-078bba39c6f4.
2026-09-16 23:54:37.884 | INFO     | tldw_Server_API.app.core.DB_Management.chacha.note_store:_execute:124 - Added note 'Alice deleted Citrine' with ID: 0a7dd87c-ed5f-4548-ac08-5dd10425b6d9.
2026-09-16 23:54:37.887 | INFO     | tldw_Server_API.app.core.DB_Management.chacha.note_store:soft_delete_note:2247 - Soft-deleted note ID 0a7dd87c-ed5f-4548-ac08-5dd10425b6d9 (was v1), new version 2.
2026-09-16 23:54:37.894 | DEBUG    | tldw_Server_API.app.core.DB_Management.ChaChaNotes_DB:_get_connection_for_state:8036 - Acquired backend connection (postgresql) for thread 8346099072
2026-09-16 23:54:37.897 | INFO     | tldw_Server_API.app.core.DB_Management.chacha.note_store:_execute:124 - Added note 'Bob private Indigo' with ID: 7821f664-db2a-4c39-8ca7-32a22fada451.
2026-09-16 23:54:37.897 | DEBUG    | tldw_Server_API.app.core.DB_Management.ChaChaNotes_DB:close_connection:8110 - Returned backend connection (postgresql) for thread 8346099072.
2026-09-16 23:54:37.898 | DEBUG    | tldw_Server_API.app.core.DB_Management.ChaChaNotes_DB:close_connection:8110 - Returned backend connection (postgresql) for thread 8346099072.
----------------------------- Captured stderr call -----------------------------
2026-09-16 23:54:37.899 | DEBUG    | tldw_Server_API.app.core.DB_Management.ChaChaNotes_DB:_get_connection_for_state:8036 - Acquired backend connection (postgresql) for thread 8346099072
2026-09-16 23:54:37.901 | INFO     | tldw_Server_API.app.core.DB_Management.ChaChaNotes_DB:_add_generic_item:32644 - Added chacha_keywords 'Keyword integer spacer' with ID: 1.
2026-09-16 23:54:37.902 | INFO     | tldw_Server_API.app.core.DB_Management.ChaChaNotes_DB:_add_generic_item:32644 - Added chacha_keywords 'Foreign link keyword' with ID: 2.
2026-09-16 23:54:37.904 | DEBUG    | tldw_Server_API.app.core.DB_Management.ChaChaNotes_DB:_get_connection_for_state:8036 - Acquired backend connection (postgresql) for thread 8346099072
2026-09-16 23:54:37.906 | INFO     | tldw_Server_API.app.core.DB_Management.ChaChaNotes_DB:_add_generic_item:32644 - Added chacha_keywords 'Owned link keyword' with ID: 3.
2026-09-16 23:54:37.907 | INFO     | tldw_Server_API.app.core.DB_Management.chacha.character_store:add_character_card:199 - Added character card 'Foreign source character' with ID: 2.
2026-09-16 23:54:37.908 | INFO     | tldw_Server_API.app.core.DB_Management.chacha.character_store:add_character_card:199 - Added character card 'Owned source character' with ID: 3.
2026-09-16 23:54:37.909 | INFO     | tldw_Server_API.app.core.DB_Management.chacha.conversation_store:add_conversation:483 - Added conversation ID: 758ad645-925b-4ec1-b68d-1dd68a1197bd.
2026-09-16 23:54:37.910 | INFO     | tldw_Server_API.app.core.DB_Management.chacha.conversation_store:add_conversation:483 - Added conversation ID: 85360fbd-26ef-4729-a4bc-1a0c7618d711.
2026-09-16 23:54:37.915 | DEBUG    | tldw_Server_API.app.core.DB_Management.ChaChaNotes_DB:_manage_link:34391 - Logged sync event for conversation_keywords: create on 758ad645-925b-4ec1-b68d-1dd68a1197bd_2
2026-09-16 23:54:37.916 | INFO     | tldw_Server_API.app.core.DB_Management.ChaChaNotes_DB:_manage_link:34393 - Linked conversation_keywords: conversation_id=758ad645-925b-4ec1-b68d-1dd68a1197bd, keyword_id=2. Rows affected: 1
2026-09-16 23:54:37.919 | DEBUG    | tldw_Server_API.app.core.DB_Management.ChaChaNotes_DB:_manage_link:34391 - Logged sync event for conversation_keywords: create on 85360fbd-26ef-4729-a4bc-1a0c7618d711_3
2026-09-16 23:54:37.919 | INFO     | tldw_Server_API.app.core.DB_Management.ChaChaNotes_DB:_manage_link:34393 - Linked conversation_keywords: conversation_id=85360fbd-26ef-4729-a4bc-1a0c7618d711, keyword_id=3. Rows affected: 1
2026-09-16 23:54:37.919 | DEBUG    | tldw_Server_API.app.core.DB_Management.ChaChaNotes_DB:execute_query:8286 - Executing SQL (script=False, backend=postgresql): SELECT COUNT(*) AS total FROM conversation_keywords... Params: None...
--------------------------- Captured stderr teardown ---------------------------
2026-09-16 23:54:37.924 | DEBUG    | tldw_Server_API.app.core.DB_Management.ChaChaNotes_DB:close_connection:8110 - Returned backend connection (postgresql) for thread 8346099072.
2026-09-16 23:54:37.924 | DEBUG    | tldw_Server_API.app.core.DB_Management.ChaChaNotes_DB:close_connection:8110 - Returned backend connection (postgresql) for thread 8346099072.
2026-09-16 23:54:37.944 | INFO     | tldw_Server_API.app.api.v1.API_Deps.ChaCha_Notes_DB_Deps:close_all_chacha_db_instances:876 - Closing all cached ChaChaNotesDB instances (0)...
2026-09-16 23:54:37.945 | INFO     | tldw_Server_API.app.api.v1.API_Deps.ChaCha_Notes_DB_Deps:close_all_chacha_db_instances:892 - All ChaChaNotesDB instances closed and cache cleared.
2026-09-16 23:54:37.945 | INFO     | tldw_Server_API.app.api.v1.API_Deps.ChaCha_Notes_DB_Deps:close_all_chacha_db_instances:876 - Closing all cached ChaChaNotesDB instances (0)...
2026-09-16 23:54:37.945 | INFO     | tldw_Server_API.app.api.v1.API_Deps.ChaCha_Notes_DB_Deps:close_all_chacha_db_instances:892 - All ChaChaNotesDB instances closed and cache cleared.
________ test_note_rejects_foreign_conversation_parent[postgres-update] ________
tldw_Server_API/tests/DB_Management/test_note_shared_owner_contract.py:435: in test_note_rejects_foreign_conversation_parent
    with pytest.raises((ConflictError, CharactersRAGDBError)):
E   Failed: DID NOT RAISE any of (<class 'tldw_Server_API.app.core.DB_Management.ChaChaNotes_DB.ConflictError'>, <class 'tldw_Server_API.app.core.DB_Management.ChaChaNotes_DB.CharactersRAGDBError'>)
---------------------------- Captured stderr setup -----------------------------
2026-09-16 23:54:39.838 | INFO     | tldw_Server_API.app.core.DB_Management.backends.factory:create_backend:392 - Creating postgresql backend
2026-09-16 23:54:39.838 | INFO     | tldw_Server_API.app.core.config:_buffered_log:210 - Determined ACTUAL_PROJECT_ROOT for database paths: /Users/macbook-dev/Documents/GitHub/tldw_server2
2026-09-16 23:54:39.839 | INFO     | tldw_Server_API.app.core.config:_buffered_log:210 - Early loading environment variables from: /Users/macbook-dev/Documents/GitHub/tldw_server2/tldw_Server_API/Config_Files/.env
2026-09-16 23:54:39.843 | INFO     | tldw_Server_API.app.core.config:_buffered_log:210 - Early loading environment variables from: /Users/macbook-dev/Documents/GitHub/tldw_server2/tldw_Server_API/Config_Files/.ENV
2026-09-16 23:54:39.848 | DEBUG    | tldw_Server_API.app.core.config:_buffered_log:210 - load_and_log_configs(): Loading and logging configurations...
2026-09-16 23:54:39.848 | INFO     | tldw_Server_API.app.core.config:_buffered_log:210 - Loading environment variables from: /Users/macbook-dev/Documents/GitHub/tldw_server2/tldw_Server_API/Config_Files/.env
2026-09-16 23:54:39.853 | INFO     | tldw_Server_API.app.core.config:_buffered_log:210 - Loading environment variables from: /Users/macbook-dev/Documents/GitHub/tldw_server2/tldw_Server_API/Config_Files/.ENV
2026-09-16 23:54:39.858 | INFO     | tldw_Server_API.app.core.config:_buffered_log:210 - Attempting to load comprehensive config from: /Users/macbook-dev/Documents/GitHub/tldw_server2/tldw_Server_API/Config_Files/config.txt
2026-09-16 23:54:39.860 | INFO     | tldw_Server_API.app.core.config:_buffered_log:210 - load_comprehensive_config(): Sections found in config: ['Setup', 'UI', 'Server', 'Files', 'Image-Generation', 'ACP', 'WORKSPACES', 'ACP-WORKSPACE', 'ACP-SANDBOX', 'Audit', 'Processing', 'Media-Processing', 'Chat-Dictionaries', 'Chat-Module', 'Chat-Commands', 'Chat-Templating', 'Character-Chat', 'Settings', 'Auto-Save', 'Prompts', 'Database', 'Chunking', 'Visual-RAG', 'AuthNZ', 'Streaming', 'HTTP', 'Egress', 'Embeddings', 'Claims', 'ClaimsMonitoring', 'RAG', 'Search-Agent', 'ResourceGovernor', 'Jobs', 'SlidesStandaloneHtml', 'Diarization', 'API', 'MLX', 'Local-API', 'LlamaCpp', 'STT-Settings', 'external_providers', 'TTS-Settings', 'VibeVoice', 'Audio-Quota', 'API-Routes', 'Search-Engines', 'Web-Scraper', 'Logging', 'Moderation', 'Redis', 'Web-Scraping', 'personalization', 'persona', 'persona.rbac']
2026-09-16 23:54:39.862 | INFO     | tldw_Server_API.app.core.config:_buffered_log:210 - Ensured main SQLite database directory exists: /Users/macbook-dev/Documents/GitHub/tldw_server2/Databases
2026-09-16 23:54:39.862 | INFO     | tldw_Server_API.app.core.config:_buffered_log:210 - Ensured user data base directory exists: Databases/user_databases
2026-09-16 23:54:39.863 | WARNING  | tldw_Server_API.app.core.DB_Management.db_path_utils:resolve_user_db_base_dir:491 - USER_DB_BASE_DIR not configured in tests, using isolated fallback: /private/var/folders/sn/m80n2j152t9gw3w8qwk2nykh0000gn/T/tldw_user_databases_test/default-cd1a9f21
2026-09-16 23:54:39.863 | INFO     | tldw_Server_API.app.core.DB_Management.ChaChaNotes_DB:__init__:7657 - Initializing CharactersRAGDB for path: /private/var/folders/sn/m80n2j152t9gw3w8qwk2nykh0000gn/T/pytest-of-macbook-dev/pytest-627/test_note_rejects_foreign_conv1/2/ChaChaNotes.db [Client ID: 2] (backend=postgresql)
2026-09-16 23:54:41.527 | DEBUG    | tldw_Server_API.app.core.DB_Management.ChaChaNotes_DB:__init__:7664 - CharactersRAGDB initialization completed successfully for /private/var/folders/sn/m80n2j152t9gw3w8qwk2nykh0000gn/T/pytest-of-macbook-dev/pytest-627/test_note_rejects_foreign_conv1/2/ChaChaNotes.db
2026-09-16 23:54:41.528 | WARNING  | tldw_Server_API.app.core.DB_Management.db_path_utils:resolve_user_db_base_dir:491 - USER_DB_BASE_DIR not configured in tests, using isolated fallback: /private/var/folders/sn/m80n2j152t9gw3w8qwk2nykh0000gn/T/tldw_user_databases_test/default-cd1a9f21
2026-09-16 23:54:41.528 | INFO     | tldw_Server_API.app.core.DB_Management.ChaChaNotes_DB:__init__:7657 - Initializing CharactersRAGDB for path: /private/var/folders/sn/m80n2j152t9gw3w8qwk2nykh0000gn/T/pytest-of-macbook-dev/pytest-627/test_note_rejects_foreign_conv1/3/ChaChaNotes.db [Client ID: 3] (backend=postgresql)
2026-09-16 23:54:41.713 | DEBUG    | tldw_Server_API.app.core.DB_Management.ChaChaNotes_DB:__init__:7664 - CharactersRAGDB initialization completed successfully for /private/var/folders/sn/m80n2j152t9gw3w8qwk2nykh0000gn/T/pytest-of-macbook-dev/pytest-627/test_note_rejects_foreign_conv1/3/ChaChaNotes.db
2026-09-16 23:54:41.715 | DEBUG    | tldw_Server_API.app.core.DB_Management.ChaChaNotes_DB:_get_connection_for_state:8036 - Acquired backend connection (postgresql) for thread 8346099072
2026-09-16 23:54:41.717 | INFO     | tldw_Server_API.app.core.DB_Management.chacha.note_store:_execute:124 - Added note 'Alice private Citrine' with ID: f3c1a884-470c-4a3b-8166-de703eb38cd8.
2026-09-16 23:54:41.719 | INFO     | tldw_Server_API.app.core.DB_Management.chacha.note_store:_execute:124 - Added note 'Alice deleted Citrine' with ID: da556bdc-c949-4724-8303-e752b83d9bb8.
2026-09-16 23:54:41.723 | INFO     | tldw_Server_API.app.core.DB_Management.chacha.note_store:soft_delete_note:2247 - Soft-deleted note ID da556bdc-c949-4724-8303-e752b83d9bb8 (was v1), new version 2.
2026-09-16 23:54:41.730 | DEBUG    | tldw_Server_API.app.core.DB_Management.ChaChaNotes_DB:_get_connection_for_state:8036 - Acquired backend connection (postgresql) for thread 8346099072
2026-09-16 23:54:41.733 | INFO     | tldw_Server_API.app.core.DB_Management.chacha.note_store:_execute:124 - Added note 'Bob private Indigo' with ID: 6e0bb158-3aa4-497b-93b7-aa4b722361cc.
2026-09-16 23:54:41.733 | DEBUG    | tldw_Server_API.app.core.DB_Management.ChaChaNotes_DB:close_connection:8110 - Returned backend connection (postgresql) for thread 8346099072.
2026-09-16 23:54:41.733 | DEBUG    | tldw_Server_API.app.core.DB_Management.ChaChaNotes_DB:close_connection:8110 - Returned backend connection (postgresql) for thread 8346099072.
----------------------------- Captured stderr call -----------------------------
2026-09-16 23:54:41.735 | DEBUG    | tldw_Server_API.app.core.DB_Management.ChaChaNotes_DB:_get_connection_for_state:8036 - Acquired backend connection (postgresql) for thread 8346099072
2026-09-16 23:54:41.736 | INFO     | tldw_Server_API.app.core.DB_Management.chacha.character_store:add_character_card:199 - Added character card 'Foreign parent character' with ID: 2.
2026-09-16 23:54:41.738 | INFO     | tldw_Server_API.app.core.DB_Management.chacha.conversation_store:add_conversation:483 - Added conversation ID: 6ed9d1e8-a72e-4980-bc64-952379953e33.
2026-09-16 23:54:41.741 | DEBUG    | tldw_Server_API.app.core.DB_Management.ChaChaNotes_DB:_get_connection_for_state:8036 - Acquired backend connection (postgresql) for thread 8346099072
2026-09-16 23:54:41.741 | DEBUG    | tldw_Server_API.app.core.DB_Management.ChaChaNotes_DB:execute_query:8286 - Executing SQL (script=False, backend=postgresql): SELECT * FROM notes WHERE id = ? AND client_id = ?... Params: ('6e0bb158-3aa4-497b-93b7-aa4b722361cc', '3')...
2026-09-16 23:54:41.744 | INFO     | tldw_Server_API.app.core.DB_Management.chacha.note_store:_execute:2165 - Updated note ID 6e0bb158-3aa4-497b-93b7-aa4b722361cc from version 1 to version 2.
--------------------------- Captured stderr teardown ---------------------------
2026-09-16 23:54:41.749 | DEBUG    | tldw_Server_API.app.core.DB_Management.ChaChaNotes_DB:close_connection:8110 - Returned backend connection (postgresql) for thread 8346099072.
2026-09-16 23:54:41.749 | DEBUG    | tldw_Server_API.app.core.DB_Management.ChaChaNotes_DB:close_connection:8110 - Returned backend connection (postgresql) for thread 8346099072.
2026-09-16 23:54:41.907 | INFO     | tldw_Server_API.app.api.v1.API_Deps.ChaCha_Notes_DB_Deps:close_all_chacha_db_instances:876 - Closing all cached ChaChaNotesDB instances (0)...
2026-09-16 23:54:41.907 | INFO     | tldw_Server_API.app.api.v1.API_Deps.ChaCha_Notes_DB_Deps:close_all_chacha_db_instances:892 - All ChaChaNotesDB instances closed and cache cleared.
2026-09-16 23:54:41.908 | INFO     | tldw_Server_API.app.api.v1.API_Deps.ChaCha_Notes_DB_Deps:close_all_chacha_db_instances:876 - Closing all cached ChaChaNotesDB instances (0)...
2026-09-16 23:54:41.908 | INFO     | tldw_Server_API.app.api.v1.API_Deps.ChaCha_Notes_DB_Deps:close_all_chacha_db_instances:892 - All ChaChaNotesDB instances closed and cache cleared.
________ test_note_rejects_foreign_conversation_parent[postgres-create] ________
tldw_Server_API/tests/DB_Management/test_note_shared_owner_contract.py:435: in test_note_rejects_foreign_conversation_parent
    with pytest.raises((ConflictError, CharactersRAGDBError)):
E   Failed: DID NOT RAISE any of (<class 'tldw_Server_API.app.core.DB_Management.ChaChaNotes_DB.ConflictError'>, <class 'tldw_Server_API.app.core.DB_Management.ChaChaNotes_DB.CharactersRAGDBError'>)
---------------------------- Captured stderr setup -----------------------------
2026-09-16 23:54:41.929 | INFO     | tldw_Server_API.app.core.DB_Management.backends.factory:create_backend:392 - Creating postgresql backend
2026-09-16 23:54:41.929 | INFO     | tldw_Server_API.app.core.config:_buffered_log:210 - Determined ACTUAL_PROJECT_ROOT for database paths: /Users/macbook-dev/Documents/GitHub/tldw_server2
2026-09-16 23:54:41.930 | INFO     | tldw_Server_API.app.core.config:_buffered_log:210 - Early loading environment variables from: /Users/macbook-dev/Documents/GitHub/tldw_server2/tldw_Server_API/Config_Files/.env
2026-09-16 23:54:41.936 | INFO     | tldw_Server_API.app.core.config:_buffered_log:210 - Early loading environment variables from: /Users/macbook-dev/Documents/GitHub/tldw_server2/tldw_Server_API/Config_Files/.ENV
2026-09-16 23:54:41.941 | DEBUG    | tldw_Server_API.app.core.config:_buffered_log:210 - load_and_log_configs(): Loading and logging configurations...
2026-09-16 23:54:41.942 | INFO     | tldw_Server_API.app.core.config:_buffered_log:210 - Loading environment variables from: /Users/macbook-dev/Documents/GitHub/tldw_server2/tldw_Server_API/Config_Files/.env
2026-09-16 23:54:41.947 | INFO     | tldw_Server_API.app.core.config:_buffered_log:210 - Loading environment variables from: /Users/macbook-dev/Documents/GitHub/tldw_server2/tldw_Server_API/Config_Files/.ENV
2026-09-16 23:54:41.952 | INFO     | tldw_Server_API.app.core.config:_buffered_log:210 - Attempting to load comprehensive config from: /Users/macbook-dev/Documents/GitHub/tldw_server2/tldw_Server_API/Config_Files/config.txt
2026-09-16 23:54:41.991 | INFO     | tldw_Server_API.app.core.config:_buffered_log:210 - load_comprehensive_config(): Sections found in config: ['Setup', 'UI', 'Server', 'Files', 'Image-Generation', 'ACP', 'WORKSPACES', 'ACP-WORKSPACE', 'ACP-SANDBOX', 'Audit', 'Processing', 'Media-Processing', 'Chat-Dictionaries', 'Chat-Module', 'Chat-Commands', 'Chat-Templating', 'Character-Chat', 'Settings', 'Auto-Save', 'Prompts', 'Database', 'Chunking', 'Visual-RAG', 'AuthNZ', 'Streaming', 'HTTP', 'Egress', 'Embeddings', 'Claims', 'ClaimsMonitoring', 'RAG', 'Search-Agent', 'ResourceGovernor', 'Jobs', 'SlidesStandaloneHtml', 'Diarization', 'API', 'MLX', 'Local-API', 'LlamaCpp', 'STT-Settings', 'external_providers', 'TTS-Settings', 'VibeVoice', 'Audio-Quota', 'API-Routes', 'Search-Engines', 'Web-Scraper', 'Logging', 'Moderation', 'Redis', 'Web-Scraping', 'personalization', 'persona', 'persona.rbac']
2026-09-16 23:54:41.993 | INFO     | tldw_Server_API.app.core.config:_buffered_log:210 - Ensured main SQLite database directory exists: /Users/macbook-dev/Documents/GitHub/tldw_server2/Databases
2026-09-16 23:54:41.993 | INFO     | tldw_Server_API.app.core.config:_buffered_log:210 - Ensured user data base directory exists: Databases/user_databases
2026-09-16 23:54:41.994 | WARNING  | tldw_Server_API.app.core.DB_Management.db_path_utils:resolve_user_db_base_dir:491 - USER_DB_BASE_DIR not configured in tests, using isolated fallback: /private/var/folders/sn/m80n2j152t9gw3w8qwk2nykh0000gn/T/tldw_user_databases_test/default-cd1a9f21
2026-09-16 23:54:41.994 | INFO     | tldw_Server_API.app.core.DB_Management.ChaChaNotes_DB:__init__:7657 - Initializing CharactersRAGDB for path: /private/var/folders/sn/m80n2j152t9gw3w8qwk2nykh0000gn/T/pytest-of-macbook-dev/pytest-627/test_note_rejects_foreign_conv2/2/ChaChaNotes.db [Client ID: 2] (backend=postgresql)
2026-09-16 23:54:43.632 | DEBUG    | tldw_Server_API.app.core.DB_Management.ChaChaNotes_DB:__init__:7664 - CharactersRAGDB initialization completed successfully for /private/var/folders/sn/m80n2j152t9gw3w8qwk2nykh0000gn/T/pytest-of-macbook-dev/pytest-627/test_note_rejects_foreign_conv2/2/ChaChaNotes.db
2026-09-16 23:54:43.632 | WARNING  | tldw_Server_API.app.core.DB_Management.db_path_utils:resolve_user_db_base_dir:491 - USER_DB_BASE_DIR not configured in tests, using isolated fallback: /private/var/folders/sn/m80n2j152t9gw3w8qwk2nykh0000gn/T/tldw_user_databases_test/default-cd1a9f21
2026-09-16 23:54:43.633 | INFO     | tldw_Server_API.app.core.DB_Management.ChaChaNotes_DB:__init__:7657 - Initializing CharactersRAGDB for path: /private/var/folders/sn/m80n2j152t9gw3w8qwk2nykh0000gn/T/pytest-of-macbook-dev/pytest-627/test_note_rejects_foreign_conv2/3/ChaChaNotes.db [Client ID: 3] (backend=postgresql)
2026-09-16 23:54:43.814 | DEBUG    | tldw_Server_API.app.core.DB_Management.ChaChaNotes_DB:__init__:7664 - CharactersRAGDB initialization completed successfully for /private/var/folders/sn/m80n2j152t9gw3w8qwk2nykh0000gn/T/pytest-of-macbook-dev/pytest-627/test_note_rejects_foreign_conv2/3/ChaChaNotes.db
2026-09-16 23:54:43.816 | DEBUG    | tldw_Server_API.app.core.DB_Management.ChaChaNotes_DB:_get_connection_for_state:8036 - Acquired backend connection (postgresql) for thread 8346099072
2026-09-16 23:54:43.818 | INFO     | tldw_Server_API.app.core.DB_Management.chacha.note_store:_execute:124 - Added note 'Alice private Citrine' with ID: 61701c1c-4b89-44b7-9919-a148df522c3c.
2026-09-16 23:54:43.820 | INFO     | tldw_Server_API.app.core.DB_Management.chacha.note_store:_execute:124 - Added note 'Alice deleted Citrine' with ID: 1c871d37-96f6-475e-b37c-27e71451ede8.
2026-09-16 23:54:43.823 | INFO     | tldw_Server_API.app.core.DB_Management.chacha.note_store:soft_delete_note:2247 - Soft-deleted note ID 1c871d37-96f6-475e-b37c-27e71451ede8 (was v1), new version 2.
2026-09-16 23:54:43.829 | DEBUG    | tldw_Server_API.app.core.DB_Management.ChaChaNotes_DB:_get_connection_for_state:8036 - Acquired backend connection (postgresql) for thread 8346099072
2026-09-16 23:54:43.833 | INFO     | tldw_Server_API.app.core.DB_Management.chacha.note_store:_execute:124 - Added note 'Bob private Indigo' with ID: d48017ce-cef3-4944-b0b2-cdbe2f30917d.
2026-09-16 23:54:43.833 | DEBUG    | tldw_Server_API.app.core.DB_Management.ChaChaNotes_DB:close_connection:8110 - Returned backend connection (postgresql) for thread 8346099072.
2026-09-16 23:54:43.833 | DEBUG    | tldw_Server_API.app.core.DB_Management.ChaChaNotes_DB:close_connection:8110 - Returned backend connection (postgresql) for thread 8346099072.
----------------------------- Captured stderr call -----------------------------
2026-09-16 23:54:43.835 | DEBUG    | tldw_Server_API.app.core.DB_Management.ChaChaNotes_DB:_get_connection_for_state:8036 - Acquired backend connection (postgresql) for thread 8346099072
2026-09-16 23:54:43.837 | INFO     | tldw_Server_API.app.core.DB_Management.chacha.character_store:add_character_card:199 - Added character card 'Foreign parent character' with ID: 2.
2026-09-16 23:54:43.839 | INFO     | tldw_Server_API.app.core.DB_Management.chacha.conversation_store:add_conversation:483 - Added conversation ID: 0715e07f-683d-4f33-821c-aa99014c8eb5.
2026-09-16 23:54:43.841 | DEBUG    | tldw_Server_API.app.core.DB_Management.ChaChaNotes_DB:_get_connection_for_state:8036 - Acquired backend connection (postgresql) for thread 8346099072
2026-09-16 23:54:43.843 | INFO     | tldw_Server_API.app.core.DB_Management.chacha.note_store:_execute:124 - Added note 'Wrong parent note' with ID: 14ef5de3-5465-4db4-95bb-32fdc1b16ff7.
--------------------------- Captured stderr teardown ---------------------------
2026-09-16 23:54:43.848 | DEBUG    | tldw_Server_API.app.core.DB_Management.ChaChaNotes_DB:close_connection:8110 - Returned backend connection (postgresql) for thread 8346099072.
2026-09-16 23:54:43.848 | DEBUG    | tldw_Server_API.app.core.DB_Management.ChaChaNotes_DB:close_connection:8110 - Returned backend connection (postgresql) for thread 8346099072.
2026-09-16 23:54:44.012 | INFO     | tldw_Server_API.app.api.v1.API_Deps.ChaCha_Notes_DB_Deps:close_all_chacha_db_instances:876 - Closing all cached ChaChaNotesDB instances (0)...
2026-09-16 23:54:44.012 | INFO     | tldw_Server_API.app.api.v1.API_Deps.ChaCha_Notes_DB_Deps:close_all_chacha_db_instances:892 - All ChaChaNotesDB instances closed and cache cleared.
2026-09-16 23:54:44.012 | INFO     | tldw_Server_API.app.api.v1.API_Deps.ChaCha_Notes_DB_Deps:close_all_chacha_db_instances:876 - Closing all cached ChaChaNotesDB instances (0)...
2026-09-16 23:54:44.012 | INFO     | tldw_Server_API.app.api.v1.API_Deps.ChaCha_Notes_DB_Deps:close_all_chacha_db_instances:892 - All ChaChaNotesDB instances closed and cache cleared.
__ test_folder_paths_and_source_keys_preserve_other_owner[postgres-same-path] __
tldw_Server_API/tests/DB_Management/test_note_shared_owner_contract.py:451: in test_folder_paths_and_source_keys_preserve_other_owner
    assert owner["client_id"] == "3"
E   AssertionError: assert '2' == '3'
E
E     - 3
E     + 2
---------------------------- Captured stderr setup -----------------------------
2026-09-16 23:54:44.034 | INFO     | tldw_Server_API.app.core.DB_Management.backends.factory:create_backend:392 - Creating postgresql backend
2026-09-16 23:54:44.035 | INFO     | tldw_Server_API.app.core.config:_buffered_log:210 - Determined ACTUAL_PROJECT_ROOT for database paths: /Users/macbook-dev/Documents/GitHub/tldw_server2
2026-09-16 23:54:44.035 | INFO     | tldw_Server_API.app.core.config:_buffered_log:210 - Early loading environment variables from: /Users/macbook-dev/Documents/GitHub/tldw_server2/tldw_Server_API/Config_Files/.env
2026-09-16 23:54:44.041 | INFO     | tldw_Server_API.app.core.config:_buffered_log:210 - Early loading environment variables from: /Users/macbook-dev/Documents/GitHub/tldw_server2/tldw_Server_API/Config_Files/.ENV
2026-09-16 23:54:44.046 | DEBUG    | tldw_Server_API.app.core.config:_buffered_log:210 - load_and_log_configs(): Loading and logging configurations...
2026-09-16 23:54:44.046 | INFO     | tldw_Server_API.app.core.config:_buffered_log:210 - Loading environment variables from: /Users/macbook-dev/Documents/GitHub/tldw_server2/tldw_Server_API/Config_Files/.env
2026-09-16 23:54:44.051 | INFO     | tldw_Server_API.app.core.config:_buffered_log:210 - Loading environment variables from: /Users/macbook-dev/Documents/GitHub/tldw_server2/tldw_Server_API/Config_Files/.ENV
2026-09-16 23:54:44.057 | INFO     | tldw_Server_API.app.core.config:_buffered_log:210 - Attempting to load comprehensive config from: /Users/macbook-dev/Documents/GitHub/tldw_server2/tldw_Server_API/Config_Files/config.txt
2026-09-16 23:54:44.059 | INFO     | tldw_Server_API.app.core.config:_buffered_log:210 - load_comprehensive_config(): Sections found in config: ['Setup', 'UI', 'Server', 'Files', 'Image-Generation', 'ACP', 'WORKSPACES', 'ACP-WORKSPACE', 'ACP-SANDBOX', 'Audit', 'Processing', 'Media-Processing', 'Chat-Dictionaries', 'Chat-Module', 'Chat-Commands', 'Chat-Templating', 'Character-Chat', 'Settings', 'Auto-Save', 'Prompts', 'Database', 'Chunking', 'Visual-RAG', 'AuthNZ', 'Streaming', 'HTTP', 'Egress', 'Embeddings', 'Claims', 'ClaimsMonitoring', 'RAG', 'Search-Agent', 'ResourceGovernor', 'Jobs', 'SlidesStandaloneHtml', 'Diarization', 'API', 'MLX', 'Local-API', 'LlamaCpp', 'STT-Settings', 'external_providers', 'TTS-Settings', 'VibeVoice', 'Audio-Quota', 'API-Routes', 'Search-Engines', 'Web-Scraper', 'Logging', 'Moderation', 'Redis', 'Web-Scraping', 'personalization', 'persona', 'persona.rbac']
2026-09-16 23:54:44.061 | INFO     | tldw_Server_API.app.core.config:_buffered_log:210 - Ensured main SQLite database directory exists: /Users/macbook-dev/Documents/GitHub/tldw_server2/Databases
2026-09-16 23:54:44.061 | INFO     | tldw_Server_API.app.core.config:_buffered_log:210 - Ensured user data base directory exists: Databases/user_databases
2026-09-16 23:54:44.062 | WARNING  | tldw_Server_API.app.core.DB_Management.db_path_utils:resolve_user_db_base_dir:491 - USER_DB_BASE_DIR not configured in tests, using isolated fallback: /private/var/folders/sn/m80n2j152t9gw3w8qwk2nykh0000gn/T/tldw_user_databases_test/default-cd1a9f21
2026-09-16 23:54:44.062 | INFO     | tldw_Server_API.app.core.DB_Management.ChaChaNotes_DB:__init__:7657 - Initializing CharactersRAGDB for path: /private/var/folders/sn/m80n2j152t9gw3w8qwk2nykh0000gn/T/pytest-of-macbook-dev/pytest-627/test_folder_paths_and_source_k0/2/ChaChaNotes.db [Client ID: 2] (backend=postgresql)
2026-09-16 23:54:45.959 | DEBUG    | tldw_Server_API.app.core.DB_Management.ChaChaNotes_DB:__init__:7664 - CharactersRAGDB initialization completed successfully for /private/var/folders/sn/m80n2j152t9gw3w8qwk2nykh0000gn/T/pytest-of-macbook-dev/pytest-627/test_folder_paths_and_source_k0/2/ChaChaNotes.db
2026-09-16 23:54:45.960 | WARNING  | tldw_Server_API.app.core.DB_Management.db_path_utils:resolve_user_db_base_dir:491 - USER_DB_BASE_DIR not configured in tests, using isolated fallback: /private/var/folders/sn/m80n2j152t9gw3w8qwk2nykh0000gn/T/tldw_user_databases_test/default-cd1a9f21
2026-09-16 23:54:45.960 | INFO     | tldw_Server_API.app.core.DB_Management.ChaChaNotes_DB:__init__:7657 - Initializing CharactersRAGDB for path: /private/var/folders/sn/m80n2j152t9gw3w8qwk2nykh0000gn/T/pytest-of-macbook-dev/pytest-627/test_folder_paths_and_source_k0/3/ChaChaNotes.db [Client ID: 3] (backend=postgresql)
2026-09-16 23:54:46.158 | DEBUG    | tldw_Server_API.app.core.DB_Management.ChaChaNotes_DB:__init__:7664 - CharactersRAGDB initialization completed successfully for /private/var/folders/sn/m80n2j152t9gw3w8qwk2nykh0000gn/T/pytest-of-macbook-dev/pytest-627/test_folder_paths_and_source_k0/3/ChaChaNotes.db
2026-09-16 23:54:46.159 | DEBUG    | tldw_Server_API.app.core.DB_Management.ChaChaNotes_DB:_get_connection_for_state:8036 - Acquired backend connection (postgresql) for thread 8346099072
2026-09-16 23:54:46.163 | INFO     | tldw_Server_API.app.core.DB_Management.chacha.note_store:_execute:124 - Added note 'Alice private Citrine' with ID: eea7aed1-b141-4fa2-bf92-489472149ba2.
2026-09-16 23:54:46.165 | INFO     | tldw_Server_API.app.core.DB_Management.chacha.note_store:_execute:124 - Added note 'Alice deleted Citrine' with ID: da43eac6-23c1-41a5-8de2-2b227919ed12.
2026-09-16 23:54:46.169 | INFO     | tldw_Server_API.app.core.DB_Management.chacha.note_store:soft_delete_note:2247 - Soft-deleted note ID da43eac6-23c1-41a5-8de2-2b227919ed12 (was v1), new version 2.
2026-09-16 23:54:46.176 | DEBUG    | tldw_Server_API.app.core.DB_Management.ChaChaNotes_DB:_get_connection_for_state:8036 - Acquired backend connection (postgresql) for thread 8346099072
2026-09-16 23:54:46.181 | INFO     | tldw_Server_API.app.core.DB_Management.chacha.note_store:_execute:124 - Added note 'Bob private Indigo' with ID: 30eed98e-7b3d-4aa1-94cf-4fd19f20ac52.
2026-09-16 23:54:46.182 | DEBUG    | tldw_Server_API.app.core.DB_Management.ChaChaNotes_DB:close_connection:8110 - Returned backend connection (postgresql) for thread 8346099072.
2026-09-16 23:54:46.182 | DEBUG    | tldw_Server_API.app.core.DB_Management.ChaChaNotes_DB:close_connection:8110 - Returned backend connection (postgresql) for thread 8346099072.
----------------------------- Captured stderr call -----------------------------
2026-09-16 23:54:46.184 | DEBUG    | tldw_Server_API.app.core.DB_Management.ChaChaNotes_DB:_get_connection_for_state:8036 - Acquired backend connection (postgresql) for thread 8346099072
2026-09-16 23:54:46.191 | DEBUG    | tldw_Server_API.app.core.DB_Management.ChaChaNotes_DB:_get_connection_for_state:8036 - Acquired backend connection (postgresql) for thread 8346099072
--------------------------- Captured stderr teardown ---------------------------
2026-09-16 23:54:46.199 | DEBUG    | tldw_Server_API.app.core.DB_Management.ChaChaNotes_DB:close_connection:8110 - Returned backend connection (postgresql) for thread 8346099072.
2026-09-16 23:54:46.199 | DEBUG    | tldw_Server_API.app.core.DB_Management.ChaChaNotes_DB:close_connection:8110 - Returned backend connection (postgresql) for thread 8346099072.
2026-09-16 23:54:46.223 | INFO     | tldw_Server_API.app.api.v1.API_Deps.ChaCha_Notes_DB_Deps:close_all_chacha_db_instances:876 - Closing all cached ChaChaNotesDB instances (0)...
2026-09-16 23:54:46.223 | INFO     | tldw_Server_API.app.api.v1.API_Deps.ChaCha_Notes_DB_Deps:close_all_chacha_db_instances:892 - All ChaChaNotesDB instances closed and cache cleared.
2026-09-16 23:54:46.224 | INFO     | tldw_Server_API.app.api.v1.API_Deps.ChaCha_Notes_DB_Deps:close_all_chacha_db_instances:876 - Closing all cached ChaChaNotesDB instances (0)...
2026-09-16 23:54:46.224 | INFO     | tldw_Server_API.app.api.v1.API_Deps.ChaCha_Notes_DB_Deps:close_all_chacha_db_instances:892 - All ChaChaNotesDB instances closed and cache cleared.
___ test_other_keyword_link_parent_scope[postgres-reverse-read-conversation] ___
tldw_Server_API/tests/DB_Management/test_note_shared_owner_contract.py:425: in test_other_keyword_link_parent_scope
    assert getattr(f.bob, f"get_{kind}s_for_keyword")(foreign_kw) == []
E   AssertionError: assert [{'assistant_...d': '2', ...}] == []
E
E     Left contains one more item: {'assistant_id': '2', 'assistant_kind': 'character', 'character_id': 2, 'client_id': '2', ...}
E     Use -v to get more diff
---------------------------- Captured stderr setup -----------------------------
2026-09-16 23:54:48.229 | INFO     | tldw_Server_API.app.core.DB_Management.backends.factory:create_backend:392 - Creating postgresql backend
2026-09-16 23:54:48.230 | INFO     | tldw_Server_API.app.core.config:_buffered_log:210 - Determined ACTUAL_PROJECT_ROOT for database paths: /Users/macbook-dev/Documents/GitHub/tldw_server2
2026-09-16 23:54:48.230 | INFO     | tldw_Server_API.app.core.config:_buffered_log:210 - Early loading environment variables from: /Users/macbook-dev/Documents/GitHub/tldw_server2/tldw_Server_API/Config_Files/.env
2026-09-16 23:54:48.234 | INFO     | tldw_Server_API.app.core.config:_buffered_log:210 - Early loading environment variables from: /Users/macbook-dev/Documents/GitHub/tldw_server2/tldw_Server_API/Config_Files/.ENV
2026-09-16 23:54:48.239 | DEBUG    | tldw_Server_API.app.core.config:_buffered_log:210 - load_and_log_configs(): Loading and logging configurations...
2026-09-16 23:54:48.239 | INFO     | tldw_Server_API.app.core.config:_buffered_log:210 - Loading environment variables from: /Users/macbook-dev/Documents/GitHub/tldw_server2/tldw_Server_API/Config_Files/.env
2026-09-16 23:54:48.244 | INFO     | tldw_Server_API.app.core.config:_buffered_log:210 - Loading environment variables from: /Users/macbook-dev/Documents/GitHub/tldw_server2/tldw_Server_API/Config_Files/.ENV
2026-09-16 23:54:48.249 | INFO     | tldw_Server_API.app.core.config:_buffered_log:210 - Attempting to load comprehensive config from: /Users/macbook-dev/Documents/GitHub/tldw_server2/tldw_Server_API/Config_Files/config.txt
2026-09-16 23:54:48.252 | INFO     | tldw_Server_API.app.core.config:_buffered_log:210 - load_comprehensive_config(): Sections found in config: ['Setup', 'UI', 'Server', 'Files', 'Image-Generation', 'ACP', 'WORKSPACES', 'ACP-WORKSPACE', 'ACP-SANDBOX', 'Audit', 'Processing', 'Media-Processing', 'Chat-Dictionaries', 'Chat-Module', 'Chat-Commands', 'Chat-Templating', 'Character-Chat', 'Settings', 'Auto-Save', 'Prompts', 'Database', 'Chunking', 'Visual-RAG', 'AuthNZ', 'Streaming', 'HTTP', 'Egress', 'Embeddings', 'Claims', 'ClaimsMonitoring', 'RAG', 'Search-Agent', 'ResourceGovernor', 'Jobs', 'SlidesStandaloneHtml', 'Diarization', 'API', 'MLX', 'Local-API', 'LlamaCpp', 'STT-Settings', 'external_providers', 'TTS-Settings', 'VibeVoice', 'Audio-Quota', 'API-Routes', 'Search-Engines', 'Web-Scraper', 'Logging', 'Moderation', 'Redis', 'Web-Scraping', 'personalization', 'persona', 'persona.rbac']
2026-09-16 23:54:48.254 | INFO     | tldw_Server_API.app.core.config:_buffered_log:210 - Ensured main SQLite database directory exists: /Users/macbook-dev/Documents/GitHub/tldw_server2/Databases
2026-09-16 23:54:48.254 | INFO     | tldw_Server_API.app.core.config:_buffered_log:210 - Ensured user data base directory exists: Databases/user_databases
2026-09-16 23:54:48.255 | WARNING  | tldw_Server_API.app.core.DB_Management.db_path_utils:resolve_user_db_base_dir:491 - USER_DB_BASE_DIR not configured in tests, using isolated fallback: /private/var/folders/sn/m80n2j152t9gw3w8qwk2nykh0000gn/T/tldw_user_databases_test/default-cd1a9f21
2026-09-16 23:54:48.256 | INFO     | tldw_Server_API.app.core.DB_Management.ChaChaNotes_DB:__init__:7657 - Initializing CharactersRAGDB for path: /private/var/folders/sn/m80n2j152t9gw3w8qwk2nykh0000gn/T/pytest-of-macbook-dev/pytest-627/test_other_keyword_link_parent6/2/ChaChaNotes.db [Client ID: 2] (backend=postgresql)
2026-09-16 23:54:49.736 | DEBUG    | tldw_Server_API.app.core.DB_Management.ChaChaNotes_DB:__init__:7664 - CharactersRAGDB initialization completed successfully for /private/var/folders/sn/m80n2j152t9gw3w8qwk2nykh0000gn/T/pytest-of-macbook-dev/pytest-627/test_other_keyword_link_parent6/2/ChaChaNotes.db
2026-09-16 23:54:49.737 | WARNING  | tldw_Server_API.app.core.DB_Management.db_path_utils:resolve_user_db_base_dir:491 - USER_DB_BASE_DIR not configured in tests, using isolated fallback: /private/var/folders/sn/m80n2j152t9gw3w8qwk2nykh0000gn/T/tldw_user_databases_test/default-cd1a9f21
2026-09-16 23:54:49.737 | INFO     | tldw_Server_API.app.core.DB_Management.ChaChaNotes_DB:__init__:7657 - Initializing CharactersRAGDB for path: /private/var/folders/sn/m80n2j152t9gw3w8qwk2nykh0000gn/T/pytest-of-macbook-dev/pytest-627/test_other_keyword_link_parent6/3/ChaChaNotes.db [Client ID: 3] (backend=postgresql)
2026-09-16 23:54:49.895 | DEBUG    | tldw_Server_API.app.core.DB_Management.ChaChaNotes_DB:__init__:7664 - CharactersRAGDB initialization completed successfully for /private/var/folders/sn/m80n2j152t9gw3w8qwk2nykh0000gn/T/pytest-of-macbook-dev/pytest-627/test_other_keyword_link_parent6/3/ChaChaNotes.db
2026-09-16 23:54:49.896 | DEBUG    | tldw_Server_API.app.core.DB_Management.ChaChaNotes_DB:_get_connection_for_state:8036 - Acquired backend connection (postgresql) for thread 8346099072
2026-09-16 23:54:49.899 | INFO     | tldw_Server_API.app.core.DB_Management.chacha.note_store:_execute:124 - Added note 'Alice private Citrine' with ID: 66614ab2-eb3a-4ed4-a5d0-7e1b36ba7ed7.
2026-09-16 23:54:49.900 | INFO     | tldw_Server_API.app.core.DB_Management.chacha.note_store:_execute:124 - Added note 'Alice deleted Citrine' with ID: b0958d29-56a6-4302-92ba-307b779d5e80.
2026-09-16 23:54:49.903 | INFO     | tldw_Server_API.app.core.DB_Management.chacha.note_store:soft_delete_note:2247 - Soft-deleted note ID b0958d29-56a6-4302-92ba-307b779d5e80 (was v1), new version 2.
2026-09-16 23:54:49.910 | DEBUG    | tldw_Server_API.app.core.DB_Management.ChaChaNotes_DB:_get_connection_for_state:8036 - Acquired backend connection (postgresql) for thread 8346099072
2026-09-16 23:54:49.913 | INFO     | tldw_Server_API.app.core.DB_Management.chacha.note_store:_execute:124 - Added note 'Bob private Indigo' with ID: 67a696bd-0d19-4aca-9eed-3e868c7d63a7.
2026-09-16 23:54:49.913 | DEBUG    | tldw_Server_API.app.core.DB_Management.ChaChaNotes_DB:close_connection:8110 - Returned backend connection (postgresql) for thread 8346099072.
2026-09-16 23:54:49.913 | DEBUG    | tldw_Server_API.app.core.DB_Management.ChaChaNotes_DB:close_connection:8110 - Returned backend connection (postgresql) for thread 8346099072.
----------------------------- Captured stderr call -----------------------------
2026-09-16 23:54:49.915 | DEBUG    | tldw_Server_API.app.core.DB_Management.ChaChaNotes_DB:_get_connection_for_state:8036 - Acquired backend connection (postgresql) for thread 8346099072
2026-09-16 23:54:49.917 | INFO     | tldw_Server_API.app.core.DB_Management.ChaChaNotes_DB:_add_generic_item:32644 - Added chacha_keywords 'Keyword integer spacer' with ID: 1.
2026-09-16 23:54:49.918 | INFO     | tldw_Server_API.app.core.DB_Management.ChaChaNotes_DB:_add_generic_item:32644 - Added chacha_keywords 'Foreign link keyword' with ID: 2.
2026-09-16 23:54:49.920 | DEBUG    | tldw_Server_API.app.core.DB_Management.ChaChaNotes_DB:_get_connection_for_state:8036 - Acquired backend connection (postgresql) for thread 8346099072
2026-09-16 23:54:49.922 | INFO     | tldw_Server_API.app.core.DB_Management.ChaChaNotes_DB:_add_generic_item:32644 - Added chacha_keywords 'Owned link keyword' with ID: 3.
2026-09-16 23:54:49.923 | INFO     | tldw_Server_API.app.core.DB_Management.chacha.character_store:add_character_card:199 - Added character card 'Foreign source character' with ID: 2.
2026-09-16 23:54:49.924 | INFO     | tldw_Server_API.app.core.DB_Management.chacha.character_store:add_character_card:199 - Added character card 'Owned source character' with ID: 3.
2026-09-16 23:54:49.926 | INFO     | tldw_Server_API.app.core.DB_Management.chacha.conversation_store:add_conversation:483 - Added conversation ID: 6fd31324-ecd3-49f1-a8a5-d9af70c8e7a0.
2026-09-16 23:54:49.927 | INFO     | tldw_Server_API.app.core.DB_Management.chacha.conversation_store:add_conversation:483 - Added conversation ID: 49029a67-135b-43f3-ba4d-315f4ce8d18b.
2026-09-16 23:54:49.932 | DEBUG    | tldw_Server_API.app.core.DB_Management.ChaChaNotes_DB:_manage_link:34391 - Logged sync event for conversation_keywords: create on 6fd31324-ecd3-49f1-a8a5-d9af70c8e7a0_2
2026-09-16 23:54:49.932 | INFO     | tldw_Server_API.app.core.DB_Management.ChaChaNotes_DB:_manage_link:34393 - Linked conversation_keywords: conversation_id=6fd31324-ecd3-49f1-a8a5-d9af70c8e7a0, keyword_id=2. Rows affected: 1
2026-09-16 23:54:49.936 | DEBUG    | tldw_Server_API.app.core.DB_Management.ChaChaNotes_DB:_manage_link:34391 - Logged sync event for conversation_keywords: create on 49029a67-135b-43f3-ba4d-315f4ce8d18b_3
2026-09-16 23:54:49.936 | INFO     | tldw_Server_API.app.core.DB_Management.ChaChaNotes_DB:_manage_link:34393 - Linked conversation_keywords: conversation_id=49029a67-135b-43f3-ba4d-315f4ce8d18b, keyword_id=3. Rows affected: 1
2026-09-16 23:54:49.937 | DEBUG    | tldw_Server_API.app.core.DB_Management.ChaChaNotes_DB:execute_query:8286 - Executing SQL (script=False, backend=postgresql):
                SELECT c.*                 FROM conversations c                          JOIN conversation_keywords ck ON c.id = ck.conversation_id
                WHERE ck.keyword_id = ?                   AND c.deleted = FALSE
                ORDER BY c.last_modified DESC LIMIT ?                 O... Params: (2, 50, 0)...
--------------------------- Captured stderr teardown ---------------------------
2026-09-16 23:54:49.942 | DEBUG    | tldw_Server_API.app.core.DB_Management.ChaChaNotes_DB:close_connection:8110 - Returned backend connection (postgresql) for thread 8346099072.
2026-09-16 23:54:49.942 | DEBUG    | tldw_Server_API.app.core.DB_Management.ChaChaNotes_DB:close_connection:8110 - Returned backend connection (postgresql) for thread 8346099072.
2026-09-16 23:54:49.960 | INFO     | tldw_Server_API.app.api.v1.API_Deps.ChaCha_Notes_DB_Deps:close_all_chacha_db_instances:876 - Closing all cached ChaChaNotesDB instances (0)...
2026-09-16 23:54:49.960 | INFO     | tldw_Server_API.app.api.v1.API_Deps.ChaCha_Notes_DB_Deps:close_all_chacha_db_instances:892 - All ChaChaNotesDB instances closed and cache cleared.
2026-09-16 23:54:49.960 | INFO     | tldw_Server_API.app.api.v1.API_Deps.ChaCha_Notes_DB_Deps:close_all_chacha_db_instances:876 - Closing all cached ChaChaNotesDB instances (0)...
2026-09-16 23:54:49.960 | INFO     | tldw_Server_API.app.api.v1.API_Deps.ChaCha_Notes_DB_Deps:close_all_chacha_db_instances:892 - All ChaChaNotesDB instances closed and cache cleared.
___ test_other_keyword_link_parent_scope[postgres-foreign-read-conversation] ___
tldw_Server_API/tests/DB_Management/test_note_shared_owner_contract.py:423: in test_other_keyword_link_parent_scope
    assert getattr(f.bob, f"get_keywords_for_{kind}")(foreign) == []
E   AssertionError: assert [{'client_id'...'id': 2, ...}] == []
E
E     Left contains one more item: {'client_id': '2', 'created_at': datetime.datetime(2026, 9, 17, 6, 54, 51, 943000, tzinfo=zoneinfo.ZoneInfo(key='Etc/UTC')), 'deleted': False, 'id': 2, ...}
E     Use -v to get more diff
---------------------------- Captured stderr setup -----------------------------
2026-09-16 23:54:49.980 | INFO     | tldw_Server_API.app.core.DB_Management.backends.factory:create_backend:392 - Creating postgresql backend
2026-09-16 23:54:49.981 | INFO     | tldw_Server_API.app.core.config:_buffered_log:210 - Determined ACTUAL_PROJECT_ROOT for database paths: /Users/macbook-dev/Documents/GitHub/tldw_server2
2026-09-16 23:54:49.981 | INFO     | tldw_Server_API.app.core.config:_buffered_log:210 - Early loading environment variables from: /Users/macbook-dev/Documents/GitHub/tldw_server2/tldw_Server_API/Config_Files/.env
2026-09-16 23:54:49.985 | INFO     | tldw_Server_API.app.core.config:_buffered_log:210 - Early loading environment variables from: /Users/macbook-dev/Documents/GitHub/tldw_server2/tldw_Server_API/Config_Files/.ENV
2026-09-16 23:54:49.990 | DEBUG    | tldw_Server_API.app.core.config:_buffered_log:210 - load_and_log_configs(): Loading and logging configurations...
2026-09-16 23:54:49.990 | INFO     | tldw_Server_API.app.core.config:_buffered_log:210 - Loading environment variables from: /Users/macbook-dev/Documents/GitHub/tldw_server2/tldw_Server_API/Config_Files/.env
2026-09-16 23:54:49.995 | INFO     | tldw_Server_API.app.core.config:_buffered_log:210 - Loading environment variables from: /Users/macbook-dev/Documents/GitHub/tldw_server2/tldw_Server_API/Config_Files/.ENV
2026-09-16 23:54:49.999 | INFO     | tldw_Server_API.app.core.config:_buffered_log:210 - Attempting to load comprehensive config from: /Users/macbook-dev/Documents/GitHub/tldw_server2/tldw_Server_API/Config_Files/config.txt
2026-09-16 23:54:50.001 | INFO     | tldw_Server_API.app.core.config:_buffered_log:210 - load_comprehensive_config(): Sections found in config: ['Setup', 'UI', 'Server', 'Files', 'Image-Generation', 'ACP', 'WORKSPACES', 'ACP-WORKSPACE', 'ACP-SANDBOX', 'Audit', 'Processing', 'Media-Processing', 'Chat-Dictionaries', 'Chat-Module', 'Chat-Commands', 'Chat-Templating', 'Character-Chat', 'Settings', 'Auto-Save', 'Prompts', 'Database', 'Chunking', 'Visual-RAG', 'AuthNZ', 'Streaming', 'HTTP', 'Egress', 'Embeddings', 'Claims', 'ClaimsMonitoring', 'RAG', 'Search-Agent', 'ResourceGovernor', 'Jobs', 'SlidesStandaloneHtml', 'Diarization', 'API', 'MLX', 'Local-API', 'LlamaCpp', 'STT-Settings', 'external_providers', 'TTS-Settings', 'VibeVoice', 'Audio-Quota', 'API-Routes', 'Search-Engines', 'Web-Scraper', 'Logging', 'Moderation', 'Redis', 'Web-Scraping', 'personalization', 'persona', 'persona.rbac']
2026-09-16 23:54:50.003 | INFO     | tldw_Server_API.app.core.config:_buffered_log:210 - Ensured main SQLite database directory exists: /Users/macbook-dev/Documents/GitHub/tldw_server2/Databases
2026-09-16 23:54:50.003 | INFO     | tldw_Server_API.app.core.config:_buffered_log:210 - Ensured user data base directory exists: Databases/user_databases
2026-09-16 23:54:50.003 | WARNING  | tldw_Server_API.app.core.DB_Management.db_path_utils:resolve_user_db_base_dir:491 - USER_DB_BASE_DIR not configured in tests, using isolated fallback: /private/var/folders/sn/m80n2j152t9gw3w8qwk2nykh0000gn/T/tldw_user_databases_test/default-cd1a9f21
2026-09-16 23:54:50.004 | INFO     | tldw_Server_API.app.core.DB_Management.ChaChaNotes_DB:__init__:7657 - Initializing CharactersRAGDB for path: /private/var/folders/sn/m80n2j152t9gw3w8qwk2nykh0000gn/T/pytest-of-macbook-dev/pytest-627/test_other_keyword_link_parent7/2/ChaChaNotes.db [Client ID: 2] (backend=postgresql)
2026-09-16 23:54:51.694 | DEBUG    | tldw_Server_API.app.core.DB_Management.ChaChaNotes_DB:__init__:7664 - CharactersRAGDB initialization completed successfully for /private/var/folders/sn/m80n2j152t9gw3w8qwk2nykh0000gn/T/pytest-of-macbook-dev/pytest-627/test_other_keyword_link_parent7/2/ChaChaNotes.db
2026-09-16 23:54:51.695 | WARNING  | tldw_Server_API.app.core.DB_Management.db_path_utils:resolve_user_db_base_dir:491 - USER_DB_BASE_DIR not configured in tests, using isolated fallback: /private/var/folders/sn/m80n2j152t9gw3w8qwk2nykh0000gn/T/tldw_user_databases_test/default-cd1a9f21
2026-09-16 23:54:51.695 | INFO     | tldw_Server_API.app.core.DB_Management.ChaChaNotes_DB:__init__:7657 - Initializing CharactersRAGDB for path: /private/var/folders/sn/m80n2j152t9gw3w8qwk2nykh0000gn/T/pytest-of-macbook-dev/pytest-627/test_other_keyword_link_parent7/3/ChaChaNotes.db [Client ID: 3] (backend=postgresql)
2026-09-16 23:54:51.911 | DEBUG    | tldw_Server_API.app.core.DB_Management.ChaChaNotes_DB:__init__:7664 - CharactersRAGDB initialization completed successfully for /private/var/folders/sn/m80n2j152t9gw3w8qwk2nykh0000gn/T/pytest-of-macbook-dev/pytest-627/test_other_keyword_link_parent7/3/ChaChaNotes.db
2026-09-16 23:54:51.914 | DEBUG    | tldw_Server_API.app.core.DB_Management.ChaChaNotes_DB:_get_connection_for_state:8036 - Acquired backend connection (postgresql) for thread 8346099072
2026-09-16 23:54:51.917 | INFO     | tldw_Server_API.app.core.DB_Management.chacha.note_store:_execute:124 - Added note 'Alice private Citrine' with ID: 461c01fb-2a32-4e7b-a526-87736c66665d.
2026-09-16 23:54:51.919 | INFO     | tldw_Server_API.app.core.DB_Management.chacha.note_store:_execute:124 - Added note 'Alice deleted Citrine' with ID: 99793f1d-888b-489f-9ec4-9559388e4209.
2026-09-16 23:54:51.924 | INFO     | tldw_Server_API.app.core.DB_Management.chacha.note_store:soft_delete_note:2247 - Soft-deleted note ID 99793f1d-888b-489f-9ec4-9559388e4209 (was v1), new version 2.
2026-09-16 23:54:51.932 | DEBUG    | tldw_Server_API.app.core.DB_Management.ChaChaNotes_DB:_get_connection_for_state:8036 - Acquired backend connection (postgresql) for thread 8346099072
2026-09-16 23:54:51.936 | INFO     | tldw_Server_API.app.core.DB_Management.chacha.note_store:_execute:124 - Added note 'Bob private Indigo' with ID: b191a30b-18ee-46be-b15a-ad2274d0613e.
2026-09-16 23:54:51.937 | DEBUG    | tldw_Server_API.app.core.DB_Management.ChaChaNotes_DB:close_connection:8110 - Returned backend connection (postgresql) for thread 8346099072.
2026-09-16 23:54:51.937 | DEBUG    | tldw_Server_API.app.core.DB_Management.ChaChaNotes_DB:close_connection:8110 - Returned backend connection (postgresql) for thread 8346099072.
----------------------------- Captured stderr call -----------------------------
2026-09-16 23:54:51.940 | DEBUG    | tldw_Server_API.app.core.DB_Management.ChaChaNotes_DB:_get_connection_for_state:8036 - Acquired backend connection (postgresql) for thread 8346099072
2026-09-16 23:54:51.942 | INFO     | tldw_Server_API.app.core.DB_Management.ChaChaNotes_DB:_add_generic_item:32644 - Added chacha_keywords 'Keyword integer spacer' with ID: 1.
2026-09-16 23:54:51.945 | INFO     | tldw_Server_API.app.core.DB_Management.ChaChaNotes_DB:_add_generic_item:32644 - Added chacha_keywords 'Foreign link keyword' with ID: 2.
2026-09-16 23:54:51.949 | DEBUG    | tldw_Server_API.app.core.DB_Management.ChaChaNotes_DB:_get_connection_for_state:8036 - Acquired backend connection (postgresql) for thread 8346099072
2026-09-16 23:54:51.951 | INFO     | tldw_Server_API.app.core.DB_Management.ChaChaNotes_DB:_add_generic_item:32644 - Added chacha_keywords 'Owned link keyword' with ID: 3.
2026-09-16 23:54:51.953 | INFO     | tldw_Server_API.app.core.DB_Management.chacha.character_store:add_character_card:199 - Added character card 'Foreign source character' with ID: 2.
2026-09-16 23:54:51.955 | INFO     | tldw_Server_API.app.core.DB_Management.chacha.character_store:add_character_card:199 - Added character card 'Owned source character' with ID: 3.
2026-09-16 23:54:51.958 | INFO     | tldw_Server_API.app.core.DB_Management.chacha.conversation_store:add_conversation:483 - Added conversation ID: 4cb44bd9-8658-4ed8-8f7b-6e881a808093.
2026-09-16 23:54:51.959 | INFO     | tldw_Server_API.app.core.DB_Management.chacha.conversation_store:add_conversation:483 - Added conversation ID: d67c5239-7e54-43b9-aba9-c765ac47c8f4.
2026-09-16 23:54:51.966 | DEBUG    | tldw_Server_API.app.core.DB_Management.ChaChaNotes_DB:_manage_link:34391 - Logged sync event for conversation_keywords: create on 4cb44bd9-8658-4ed8-8f7b-6e881a808093_2
2026-09-16 23:54:51.967 | INFO     | tldw_Server_API.app.core.DB_Management.ChaChaNotes_DB:_manage_link:34393 - Linked conversation_keywords: conversation_id=4cb44bd9-8658-4ed8-8f7b-6e881a808093, keyword_id=2. Rows affected: 1
2026-09-16 23:54:51.971 | DEBUG    | tldw_Server_API.app.core.DB_Management.ChaChaNotes_DB:_manage_link:34391 - Logged sync event for conversation_keywords: create on d67c5239-7e54-43b9-aba9-c765ac47c8f4_3
2026-09-16 23:54:51.972 | INFO     | tldw_Server_API.app.core.DB_Management.ChaChaNotes_DB:_manage_link:34393 - Linked conversation_keywords: conversation_id=d67c5239-7e54-43b9-aba9-c765ac47c8f4, keyword_id=3. Rows affected: 1
2026-09-16 23:54:51.972 | DEBUG    | tldw_Server_API.app.core.DB_Management.ChaChaNotes_DB:execute_query:8286 - Executing SQL (script=False, backend=postgresql):
                SELECT k.*                 FROM chacha_keywords k                          JOIN conversation_keywords ck ON k.id = ck.keyword_id
                WHERE ck.conversation_id = ?                   AND k.deleted = FALSE                 ORDER BY LOWER(k.keyword)
                ... Params: ('4cb44bd9-8658-4ed8-8f7b-6e881a808093',)...
--------------------------- Captured stderr teardown ---------------------------
2026-09-16 23:54:51.977 | DEBUG    | tldw_Server_API.app.core.DB_Management.ChaChaNotes_DB:close_connection:8110 - Returned backend connection (postgresql) for thread 8346099072.
2026-09-16 23:54:51.978 | DEBUG    | tldw_Server_API.app.core.DB_Management.ChaChaNotes_DB:close_connection:8110 - Returned backend connection (postgresql) for thread 8346099072.
2026-09-16 23:54:51.995 | INFO     | tldw_Server_API.app.api.v1.API_Deps.ChaCha_Notes_DB_Deps:close_all_chacha_db_instances:876 - Closing all cached ChaChaNotesDB instances (0)...
2026-09-16 23:54:51.995 | INFO     | tldw_Server_API.app.api.v1.API_Deps.ChaCha_Notes_DB_Deps:close_all_chacha_db_instances:892 - All ChaChaNotesDB instances closed and cache cleared.
2026-09-16 23:54:51.995 | INFO     | tldw_Server_API.app.api.v1.API_Deps.ChaCha_Notes_DB_Deps:close_all_chacha_db_instances:876 - Closing all cached ChaChaNotesDB instances (0)...
2026-09-16 23:54:51.995 | INFO     | tldw_Server_API.app.api.v1.API_Deps.ChaCha_Notes_DB_Deps:close_all_chacha_db_instances:892 - All ChaChaNotesDB instances closed and cache cleared.
_____ test_other_keyword_link_parent_scope[postgres-link-count-collection] _____
tldw_Server_API/tests/DB_Management/test_note_shared_owner_contract.py:427: in test_other_keyword_link_parent_scope
    assert getattr(f.bob, f"count_{kind}_keyword_links")() == 1
E   AssertionError: assert 2 == 1
E    +  where 2 = count_collection_keyword_links()
E    +    where count_collection_keyword_links = getattr(<tldw_Server_API.app.core.DB_Management.ChaChaNotes_DB.CharactersRAGDB object at 0x1103c9a50>, 'count_collection_keyword_links')
E    +      where <tldw_Server_API.app.core.DB_Management.ChaChaNotes_DB.CharactersRAGDB object at 0x1103c9a50> = namespace(alice=<tldw_Server_API.app.core.DB_Management.ChaChaNotes_DB.CharactersRAGDB object at 0x1103654d0>, bob=<tl...cb-4235-aa02-57fe6c3d250b', deleted='aa0786fc-200c-411b-86ec-32406c7ce1c9', own='945652e6-c632-4797-babb-ea21fc69eeac').bob
---------------------------- Captured stderr setup -----------------------------
2026-09-16 23:54:52.016 | INFO     | tldw_Server_API.app.core.DB_Management.backends.factory:create_backend:392 - Creating postgresql backend
2026-09-16 23:54:52.016 | INFO     | tldw_Server_API.app.core.config:_buffered_log:210 - Determined ACTUAL_PROJECT_ROOT for database paths: /Users/macbook-dev/Documents/GitHub/tldw_server2
2026-09-16 23:54:52.016 | INFO     | tldw_Server_API.app.core.config:_buffered_log:210 - Early loading environment variables from: /Users/macbook-dev/Documents/GitHub/tldw_server2/tldw_Server_API/Config_Files/.env
2026-09-16 23:54:52.022 | INFO     | tldw_Server_API.app.core.config:_buffered_log:210 - Early loading environment variables from: /Users/macbook-dev/Documents/GitHub/tldw_server2/tldw_Server_API/Config_Files/.ENV
2026-09-16 23:54:52.027 | DEBUG    | tldw_Server_API.app.core.config:_buffered_log:210 - load_and_log_configs(): Loading and logging configurations...
2026-09-16 23:54:52.028 | INFO     | tldw_Server_API.app.core.config:_buffered_log:210 - Loading environment variables from: /Users/macbook-dev/Documents/GitHub/tldw_server2/tldw_Server_API/Config_Files/.env
2026-09-16 23:54:52.032 | INFO     | tldw_Server_API.app.core.config:_buffered_log:210 - Loading environment variables from: /Users/macbook-dev/Documents/GitHub/tldw_server2/tldw_Server_API/Config_Files/.ENV
2026-09-16 23:54:52.037 | INFO     | tldw_Server_API.app.core.config:_buffered_log:210 - Attempting to load comprehensive config from: /Users/macbook-dev/Documents/GitHub/tldw_server2/tldw_Server_API/Config_Files/config.txt
2026-09-16 23:54:52.039 | INFO     | tldw_Server_API.app.core.config:_buffered_log:210 - load_comprehensive_config(): Sections found in config: ['Setup', 'UI', 'Server', 'Files', 'Image-Generation', 'ACP', 'WORKSPACES', 'ACP-WORKSPACE', 'ACP-SANDBOX', 'Audit', 'Processing', 'Media-Processing', 'Chat-Dictionaries', 'Chat-Module', 'Chat-Commands', 'Chat-Templating', 'Character-Chat', 'Settings', 'Auto-Save', 'Prompts', 'Database', 'Chunking', 'Visual-RAG', 'AuthNZ', 'Streaming', 'HTTP', 'Egress', 'Embeddings', 'Claims', 'ClaimsMonitoring', 'RAG', 'Search-Agent', 'ResourceGovernor', 'Jobs', 'SlidesStandaloneHtml', 'Diarization', 'API', 'MLX', 'Local-API', 'LlamaCpp', 'STT-Settings', 'external_providers', 'TTS-Settings', 'VibeVoice', 'Audio-Quota', 'API-Routes', 'Search-Engines', 'Web-Scraper', 'Logging', 'Moderation', 'Redis', 'Web-Scraping', 'personalization', 'persona', 'persona.rbac']
2026-09-16 23:54:52.041 | INFO     | tldw_Server_API.app.core.config:_buffered_log:210 - Ensured main SQLite database directory exists: /Users/macbook-dev/Documents/GitHub/tldw_server2/Databases
2026-09-16 23:54:52.041 | INFO     | tldw_Server_API.app.core.config:_buffered_log:210 - Ensured user data base directory exists: Databases/user_databases
2026-09-16 23:54:52.042 | WARNING  | tldw_Server_API.app.core.DB_Management.db_path_utils:resolve_user_db_base_dir:491 - USER_DB_BASE_DIR not configured in tests, using isolated fallback: /private/var/folders/sn/m80n2j152t9gw3w8qwk2nykh0000gn/T/tldw_user_databases_test/default-cd1a9f21
2026-09-16 23:54:52.042 | INFO     | tldw_Server_API.app.core.DB_Management.ChaChaNotes_DB:__init__:7657 - Initializing CharactersRAGDB for path: /private/var/folders/sn/m80n2j152t9gw3w8qwk2nykh0000gn/T/pytest-of-macbook-dev/pytest-627/test_other_keyword_link_parent8/2/ChaChaNotes.db [Client ID: 2] (backend=postgresql)
2026-09-16 23:54:53.859 | DEBUG    | tldw_Server_API.app.core.DB_Management.ChaChaNotes_DB:__init__:7664 - CharactersRAGDB initialization completed successfully for /private/var/folders/sn/m80n2j152t9gw3w8qwk2nykh0000gn/T/pytest-of-macbook-dev/pytest-627/test_other_keyword_link_parent8/2/ChaChaNotes.db
2026-09-16 23:54:53.860 | WARNING  | tldw_Server_API.app.core.DB_Management.db_path_utils:resolve_user_db_base_dir:491 - USER_DB_BASE_DIR not configured in tests, using isolated fallback: /private/var/folders/sn/m80n2j152t9gw3w8qwk2nykh0000gn/T/tldw_user_databases_test/default-cd1a9f21
2026-09-16 23:54:53.860 | INFO     | tldw_Server_API.app.core.DB_Management.ChaChaNotes_DB:__init__:7657 - Initializing CharactersRAGDB for path: /private/var/folders/sn/m80n2j152t9gw3w8qwk2nykh0000gn/T/pytest-of-macbook-dev/pytest-627/test_other_keyword_link_parent8/3/ChaChaNotes.db [Client ID: 3] (backend=postgresql)
2026-09-16 23:54:54.025 | DEBUG    | tldw_Server_API.app.core.DB_Management.ChaChaNotes_DB:__init__:7664 - CharactersRAGDB initialization completed successfully for /private/var/folders/sn/m80n2j152t9gw3w8qwk2nykh0000gn/T/pytest-of-macbook-dev/pytest-627/test_other_keyword_link_parent8/3/ChaChaNotes.db
2026-09-16 23:54:54.026 | DEBUG    | tldw_Server_API.app.core.DB_Management.ChaChaNotes_DB:_get_connection_for_state:8036 - Acquired backend connection (postgresql) for thread 8346099072
2026-09-16 23:54:54.029 | INFO     | tldw_Server_API.app.core.DB_Management.chacha.note_store:_execute:124 - Added note 'Alice private Citrine' with ID: b8a9c498-18cb-4235-aa02-57fe6c3d250b.
2026-09-16 23:54:54.030 | INFO     | tldw_Server_API.app.core.DB_Management.chacha.note_store:_execute:124 - Added note 'Alice deleted Citrine' with ID: aa0786fc-200c-411b-86ec-32406c7ce1c9.
2026-09-16 23:54:54.033 | INFO     | tldw_Server_API.app.core.DB_Management.chacha.note_store:soft_delete_note:2247 - Soft-deleted note ID aa0786fc-200c-411b-86ec-32406c7ce1c9 (was v1), new version 2.
2026-09-16 23:54:54.039 | DEBUG    | tldw_Server_API.app.core.DB_Management.ChaChaNotes_DB:_get_connection_for_state:8036 - Acquired backend connection (postgresql) for thread 8346099072
2026-09-16 23:54:54.042 | INFO     | tldw_Server_API.app.core.DB_Management.chacha.note_store:_execute:124 - Added note 'Bob private Indigo' with ID: 945652e6-c632-4797-babb-ea21fc69eeac.
2026-09-16 23:54:54.042 | DEBUG    | tldw_Server_API.app.core.DB_Management.ChaChaNotes_DB:close_connection:8110 - Returned backend connection (postgresql) for thread 8346099072.
2026-09-16 23:54:54.042 | DEBUG    | tldw_Server_API.app.core.DB_Management.ChaChaNotes_DB:close_connection:8110 - Returned backend connection (postgresql) for thread 8346099072.
----------------------------- Captured stderr call -----------------------------
2026-09-16 23:54:54.044 | DEBUG    | tldw_Server_API.app.core.DB_Management.ChaChaNotes_DB:_get_connection_for_state:8036 - Acquired backend connection (postgresql) for thread 8346099072
2026-09-16 23:54:54.045 | INFO     | tldw_Server_API.app.core.DB_Management.ChaChaNotes_DB:_add_generic_item:32644 - Added chacha_keywords 'Keyword integer spacer' with ID: 1.
2026-09-16 23:54:54.047 | INFO     | tldw_Server_API.app.core.DB_Management.ChaChaNotes_DB:_add_generic_item:32644 - Added chacha_keywords 'Foreign link keyword' with ID: 2.
2026-09-16 23:54:54.049 | DEBUG    | tldw_Server_API.app.core.DB_Management.ChaChaNotes_DB:_get_connection_for_state:8036 - Acquired backend connection (postgresql) for thread 8346099072
2026-09-16 23:54:54.050 | INFO     | tldw_Server_API.app.core.DB_Management.ChaChaNotes_DB:_add_generic_item:32644 - Added chacha_keywords 'Owned link keyword' with ID: 3.
2026-09-16 23:54:54.051 | INFO     | tldw_Server_API.app.core.DB_Management.ChaChaNotes_DB:_add_generic_item:32644 - Added keyword_collections 'Collection integer spacer' with ID: 1.
2026-09-16 23:54:54.053 | INFO     | tldw_Server_API.app.core.DB_Management.ChaChaNotes_DB:_add_generic_item:32644 - Added keyword_collections 'Foreign source' with ID: 2.
2026-09-16 23:54:54.054 | INFO     | tldw_Server_API.app.core.DB_Management.ChaChaNotes_DB:_add_generic_item:32644 - Added keyword_collections 'Owned source' with ID: 3.
2026-09-16 23:54:54.059 | DEBUG    | tldw_Server_API.app.core.DB_Management.ChaChaNotes_DB:_manage_link:34391 - Logged sync event for collection_keywords: create on 2_2
2026-09-16 23:54:54.059 | INFO     | tldw_Server_API.app.core.DB_Management.ChaChaNotes_DB:_manage_link:34393 - Linked collection_keywords: collection_id=2, keyword_id=2. Rows affected: 1
2026-09-16 23:54:54.062 | DEBUG    | tldw_Server_API.app.core.DB_Management.ChaChaNotes_DB:_manage_link:34391 - Logged sync event for collection_keywords: create on 3_3
2026-09-16 23:54:54.063 | INFO     | tldw_Server_API.app.core.DB_Management.ChaChaNotes_DB:_manage_link:34393 - Linked collection_keywords: collection_id=3, keyword_id=3. Rows affected: 1
2026-09-16 23:54:54.063 | DEBUG    | tldw_Server_API.app.core.DB_Management.ChaChaNotes_DB:execute_query:8286 - Executing SQL (script=False, backend=postgresql): SELECT COUNT(*) AS total FROM collection_keywords... Params: None...
--------------------------- Captured stderr teardown ---------------------------
2026-09-16 23:54:54.067 | DEBUG    | tldw_Server_API.app.core.DB_Management.ChaChaNotes_DB:close_connection:8110 - Returned backend connection (postgresql) for thread 8346099072.
2026-09-16 23:54:54.067 | DEBUG    | tldw_Server_API.app.core.DB_Management.ChaChaNotes_DB:close_connection:8110 - Returned backend connection (postgresql) for thread 8346099072.
2026-09-16 23:54:54.084 | INFO     | tldw_Server_API.app.api.v1.API_Deps.ChaCha_Notes_DB_Deps:close_all_chacha_db_instances:876 - Closing all cached ChaChaNotesDB instances (0)...
2026-09-16 23:54:54.084 | INFO     | tldw_Server_API.app.api.v1.API_Deps.ChaCha_Notes_DB_Deps:close_all_chacha_db_instances:892 - All ChaChaNotesDB instances closed and cache cleared.
2026-09-16 23:54:54.084 | INFO     | tldw_Server_API.app.api.v1.API_Deps.ChaCha_Notes_DB_Deps:close_all_chacha_db_instances:876 - Closing all cached ChaChaNotesDB instances (0)...
2026-09-16 23:54:54.085 | INFO     | tldw_Server_API.app.api.v1.API_Deps.ChaCha_Notes_DB_Deps:close_all_chacha_db_instances:892 - All ChaChaNotesDB instances closed and cache cleared.
____ test_other_keyword_link_parent_scope[postgres-foreign-read-collection] ____
tldw_Server_API/tests/DB_Management/test_note_shared_owner_contract.py:423: in test_other_keyword_link_parent_scope
    assert getattr(f.bob, f"get_keywords_for_{kind}")(foreign) == []
E   AssertionError: assert [{'client_id'...'id': 2, ...}] == []
E
E     Left contains one more item: {'client_id': '2', 'created_at': datetime.datetime(2026, 9, 17, 6, 54, 59, 382000, tzinfo=zoneinfo.ZoneInfo(key='Etc/UTC')), 'deleted': False, 'id': 2, ...}
E     Use -v to get more diff
---------------------------- Captured stderr setup -----------------------------
2026-09-16 23:54:57.870 | INFO     | tldw_Server_API.app.core.DB_Management.backends.factory:create_backend:392 - Creating postgresql backend
2026-09-16 23:54:57.870 | INFO     | tldw_Server_API.app.core.config:_buffered_log:210 - Determined ACTUAL_PROJECT_ROOT for database paths: /Users/macbook-dev/Documents/GitHub/tldw_server2
2026-09-16 23:54:57.871 | INFO     | tldw_Server_API.app.core.config:_buffered_log:210 - Early loading environment variables from: /Users/macbook-dev/Documents/GitHub/tldw_server2/tldw_Server_API/Config_Files/.env
2026-09-16 23:54:57.875 | INFO     | tldw_Server_API.app.core.config:_buffered_log:210 - Early loading environment variables from: /Users/macbook-dev/Documents/GitHub/tldw_server2/tldw_Server_API/Config_Files/.ENV
2026-09-16 23:54:57.879 | DEBUG    | tldw_Server_API.app.core.config:_buffered_log:210 - load_and_log_configs(): Loading and logging configurations...
2026-09-16 23:54:57.880 | INFO     | tldw_Server_API.app.core.config:_buffered_log:210 - Loading environment variables from: /Users/macbook-dev/Documents/GitHub/tldw_server2/tldw_Server_API/Config_Files/.env
2026-09-16 23:54:57.884 | INFO     | tldw_Server_API.app.core.config:_buffered_log:210 - Loading environment variables from: /Users/macbook-dev/Documents/GitHub/tldw_server2/tldw_Server_API/Config_Files/.ENV
2026-09-16 23:54:57.888 | INFO     | tldw_Server_API.app.core.config:_buffered_log:210 - Attempting to load comprehensive config from: /Users/macbook-dev/Documents/GitHub/tldw_server2/tldw_Server_API/Config_Files/config.txt
2026-09-16 23:54:57.890 | INFO     | tldw_Server_API.app.core.config:_buffered_log:210 - load_comprehensive_config(): Sections found in config: ['Setup', 'UI', 'Server', 'Files', 'Image-Generation', 'ACP', 'WORKSPACES', 'ACP-WORKSPACE', 'ACP-SANDBOX', 'Audit', 'Processing', 'Media-Processing', 'Chat-Dictionaries', 'Chat-Module', 'Chat-Commands', 'Chat-Templating', 'Character-Chat', 'Settings', 'Auto-Save', 'Prompts', 'Database', 'Chunking', 'Visual-RAG', 'AuthNZ', 'Streaming', 'HTTP', 'Egress', 'Embeddings', 'Claims', 'ClaimsMonitoring', 'RAG', 'Search-Agent', 'ResourceGovernor', 'Jobs', 'SlidesStandaloneHtml', 'Diarization', 'API', 'MLX', 'Local-API', 'LlamaCpp', 'STT-Settings', 'external_providers', 'TTS-Settings', 'VibeVoice', 'Audio-Quota', 'API-Routes', 'Search-Engines', 'Web-Scraper', 'Logging', 'Moderation', 'Redis', 'Web-Scraping', 'personalization', 'persona', 'persona.rbac']
2026-09-16 23:54:57.892 | INFO     | tldw_Server_API.app.core.config:_buffered_log:210 - Ensured main SQLite database directory exists: /Users/macbook-dev/Documents/GitHub/tldw_server2/Databases
2026-09-16 23:54:57.893 | INFO     | tldw_Server_API.app.core.config:_buffered_log:210 - Ensured user data base directory exists: Databases/user_databases
2026-09-16 23:54:57.893 | WARNING  | tldw_Server_API.app.core.DB_Management.db_path_utils:resolve_user_db_base_dir:491 - USER_DB_BASE_DIR not configured in tests, using isolated fallback: /private/var/folders/sn/m80n2j152t9gw3w8qwk2nykh0000gn/T/tldw_user_databases_test/default-cd1a9f21
2026-09-16 23:54:57.893 | INFO     | tldw_Server_API.app.core.DB_Management.ChaChaNotes_DB:__init__:7657 - Initializing CharactersRAGDB for path: /private/var/folders/sn/m80n2j152t9gw3w8qwk2nykh0000gn/T/pytest-of-macbook-dev/pytest-627/test_other_keyword_link_parent11/2/ChaChaNotes.db [Client ID: 2] (backend=postgresql)
2026-09-16 23:54:59.215 | DEBUG    | tldw_Server_API.app.core.DB_Management.ChaChaNotes_DB:__init__:7664 - CharactersRAGDB initialization completed successfully for /private/var/folders/sn/m80n2j152t9gw3w8qwk2nykh0000gn/T/pytest-of-macbook-dev/pytest-627/test_other_keyword_link_parent11/2/ChaChaNotes.db
2026-09-16 23:54:59.216 | WARNING  | tldw_Server_API.app.core.DB_Management.db_path_utils:resolve_user_db_base_dir:491 - USER_DB_BASE_DIR not configured in tests, using isolated fallback: /private/var/folders/sn/m80n2j152t9gw3w8qwk2nykh0000gn/T/tldw_user_databases_test/default-cd1a9f21
2026-09-16 23:54:59.216 | INFO     | tldw_Server_API.app.core.DB_Management.ChaChaNotes_DB:__init__:7657 - Initializing CharactersRAGDB for path: /private/var/folders/sn/m80n2j152t9gw3w8qwk2nykh0000gn/T/pytest-of-macbook-dev/pytest-627/test_other_keyword_link_parent11/3/ChaChaNotes.db [Client ID: 3] (backend=postgresql)
2026-09-16 23:54:59.363 | DEBUG    | tldw_Server_API.app.core.DB_Management.ChaChaNotes_DB:__init__:7664 - CharactersRAGDB initialization completed successfully for /private/var/folders/sn/m80n2j152t9gw3w8qwk2nykh0000gn/T/pytest-of-macbook-dev/pytest-627/test_other_keyword_link_parent11/3/ChaChaNotes.db
2026-09-16 23:54:59.364 | DEBUG    | tldw_Server_API.app.core.DB_Management.ChaChaNotes_DB:_get_connection_for_state:8036 - Acquired backend connection (postgresql) for thread 8346099072
2026-09-16 23:54:59.366 | INFO     | tldw_Server_API.app.core.DB_Management.chacha.note_store:_execute:124 - Added note 'Alice private Citrine' with ID: 455cfa52-60a6-4a71-b225-9d464091e21b.
2026-09-16 23:54:59.367 | INFO     | tldw_Server_API.app.core.DB_Management.chacha.note_store:_execute:124 - Added note 'Alice deleted Citrine' with ID: 095aa911-66c3-4704-a9db-fa3e16632290.
2026-09-16 23:54:59.370 | INFO     | tldw_Server_API.app.core.DB_Management.chacha.note_store:soft_delete_note:2247 - Soft-deleted note ID 095aa911-66c3-4704-a9db-fa3e16632290 (was v1), new version 2.
2026-09-16 23:54:59.375 | DEBUG    | tldw_Server_API.app.core.DB_Management.ChaChaNotes_DB:_get_connection_for_state:8036 - Acquired backend connection (postgresql) for thread 8346099072
2026-09-16 23:54:59.378 | INFO     | tldw_Server_API.app.core.DB_Management.chacha.note_store:_execute:124 - Added note 'Bob private Indigo' with ID: 87d6e92e-a7c6-406a-b600-da7789482ba7.
2026-09-16 23:54:59.379 | DEBUG    | tldw_Server_API.app.core.DB_Management.ChaChaNotes_DB:close_connection:8110 - Returned backend connection (postgresql) for thread 8346099072.
2026-09-16 23:54:59.379 | DEBUG    | tldw_Server_API.app.core.DB_Management.ChaChaNotes_DB:close_connection:8110 - Returned backend connection (postgresql) for thread 8346099072.
----------------------------- Captured stderr call -----------------------------
2026-09-16 23:54:59.380 | DEBUG    | tldw_Server_API.app.core.DB_Management.ChaChaNotes_DB:_get_connection_for_state:8036 - Acquired backend connection (postgresql) for thread 8346099072
2026-09-16 23:54:59.382 | INFO     | tldw_Server_API.app.core.DB_Management.ChaChaNotes_DB:_add_generic_item:32644 - Added chacha_keywords 'Keyword integer spacer' with ID: 1.
2026-09-16 23:54:59.383 | INFO     | tldw_Server_API.app.core.DB_Management.ChaChaNotes_DB:_add_generic_item:32644 - Added chacha_keywords 'Foreign link keyword' with ID: 2.
2026-09-16 23:54:59.385 | DEBUG    | tldw_Server_API.app.core.DB_Management.ChaChaNotes_DB:_get_connection_for_state:8036 - Acquired backend connection (postgresql) for thread 8346099072
2026-09-16 23:54:59.386 | INFO     | tldw_Server_API.app.core.DB_Management.ChaChaNotes_DB:_add_generic_item:32644 - Added chacha_keywords 'Owned link keyword' with ID: 3.
2026-09-16 23:54:59.388 | INFO     | tldw_Server_API.app.core.DB_Management.ChaChaNotes_DB:_add_generic_item:32644 - Added keyword_collections 'Collection integer spacer' with ID: 1.
2026-09-16 23:54:59.389 | INFO     | tldw_Server_API.app.core.DB_Management.ChaChaNotes_DB:_add_generic_item:32644 - Added keyword_collections 'Foreign source' with ID: 2.
2026-09-16 23:54:59.390 | INFO     | tldw_Server_API.app.core.DB_Management.ChaChaNotes_DB:_add_generic_item:32644 - Added keyword_collections 'Owned source' with ID: 3.
2026-09-16 23:54:59.395 | DEBUG    | tldw_Server_API.app.core.DB_Management.ChaChaNotes_DB:_manage_link:34391 - Logged sync event for collection_keywords: create on 2_2
2026-09-16 23:54:59.395 | INFO     | tldw_Server_API.app.core.DB_Management.ChaChaNotes_DB:_manage_link:34393 - Linked collection_keywords: collection_id=2, keyword_id=2. Rows affected: 1
2026-09-16 23:54:59.398 | DEBUG    | tldw_Server_API.app.core.DB_Management.ChaChaNotes_DB:_manage_link:34391 - Logged sync event for collection_keywords: create on 3_3
2026-09-16 23:54:59.399 | INFO     | tldw_Server_API.app.core.DB_Management.ChaChaNotes_DB:_manage_link:34393 - Linked collection_keywords: collection_id=3, keyword_id=3. Rows affected: 1
2026-09-16 23:54:59.399 | DEBUG    | tldw_Server_API.app.core.DB_Management.ChaChaNotes_DB:execute_query:8286 - Executing SQL (script=False, backend=postgresql):
                SELECT k.*                 FROM chacha_keywords k                          JOIN collection_keywords ck ON k.id = ck.keyword_id
                WHERE ck.collection_id = ?                   AND k.deleted = FALSE                 ORDER BY LOWER(k.keyword)
                ... Params: (2,)...
--------------------------- Captured stderr teardown ---------------------------
2026-09-16 23:54:59.404 | DEBUG    | tldw_Server_API.app.core.DB_Management.ChaChaNotes_DB:close_connection:8110 - Returned backend connection (postgresql) for thread 8346099072.
2026-09-16 23:54:59.404 | DEBUG    | tldw_Server_API.app.core.DB_Management.ChaChaNotes_DB:close_connection:8110 - Returned backend connection (postgresql) for thread 8346099072.
2026-09-16 23:54:59.421 | INFO     | tldw_Server_API.app.api.v1.API_Deps.ChaCha_Notes_DB_Deps:close_all_chacha_db_instances:876 - Closing all cached ChaChaNotesDB instances (0)...
2026-09-16 23:54:59.421 | INFO     | tldw_Server_API.app.api.v1.API_Deps.ChaCha_Notes_DB_Deps:close_all_chacha_db_instances:892 - All ChaChaNotesDB instances closed and cache cleared.
2026-09-16 23:54:59.421 | INFO     | tldw_Server_API.app.api.v1.API_Deps.ChaCha_Notes_DB_Deps:close_all_chacha_db_instances:876 - Closing all cached ChaChaNotesDB instances (0)...
2026-09-16 23:54:59.421 | INFO     | tldw_Server_API.app.api.v1.API_Deps.ChaCha_Notes_DB_Deps:close_all_chacha_db_instances:892 - All ChaChaNotesDB instances closed and cache cleared.
___ test_malformed_note_keyword_links_do_not_cross_owners[reverse-postgres] ____
tldw_Server_API/tests/DB_Management/test_note_shared_owner_contract.py:376: in test_malformed_note_keyword_links_do_not_cross_owners
    assert [n["id"] for n in f.bob.get_notes_for_keyword(own)] == [f.own]
E   AssertionError: assert ['6bbe635a-49...d64df0918ad0'] == ['6bbe635a-49...b68e8570cc3f']
E
E     Left contains one more item: '1626365a-c610-4b5a-b50c-d64df0918ad0'
E     Use -v to get more diff
---------------------------- Captured stderr setup -----------------------------
2026-09-16 23:55:06.027 | INFO     | tldw_Server_API.app.core.DB_Management.backends.factory:create_backend:392 - Creating postgresql backend
2026-09-16 23:55:06.028 | INFO     | tldw_Server_API.app.core.config:_buffered_log:210 - Determined ACTUAL_PROJECT_ROOT for database paths: /Users/macbook-dev/Documents/GitHub/tldw_server2
2026-09-16 23:55:06.029 | INFO     | tldw_Server_API.app.core.config:_buffered_log:210 - Early loading environment variables from: /Users/macbook-dev/Documents/GitHub/tldw_server2/tldw_Server_API/Config_Files/.env
2026-09-16 23:55:06.033 | INFO     | tldw_Server_API.app.core.config:_buffered_log:210 - Early loading environment variables from: /Users/macbook-dev/Documents/GitHub/tldw_server2/tldw_Server_API/Config_Files/.ENV
2026-09-16 23:55:06.037 | DEBUG    | tldw_Server_API.app.core.config:_buffered_log:210 - load_and_log_configs(): Loading and logging configurations...
2026-09-16 23:55:06.038 | INFO     | tldw_Server_API.app.core.config:_buffered_log:210 - Loading environment variables from: /Users/macbook-dev/Documents/GitHub/tldw_server2/tldw_Server_API/Config_Files/.env
2026-09-16 23:55:06.042 | INFO     | tldw_Server_API.app.core.config:_buffered_log:210 - Loading environment variables from: /Users/macbook-dev/Documents/GitHub/tldw_server2/tldw_Server_API/Config_Files/.ENV
2026-09-16 23:55:06.047 | INFO     | tldw_Server_API.app.core.config:_buffered_log:210 - Attempting to load comprehensive config from: /Users/macbook-dev/Documents/GitHub/tldw_server2/tldw_Server_API/Config_Files/config.txt
2026-09-16 23:55:06.049 | INFO     | tldw_Server_API.app.core.config:_buffered_log:210 - load_comprehensive_config(): Sections found in config: ['Setup', 'UI', 'Server', 'Files', 'Image-Generation', 'ACP', 'WORKSPACES', 'ACP-WORKSPACE', 'ACP-SANDBOX', 'Audit', 'Processing', 'Media-Processing', 'Chat-Dictionaries', 'Chat-Module', 'Chat-Commands', 'Chat-Templating', 'Character-Chat', 'Settings', 'Auto-Save', 'Prompts', 'Database', 'Chunking', 'Visual-RAG', 'AuthNZ', 'Streaming', 'HTTP', 'Egress', 'Embeddings', 'Claims', 'ClaimsMonitoring', 'RAG', 'Search-Agent', 'ResourceGovernor', 'Jobs', 'SlidesStandaloneHtml', 'Diarization', 'API', 'MLX', 'Local-API', 'LlamaCpp', 'STT-Settings', 'external_providers', 'TTS-Settings', 'VibeVoice', 'Audio-Quota', 'API-Routes', 'Search-Engines', 'Web-Scraper', 'Logging', 'Moderation', 'Redis', 'Web-Scraping', 'personalization', 'persona', 'persona.rbac']
2026-09-16 23:55:06.051 | INFO     | tldw_Server_API.app.core.config:_buffered_log:210 - Ensured main SQLite database directory exists: /Users/macbook-dev/Documents/GitHub/tldw_server2/Databases
2026-09-16 23:55:06.051 | INFO     | tldw_Server_API.app.core.config:_buffered_log:210 - Ensured user data base directory exists: Databases/user_databases
2026-09-16 23:55:06.051 | WARNING  | tldw_Server_API.app.core.DB_Management.db_path_utils:resolve_user_db_base_dir:491 - USER_DB_BASE_DIR not configured in tests, using isolated fallback: /private/var/folders/sn/m80n2j152t9gw3w8qwk2nykh0000gn/T/tldw_user_databases_test/default-cd1a9f21
2026-09-16 23:55:06.051 | INFO     | tldw_Server_API.app.core.DB_Management.ChaChaNotes_DB:__init__:7657 - Initializing CharactersRAGDB for path: /private/var/folders/sn/m80n2j152t9gw3w8qwk2nykh0000gn/T/pytest-of-macbook-dev/pytest-627/test_malformed_note_keyword_li4/2/ChaChaNotes.db [Client ID: 2] (backend=postgresql)
2026-09-16 23:55:07.408 | DEBUG    | tldw_Server_API.app.core.DB_Management.ChaChaNotes_DB:__init__:7664 - CharactersRAGDB initialization completed successfully for /private/var/folders/sn/m80n2j152t9gw3w8qwk2nykh0000gn/T/pytest-of-macbook-dev/pytest-627/test_malformed_note_keyword_li4/2/ChaChaNotes.db
2026-09-16 23:55:07.408 | WARNING  | tldw_Server_API.app.core.DB_Management.db_path_utils:resolve_user_db_base_dir:491 - USER_DB_BASE_DIR not configured in tests, using isolated fallback: /private/var/folders/sn/m80n2j152t9gw3w8qwk2nykh0000gn/T/tldw_user_databases_test/default-cd1a9f21
2026-09-16 23:55:07.409 | INFO     | tldw_Server_API.app.core.DB_Management.ChaChaNotes_DB:__init__:7657 - Initializing CharactersRAGDB for path: /private/var/folders/sn/m80n2j152t9gw3w8qwk2nykh0000gn/T/pytest-of-macbook-dev/pytest-627/test_malformed_note_keyword_li4/3/ChaChaNotes.db [Client ID: 3] (backend=postgresql)
2026-09-16 23:55:07.565 | DEBUG    | tldw_Server_API.app.core.DB_Management.ChaChaNotes_DB:__init__:7664 - CharactersRAGDB initialization completed successfully for /private/var/folders/sn/m80n2j152t9gw3w8qwk2nykh0000gn/T/pytest-of-macbook-dev/pytest-627/test_malformed_note_keyword_li4/3/ChaChaNotes.db
2026-09-16 23:55:07.567 | DEBUG    | tldw_Server_API.app.core.DB_Management.ChaChaNotes_DB:_get_connection_for_state:8036 - Acquired backend connection (postgresql) for thread 8346099072
2026-09-16 23:55:07.569 | INFO     | tldw_Server_API.app.core.DB_Management.chacha.note_store:_execute:124 - Added note 'Alice private Citrine' with ID: 1626365a-c610-4b5a-b50c-d64df0918ad0.
2026-09-16 23:55:07.571 | INFO     | tldw_Server_API.app.core.DB_Management.chacha.note_store:_execute:124 - Added note 'Alice deleted Citrine' with ID: d5f8e187-91de-4f96-8f9b-790b5dba783e.
2026-09-16 23:55:07.574 | INFO     | tldw_Server_API.app.core.DB_Management.chacha.note_store:soft_delete_note:2247 - Soft-deleted note ID d5f8e187-91de-4f96-8f9b-790b5dba783e (was v1), new version 2.
2026-09-16 23:55:07.579 | DEBUG    | tldw_Server_API.app.core.DB_Management.ChaChaNotes_DB:_get_connection_for_state:8036 - Acquired backend connection (postgresql) for thread 8346099072
2026-09-16 23:55:07.582 | INFO     | tldw_Server_API.app.core.DB_Management.chacha.note_store:_execute:124 - Added note 'Bob private Indigo' with ID: 6bbe635a-49f2-42d3-985a-b68e8570cc3f.
2026-09-16 23:55:07.583 | DEBUG    | tldw_Server_API.app.core.DB_Management.ChaChaNotes_DB:close_connection:8110 - Returned backend connection (postgresql) for thread 8346099072.
2026-09-16 23:55:07.583 | DEBUG    | tldw_Server_API.app.core.DB_Management.ChaChaNotes_DB:close_connection:8110 - Returned backend connection (postgresql) for thread 8346099072.
----------------------------- Captured stderr call -----------------------------
2026-09-16 23:55:07.584 | DEBUG    | tldw_Server_API.app.core.DB_Management.ChaChaNotes_DB:_get_connection_for_state:8036 - Acquired backend connection (postgresql) for thread 8346099072
2026-09-16 23:55:07.586 | INFO     | tldw_Server_API.app.core.DB_Management.ChaChaNotes_DB:_add_generic_item:32644 - Added chacha_keywords 'Foreign amber' with ID: 1.
2026-09-16 23:55:07.588 | DEBUG    | tldw_Server_API.app.core.DB_Management.ChaChaNotes_DB:_get_connection_for_state:8036 - Acquired backend connection (postgresql) for thread 8346099072
2026-09-16 23:55:07.590 | INFO     | tldw_Server_API.app.core.DB_Management.ChaChaNotes_DB:_add_generic_item:32644 - Added chacha_keywords 'Owned indigo' with ID: 2.
2026-09-16 23:55:07.591 | INFO     | tldw_Server_API.app.core.DB_Management.ChaChaNotes_DB:_add_generic_item:32644 - Added chacha_keywords 'Owned destination' with ID: 3.
2026-09-16 23:55:07.595 | DEBUG    | tldw_Server_API.app.core.DB_Management.ChaChaNotes_DB:_manage_link:34391 - Logged sync event for note_keywords: create on 6bbe635a-49f2-42d3-985a-b68e8570cc3f_2
2026-09-16 23:55:07.595 | INFO     | tldw_Server_API.app.core.DB_Management.ChaChaNotes_DB:_manage_link:34393 - Linked note_keywords: note_id=6bbe635a-49f2-42d3-985a-b68e8570cc3f, keyword_id=2. Rows affected: 1
2026-09-16 23:55:07.596 | DEBUG    | tldw_Server_API.app.core.DB_Management.ChaChaNotes_DB:execute_query:8286 - Executing SQL (script=False, backend=postgresql):
                SELECT n.*                 FROM notes n                          JOIN note_keywords nk ON n.id = nk.note_id
                WHERE nk.keyword_id = ?                   AND n.deleted = FALSE
                ORDER BY n.last_modified DESC LIMIT ?                 OFFSET ?                 ... Params: (2, 50, 0)...
--------------------------- Captured stderr teardown ---------------------------
2026-09-16 23:55:07.601 | DEBUG    | tldw_Server_API.app.core.DB_Management.ChaChaNotes_DB:close_connection:8110 - Returned backend connection (postgresql) for thread 8346099072.
2026-09-16 23:55:07.601 | DEBUG    | tldw_Server_API.app.core.DB_Management.ChaChaNotes_DB:close_connection:8110 - Returned backend connection (postgresql) for thread 8346099072.
2026-09-16 23:55:07.619 | INFO     | tldw_Server_API.app.api.v1.API_Deps.ChaCha_Notes_DB_Deps:close_all_chacha_db_instances:876 - Closing all cached ChaChaNotesDB instances (0)...
2026-09-16 23:55:07.619 | INFO     | tldw_Server_API.app.api.v1.API_Deps.ChaCha_Notes_DB_Deps:close_all_chacha_db_instances:892 - All ChaChaNotesDB instances closed and cache cleared.
2026-09-16 23:55:07.619 | INFO     | tldw_Server_API.app.api.v1.API_Deps.ChaCha_Notes_DB_Deps:close_all_chacha_db_instances:876 - Closing all cached ChaChaNotesDB instances (0)...
2026-09-16 23:55:07.620 | INFO     | tldw_Server_API.app.api.v1.API_Deps.ChaCha_Notes_DB_Deps:close_all_chacha_db_instances:892 - All ChaChaNotesDB instances closed and cache cleared.
____ test_malformed_note_keyword_links_do_not_cross_owners[merge-postgres] _____
tldw_Server_API/tests/DB_Management/test_note_shared_owner_contract.py:387: in test_malformed_note_keyword_links_do_not_cross_owners
    assert result["merged_note_links"] == 1
E   assert 2 == 1
---------------------------- Captured stderr setup -----------------------------
2026-09-16 23:55:07.638 | INFO     | tldw_Server_API.app.core.DB_Management.backends.factory:create_backend:392 - Creating postgresql backend
2026-09-16 23:55:07.638 | INFO     | tldw_Server_API.app.core.config:_buffered_log:210 - Determined ACTUAL_PROJECT_ROOT for database paths: /Users/macbook-dev/Documents/GitHub/tldw_server2
2026-09-16 23:55:07.638 | INFO     | tldw_Server_API.app.core.config:_buffered_log:210 - Early loading environment variables from: /Users/macbook-dev/Documents/GitHub/tldw_server2/tldw_Server_API/Config_Files/.env
2026-09-16 23:55:07.642 | INFO     | tldw_Server_API.app.core.config:_buffered_log:210 - Early loading environment variables from: /Users/macbook-dev/Documents/GitHub/tldw_server2/tldw_Server_API/Config_Files/.ENV
2026-09-16 23:55:07.647 | DEBUG    | tldw_Server_API.app.core.config:_buffered_log:210 - load_and_log_configs(): Loading and logging configurations...
2026-09-16 23:55:07.647 | INFO     | tldw_Server_API.app.core.config:_buffered_log:210 - Loading environment variables from: /Users/macbook-dev/Documents/GitHub/tldw_server2/tldw_Server_API/Config_Files/.env
2026-09-16 23:55:07.651 | INFO     | tldw_Server_API.app.core.config:_buffered_log:210 - Loading environment variables from: /Users/macbook-dev/Documents/GitHub/tldw_server2/tldw_Server_API/Config_Files/.ENV
2026-09-16 23:55:07.656 | INFO     | tldw_Server_API.app.core.config:_buffered_log:210 - Attempting to load comprehensive config from: /Users/macbook-dev/Documents/GitHub/tldw_server2/tldw_Server_API/Config_Files/config.txt
2026-09-16 23:55:07.658 | INFO     | tldw_Server_API.app.core.config:_buffered_log:210 - load_comprehensive_config(): Sections found in config: ['Setup', 'UI', 'Server', 'Files', 'Image-Generation', 'ACP', 'WORKSPACES', 'ACP-WORKSPACE', 'ACP-SANDBOX', 'Audit', 'Processing', 'Media-Processing', 'Chat-Dictionaries', 'Chat-Module', 'Chat-Commands', 'Chat-Templating', 'Character-Chat', 'Settings', 'Auto-Save', 'Prompts', 'Database', 'Chunking', 'Visual-RAG', 'AuthNZ', 'Streaming', 'HTTP', 'Egress', 'Embeddings', 'Claims', 'ClaimsMonitoring', 'RAG', 'Search-Agent', 'ResourceGovernor', 'Jobs', 'SlidesStandaloneHtml', 'Diarization', 'API', 'MLX', 'Local-API', 'LlamaCpp', 'STT-Settings', 'external_providers', 'TTS-Settings', 'VibeVoice', 'Audio-Quota', 'API-Routes', 'Search-Engines', 'Web-Scraper', 'Logging', 'Moderation', 'Redis', 'Web-Scraping', 'personalization', 'persona', 'persona.rbac']
2026-09-16 23:55:07.660 | INFO     | tldw_Server_API.app.core.config:_buffered_log:210 - Ensured main SQLite database directory exists: /Users/macbook-dev/Documents/GitHub/tldw_server2/Databases
2026-09-16 23:55:07.660 | INFO     | tldw_Server_API.app.core.config:_buffered_log:210 - Ensured user data base directory exists: Databases/user_databases
2026-09-16 23:55:07.660 | WARNING  | tldw_Server_API.app.core.DB_Management.db_path_utils:resolve_user_db_base_dir:491 - USER_DB_BASE_DIR not configured in tests, using isolated fallback: /private/var/folders/sn/m80n2j152t9gw3w8qwk2nykh0000gn/T/tldw_user_databases_test/default-cd1a9f21
2026-09-16 23:55:07.660 | INFO     | tldw_Server_API.app.core.DB_Management.ChaChaNotes_DB:__init__:7657 - Initializing CharactersRAGDB for path: /private/var/folders/sn/m80n2j152t9gw3w8qwk2nykh0000gn/T/pytest-of-macbook-dev/pytest-627/test_malformed_note_keyword_li5/2/ChaChaNotes.db [Client ID: 2] (backend=postgresql)
2026-09-16 23:55:08.980 | DEBUG    | tldw_Server_API.app.core.DB_Management.ChaChaNotes_DB:__init__:7664 - CharactersRAGDB initialization completed successfully for /private/var/folders/sn/m80n2j152t9gw3w8qwk2nykh0000gn/T/pytest-of-macbook-dev/pytest-627/test_malformed_note_keyword_li5/2/ChaChaNotes.db
2026-09-16 23:55:08.981 | WARNING  | tldw_Server_API.app.core.DB_Management.db_path_utils:resolve_user_db_base_dir:491 - USER_DB_BASE_DIR not configured in tests, using isolated fallback: /private/var/folders/sn/m80n2j152t9gw3w8qwk2nykh0000gn/T/tldw_user_databases_test/default-cd1a9f21
2026-09-16 23:55:08.981 | INFO     | tldw_Server_API.app.core.DB_Management.ChaChaNotes_DB:__init__:7657 - Initializing CharactersRAGDB for path: /private/var/folders/sn/m80n2j152t9gw3w8qwk2nykh0000gn/T/pytest-of-macbook-dev/pytest-627/test_malformed_note_keyword_li5/3/ChaChaNotes.db [Client ID: 3] (backend=postgresql)
2026-09-16 23:55:09.130 | DEBUG    | tldw_Server_API.app.core.DB_Management.ChaChaNotes_DB:__init__:7664 - CharactersRAGDB initialization completed successfully for /private/var/folders/sn/m80n2j152t9gw3w8qwk2nykh0000gn/T/pytest-of-macbook-dev/pytest-627/test_malformed_note_keyword_li5/3/ChaChaNotes.db
2026-09-16 23:55:09.131 | DEBUG    | tldw_Server_API.app.core.DB_Management.ChaChaNotes_DB:_get_connection_for_state:8036 - Acquired backend connection (postgresql) for thread 8346099072
2026-09-16 23:55:09.133 | INFO     | tldw_Server_API.app.core.DB_Management.chacha.note_store:_execute:124 - Added note 'Alice private Citrine' with ID: 41356f90-8c28-4231-9d86-ea677ee9ffbe.
2026-09-16 23:55:09.135 | INFO     | tldw_Server_API.app.core.DB_Management.chacha.note_store:_execute:124 - Added note 'Alice deleted Citrine' with ID: eb17f0c9-a515-4b9d-85f2-cc7e9ed7dff4.
2026-09-16 23:55:09.138 | INFO     | tldw_Server_API.app.core.DB_Management.chacha.note_store:soft_delete_note:2247 - Soft-deleted note ID eb17f0c9-a515-4b9d-85f2-cc7e9ed7dff4 (was v1), new version 2.
2026-09-16 23:55:09.143 | DEBUG    | tldw_Server_API.app.core.DB_Management.ChaChaNotes_DB:_get_connection_for_state:8036 - Acquired backend connection (postgresql) for thread 8346099072
2026-09-16 23:55:09.147 | INFO     | tldw_Server_API.app.core.DB_Management.chacha.note_store:_execute:124 - Added note 'Bob private Indigo' with ID: 2853dacf-a445-41dd-8e8d-f65112890f8c.
2026-09-16 23:55:09.147 | DEBUG    | tldw_Server_API.app.core.DB_Management.ChaChaNotes_DB:close_connection:8110 - Returned backend connection (postgresql) for thread 8346099072.
2026-09-16 23:55:09.147 | DEBUG    | tldw_Server_API.app.core.DB_Management.ChaChaNotes_DB:close_connection:8110 - Returned backend connection (postgresql) for thread 8346099072.
----------------------------- Captured stderr call -----------------------------
2026-09-16 23:55:09.149 | DEBUG    | tldw_Server_API.app.core.DB_Management.ChaChaNotes_DB:_get_connection_for_state:8036 - Acquired backend connection (postgresql) for thread 8346099072
2026-09-16 23:55:09.150 | INFO     | tldw_Server_API.app.core.DB_Management.ChaChaNotes_DB:_add_generic_item:32644 - Added chacha_keywords 'Foreign amber' with ID: 1.
2026-09-16 23:55:09.153 | DEBUG    | tldw_Server_API.app.core.DB_Management.ChaChaNotes_DB:_get_connection_for_state:8036 - Acquired backend connection (postgresql) for thread 8346099072
2026-09-16 23:55:09.154 | INFO     | tldw_Server_API.app.core.DB_Management.ChaChaNotes_DB:_add_generic_item:32644 - Added chacha_keywords 'Owned indigo' with ID: 2.
2026-09-16 23:55:09.155 | INFO     | tldw_Server_API.app.core.DB_Management.ChaChaNotes_DB:_add_generic_item:32644 - Added chacha_keywords 'Owned destination' with ID: 3.
2026-09-16 23:55:09.159 | DEBUG    | tldw_Server_API.app.core.DB_Management.ChaChaNotes_DB:_manage_link:34391 - Logged sync event for note_keywords: create on 2853dacf-a445-41dd-8e8d-f65112890f8c_2
2026-09-16 23:55:09.159 | INFO     | tldw_Server_API.app.core.DB_Management.ChaChaNotes_DB:_manage_link:34393 - Linked note_keywords: note_id=2853dacf-a445-41dd-8e8d-f65112890f8c, keyword_id=2. Rows affected: 1
--------------------------- Captured stderr teardown ---------------------------
2026-09-16 23:55:09.168 | DEBUG    | tldw_Server_API.app.core.DB_Management.ChaChaNotes_DB:close_connection:8110 - Returned backend connection (postgresql) for thread 8346099072.
2026-09-16 23:55:09.169 | DEBUG    | tldw_Server_API.app.core.DB_Management.ChaChaNotes_DB:close_connection:8110 - Returned backend connection (postgresql) for thread 8346099072.
2026-09-16 23:55:09.184 | INFO     | tldw_Server_API.app.api.v1.API_Deps.ChaCha_Notes_DB_Deps:close_all_chacha_db_instances:876 - Closing all cached ChaChaNotesDB instances (0)...
2026-09-16 23:55:09.184 | INFO     | tldw_Server_API.app.api.v1.API_Deps.ChaCha_Notes_DB_Deps:close_all_chacha_db_instances:892 - All ChaChaNotesDB instances closed and cache cleared.
2026-09-16 23:55:09.185 | INFO     | tldw_Server_API.app.api.v1.API_Deps.ChaCha_Notes_DB_Deps:close_all_chacha_db_instances:876 - Closing all cached ChaChaNotesDB instances (0)...
2026-09-16 23:55:09.185 | INFO     | tldw_Server_API.app.api.v1.API_Deps.ChaCha_Notes_DB_Deps:close_all_chacha_db_instances:892 - All ChaChaNotesDB instances closed and cache cleared.
____ test_malformed_note_keyword_links_do_not_cross_owners[batch-postgres] _____
tldw_Server_API/tests/DB_Management/test_note_shared_owner_contract.py:373: in test_malformed_note_keyword_links_do_not_cross_owners
    assert [k["id"] for k in rows[f.own]] == [own]
E   assert [1, 2] == [2]
E
E     At index 0 diff: 1 != 2
E     Left contains one more item: 2
E     Use -v to get more diff
---------------------------- Captured stderr setup -----------------------------
2026-09-16 23:55:12.282 | INFO     | tldw_Server_API.app.core.DB_Management.backends.factory:create_backend:392 - Creating postgresql backend
2026-09-16 23:55:12.282 | INFO     | tldw_Server_API.app.core.config:_buffered_log:210 - Determined ACTUAL_PROJECT_ROOT for database paths: /Users/macbook-dev/Documents/GitHub/tldw_server2
2026-09-16 23:55:12.282 | INFO     | tldw_Server_API.app.core.config:_buffered_log:210 - Early loading environment variables from: /Users/macbook-dev/Documents/GitHub/tldw_server2/tldw_Server_API/Config_Files/.env
2026-09-16 23:55:12.288 | INFO     | tldw_Server_API.app.core.config:_buffered_log:210 - Early loading environment variables from: /Users/macbook-dev/Documents/GitHub/tldw_server2/tldw_Server_API/Config_Files/.ENV
2026-09-16 23:55:12.292 | DEBUG    | tldw_Server_API.app.core.config:_buffered_log:210 - load_and_log_configs(): Loading and logging configurations...
2026-09-16 23:55:12.292 | INFO     | tldw_Server_API.app.core.config:_buffered_log:210 - Loading environment variables from: /Users/macbook-dev/Documents/GitHub/tldw_server2/tldw_Server_API/Config_Files/.env
2026-09-16 23:55:12.297 | INFO     | tldw_Server_API.app.core.config:_buffered_log:210 - Loading environment variables from: /Users/macbook-dev/Documents/GitHub/tldw_server2/tldw_Server_API/Config_Files/.ENV
2026-09-16 23:55:12.301 | INFO     | tldw_Server_API.app.core.config:_buffered_log:210 - Attempting to load comprehensive config from: /Users/macbook-dev/Documents/GitHub/tldw_server2/tldw_Server_API/Config_Files/config.txt
2026-09-16 23:55:12.303 | INFO     | tldw_Server_API.app.core.config:_buffered_log:210 - load_comprehensive_config(): Sections found in config: ['Setup', 'UI', 'Server', 'Files', 'Image-Generation', 'ACP', 'WORKSPACES', 'ACP-WORKSPACE', 'ACP-SANDBOX', 'Audit', 'Processing', 'Media-Processing', 'Chat-Dictionaries', 'Chat-Module', 'Chat-Commands', 'Chat-Templating', 'Character-Chat', 'Settings', 'Auto-Save', 'Prompts', 'Database', 'Chunking', 'Visual-RAG', 'AuthNZ', 'Streaming', 'HTTP', 'Egress', 'Embeddings', 'Claims', 'ClaimsMonitoring', 'RAG', 'Search-Agent', 'ResourceGovernor', 'Jobs', 'SlidesStandaloneHtml', 'Diarization', 'API', 'MLX', 'Local-API', 'LlamaCpp', 'STT-Settings', 'external_providers', 'TTS-Settings', 'VibeVoice', 'Audio-Quota', 'API-Routes', 'Search-Engines', 'Web-Scraper', 'Logging', 'Moderation', 'Redis', 'Web-Scraping', 'personalization', 'persona', 'persona.rbac']
2026-09-16 23:55:12.305 | INFO     | tldw_Server_API.app.core.config:_buffered_log:210 - Ensured main SQLite database directory exists: /Users/macbook-dev/Documents/GitHub/tldw_server2/Databases
2026-09-16 23:55:12.305 | INFO     | tldw_Server_API.app.core.config:_buffered_log:210 - Ensured user data base directory exists: Databases/user_databases
2026-09-16 23:55:12.306 | WARNING  | tldw_Server_API.app.core.DB_Management.db_path_utils:resolve_user_db_base_dir:491 - USER_DB_BASE_DIR not configured in tests, using isolated fallback: /private/var/folders/sn/m80n2j152t9gw3w8qwk2nykh0000gn/T/tldw_user_databases_test/default-cd1a9f21
2026-09-16 23:55:12.306 | INFO     | tldw_Server_API.app.core.DB_Management.ChaChaNotes_DB:__init__:7657 - Initializing CharactersRAGDB for path: /private/var/folders/sn/m80n2j152t9gw3w8qwk2nykh0000gn/T/pytest-of-macbook-dev/pytest-627/test_malformed_note_keyword_li6/2/ChaChaNotes.db [Client ID: 2] (backend=postgresql)
2026-09-16 23:55:14.154 | DEBUG    | tldw_Server_API.app.core.DB_Management.ChaChaNotes_DB:__init__:7664 - CharactersRAGDB initialization completed successfully for /private/var/folders/sn/m80n2j152t9gw3w8qwk2nykh0000gn/T/pytest-of-macbook-dev/pytest-627/test_malformed_note_keyword_li6/2/ChaChaNotes.db
2026-09-16 23:55:14.155 | WARNING  | tldw_Server_API.app.core.DB_Management.db_path_utils:resolve_user_db_base_dir:491 - USER_DB_BASE_DIR not configured in tests, using isolated fallback: /private/var/folders/sn/m80n2j152t9gw3w8qwk2nykh0000gn/T/tldw_user_databases_test/default-cd1a9f21
2026-09-16 23:55:14.155 | INFO     | tldw_Server_API.app.core.DB_Management.ChaChaNotes_DB:__init__:7657 - Initializing CharactersRAGDB for path: /private/var/folders/sn/m80n2j152t9gw3w8qwk2nykh0000gn/T/pytest-of-macbook-dev/pytest-627/test_malformed_note_keyword_li6/3/ChaChaNotes.db [Client ID: 3] (backend=postgresql)
2026-09-16 23:55:14.625 | DEBUG    | tldw_Server_API.app.core.DB_Management.ChaChaNotes_DB:__init__:7664 - CharactersRAGDB initialization completed successfully for /private/var/folders/sn/m80n2j152t9gw3w8qwk2nykh0000gn/T/pytest-of-macbook-dev/pytest-627/test_malformed_note_keyword_li6/3/ChaChaNotes.db
2026-09-16 23:55:14.630 | DEBUG    | tldw_Server_API.app.core.DB_Management.ChaChaNotes_DB:_get_connection_for_state:8036 - Acquired backend connection (postgresql) for thread 8346099072
2026-09-16 23:55:14.634 | INFO     | tldw_Server_API.app.core.DB_Management.chacha.note_store:_execute:124 - Added note 'Alice private Citrine' with ID: 274d4de3-fe60-4422-82cd-c7ef02173ca2.
2026-09-16 23:55:14.637 | INFO     | tldw_Server_API.app.core.DB_Management.chacha.note_store:_execute:124 - Added note 'Alice deleted Citrine' with ID: d2b56b96-858b-4170-a5ac-58b5120d9559.
2026-09-16 23:55:14.645 | INFO     | tldw_Server_API.app.core.DB_Management.chacha.note_store:soft_delete_note:2247 - Soft-deleted note ID d2b56b96-858b-4170-a5ac-58b5120d9559 (was v1), new version 2.
2026-09-16 23:55:14.657 | DEBUG    | tldw_Server_API.app.core.DB_Management.ChaChaNotes_DB:_get_connection_for_state:8036 - Acquired backend connection (postgresql) for thread 8346099072
2026-09-16 23:55:14.664 | INFO     | tldw_Server_API.app.core.DB_Management.chacha.note_store:_execute:124 - Added note 'Bob private Indigo' with ID: d5f34252-82a1-454e-bb42-c870c46d6033.
2026-09-16 23:55:14.665 | DEBUG    | tldw_Server_API.app.core.DB_Management.ChaChaNotes_DB:close_connection:8110 - Returned backend connection (postgresql) for thread 8346099072.
2026-09-16 23:55:14.665 | DEBUG    | tldw_Server_API.app.core.DB_Management.ChaChaNotes_DB:close_connection:8110 - Returned backend connection (postgresql) for thread 8346099072.2026-09-16 23:55:27.005 | INFO     | tldw_Server_API.app.core.config:_buffered_log:210 - Determined ACTUAL_PROJECT_ROOT for database paths: /Users/macbook-dev/Documents/GitHub/tldw_server2
2026-09-16 23:55:27.005 | INFO     | tldw_Server_API.app.core.config:_buffered_log:210 - Early loading environment variables from: /Users/macbook-dev/Documents/GitHub/tldw_server2/tldw_Server_API/Config_Files/.env
2026-09-16 23:55:27.015 | INFO     | tldw_Server_API.app.core.config:_buffered_log:210 - Early loading environment variables from: /Users/macbook-dev/Documents/GitHub/tldw_server2/tldw_Server_API/Config_Files/.ENV
2026-09-16 23:55:27.024 | DEBUG    | tldw_Server_API.app.core.config:_buffered_log:210 - load_and_log_configs(): Loading and logging configurations...
2026-09-16 23:55:27.026 | INFO     | tldw_Server_API.app.core.config:_buffered_log:210 - Loading environment variables from: /Users/macbook-dev/Documents/GitHub/tldw_server2/tldw_Server_API/Config_Files/.env
2026-09-16 23:55:27.034 | INFO     | tldw_Server_API.app.core.config:_buffered_log:210 - Loading environment variables from: /Users/macbook-dev/Documents/GitHub/tldw_server2/tldw_Server_API/Config_Files/.ENV
2026-09-16 23:55:27.045 | INFO     | tldw_Server_API.app.core.config:_buffered_log:210 - Attempting to load comprehensive config from: /Users/macbook-dev/Documents/GitHub/tldw_server2/tldw_Server_API/Config_Files/config.txt
2026-09-16 23:55:27.050 | INFO     | tldw_Server_API.app.core.config:_buffered_log:210 - load_comprehensive_config(): Sections found in config: ['Setup', 'UI', 'Server', 'Files', 'Image-Generation', 'ACP', 'WORKSPACES', 'ACP-WORKSPACE', 'ACP-SANDBOX', 'Audit', 'Processing', 'Media-Processing', 'Chat-Dictionaries', 'Chat-Module', 'Chat-Commands', 'Chat-Templating', 'Character-Chat', 'Settings', 'Auto-Save', 'Prompts', 'Database', 'Chunking', 'Visual-RAG', 'AuthNZ', 'Streaming', 'HTTP', 'Egress', 'Embeddings', 'Claims', 'ClaimsMonitoring', 'RAG', 'Search-Agent', 'ResourceGovernor', 'Jobs', 'SlidesStandaloneHtml', 'Diarization', 'API', 'MLX', 'Local-API', 'LlamaCpp', 'STT-Settings', 'external_providers', 'TTS-Settings', 'VibeVoice', 'Audio-Quota', 'API-Routes', 'Search-Engines', 'Web-Scraper', 'Logging', 'Moderation', 'Redis', 'Web-Scraping', 'personalization', 'persona', 'persona.rbac']
2026-09-16 23:55:27.054 | INFO     | tldw_Server_API.app.core.config:_buffered_log:210 - Ensured main SQLite database directory exists: /Users/macbook-dev/Documents/GitHub/tldw_server2/Databases
2026-09-16 23:55:27.054 | INFO     | tldw_Server_API.app.core.config:_buffered_log:210 - Ensured user data base directory exists: Databases/user_databases
2026-09-16 23:55:27.054 | INFO     | tldw_Server_API.app.api.v1.API_Deps.Audit_DB_Deps:<module>:532 - Using cachetools.LRUCache for audit service instances (maxsize=20).
2026-09-16 23:55:27.055 | INFO     | tldw_Server_API.app.api.v1.API_Deps.Audit_DB_Deps:shutdown_all_audit_services:1034 - Shutting down audit services for 0 instances...
2026-09-16 23:55:27.055 | INFO     | tldw_Server_API.app.api.v1.API_Deps.Audit_DB_Deps:shutdown_all_audit_services:1091 - All audit services shut down successfully.
2026-09-16 23:55:27.074 | DEBUG    | tldw_Server_API.app.core.AuthNZ.settings:_ensure_jwt_secret:899 - Single-user mode - skipping JWT secret initialization
2026-09-16 23:55:27.074 | WARNING  | tldw_Server_API.app.core.AuthNZ.settings:_validate_api_key:1013 - SINGLE_USER_API_KEY uses a legacy format; generate a new server-generated key for improved security.
2026-09-16 23:55:27.075 | INFO     | tldw_Server_API.app.core.AuthNZ.settings:get_settings:1588 - Settings initialized - Auth mode: single_user, profile=local-single-user
2026-09-16 23:55:27.075 | INFO     | tldw_Server_API.app.core.AuthNZ.db_config:_detect_backend:83 - Detected database backend: sqlite
2026-09-16 23:55:27.325 | DEBUG    | tldw_Server_API.app.core.config:_buffered_log:210 - load_and_log_configs(): Loading and logging configurations...
2026-09-16 23:55:27.342 | DEBUG    | tldw_Server_API.app.core.config:_buffered_log:210 - load_and_log_configs(): Loading and logging configurations...
2026-09-16 23:55:27.430 | INFO     | tldw_Server_API.app.core.Chat.prompt_template_manager:<module>:201 - Prompt templates directory: /Users/macbook-dev/Documents/GitHub/tldw_server2/tldw_Server_API/app/core/Chat/prompt_templates
2026-09-16 23:55:27.430 | INFO     | tldw_Server_API.app.core.Chat.prompt_template_manager:<module>:202 - Available templates found: []
2026-09-16 23:55:27.615 | DEBUG    | tldw_Server_API.app.core.Scheduler.base.registry:decorator:81 - Registered task handler: watchlist_run
2026-09-16 23:55:27.615 | DEBUG    | tldw_Server_API.app.core.Scheduler.base.registry:decorator:81 - Registered task handler: watchlists_enrich_output
2026-09-16 23:55:27.615 | DEBUG    | tldw_Server_API.app.core.Scheduler.base.registry:decorator:81 - Registered task handler: watchlists_deliver_briefing
2026-09-16 23:55:27.617 | DEBUG    | tldw_Server_API.app.core.Scheduler.base.registry:decorator:81 - Registered task handler: acp_run
2026-09-16 23:55:27.618 | DEBUG    | tldw_Server_API.app.core.Scheduler.base.registry:decorator:81 - Registered task handler: workflow_run
2026-09-16 23:55:27.618 | WARNING  | tldw_Server_API.app.core.DB_Management.db_path_utils:resolve_user_db_base_dir:491 - USER_DB_BASE_DIR not configured in tests, using isolated fallback: /private/var/folders/sn/m80n2j152t9gw3w8qwk2nykh0000gn/T/tldw_user_databases_test/default-cd1a9f21
2026-09-16 23:55:27.619 | DEBUG    | tldw_Server_API.app.core.DB_Management.backends.factory:_get_or_create_shared_sqlite_backend:325 - Creating sqlite backend for /private/var/folders/sn/m80n2j152t9gw3w8qwk2nykh0000gn/T/tldw_user_databases_test/default-cd1a9f21/1/workflows/workflows_scheduler.db
2026-09-16 23:55:27.621 | INFO     | tldw_Server_API.app.core.DB_Management.Workflows_Scheduler_DB:__init__:210 - WorkflowsSchedulerDB using SQLite path: /private/var/folders/sn/m80n2j152t9gw3w8qwk2nykh0000gn/T/tldw_user_databases_test/default-cd1a9f21/1/workflows/workflows_scheduler.db
2026-09-16 23:55:27.622 | INFO     | tldw_Server_API.app.services.workflows_scheduler:stop:183 - Workflows recurring scheduler stopped
2026-09-16 23:55:27.622 | INFO     | tldw_Server_API.app.api.v1.API_Deps.ChaCha_Notes_DB_Deps:close_all_chacha_db_instances:876 - Closing all cached ChaChaNotesDB instances (0)...
2026-09-16 23:55:27.622 | INFO     | tldw_Server_API.app.api.v1.API_Deps.ChaCha_Notes_DB_Deps:close_all_chacha_db_instances:892 - All ChaChaNotesDB instances closed and cache cleared.
2026-09-16 23:55:27.634 | INFO     | tldw_Server_API.app.api.v1.API_Deps.DB_Deps:<module>:57 - Using LRUCache for user DB instances (maxsize=100).
2026-09-16 23:55:27.922 | DEBUG    | tldw_Server_API.app.core.Metrics.metrics_manager:register_metric:1885 - Registered metric: chunker_cache_get_total
2026-09-16 23:55:27.922 | DEBUG    | tldw_Server_API.app.core.Metrics.metrics_manager:register_metric:1885 - Registered metric: chunker_cache_put_total
2026-09-16 23:55:27.922 | DEBUG    | tldw_Server_API.app.core.Metrics.metrics_manager:register_metric:1885 - Registered metric: chunker_process_total
2026-09-16 23:55:27.922 | DEBUG    | tldw_Server_API.app.core.Metrics.metrics_manager:register_metric:1885 - Registered metric: chunker_frontmatter_duration_seconds
2026-09-16 23:55:27.922 | DEBUG    | tldw_Server_API.app.core.Metrics.metrics_manager:register_metric:1885 - Registered metric: chunker_header_extract_seconds
2026-09-16 23:55:27.922 | DEBUG    | tldw_Server_API.app.core.Metrics.metrics_manager:register_metric:1885 - Registered metric: chunker_chunking_duration_seconds
2026-09-16 23:55:27.922 | DEBUG    | tldw_Server_API.app.core.Metrics.metrics_manager:register_metric:1885 - Registered metric: chunker_normalization_seconds
2026-09-16 23:55:27.922 | DEBUG    | tldw_Server_API.app.core.Metrics.metrics_manager:register_metric:1885 - Registered metric: chunker_last_chunk_count
2026-09-16 23:55:27.922 | DEBUG    | tldw_Server_API.app.core.Metrics.metrics_manager:register_metric:1885 - Registered metric: chunker_output_bytes
2026-09-16 23:55:27.922 | DEBUG    | tldw_Server_API.app.core.Metrics.metrics_manager:register_metric:1885 - Registered metric: chunker_input_bytes
2026-09-16 23:55:27.922 | DEBUG    | tldw_Server_API.app.core.Metrics.metrics_manager:register_metric:1885 - Registered metric: chunker_process_total_seconds
2026-09-16 23:55:27.922 | DEBUG    | tldw_Server_API.app.core.config:_buffered_log:210 - load_and_log_configs(): Loading and logging configurations...
2026-09-16 23:55:27.925 | DEBUG    | tldw_Server_API.app.core.config:_buffered_log:210 - load_and_log_configs(): Loading and logging configurations...

----------------------------- Captured stderr call -----------------------------
2026-09-16 23:55:14.669 | DEBUG    | tldw_Server_API.app.core.DB_Management.ChaChaNotes_DB:_get_connection_for_state:8036 - Acquired backend connection (postgresql) for thread 8346099072
2026-09-16 23:55:14.671 | INFO     | tldw_Server_API.app.core.DB_Management.ChaChaNotes_DB:_add_generic_item:32644 - Added chacha_keywords 'Foreign amber' with ID: 1.
2026-09-16 23:55:14.679 | DEBUG    | tldw_Server_API.app.core.DB_Management.ChaChaNotes_DB:_get_connection_for_state:8036 - Acquired backend connection (postgresql) for thread 8346099072
2026-09-16 23:55:14.683 | INFO     | tldw_Server_API.app.core.DB_Management.ChaChaNotes_DB:_add_generic_item:32644 - Added chacha_keywords 'Owned indigo' with ID: 2.
2026-09-16 23:55:14.687 | INFO     | tldw_Server_API.app.core.DB_Management.ChaChaNotes_DB:_add_generic_item:32644 - Added chacha_keywords 'Owned destination' with ID: 3.
2026-09-16 23:55:14.699 | DEBUG    | tldw_Server_API.app.core.DB_Management.ChaChaNotes_DB:_manage_link:34391 - Logged sync event for note_keywords: create on d5f34252-82a1-454e-bb42-c870c46d6033_2
2026-09-16 23:55:14.700 | INFO     | tldw_Server_API.app.core.DB_Management.ChaChaNotes_DB:_manage_link:34393 - Linked note_keywords: note_id=d5f34252-82a1-454e-bb42-c870c46d6033, keyword_id=2. Rows affected: 1
2026-09-16 23:55:14.704 | DEBUG    | tldw_Server_API.app.core.DB_Management.ChaChaNotes_DB:execute_query:8286 - Executing SQL (script=False, backend=postgresql):
                    SELECT nk.note_id AS note_id, k.*                     FROM chacha_keywords k                              JOIN note_keywords nk ON k.id = nk.keyword_id
                    WHERE nk.note_id IN (?,?)                       AND k.deleted = 0                     ORDER BY LOWER(k.keyw... Params: ('d5f34252-82a1-454e-bb42-c870c46d6033', '274d4de3-fe60-4422-82cd-c7ef02173ca2')...
--------------------------- Captured stderr teardown ---------------------------
2026-09-16 23:55:14.717 | DEBUG    | tldw_Server_API.app.core.DB_Management.ChaChaNotes_DB:close_connection:8110 - Returned backend connection (postgresql) for thread 8346099072.
2026-09-16 23:55:14.717 | DEBUG    | tldw_Server_API.app.core.DB_Management.ChaChaNotes_DB:close_connection:8110 - Returned backend connection (postgresql) for thread 8346099072.
2026-09-16 23:55:14.768 | INFO     | tldw_Server_API.app.api.v1.API_Deps.ChaCha_Notes_DB_Deps:close_all_chacha_db_instances:876 - Closing all cached ChaChaNotesDB instances (0)...
2026-09-16 23:55:14.768 | INFO     | tldw_Server_API.app.api.v1.API_Deps.ChaCha_Notes_DB_Deps:close_all_chacha_db_instances:892 - All ChaChaNotesDB instances closed and cache cleared.
2026-09-16 23:55:14.769 | INFO     | tldw_Server_API.app.api.v1.API_Deps.ChaCha_Notes_DB_Deps:close_all_chacha_db_instances:876 - Closing all cached ChaChaNotesDB instances (0)...
2026-09-16 23:55:14.769 | INFO     | tldw_Server_API.app.api.v1.API_Deps.ChaCha_Notes_DB_Deps:close_all_chacha_db_instances:892 - All ChaChaNotesDB instances closed and cache cleared.
=========================== short test summary info ============================
FAILED tldw_Server_API/tests/DB_Management/test_note_shared_owner_contract.py::test_other_keyword_link_parent_scope[postgres-reverse-read-collection]
FAILED tldw_Server_API/tests/DB_Management/test_note_shared_owner_contract.py::test_malformed_note_keyword_links_do_not_cross_owners[single-postgres]
FAILED tldw_Server_API/tests/DB_Management/test_note_shared_owner_contract.py::test_other_keyword_link_parent_scope[postgres-link-count-conversation]
FAILED tldw_Server_API/tests/DB_Management/test_note_shared_owner_contract.py::test_note_rejects_foreign_conversation_parent[postgres-update]
FAILED tldw_Server_API/tests/DB_Management/test_note_shared_owner_contract.py::test_note_rejects_foreign_conversation_parent[postgres-create]
FAILED tldw_Server_API/tests/DB_Management/test_note_shared_owner_contract.py::test_folder_paths_and_source_keys_preserve_other_owner[postgres-same-path]
FAILED tldw_Server_API/tests/DB_Management/test_note_shared_owner_contract.py::test_other_keyword_link_parent_scope[postgres-reverse-read-conversation]
FAILED tldw_Server_API/tests/DB_Management/test_note_shared_owner_contract.py::test_other_keyword_link_parent_scope[postgres-foreign-read-conversation]
FAILED tldw_Server_API/tests/DB_Management/test_note_shared_owner_contract.py::test_other_keyword_link_parent_scope[postgres-link-count-collection]
FAILED tldw_Server_API/tests/DB_Management/test_note_shared_owner_contract.py::test_other_keyword_link_parent_scope[postgres-foreign-read-collection]
FAILED tldw_Server_API/tests/DB_Management/test_note_shared_owner_contract.py::test_malformed_note_keyword_links_do_not_cross_owners[reverse-postgres]
FAILED tldw_Server_API/tests/DB_Management/test_note_shared_owner_contract.py::test_malformed_note_keyword_links_do_not_cross_owners[merge-postgres]
FAILED tldw_Server_API/tests/DB_Management/test_note_shared_owner_contract.py::test_malformed_note_keyword_links_do_not_cross_owners[batch-postgres]
===== 13 failed, 22 passed, 102 deselected, 4 warnings in 66.16s (0:01:06) =====
