============================= test session starts ==============================
platform darwin -- Python 3.11.13, pytest-8.4.1, pluggy-1.6.0
benchmark: 5.2.3 (defaults: timer=time.perf_counter disable_gc=False min_rounds=5 min_time=0.000005 max_time=1.0 calibration_precision=10 warmup=False warmup_iterations=100000)
Using --randomly-seed=2795868330
rootdir: /Users/macbook-dev/Documents/GitHub/tldw_server2
configfile: pyproject.toml
plugins: anyio-4.12.1, benchmark-5.2.3, locust-2.43.3, asyncio-1.1.0, xdist-3.8.0, split-0.11.0, timeout-2.4.0, randomly-4.1.0, hypothesis-6.138.2, cov-6.2.1, mock-3.14.1
asyncio: mode=Mode.AUTO, asyncio_default_fixture_loop_scope=function, asyncio_default_test_loop_scope=function
timeout: 300.0s
timeout method: thread
timeout func_only: False
collected 45 items

tldw_Server_API/tests/DB_Management/test_note_shared_owner_contract.py F [  2%]
..F.FF.FFF.F.F..FF..FF.FFFFF.F..F...F......F                             [100%]

=================================== FAILURES ===================================
_____________ test_organization_owner_edges[postgres-folder-list] ______________
tldw_Server_API/tests/DB_Management/test_note_shared_owner_contract.py:95: in test_organization_owner_edges
    if operation == 'folder-list': assert f.bob.list_note_folders() == []
                                   ^^^^^^^^^^^^^^^^^^^^^^^^^^^^^^^^^^^^^^
E   AssertionError: assert [{'id': 1, 'n...folder', ...}] == []
E
E     Left contains one more item: {'id': 1, 'name': 'Private amber folder', 'parent_id': None, 'path': 'Private amber folder', ...}
E     Use -v to get more diff
---------------------------- Captured stderr setup -----------------------------
2026-09-16 23:34:17.205 | WARNING  | tldw_Server_API.app.core.DB_Management.db_path_utils:resolve_user_db_base_dir:491 - USER_DB_BASE_DIR not configured in tests, using isolated fallback: /private/var/folders/sn/m80n2j152t9gw3w8qwk2nykh0000gn/T/tldw_user_databases_test/default-8d1a5f83
2026-09-16 23:34:17.205 | DEBUG    | tldw_Server_API.app.core.DB_Management.db_path_utils:get_user_base_directory:534 - Created user directory: /private/var/folders/sn/m80n2j152t9gw3w8qwk2nykh0000gn/T/tldw_user_databases_test/default-8d1a5f83/1
2026-09-16 23:34:17.206 | WARNING  | tldw_Server_API.app.core.DB_Management.db_path_utils:resolve_user_db_base_dir:491 - USER_DB_BASE_DIR not configured in tests, using isolated fallback: /private/var/folders/sn/m80n2j152t9gw3w8qwk2nykh0000gn/T/tldw_user_databases_test/default-8d1a5f83
2026-09-16 23:34:17.206 | WARNING  | tldw_Server_API.app.core.DB_Management.db_path_utils:resolve_user_db_base_dir:491 - USER_DB_BASE_DIR not configured in tests, using isolated fallback: /private/var/folders/sn/m80n2j152t9gw3w8qwk2nykh0000gn/T/tldw_user_databases_test/default-8d1a5f83
2026-09-16 23:34:17.206 | WARNING  | tldw_Server_API.app.core.DB_Management.db_path_utils:resolve_user_db_base_dir:491 - USER_DB_BASE_DIR not configured in tests, using isolated fallback: /private/var/folders/sn/m80n2j152t9gw3w8qwk2nykh0000gn/T/tldw_user_databases_test/default-8d1a5f83
2026-09-16 23:34:17.223 | DEBUG    | tldw_Server_API.app.core.AuthNZ.settings:_ensure_jwt_secret:899 - Single-user mode - skipping JWT secret initialization
2026-09-16 23:34:17.224 | INFO     | tldw_Server_API.app.core.AuthNZ.settings:get_settings:1588 - Settings initialized - Auth mode: single_user, profile=local-single-user
2026-09-16 23:34:17.250 | INFO     | tldw_Server_API.app.core.DB_Management.backends.factory:create_backend:392 - Creating postgresql backend
2026-09-16 23:34:17.250 | WARNING  | tldw_Server_API.app.core.DB_Management.db_path_utils:resolve_user_db_base_dir:491 - USER_DB_BASE_DIR not configured in tests, using isolated fallback: /private/var/folders/sn/m80n2j152t9gw3w8qwk2nykh0000gn/T/tldw_user_databases_test/default-8d1a5f83
2026-09-16 23:34:17.266 | INFO     | tldw_Server_API.app.core.DB_Management.ChaChaNotes_DB:__init__:7657 - Initializing CharactersRAGDB for path: /private/var/folders/sn/m80n2j152t9gw3w8qwk2nykh0000gn/T/pytest-of-macbook-dev/pytest-611/test_organization_owner_edges_0/2/ChaChaNotes.db [Client ID: 2] (backend=postgresql)
2026-09-16 23:34:18.604 | DEBUG    | tldw_Server_API.app.core.DB_Management.ChaChaNotes_DB:__init__:7664 - CharactersRAGDB initialization completed successfully for /private/var/folders/sn/m80n2j152t9gw3w8qwk2nykh0000gn/T/pytest-of-macbook-dev/pytest-611/test_organization_owner_edges_0/2/ChaChaNotes.db
2026-09-16 23:34:18.604 | WARNING  | tldw_Server_API.app.core.DB_Management.db_path_utils:resolve_user_db_base_dir:491 - USER_DB_BASE_DIR not configured in tests, using isolated fallback: /private/var/folders/sn/m80n2j152t9gw3w8qwk2nykh0000gn/T/tldw_user_databases_test/default-8d1a5f83
2026-09-16 23:34:18.604 | INFO     | tldw_Server_API.app.core.DB_Management.ChaChaNotes_DB:__init__:7657 - Initializing CharactersRAGDB for path: /private/var/folders/sn/m80n2j152t9gw3w8qwk2nykh0000gn/T/pytest-of-macbook-dev/pytest-611/test_organization_owner_edges_0/3/ChaChaNotes.db [Client ID: 3] (backend=postgresql)
2026-09-16 23:34:18.746 | DEBUG    | tldw_Server_API.app.core.DB_Management.ChaChaNotes_DB:__init__:7664 - CharactersRAGDB initialization completed successfully for /private/var/folders/sn/m80n2j152t9gw3w8qwk2nykh0000gn/T/pytest-of-macbook-dev/pytest-611/test_organization_owner_edges_0/3/ChaChaNotes.db
2026-09-16 23:34:18.747 | DEBUG    | tldw_Server_API.app.core.DB_Management.ChaChaNotes_DB:_get_connection_for_state:8036 - Acquired backend connection (postgresql) for thread 8346099072
2026-09-16 23:34:18.749 | INFO     | tldw_Server_API.app.core.DB_Management.chacha.note_store:_execute:124 - Added note 'Alice private Citrine' with ID: 0cc1c184-35ad-431c-8a37-3d516a63a1e1.
2026-09-16 23:34:18.751 | INFO     | tldw_Server_API.app.core.DB_Management.chacha.note_store:_execute:124 - Added note 'Alice deleted Citrine' with ID: fa67d00e-a7d1-4a70-8918-b6737f70bf5e.
2026-09-16 23:34:18.753 | INFO     | tldw_Server_API.app.core.DB_Management.chacha.note_store:soft_delete_note:2219 - Soft-deleted note ID fa67d00e-a7d1-4a70-8918-b6737f70bf5e (was v1), new version 2.
2026-09-16 23:34:18.758 | DEBUG    | tldw_Server_API.app.core.DB_Management.ChaChaNotes_DB:_get_connection_for_state:8036 - Acquired backend connection (postgresql) for thread 8346099072
2026-09-16 23:34:18.760 | INFO     | tldw_Server_API.app.core.DB_Management.chacha.note_store:_execute:124 - Added note 'Bob private Indigo' with ID: de39f40f-eb82-48f5-853c-baed38fd8a9c.
2026-09-16 23:34:18.761 | DEBUG    | tldw_Server_API.app.core.DB_Management.ChaChaNotes_DB:close_connection:8110 - Returned backend connection (postgresql) for thread 8346099072.
2026-09-16 23:34:18.761 | DEBUG    | tldw_Server_API.app.core.DB_Management.ChaChaNotes_DB:close_connection:8110 - Returned backend connection (postgresql) for thread 8346099072.
----------------------------- Captured stderr call -----------------------------
2026-09-16 23:34:18.762 | DEBUG    | tldw_Server_API.app.core.DB_Management.ChaChaNotes_DB:_get_connection_for_state:8036 - Acquired backend connection (postgresql) for thread 8346099072
2026-09-16 23:34:18.765 | DEBUG    | tldw_Server_API.app.core.DB_Management.ChaChaNotes_DB:execute_query:8286 - Executing SQL (script=False, backend=postgresql):
                SELECT f.id, f.sync_id, f.name, f.path, f.parent_id
                  FROM note_folders f
                  JOIN (
                        SELECT folder_id
                          FROM note_folder_memberships
                         WHERE note_id = ?
                        UNION... Params: ('0cc1c184-35ad-431c-8a37-3d516a63a1e1', '0cc1c184-35ad-431c-8a37-3d516a63a1e1', '0cc1c184-35ad-431c-8a37-3d516a63a1e1')...
2026-09-16 23:34:18.768 | DEBUG    | tldw_Server_API.app.core.DB_Management.ChaChaNotes_DB:_get_connection_for_state:8036 - Acquired backend connection (postgresql) for thread 8346099072
2026-09-16 23:34:18.768 | DEBUG    | tldw_Server_API.app.core.DB_Management.ChaChaNotes_DB:execute_query:8286 - Executing SQL (script=False, backend=postgresql): SELECT id, sync_id, name, path, parent_id FROM note_folders WHERE deleted = ? ORDER BY LOWER(path) LIMIT ? OFFSET ?... Params: (False, 1000, 0)...
--------------------------- Captured stderr teardown ---------------------------
2026-09-16 23:34:18.801 | DEBUG    | tldw_Server_API.app.core.DB_Management.ChaChaNotes_DB:close_connection:8110 - Returned backend connection (postgresql) for thread 8346099072.
2026-09-16 23:34:18.801 | DEBUG    | tldw_Server_API.app.core.DB_Management.ChaChaNotes_DB:close_connection:8110 - Returned backend connection (postgresql) for thread 8346099072.
2026-09-16 23:34:18.822 | INFO     | tldw_Server_API.app.core.config:_buffered_log:210 - Determined ACTUAL_PROJECT_ROOT for database paths: /Users/macbook-dev/Documents/GitHub/tldw_server2
2026-09-16 23:34:18.822 | INFO     | tldw_Server_API.app.core.config:_buffered_log:210 - Early loading environment variables from: /Users/macbook-dev/Documents/GitHub/tldw_server2/tldw_Server_API/Config_Files/.env
2026-09-16 23:34:18.826 | INFO     | tldw_Server_API.app.core.config:_buffered_log:210 - Early loading environment variables from: /Users/macbook-dev/Documents/GitHub/tldw_server2/tldw_Server_API/Config_Files/.ENV
2026-09-16 23:34:18.830 | DEBUG    | tldw_Server_API.app.core.config:_buffered_log:210 - load_and_log_configs(): Loading and logging configurations...
2026-09-16 23:34:18.830 | INFO     | tldw_Server_API.app.core.config:_buffered_log:210 - Loading environment variables from: /Users/macbook-dev/Documents/GitHub/tldw_server2/tldw_Server_API/Config_Files/.env
2026-09-16 23:34:18.835 | INFO     | tldw_Server_API.app.core.config:_buffered_log:210 - Loading environment variables from: /Users/macbook-dev/Documents/GitHub/tldw_server2/tldw_Server_API/Config_Files/.ENV
2026-09-16 23:34:18.839 | INFO     | tldw_Server_API.app.core.config:_buffered_log:210 - Attempting to load comprehensive config from: /Users/macbook-dev/Documents/GitHub/tldw_server2/tldw_Server_API/Config_Files/config.txt
2026-09-16 23:34:18.840 | INFO     | tldw_Server_API.app.core.config:_buffered_log:210 - load_comprehensive_config(): Sections found in config: ['Setup', 'UI', 'Server', 'Files', 'Image-Generation', 'ACP', 'WORKSPACES', 'ACP-WORKSPACE', 'ACP-SANDBOX', 'Audit', 'Processing', 'Media-Processing', 'Chat-Dictionaries', 'Chat-Module', 'Chat-Commands', 'Chat-Templating', 'Character-Chat', 'Settings', 'Auto-Save', 'Prompts', 'Database', 'Chunking', 'Visual-RAG', 'AuthNZ', 'Streaming', 'HTTP', 'Egress', 'Embeddings', 'Claims', 'ClaimsMonitoring', 'RAG', 'Search-Agent', 'ResourceGovernor', 'Jobs', 'SlidesStandaloneHtml', 'Diarization', 'API', 'MLX', 'Local-API', 'LlamaCpp', 'STT-Settings', 'external_providers', 'TTS-Settings', 'VibeVoice', 'Audio-Quota', 'API-Routes', 'Search-Engines', 'Web-Scraper', 'Logging', 'Moderation', 'Redis', 'Web-Scraping', 'personalization', 'persona', 'persona.rbac']
2026-09-16 23:34:18.842 | INFO     | tldw_Server_API.app.core.config:_buffered_log:210 - Ensured main SQLite database directory exists: /Users/macbook-dev/Documents/GitHub/tldw_server2/Databases
2026-09-16 23:34:18.842 | INFO     | tldw_Server_API.app.core.config:_buffered_log:210 - Ensured user data base directory exists: Databases/user_databases
2026-09-16 23:34:18.842 | INFO     | tldw_Server_API.app.api.v1.API_Deps.ChaCha_Notes_DB_Deps:<module>:356 - Using LRUCache for ChaChaNotes DB instances (maxsize=20).
2026-09-16 23:34:18.842 | INFO     | tldw_Server_API.app.api.v1.API_Deps.ChaCha_Notes_DB_Deps:close_all_chacha_db_instances:876 - Closing all cached ChaChaNotesDB instances (0)...
2026-09-16 23:34:18.842 | INFO     | tldw_Server_API.app.api.v1.API_Deps.ChaCha_Notes_DB_Deps:close_all_chacha_db_instances:892 - All ChaChaNotesDB instances closed and cache cleared.
2026-09-16 23:34:18.853 | INFO     | tldw_Server_API.app.api.v1.API_Deps.ChaCha_Notes_DB_Deps:close_all_chacha_db_instances:876 - Closing all cached ChaChaNotesDB instances (0)...
2026-09-16 23:34:18.853 | INFO     | tldw_Server_API.app.api.v1.API_Deps.ChaCha_Notes_DB_Deps:close_all_chacha_db_instances:892 - All ChaChaNotesDB instances closed and cache cleared.
__________ test_foreign_note_mutation_rejected[postgres-hard-delete] ___________
tldw_Server_API/tests/DB_Management/test_note_shared_owner_contract.py:66: in test_foreign_note_mutation_rejected
    assert not result
E   assert not True
---------------------------- Captured stderr setup -----------------------------
2026-09-16 23:34:21.281 | INFO     | tldw_Server_API.app.core.DB_Management.backends.factory:create_backend:392 - Creating postgresql backend
2026-09-16 23:34:21.281 | INFO     | tldw_Server_API.app.core.config:_buffered_log:210 - Determined ACTUAL_PROJECT_ROOT for database paths: /Users/macbook-dev/Documents/GitHub/tldw_server2
2026-09-16 23:34:21.282 | INFO     | tldw_Server_API.app.core.config:_buffered_log:210 - Early loading environment variables from: /Users/macbook-dev/Documents/GitHub/tldw_server2/tldw_Server_API/Config_Files/.env
2026-09-16 23:34:21.286 | INFO     | tldw_Server_API.app.core.config:_buffered_log:210 - Early loading environment variables from: /Users/macbook-dev/Documents/GitHub/tldw_server2/tldw_Server_API/Config_Files/.ENV
2026-09-16 23:34:21.290 | DEBUG    | tldw_Server_API.app.core.config:_buffered_log:210 - load_and_log_configs(): Loading and logging configurations...
2026-09-16 23:34:21.290 | INFO     | tldw_Server_API.app.core.config:_buffered_log:210 - Loading environment variables from: /Users/macbook-dev/Documents/GitHub/tldw_server2/tldw_Server_API/Config_Files/.env
2026-09-16 23:34:21.295 | INFO     | tldw_Server_API.app.core.config:_buffered_log:210 - Loading environment variables from: /Users/macbook-dev/Documents/GitHub/tldw_server2/tldw_Server_API/Config_Files/.ENV
2026-09-16 23:34:21.299 | INFO     | tldw_Server_API.app.core.config:_buffered_log:210 - Attempting to load comprehensive config from: /Users/macbook-dev/Documents/GitHub/tldw_server2/tldw_Server_API/Config_Files/config.txt
2026-09-16 23:34:21.300 | INFO     | tldw_Server_API.app.core.config:_buffered_log:210 - load_comprehensive_config(): Sections found in config: ['Setup', 'UI', 'Server', 'Files', 'Image-Generation', 'ACP', 'WORKSPACES', 'ACP-WORKSPACE', 'ACP-SANDBOX', 'Audit', 'Processing', 'Media-Processing', 'Chat-Dictionaries', 'Chat-Module', 'Chat-Commands', 'Chat-Templating', 'Character-Chat', 'Settings', 'Auto-Save', 'Prompts', 'Database', 'Chunking', 'Visual-RAG', 'AuthNZ', 'Streaming', 'HTTP', 'Egress', 'Embeddings', 'Claims', 'ClaimsMonitoring', 'RAG', 'Search-Agent', 'ResourceGovernor', 'Jobs', 'SlidesStandaloneHtml', 'Diarization', 'API', 'MLX', 'Local-API', 'LlamaCpp', 'STT-Settings', 'external_providers', 'TTS-Settings', 'VibeVoice', 'Audio-Quota', 'API-Routes', 'Search-Engines', 'Web-Scraper', 'Logging', 'Moderation', 'Redis', 'Web-Scraping', 'personalization', 'persona', 'persona.rbac']
2026-09-16 23:34:21.302 | INFO     | tldw_Server_API.app.core.config:_buffered_log:210 - Ensured main SQLite database directory exists: /Users/macbook-dev/Documents/GitHub/tldw_server2/Databases
2026-09-16 23:34:21.303 | INFO     | tldw_Server_API.app.core.config:_buffered_log:210 - Ensured user data base directory exists: Databases/user_databases
2026-09-16 23:34:21.303 | WARNING  | tldw_Server_API.app.core.DB_Management.db_path_utils:resolve_user_db_base_dir:491 - USER_DB_BASE_DIR not configured in tests, using isolated fallback: /private/var/folders/sn/m80n2j152t9gw3w8qwk2nykh0000gn/T/tldw_user_databases_test/default-8d1a5f83
2026-09-16 23:34:21.303 | INFO     | tldw_Server_API.app.core.DB_Management.ChaChaNotes_DB:__init__:7657 - Initializing CharactersRAGDB for path: /private/var/folders/sn/m80n2j152t9gw3w8qwk2nykh0000gn/T/pytest-of-macbook-dev/pytest-611/test_foreign_note_mutation_rej0/2/ChaChaNotes.db [Client ID: 2] (backend=postgresql)
2026-09-16 23:34:22.595 | DEBUG    | tldw_Server_API.app.core.DB_Management.ChaChaNotes_DB:__init__:7664 - CharactersRAGDB initialization completed successfully for /private/var/folders/sn/m80n2j152t9gw3w8qwk2nykh0000gn/T/pytest-of-macbook-dev/pytest-611/test_foreign_note_mutation_rej0/2/ChaChaNotes.db
2026-09-16 23:34:22.595 | WARNING  | tldw_Server_API.app.core.DB_Management.db_path_utils:resolve_user_db_base_dir:491 - USER_DB_BASE_DIR not configured in tests, using isolated fallback: /private/var/folders/sn/m80n2j152t9gw3w8qwk2nykh0000gn/T/tldw_user_databases_test/default-8d1a5f83
2026-09-16 23:34:22.595 | INFO     | tldw_Server_API.app.core.DB_Management.ChaChaNotes_DB:__init__:7657 - Initializing CharactersRAGDB for path: /private/var/folders/sn/m80n2j152t9gw3w8qwk2nykh0000gn/T/pytest-of-macbook-dev/pytest-611/test_foreign_note_mutation_rej0/3/ChaChaNotes.db [Client ID: 3] (backend=postgresql)
2026-09-16 23:34:22.738 | DEBUG    | tldw_Server_API.app.core.DB_Management.ChaChaNotes_DB:__init__:7664 - CharactersRAGDB initialization completed successfully for /private/var/folders/sn/m80n2j152t9gw3w8qwk2nykh0000gn/T/pytest-of-macbook-dev/pytest-611/test_foreign_note_mutation_rej0/3/ChaChaNotes.db
2026-09-16 23:34:22.739 | DEBUG    | tldw_Server_API.app.core.DB_Management.ChaChaNotes_DB:_get_connection_for_state:8036 - Acquired backend connection (postgresql) for thread 8346099072
2026-09-16 23:34:22.741 | INFO     | tldw_Server_API.app.core.DB_Management.chacha.note_store:_execute:124 - Added note 'Alice private Citrine' with ID: f30eeb23-208c-494f-b261-0e9c8bbb7276.
2026-09-16 23:34:22.743 | INFO     | tldw_Server_API.app.core.DB_Management.chacha.note_store:_execute:124 - Added note 'Alice deleted Citrine' with ID: 664b9355-793b-4368-896e-7f08ed7ffac5.
2026-09-16 23:34:22.745 | INFO     | tldw_Server_API.app.core.DB_Management.chacha.note_store:soft_delete_note:2219 - Soft-deleted note ID 664b9355-793b-4368-896e-7f08ed7ffac5 (was v1), new version 2.
2026-09-16 23:34:22.750 | DEBUG    | tldw_Server_API.app.core.DB_Management.ChaChaNotes_DB:_get_connection_for_state:8036 - Acquired backend connection (postgresql) for thread 8346099072
2026-09-16 23:34:22.753 | INFO     | tldw_Server_API.app.core.DB_Management.chacha.note_store:_execute:124 - Added note 'Bob private Indigo' with ID: e8acefca-a37a-4db8-87db-7e8438eee0d7.
2026-09-16 23:34:22.753 | DEBUG    | tldw_Server_API.app.core.DB_Management.ChaChaNotes_DB:close_connection:8110 - Returned backend connection (postgresql) for thread 8346099072.
2026-09-16 23:34:22.753 | DEBUG    | tldw_Server_API.app.core.DB_Management.ChaChaNotes_DB:close_connection:8110 - Returned backend connection (postgresql) for thread 8346099072.
----------------------------- Captured stderr call -----------------------------
2026-09-16 23:34:22.755 | DEBUG    | tldw_Server_API.app.core.DB_Management.ChaChaNotes_DB:_get_connection_for_state:8036 - Acquired backend connection (postgresql) for thread 8346099072
2026-09-16 23:34:22.755 | DEBUG    | tldw_Server_API.app.core.DB_Management.ChaChaNotes_DB:execute_query:8286 - Executing SQL (script=False, backend=postgresql): SELECT * FROM notes WHERE id = ?... Params: ('f30eeb23-208c-494f-b261-0e9c8bbb7276',)...
2026-09-16 23:34:22.757 | DEBUG    | tldw_Server_API.app.core.DB_Management.ChaChaNotes_DB:_get_connection_for_state:8036 - Acquired backend connection (postgresql) for thread 8346099072
--------------------------- Captured stderr teardown ---------------------------
2026-09-16 23:34:22.763 | DEBUG    | tldw_Server_API.app.core.DB_Management.ChaChaNotes_DB:close_connection:8110 - Returned backend connection (postgresql) for thread 8346099072.
2026-09-16 23:34:22.763 | DEBUG    | tldw_Server_API.app.core.DB_Management.ChaChaNotes_DB:close_connection:8110 - Returned backend connection (postgresql) for thread 8346099072.
2026-09-16 23:34:22.782 | INFO     | tldw_Server_API.app.api.v1.API_Deps.ChaCha_Notes_DB_Deps:close_all_chacha_db_instances:876 - Closing all cached ChaChaNotesDB instances (0)...
2026-09-16 23:34:22.783 | INFO     | tldw_Server_API.app.api.v1.API_Deps.ChaCha_Notes_DB_Deps:close_all_chacha_db_instances:892 - All ChaChaNotesDB instances closed and cache cleared.
2026-09-16 23:34:22.783 | INFO     | tldw_Server_API.app.api.v1.API_Deps.ChaCha_Notes_DB_Deps:close_all_chacha_db_instances:876 - Closing all cached ChaChaNotesDB instances (0)...
2026-09-16 23:34:22.783 | INFO     | tldw_Server_API.app.api.v1.API_Deps.ChaCha_Notes_DB_Deps:close_all_chacha_db_instances:892 - All ChaChaNotesDB instances closed and cache cleared.
_________ test_organization_owner_edges[postgres-foreign-note-folders] _________
tldw_Server_API/tests/DB_Management/test_note_shared_owner_contract.py:97: in test_organization_owner_edges
    elif operation == 'foreign-note-folders': assert f.bob.get_note_folders_for_note(f.private) == []
                                              ^^^^^^^^^^^^^^^^^^^^^^^^^^^^^^^^^^^^^^^^^^^^^^^^^^^^^^^
E   AssertionError: assert [{'id': 1, 'n...folder', ...}] == []
E
E     Left contains one more item: {'id': 1, 'name': 'Private amber folder', 'parent_id': None, 'path': 'Private amber folder', ...}
E     Use -v to get more diff
---------------------------- Captured stderr setup -----------------------------
2026-09-16 23:34:23.999 | INFO     | tldw_Server_API.app.core.DB_Management.backends.factory:create_backend:392 - Creating postgresql backend
2026-09-16 23:34:23.999 | INFO     | tldw_Server_API.app.core.config:_buffered_log:210 - Determined ACTUAL_PROJECT_ROOT for database paths: /Users/macbook-dev/Documents/GitHub/tldw_server2
2026-09-16 23:34:24.000 | INFO     | tldw_Server_API.app.core.config:_buffered_log:210 - Early loading environment variables from: /Users/macbook-dev/Documents/GitHub/tldw_server2/tldw_Server_API/Config_Files/.env
2026-09-16 23:34:24.004 | INFO     | tldw_Server_API.app.core.config:_buffered_log:210 - Early loading environment variables from: /Users/macbook-dev/Documents/GitHub/tldw_server2/tldw_Server_API/Config_Files/.ENV
2026-09-16 23:34:24.008 | DEBUG    | tldw_Server_API.app.core.config:_buffered_log:210 - load_and_log_configs(): Loading and logging configurations...
2026-09-16 23:34:24.008 | INFO     | tldw_Server_API.app.core.config:_buffered_log:210 - Loading environment variables from: /Users/macbook-dev/Documents/GitHub/tldw_server2/tldw_Server_API/Config_Files/.env
2026-09-16 23:34:24.012 | INFO     | tldw_Server_API.app.core.config:_buffered_log:210 - Loading environment variables from: /Users/macbook-dev/Documents/GitHub/tldw_server2/tldw_Server_API/Config_Files/.ENV
2026-09-16 23:34:24.017 | INFO     | tldw_Server_API.app.core.config:_buffered_log:210 - Attempting to load comprehensive config from: /Users/macbook-dev/Documents/GitHub/tldw_server2/tldw_Server_API/Config_Files/config.txt
2026-09-16 23:34:24.019 | INFO     | tldw_Server_API.app.core.config:_buffered_log:210 - load_comprehensive_config(): Sections found in config: ['Setup', 'UI', 'Server', 'Files', 'Image-Generation', 'ACP', 'WORKSPACES', 'ACP-WORKSPACE', 'ACP-SANDBOX', 'Audit', 'Processing', 'Media-Processing', 'Chat-Dictionaries', 'Chat-Module', 'Chat-Commands', 'Chat-Templating', 'Character-Chat', 'Settings', 'Auto-Save', 'Prompts', 'Database', 'Chunking', 'Visual-RAG', 'AuthNZ', 'Streaming', 'HTTP', 'Egress', 'Embeddings', 'Claims', 'ClaimsMonitoring', 'RAG', 'Search-Agent', 'ResourceGovernor', 'Jobs', 'SlidesStandaloneHtml', 'Diarization', 'API', 'MLX', 'Local-API', 'LlamaCpp', 'STT-Settings', 'external_providers', 'TTS-Settings', 'VibeVoice', 'Audio-Quota', 'API-Routes', 'Search-Engines', 'Web-Scraper', 'Logging', 'Moderation', 'Redis', 'Web-Scraping', 'personalization', 'persona', 'persona.rbac']
2026-09-16 23:34:24.021 | INFO     | tldw_Server_API.app.core.config:_buffered_log:210 - Ensured main SQLite database directory exists: /Users/macbook-dev/Documents/GitHub/tldw_server2/Databases
2026-09-16 23:34:24.021 | INFO     | tldw_Server_API.app.core.config:_buffered_log:210 - Ensured user data base directory exists: Databases/user_databases
2026-09-16 23:34:24.021 | WARNING  | tldw_Server_API.app.core.DB_Management.db_path_utils:resolve_user_db_base_dir:491 - USER_DB_BASE_DIR not configured in tests, using isolated fallback: /private/var/folders/sn/m80n2j152t9gw3w8qwk2nykh0000gn/T/tldw_user_databases_test/default-8d1a5f83
2026-09-16 23:34:24.021 | INFO     | tldw_Server_API.app.core.DB_Management.ChaChaNotes_DB:__init__:7657 - Initializing CharactersRAGDB for path: /private/var/folders/sn/m80n2j152t9gw3w8qwk2nykh0000gn/T/pytest-of-macbook-dev/pytest-611/test_organization_owner_edges_2/2/ChaChaNotes.db [Client ID: 2] (backend=postgresql)
2026-09-16 23:34:25.392 | DEBUG    | tldw_Server_API.app.core.DB_Management.ChaChaNotes_DB:__init__:7664 - CharactersRAGDB initialization completed successfully for /private/var/folders/sn/m80n2j152t9gw3w8qwk2nykh0000gn/T/pytest-of-macbook-dev/pytest-611/test_organization_owner_edges_2/2/ChaChaNotes.db
2026-09-16 23:34:25.392 | WARNING  | tldw_Server_API.app.core.DB_Management.db_path_utils:resolve_user_db_base_dir:491 - USER_DB_BASE_DIR not configured in tests, using isolated fallback: /private/var/folders/sn/m80n2j152t9gw3w8qwk2nykh0000gn/T/tldw_user_databases_test/default-8d1a5f83
2026-09-16 23:34:25.393 | INFO     | tldw_Server_API.app.core.DB_Management.ChaChaNotes_DB:__init__:7657 - Initializing CharactersRAGDB for path: /private/var/folders/sn/m80n2j152t9gw3w8qwk2nykh0000gn/T/pytest-of-macbook-dev/pytest-611/test_organization_owner_edges_2/3/ChaChaNotes.db [Client ID: 3] (backend=postgresql)
2026-09-16 23:34:25.543 | DEBUG    | tldw_Server_API.app.core.DB_Management.ChaChaNotes_DB:__init__:7664 - CharactersRAGDB initialization completed successfully for /private/var/folders/sn/m80n2j152t9gw3w8qwk2nykh0000gn/T/pytest-of-macbook-dev/pytest-611/test_organization_owner_edges_2/3/ChaChaNotes.db
2026-09-16 23:34:25.545 | DEBUG    | tldw_Server_API.app.core.DB_Management.ChaChaNotes_DB:_get_connection_for_state:8036 - Acquired backend connection (postgresql) for thread 8346099072
2026-09-16 23:34:25.548 | INFO     | tldw_Server_API.app.core.DB_Management.chacha.note_store:_execute:124 - Added note 'Alice private Citrine' with ID: f63036dc-2603-4f8c-b747-cd0d6d4ddf59.
2026-09-16 23:34:25.550 | INFO     | tldw_Server_API.app.core.DB_Management.chacha.note_store:_execute:124 - Added note 'Alice deleted Citrine' with ID: 8cf75625-2fd2-49dc-b693-4aa02b6939d0.
2026-09-16 23:34:25.553 | INFO     | tldw_Server_API.app.core.DB_Management.chacha.note_store:soft_delete_note:2219 - Soft-deleted note ID 8cf75625-2fd2-49dc-b693-4aa02b6939d0 (was v1), new version 2.
2026-09-16 23:34:25.558 | DEBUG    | tldw_Server_API.app.core.DB_Management.ChaChaNotes_DB:_get_connection_for_state:8036 - Acquired backend connection (postgresql) for thread 8346099072
2026-09-16 23:34:25.561 | INFO     | tldw_Server_API.app.core.DB_Management.chacha.note_store:_execute:124 - Added note 'Bob private Indigo' with ID: 44ab08cf-2b1c-4c54-927f-4a30146dc0fd.
2026-09-16 23:34:25.561 | DEBUG    | tldw_Server_API.app.core.DB_Management.ChaChaNotes_DB:close_connection:8110 - Returned backend connection (postgresql) for thread 8346099072.
2026-09-16 23:34:25.561 | DEBUG    | tldw_Server_API.app.core.DB_Management.ChaChaNotes_DB:close_connection:8110 - Returned backend connection (postgresql) for thread 8346099072.
----------------------------- Captured stderr call -----------------------------
2026-09-16 23:34:25.563 | DEBUG    | tldw_Server_API.app.core.DB_Management.ChaChaNotes_DB:_get_connection_for_state:8036 - Acquired backend connection (postgresql) for thread 8346099072
2026-09-16 23:34:25.566 | DEBUG    | tldw_Server_API.app.core.DB_Management.ChaChaNotes_DB:execute_query:8286 - Executing SQL (script=False, backend=postgresql):
                SELECT f.id, f.sync_id, f.name, f.path, f.parent_id
                  FROM note_folders f
                  JOIN (
                        SELECT folder_id
                          FROM note_folder_memberships
                         WHERE note_id = ?
                        UNION... Params: ('f63036dc-2603-4f8c-b747-cd0d6d4ddf59', 'f63036dc-2603-4f8c-b747-cd0d6d4ddf59', 'f63036dc-2603-4f8c-b747-cd0d6d4ddf59')...
2026-09-16 23:34:25.569 | DEBUG    | tldw_Server_API.app.core.DB_Management.ChaChaNotes_DB:_get_connection_for_state:8036 - Acquired backend connection (postgresql) for thread 8346099072
2026-09-16 23:34:25.570 | DEBUG    | tldw_Server_API.app.core.DB_Management.ChaChaNotes_DB:execute_query:8286 - Executing SQL (script=False, backend=postgresql):
                SELECT f.id, f.sync_id, f.name, f.path, f.parent_id
                  FROM note_folders f
                  JOIN (
                        SELECT folder_id
                          FROM note_folder_memberships
                         WHERE note_id = ?
                        UNION... Params: ('f63036dc-2603-4f8c-b747-cd0d6d4ddf59', 'f63036dc-2603-4f8c-b747-cd0d6d4ddf59', 'f63036dc-2603-4f8c-b747-cd0d6d4ddf59')...
--------------------------- Captured stderr teardown ---------------------------
2026-09-16 23:34:25.573 | DEBUG    | tldw_Server_API.app.core.DB_Management.ChaChaNotes_DB:close_connection:8110 - Returned backend connection (postgresql) for thread 8346099072.
2026-09-16 23:34:25.573 | DEBUG    | tldw_Server_API.app.core.DB_Management.ChaChaNotes_DB:close_connection:8110 - Returned backend connection (postgresql) for thread 8346099072.
2026-09-16 23:34:25.592 | INFO     | tldw_Server_API.app.api.v1.API_Deps.ChaCha_Notes_DB_Deps:close_all_chacha_db_instances:876 - Closing all cached ChaChaNotesDB instances (0)...
2026-09-16 23:34:25.592 | INFO     | tldw_Server_API.app.api.v1.API_Deps.ChaCha_Notes_DB_Deps:close_all_chacha_db_instances:892 - All ChaChaNotesDB instances closed and cache cleared.
2026-09-16 23:34:25.593 | INFO     | tldw_Server_API.app.api.v1.API_Deps.ChaCha_Notes_DB_Deps:close_all_chacha_db_instances:876 - Closing all cached ChaChaNotesDB instances (0)...
2026-09-16 23:34:25.593 | INFO     | tldw_Server_API.app.api.v1.API_Deps.ChaCha_Notes_DB_Deps:close_all_chacha_db_instances:892 - All ChaChaNotesDB instances closed and cache cleared.
__________ test_organization_owner_edges[postgres-keyword-same-text] ___________
tldw_Server_API/tests/DB_Management/test_note_shared_owner_contract.py:108: in test_organization_owner_edges
    assert f.bob.get_keyword_by_id(own)['client_id'] == '3'
E   AssertionError: assert '2' == '3'
E
E     - 3
E     + 2
---------------------------- Captured stderr setup -----------------------------
2026-09-16 23:34:25.614 | INFO     | tldw_Server_API.app.core.DB_Management.backends.factory:create_backend:392 - Creating postgresql backend
2026-09-16 23:34:25.614 | INFO     | tldw_Server_API.app.core.config:_buffered_log:210 - Determined ACTUAL_PROJECT_ROOT for database paths: /Users/macbook-dev/Documents/GitHub/tldw_server2
2026-09-16 23:34:25.615 | INFO     | tldw_Server_API.app.core.config:_buffered_log:210 - Early loading environment variables from: /Users/macbook-dev/Documents/GitHub/tldw_server2/tldw_Server_API/Config_Files/.env
2026-09-16 23:34:25.619 | INFO     | tldw_Server_API.app.core.config:_buffered_log:210 - Early loading environment variables from: /Users/macbook-dev/Documents/GitHub/tldw_server2/tldw_Server_API/Config_Files/.ENV
2026-09-16 23:34:25.623 | DEBUG    | tldw_Server_API.app.core.config:_buffered_log:210 - load_and_log_configs(): Loading and logging configurations...
2026-09-16 23:34:25.623 | INFO     | tldw_Server_API.app.core.config:_buffered_log:210 - Loading environment variables from: /Users/macbook-dev/Documents/GitHub/tldw_server2/tldw_Server_API/Config_Files/.env
2026-09-16 23:34:25.627 | INFO     | tldw_Server_API.app.core.config:_buffered_log:210 - Loading environment variables from: /Users/macbook-dev/Documents/GitHub/tldw_server2/tldw_Server_API/Config_Files/.ENV
2026-09-16 23:34:25.631 | INFO     | tldw_Server_API.app.core.config:_buffered_log:210 - Attempting to load comprehensive config from: /Users/macbook-dev/Documents/GitHub/tldw_server2/tldw_Server_API/Config_Files/config.txt
2026-09-16 23:34:25.633 | INFO     | tldw_Server_API.app.core.config:_buffered_log:210 - load_comprehensive_config(): Sections found in config: ['Setup', 'UI', 'Server', 'Files', 'Image-Generation', 'ACP', 'WORKSPACES', 'ACP-WORKSPACE', 'ACP-SANDBOX', 'Audit', 'Processing', 'Media-Processing', 'Chat-Dictionaries', 'Chat-Module', 'Chat-Commands', 'Chat-Templating', 'Character-Chat', 'Settings', 'Auto-Save', 'Prompts', 'Database', 'Chunking', 'Visual-RAG', 'AuthNZ', 'Streaming', 'HTTP', 'Egress', 'Embeddings', 'Claims', 'ClaimsMonitoring', 'RAG', 'Search-Agent', 'ResourceGovernor', 'Jobs', 'SlidesStandaloneHtml', 'Diarization', 'API', 'MLX', 'Local-API', 'LlamaCpp', 'STT-Settings', 'external_providers', 'TTS-Settings', 'VibeVoice', 'Audio-Quota', 'API-Routes', 'Search-Engines', 'Web-Scraper', 'Logging', 'Moderation', 'Redis', 'Web-Scraping', 'personalization', 'persona', 'persona.rbac']
2026-09-16 23:34:25.635 | INFO     | tldw_Server_API.app.core.config:_buffered_log:210 - Ensured main SQLite database directory exists: /Users/macbook-dev/Documents/GitHub/tldw_server2/Databases
2026-09-16 23:34:25.635 | INFO     | tldw_Server_API.app.core.config:_buffered_log:210 - Ensured user data base directory exists: Databases/user_databases
2026-09-16 23:34:25.635 | WARNING  | tldw_Server_API.app.core.DB_Management.db_path_utils:resolve_user_db_base_dir:491 - USER_DB_BASE_DIR not configured in tests, using isolated fallback: /private/var/folders/sn/m80n2j152t9gw3w8qwk2nykh0000gn/T/tldw_user_databases_test/default-8d1a5f83
2026-09-16 23:34:25.635 | INFO     | tldw_Server_API.app.core.DB_Management.ChaChaNotes_DB:__init__:7657 - Initializing CharactersRAGDB for path: /private/var/folders/sn/m80n2j152t9gw3w8qwk2nykh0000gn/T/pytest-of-macbook-dev/pytest-611/test_organization_owner_edges_3/2/ChaChaNotes.db [Client ID: 2] (backend=postgresql)
2026-09-16 23:34:26.922 | DEBUG    | tldw_Server_API.app.core.DB_Management.ChaChaNotes_DB:__init__:7664 - CharactersRAGDB initialization completed successfully for /private/var/folders/sn/m80n2j152t9gw3w8qwk2nykh0000gn/T/pytest-of-macbook-dev/pytest-611/test_organization_owner_edges_3/2/ChaChaNotes.db
2026-09-16 23:34:26.923 | WARNING  | tldw_Server_API.app.core.DB_Management.db_path_utils:resolve_user_db_base_dir:491 - USER_DB_BASE_DIR not configured in tests, using isolated fallback: /private/var/folders/sn/m80n2j152t9gw3w8qwk2nykh0000gn/T/tldw_user_databases_test/default-8d1a5f83
2026-09-16 23:34:26.923 | INFO     | tldw_Server_API.app.core.DB_Management.ChaChaNotes_DB:__init__:7657 - Initializing CharactersRAGDB for path: /private/var/folders/sn/m80n2j152t9gw3w8qwk2nykh0000gn/T/pytest-of-macbook-dev/pytest-611/test_organization_owner_edges_3/3/ChaChaNotes.db [Client ID: 3] (backend=postgresql)
2026-09-16 23:34:27.066 | DEBUG    | tldw_Server_API.app.core.DB_Management.ChaChaNotes_DB:__init__:7664 - CharactersRAGDB initialization completed successfully for /private/var/folders/sn/m80n2j152t9gw3w8qwk2nykh0000gn/T/pytest-of-macbook-dev/pytest-611/test_organization_owner_edges_3/3/ChaChaNotes.db
2026-09-16 23:34:27.068 | DEBUG    | tldw_Server_API.app.core.DB_Management.ChaChaNotes_DB:_get_connection_for_state:8036 - Acquired backend connection (postgresql) for thread 8346099072
2026-09-16 23:34:27.069 | INFO     | tldw_Server_API.app.core.DB_Management.chacha.note_store:_execute:124 - Added note 'Alice private Citrine' with ID: 988b4bc0-0dc9-45ad-8986-e650bf99e0fc.
2026-09-16 23:34:27.071 | INFO     | tldw_Server_API.app.core.DB_Management.chacha.note_store:_execute:124 - Added note 'Alice deleted Citrine' with ID: 87349dc2-7c2f-4054-962c-5b7147ab1fd1.
2026-09-16 23:34:27.073 | INFO     | tldw_Server_API.app.core.DB_Management.chacha.note_store:soft_delete_note:2219 - Soft-deleted note ID 87349dc2-7c2f-4054-962c-5b7147ab1fd1 (was v1), new version 2.
2026-09-16 23:34:27.078 | DEBUG    | tldw_Server_API.app.core.DB_Management.ChaChaNotes_DB:_get_connection_for_state:8036 - Acquired backend connection (postgresql) for thread 8346099072
2026-09-16 23:34:27.081 | INFO     | tldw_Server_API.app.core.DB_Management.chacha.note_store:_execute:124 - Added note 'Bob private Indigo' with ID: 43d0ad40-fa2c-4ae6-86f8-bbe7f20369e9.
2026-09-16 23:34:27.081 | DEBUG    | tldw_Server_API.app.core.DB_Management.ChaChaNotes_DB:close_connection:8110 - Returned backend connection (postgresql) for thread 8346099072.
2026-09-16 23:34:27.081 | DEBUG    | tldw_Server_API.app.core.DB_Management.ChaChaNotes_DB:close_connection:8110 - Returned backend connection (postgresql) for thread 8346099072.
----------------------------- Captured stderr call -----------------------------
2026-09-16 23:34:27.083 | DEBUG    | tldw_Server_API.app.core.DB_Management.ChaChaNotes_DB:_get_connection_for_state:8036 - Acquired backend connection (postgresql) for thread 8346099072
2026-09-16 23:34:27.084 | INFO     | tldw_Server_API.app.core.DB_Management.ChaChaNotes_DB:_add_generic_item:32615 - Added chacha_keywords 'Same ordinary keyword' with ID: 1.
2026-09-16 23:34:27.086 | DEBUG    | tldw_Server_API.app.core.DB_Management.ChaChaNotes_DB:_get_connection_for_state:8036 - Acquired backend connection (postgresql) for thread 8346099072
2026-09-16 23:34:27.087 | INFO     | tldw_Server_API.app.core.DB_Management.ChaChaNotes_DB:_add_generic_item:32615 - Added chacha_keywords 'Same ordinary keyword' with ID: 1.
2026-09-16 23:34:27.087 | DEBUG    | tldw_Server_API.app.core.DB_Management.ChaChaNotes_DB:execute_query:8286 - Executing SQL (script=False, backend=postgresql): SELECT * FROM chacha_keywords WHERE id = ? AND deleted = 0... Params: (1,)...
--------------------------- Captured stderr teardown ---------------------------
2026-09-16 23:34:27.089 | DEBUG    | tldw_Server_API.app.core.DB_Management.ChaChaNotes_DB:close_connection:8110 - Returned backend connection (postgresql) for thread 8346099072.
2026-09-16 23:34:27.090 | DEBUG    | tldw_Server_API.app.core.DB_Management.ChaChaNotes_DB:close_connection:8110 - Returned backend connection (postgresql) for thread 8346099072.
2026-09-16 23:34:27.110 | INFO     | tldw_Server_API.app.api.v1.API_Deps.ChaCha_Notes_DB_Deps:close_all_chacha_db_instances:876 - Closing all cached ChaChaNotesDB instances (0)...
2026-09-16 23:34:27.110 | INFO     | tldw_Server_API.app.api.v1.API_Deps.ChaCha_Notes_DB_Deps:close_all_chacha_db_instances:892 - All ChaChaNotesDB instances closed and cache cleared.
2026-09-16 23:34:27.110 | INFO     | tldw_Server_API.app.api.v1.API_Deps.ChaCha_Notes_DB_Deps:close_all_chacha_db_instances:876 - Closing all cached ChaChaNotesDB instances (0)...
2026-09-16 23:34:27.110 | INFO     | tldw_Server_API.app.api.v1.API_Deps.ChaCha_Notes_DB_Deps:close_all_chacha_db_instances:892 - All ChaChaNotesDB instances closed and cache cleared.
_______ test_note_linked_owner_edges[postgres-foreign-note-keyword-read] _______
tldw_Server_API/tests/DB_Management/test_note_shared_owner_contract.py:80: in test_note_linked_owner_edges
    elif operation == 'foreign-note-keyword-read': assert f.bob.get_keywords_for_note(f.private) == []
                                                   ^^^^^^^^^^^^^^^^^^^^^^^^^^^^^^^^^^^^^^^^^^^^^^^^^^^
E   AssertionError: assert [{'client_id'...'id': 2, ...}] == []
E
E     Left contains one more item: {'client_id': '2', 'created_at': datetime.datetime(2026, 9, 17, 6, 34, 29, 896000, tzinfo=zoneinfo.ZoneInfo(key='Etc/UTC')), 'deleted': False, 'id': 2, ...}
E     Use -v to get more diff
---------------------------- Captured stderr setup -----------------------------
2026-09-16 23:34:28.360 | INFO     | tldw_Server_API.app.core.DB_Management.backends.factory:create_backend:392 - Creating postgresql backend
2026-09-16 23:34:28.360 | INFO     | tldw_Server_API.app.core.config:_buffered_log:210 - Determined ACTUAL_PROJECT_ROOT for database paths: /Users/macbook-dev/Documents/GitHub/tldw_server2
2026-09-16 23:34:28.360 | INFO     | tldw_Server_API.app.core.config:_buffered_log:210 - Early loading environment variables from: /Users/macbook-dev/Documents/GitHub/tldw_server2/tldw_Server_API/Config_Files/.env
2026-09-16 23:34:28.364 | INFO     | tldw_Server_API.app.core.config:_buffered_log:210 - Early loading environment variables from: /Users/macbook-dev/Documents/GitHub/tldw_server2/tldw_Server_API/Config_Files/.ENV
2026-09-16 23:34:28.368 | DEBUG    | tldw_Server_API.app.core.config:_buffered_log:210 - load_and_log_configs(): Loading and logging configurations...
2026-09-16 23:34:28.369 | INFO     | tldw_Server_API.app.core.config:_buffered_log:210 - Loading environment variables from: /Users/macbook-dev/Documents/GitHub/tldw_server2/tldw_Server_API/Config_Files/.env
2026-09-16 23:34:28.373 | INFO     | tldw_Server_API.app.core.config:_buffered_log:210 - Loading environment variables from: /Users/macbook-dev/Documents/GitHub/tldw_server2/tldw_Server_API/Config_Files/.ENV
2026-09-16 23:34:28.377 | INFO     | tldw_Server_API.app.core.config:_buffered_log:210 - Attempting to load comprehensive config from: /Users/macbook-dev/Documents/GitHub/tldw_server2/tldw_Server_API/Config_Files/config.txt
2026-09-16 23:34:28.379 | INFO     | tldw_Server_API.app.core.config:_buffered_log:210 - load_comprehensive_config(): Sections found in config: ['Setup', 'UI', 'Server', 'Files', 'Image-Generation', 'ACP', 'WORKSPACES', 'ACP-WORKSPACE', 'ACP-SANDBOX', 'Audit', 'Processing', 'Media-Processing', 'Chat-Dictionaries', 'Chat-Module', 'Chat-Commands', 'Chat-Templating', 'Character-Chat', 'Settings', 'Auto-Save', 'Prompts', 'Database', 'Chunking', 'Visual-RAG', 'AuthNZ', 'Streaming', 'HTTP', 'Egress', 'Embeddings', 'Claims', 'ClaimsMonitoring', 'RAG', 'Search-Agent', 'ResourceGovernor', 'Jobs', 'SlidesStandaloneHtml', 'Diarization', 'API', 'MLX', 'Local-API', 'LlamaCpp', 'STT-Settings', 'external_providers', 'TTS-Settings', 'VibeVoice', 'Audio-Quota', 'API-Routes', 'Search-Engines', 'Web-Scraper', 'Logging', 'Moderation', 'Redis', 'Web-Scraping', 'personalization', 'persona', 'persona.rbac']
2026-09-16 23:34:28.381 | INFO     | tldw_Server_API.app.core.config:_buffered_log:210 - Ensured main SQLite database directory exists: /Users/macbook-dev/Documents/GitHub/tldw_server2/Databases
2026-09-16 23:34:28.381 | INFO     | tldw_Server_API.app.core.config:_buffered_log:210 - Ensured user data base directory exists: Databases/user_databases
2026-09-16 23:34:28.381 | WARNING  | tldw_Server_API.app.core.DB_Management.db_path_utils:resolve_user_db_base_dir:491 - USER_DB_BASE_DIR not configured in tests, using isolated fallback: /private/var/folders/sn/m80n2j152t9gw3w8qwk2nykh0000gn/T/tldw_user_databases_test/default-8d1a5f83
2026-09-16 23:34:28.381 | INFO     | tldw_Server_API.app.core.DB_Management.ChaChaNotes_DB:__init__:7657 - Initializing CharactersRAGDB for path: /private/var/folders/sn/m80n2j152t9gw3w8qwk2nykh0000gn/T/pytest-of-macbook-dev/pytest-611/test_note_linked_owner_edges_p0/2/ChaChaNotes.db [Client ID: 2] (backend=postgresql)
2026-09-16 23:34:29.694 | DEBUG    | tldw_Server_API.app.core.DB_Management.ChaChaNotes_DB:__init__:7664 - CharactersRAGDB initialization completed successfully for /private/var/folders/sn/m80n2j152t9gw3w8qwk2nykh0000gn/T/pytest-of-macbook-dev/pytest-611/test_note_linked_owner_edges_p0/2/ChaChaNotes.db
2026-09-16 23:34:29.695 | WARNING  | tldw_Server_API.app.core.DB_Management.db_path_utils:resolve_user_db_base_dir:491 - USER_DB_BASE_DIR not configured in tests, using isolated fallback: /private/var/folders/sn/m80n2j152t9gw3w8qwk2nykh0000gn/T/tldw_user_databases_test/default-8d1a5f83
2026-09-16 23:34:29.695 | INFO     | tldw_Server_API.app.core.DB_Management.ChaChaNotes_DB:__init__:7657 - Initializing CharactersRAGDB for path: /private/var/folders/sn/m80n2j152t9gw3w8qwk2nykh0000gn/T/pytest-of-macbook-dev/pytest-611/test_note_linked_owner_edges_p0/3/ChaChaNotes.db [Client ID: 3] (backend=postgresql)
2026-09-16 23:34:29.876 | DEBUG    | tldw_Server_API.app.core.DB_Management.ChaChaNotes_DB:__init__:7664 - CharactersRAGDB initialization completed successfully for /private/var/folders/sn/m80n2j152t9gw3w8qwk2nykh0000gn/T/pytest-of-macbook-dev/pytest-611/test_note_linked_owner_edges_p0/3/ChaChaNotes.db
2026-09-16 23:34:29.878 | DEBUG    | tldw_Server_API.app.core.DB_Management.ChaChaNotes_DB:_get_connection_for_state:8036 - Acquired backend connection (postgresql) for thread 8346099072
2026-09-16 23:34:29.880 | INFO     | tldw_Server_API.app.core.DB_Management.chacha.note_store:_execute:124 - Added note 'Alice private Citrine' with ID: e0693fec-82b8-4d7f-b09b-3480b47142a9.
2026-09-16 23:34:29.881 | INFO     | tldw_Server_API.app.core.DB_Management.chacha.note_store:_execute:124 - Added note 'Alice deleted Citrine' with ID: 31ef67d8-e9c4-4342-8e71-56e8ff590209.
2026-09-16 23:34:29.884 | INFO     | tldw_Server_API.app.core.DB_Management.chacha.note_store:soft_delete_note:2219 - Soft-deleted note ID 31ef67d8-e9c4-4342-8e71-56e8ff590209 (was v1), new version 2.
2026-09-16 23:34:29.889 | DEBUG    | tldw_Server_API.app.core.DB_Management.ChaChaNotes_DB:_get_connection_for_state:8036 - Acquired backend connection (postgresql) for thread 8346099072
2026-09-16 23:34:29.892 | INFO     | tldw_Server_API.app.core.DB_Management.chacha.note_store:_execute:124 - Added note 'Bob private Indigo' with ID: 6fc1baf2-09c6-402f-a150-4aae2c1ba0ee.
2026-09-16 23:34:29.893 | DEBUG    | tldw_Server_API.app.core.DB_Management.ChaChaNotes_DB:close_connection:8110 - Returned backend connection (postgresql) for thread 8346099072.
2026-09-16 23:34:29.893 | DEBUG    | tldw_Server_API.app.core.DB_Management.ChaChaNotes_DB:close_connection:8110 - Returned backend connection (postgresql) for thread 8346099072.
----------------------------- Captured stderr call -----------------------------
2026-09-16 23:34:29.895 | DEBUG    | tldw_Server_API.app.core.DB_Management.ChaChaNotes_DB:_get_connection_for_state:8036 - Acquired backend connection (postgresql) for thread 8346099072
2026-09-16 23:34:29.896 | INFO     | tldw_Server_API.app.core.DB_Management.ChaChaNotes_DB:_add_generic_item:32615 - Added chacha_keywords 'Alice sequence separator' with ID: 1.
2026-09-16 23:34:29.897 | INFO     | tldw_Server_API.app.core.DB_Management.ChaChaNotes_DB:_add_generic_item:32615 - Added chacha_keywords 'Alice private amber keyword' with ID: 2.
2026-09-16 23:34:29.899 | DEBUG    | tldw_Server_API.app.core.DB_Management.ChaChaNotes_DB:_get_connection_for_state:8036 - Acquired backend connection (postgresql) for thread 8346099072
2026-09-16 23:34:29.900 | INFO     | tldw_Server_API.app.core.DB_Management.ChaChaNotes_DB:_add_generic_item:32615 - Added chacha_keywords 'Bob own indigo keyword' with ID: 3.
2026-09-16 23:34:29.904 | DEBUG    | tldw_Server_API.app.core.DB_Management.ChaChaNotes_DB:_manage_link:34345 - Logged sync event for note_keywords: create on e0693fec-82b8-4d7f-b09b-3480b47142a9_2
2026-09-16 23:34:29.905 | INFO     | tldw_Server_API.app.core.DB_Management.ChaChaNotes_DB:_manage_link:34347 - Linked note_keywords: note_id=e0693fec-82b8-4d7f-b09b-3480b47142a9, keyword_id=2. Rows affected: 1
2026-09-16 23:34:29.908 | DEBUG    | tldw_Server_API.app.core.DB_Management.ChaChaNotes_DB:_manage_link:34345 - Logged sync event for note_keywords: create on 6fc1baf2-09c6-402f-a150-4aae2c1ba0ee_3
2026-09-16 23:34:29.908 | INFO     | tldw_Server_API.app.core.DB_Management.ChaChaNotes_DB:_manage_link:34347 - Linked note_keywords: note_id=6fc1baf2-09c6-402f-a150-4aae2c1ba0ee, keyword_id=3. Rows affected: 1
2026-09-16 23:34:29.908 | DEBUG    | tldw_Server_API.app.core.DB_Management.ChaChaNotes_DB:execute_query:8286 - Executing SQL (script=False, backend=postgresql):
                SELECT k.*                 FROM chacha_keywords k                          JOIN note_keywords nk ON k.id = nk.keyword_id
                WHERE nk.note_id = ?                   AND k.deleted = 0                 ORDER BY LOWER(k.keyword)
                ... Params: ('e0693fec-82b8-4d7f-b09b-3480b47142a9',)...
--------------------------- Captured stderr teardown ---------------------------
2026-09-16 23:34:29.911 | DEBUG    | tldw_Server_API.app.core.DB_Management.ChaChaNotes_DB:close_connection:8110 - Returned backend connection (postgresql) for thread 8346099072.
2026-09-16 23:34:29.911 | DEBUG    | tldw_Server_API.app.core.DB_Management.ChaChaNotes_DB:close_connection:8110 - Returned backend connection (postgresql) for thread 8346099072.
2026-09-16 23:34:29.933 | INFO     | tldw_Server_API.app.api.v1.API_Deps.ChaCha_Notes_DB_Deps:close_all_chacha_db_instances:876 - Closing all cached ChaChaNotesDB instances (0)...
2026-09-16 23:34:29.934 | INFO     | tldw_Server_API.app.api.v1.API_Deps.ChaCha_Notes_DB_Deps:close_all_chacha_db_instances:892 - All ChaChaNotesDB instances closed and cache cleared.
2026-09-16 23:34:29.934 | INFO     | tldw_Server_API.app.api.v1.API_Deps.ChaCha_Notes_DB_Deps:close_all_chacha_db_instances:876 - Closing all cached ChaChaNotesDB instances (0)...
2026-09-16 23:34:29.934 | INFO     | tldw_Server_API.app.api.v1.API_Deps.ChaCha_Notes_DB_Deps:close_all_chacha_db_instances:892 - All ChaChaNotesDB instances closed and cache cleared.
___________ test_note_linked_owner_edges[postgres-foreign-note-link] ___________
tldw_Server_API/tests/DB_Management/test_note_shared_owner_contract.py:86: in test_note_linked_owner_edges
    assert not result
E   assert not True
---------------------------- Captured stderr setup -----------------------------
2026-09-16 23:34:29.953 | INFO     | tldw_Server_API.app.core.DB_Management.backends.factory:create_backend:392 - Creating postgresql backend
2026-09-16 23:34:29.953 | INFO     | tldw_Server_API.app.core.config:_buffered_log:210 - Determined ACTUAL_PROJECT_ROOT for database paths: /Users/macbook-dev/Documents/GitHub/tldw_server2
2026-09-16 23:34:29.954 | INFO     | tldw_Server_API.app.core.config:_buffered_log:210 - Early loading environment variables from: /Users/macbook-dev/Documents/GitHub/tldw_server2/tldw_Server_API/Config_Files/.env
2026-09-16 23:34:29.958 | INFO     | tldw_Server_API.app.core.config:_buffered_log:210 - Early loading environment variables from: /Users/macbook-dev/Documents/GitHub/tldw_server2/tldw_Server_API/Config_Files/.ENV
2026-09-16 23:34:29.962 | DEBUG    | tldw_Server_API.app.core.config:_buffered_log:210 - load_and_log_configs(): Loading and logging configurations...
2026-09-16 23:34:29.963 | INFO     | tldw_Server_API.app.core.config:_buffered_log:210 - Loading environment variables from: /Users/macbook-dev/Documents/GitHub/tldw_server2/tldw_Server_API/Config_Files/.env
2026-09-16 23:34:29.967 | INFO     | tldw_Server_API.app.core.config:_buffered_log:210 - Loading environment variables from: /Users/macbook-dev/Documents/GitHub/tldw_server2/tldw_Server_API/Config_Files/.ENV
2026-09-16 23:34:29.972 | INFO     | tldw_Server_API.app.core.config:_buffered_log:210 - Attempting to load comprehensive config from: /Users/macbook-dev/Documents/GitHub/tldw_server2/tldw_Server_API/Config_Files/config.txt
2026-09-16 23:34:29.975 | INFO     | tldw_Server_API.app.core.config:_buffered_log:210 - load_comprehensive_config(): Sections found in config: ['Setup', 'UI', 'Server', 'Files', 'Image-Generation', 'ACP', 'WORKSPACES', 'ACP-WORKSPACE', 'ACP-SANDBOX', 'Audit', 'Processing', 'Media-Processing', 'Chat-Dictionaries', 'Chat-Module', 'Chat-Commands', 'Chat-Templating', 'Character-Chat', 'Settings', 'Auto-Save', 'Prompts', 'Database', 'Chunking', 'Visual-RAG', 'AuthNZ', 'Streaming', 'HTTP', 'Egress', 'Embeddings', 'Claims', 'ClaimsMonitoring', 'RAG', 'Search-Agent', 'ResourceGovernor', 'Jobs', 'SlidesStandaloneHtml', 'Diarization', 'API', 'MLX', 'Local-API', 'LlamaCpp', 'STT-Settings', 'external_providers', 'TTS-Settings', 'VibeVoice', 'Audio-Quota', 'API-Routes', 'Search-Engines', 'Web-Scraper', 'Logging', 'Moderation', 'Redis', 'Web-Scraping', 'personalization', 'persona', 'persona.rbac']
2026-09-16 23:34:29.977 | INFO     | tldw_Server_API.app.core.config:_buffered_log:210 - Ensured main SQLite database directory exists: /Users/macbook-dev/Documents/GitHub/tldw_server2/Databases
2026-09-16 23:34:29.977 | INFO     | tldw_Server_API.app.core.config:_buffered_log:210 - Ensured user data base directory exists: Databases/user_databases
2026-09-16 23:34:29.977 | WARNING  | tldw_Server_API.app.core.DB_Management.db_path_utils:resolve_user_db_base_dir:491 - USER_DB_BASE_DIR not configured in tests, using isolated fallback: /private/var/folders/sn/m80n2j152t9gw3w8qwk2nykh0000gn/T/tldw_user_databases_test/default-8d1a5f83
2026-09-16 23:34:29.977 | INFO     | tldw_Server_API.app.core.DB_Management.ChaChaNotes_DB:__init__:7657 - Initializing CharactersRAGDB for path: /private/var/folders/sn/m80n2j152t9gw3w8qwk2nykh0000gn/T/pytest-of-macbook-dev/pytest-611/test_note_linked_owner_edges_p1/2/ChaChaNotes.db [Client ID: 2] (backend=postgresql)
2026-09-16 23:34:31.353 | DEBUG    | tldw_Server_API.app.core.DB_Management.ChaChaNotes_DB:__init__:7664 - CharactersRAGDB initialization completed successfully for /private/var/folders/sn/m80n2j152t9gw3w8qwk2nykh0000gn/T/pytest-of-macbook-dev/pytest-611/test_note_linked_owner_edges_p1/2/ChaChaNotes.db
2026-09-16 23:34:31.353 | WARNING  | tldw_Server_API.app.core.DB_Management.db_path_utils:resolve_user_db_base_dir:491 - USER_DB_BASE_DIR not configured in tests, using isolated fallback: /private/var/folders/sn/m80n2j152t9gw3w8qwk2nykh0000gn/T/tldw_user_databases_test/default-8d1a5f83
2026-09-16 23:34:31.354 | INFO     | tldw_Server_API.app.core.DB_Management.ChaChaNotes_DB:__init__:7657 - Initializing CharactersRAGDB for path: /private/var/folders/sn/m80n2j152t9gw3w8qwk2nykh0000gn/T/pytest-of-macbook-dev/pytest-611/test_note_linked_owner_edges_p1/3/ChaChaNotes.db [Client ID: 3] (backend=postgresql)
2026-09-16 23:34:31.517 | DEBUG    | tldw_Server_API.app.core.DB_Management.ChaChaNotes_DB:__init__:7664 - CharactersRAGDB initialization completed successfully for /private/var/folders/sn/m80n2j152t9gw3w8qwk2nykh0000gn/T/pytest-of-macbook-dev/pytest-611/test_note_linked_owner_edges_p1/3/ChaChaNotes.db
2026-09-16 23:34:31.519 | DEBUG    | tldw_Server_API.app.core.DB_Management.ChaChaNotes_DB:_get_connection_for_state:8036 - Acquired backend connection (postgresql) for thread 8346099072
2026-09-16 23:34:31.520 | INFO     | tldw_Server_API.app.core.DB_Management.chacha.note_store:_execute:124 - Added note 'Alice private Citrine' with ID: 0288c438-c132-4ab0-b29e-fff498382be5.
2026-09-16 23:34:31.522 | INFO     | tldw_Server_API.app.core.DB_Management.chacha.note_store:_execute:124 - Added note 'Alice deleted Citrine' with ID: 19eda6b5-c5a6-42cc-ad8f-2b2353569b20.
2026-09-16 23:34:31.524 | INFO     | tldw_Server_API.app.core.DB_Management.chacha.note_store:soft_delete_note:2219 - Soft-deleted note ID 19eda6b5-c5a6-42cc-ad8f-2b2353569b20 (was v1), new version 2.
2026-09-16 23:34:31.530 | DEBUG    | tldw_Server_API.app.core.DB_Management.ChaChaNotes_DB:_get_connection_for_state:8036 - Acquired backend connection (postgresql) for thread 8346099072
2026-09-16 23:34:31.532 | INFO     | tldw_Server_API.app.core.DB_Management.chacha.note_store:_execute:124 - Added note 'Bob private Indigo' with ID: 9ba2a017-4851-4ac5-8d1d-04597de0fc71.
2026-09-16 23:34:31.532 | DEBUG    | tldw_Server_API.app.core.DB_Management.ChaChaNotes_DB:close_connection:8110 - Returned backend connection (postgresql) for thread 8346099072.
2026-09-16 23:34:31.533 | DEBUG    | tldw_Server_API.app.core.DB_Management.ChaChaNotes_DB:close_connection:8110 - Returned backend connection (postgresql) for thread 8346099072.
----------------------------- Captured stderr call -----------------------------
2026-09-16 23:34:31.534 | DEBUG    | tldw_Server_API.app.core.DB_Management.ChaChaNotes_DB:_get_connection_for_state:8036 - Acquired backend connection (postgresql) for thread 8346099072
2026-09-16 23:34:31.535 | INFO     | tldw_Server_API.app.core.DB_Management.ChaChaNotes_DB:_add_generic_item:32615 - Added chacha_keywords 'Alice sequence separator' with ID: 1.
2026-09-16 23:34:31.536 | INFO     | tldw_Server_API.app.core.DB_Management.ChaChaNotes_DB:_add_generic_item:32615 - Added chacha_keywords 'Alice private amber keyword' with ID: 2.
2026-09-16 23:34:31.539 | DEBUG    | tldw_Server_API.app.core.DB_Management.ChaChaNotes_DB:_get_connection_for_state:8036 - Acquired backend connection (postgresql) for thread 8346099072
2026-09-16 23:34:31.540 | INFO     | tldw_Server_API.app.core.DB_Management.ChaChaNotes_DB:_add_generic_item:32615 - Added chacha_keywords 'Bob own indigo keyword' with ID: 3.
2026-09-16 23:34:31.544 | DEBUG    | tldw_Server_API.app.core.DB_Management.ChaChaNotes_DB:_manage_link:34345 - Logged sync event for note_keywords: create on 0288c438-c132-4ab0-b29e-fff498382be5_2
2026-09-16 23:34:31.544 | INFO     | tldw_Server_API.app.core.DB_Management.ChaChaNotes_DB:_manage_link:34347 - Linked note_keywords: note_id=0288c438-c132-4ab0-b29e-fff498382be5, keyword_id=2. Rows affected: 1
2026-09-16 23:34:31.546 | DEBUG    | tldw_Server_API.app.core.DB_Management.ChaChaNotes_DB:_manage_link:34345 - Logged sync event for note_keywords: create on 9ba2a017-4851-4ac5-8d1d-04597de0fc71_3
2026-09-16 23:34:31.547 | INFO     | tldw_Server_API.app.core.DB_Management.ChaChaNotes_DB:_manage_link:34347 - Linked note_keywords: note_id=9ba2a017-4851-4ac5-8d1d-04597de0fc71, keyword_id=3. Rows affected: 1
2026-09-16 23:34:31.548 | DEBUG    | tldw_Server_API.app.core.DB_Management.ChaChaNotes_DB:_manage_link:34345 - Logged sync event for note_keywords: create on 0288c438-c132-4ab0-b29e-fff498382be5_3
2026-09-16 23:34:31.549 | INFO     | tldw_Server_API.app.core.DB_Management.ChaChaNotes_DB:_manage_link:34347 - Linked note_keywords: note_id=0288c438-c132-4ab0-b29e-fff498382be5, keyword_id=3. Rows affected: 1
--------------------------- Captured stderr teardown ---------------------------
2026-09-16 23:34:31.551 | DEBUG    | tldw_Server_API.app.core.DB_Management.ChaChaNotes_DB:close_connection:8110 - Returned backend connection (postgresql) for thread 8346099072.
2026-09-16 23:34:31.551 | DEBUG    | tldw_Server_API.app.core.DB_Management.ChaChaNotes_DB:close_connection:8110 - Returned backend connection (postgresql) for thread 8346099072.
2026-09-16 23:34:31.571 | INFO     | tldw_Server_API.app.api.v1.API_Deps.ChaCha_Notes_DB_Deps:close_all_chacha_db_instances:876 - Closing all cached ChaChaNotesDB instances (0)...
2026-09-16 23:34:31.572 | INFO     | tldw_Server_API.app.api.v1.API_Deps.ChaCha_Notes_DB_Deps:close_all_chacha_db_instances:892 - All ChaChaNotesDB instances closed and cache cleared.
2026-09-16 23:34:31.572 | INFO     | tldw_Server_API.app.api.v1.API_Deps.ChaCha_Notes_DB_Deps:close_all_chacha_db_instances:876 - Closing all cached ChaChaNotesDB instances (0)...
2026-09-16 23:34:31.572 | INFO     | tldw_Server_API.app.api.v1.API_Deps.ChaCha_Notes_DB_Deps:close_all_chacha_db_instances:892 - All ChaChaNotesDB instances closed and cache cleared.
_____________ test_foreign_note_mutation_rejected[postgres-update] _____________
tldw_Server_API/tests/DB_Management/test_note_shared_owner_contract.py:66: in test_foreign_note_mutation_rejected
    assert not result
E   assert not True
---------------------------- Captured stderr setup -----------------------------
2026-09-16 23:34:31.588 | INFO     | tldw_Server_API.app.core.DB_Management.backends.factory:create_backend:392 - Creating postgresql backend
2026-09-16 23:34:31.589 | INFO     | tldw_Server_API.app.core.config:_buffered_log:210 - Determined ACTUAL_PROJECT_ROOT for database paths: /Users/macbook-dev/Documents/GitHub/tldw_server2
2026-09-16 23:34:31.589 | INFO     | tldw_Server_API.app.core.config:_buffered_log:210 - Early loading environment variables from: /Users/macbook-dev/Documents/GitHub/tldw_server2/tldw_Server_API/Config_Files/.env
2026-09-16 23:34:31.593 | INFO     | tldw_Server_API.app.core.config:_buffered_log:210 - Early loading environment variables from: /Users/macbook-dev/Documents/GitHub/tldw_server2/tldw_Server_API/Config_Files/.ENV
2026-09-16 23:34:31.597 | DEBUG    | tldw_Server_API.app.core.config:_buffered_log:210 - load_and_log_configs(): Loading and logging configurations...
2026-09-16 23:34:31.597 | INFO     | tldw_Server_API.app.core.config:_buffered_log:210 - Loading environment variables from: /Users/macbook-dev/Documents/GitHub/tldw_server2/tldw_Server_API/Config_Files/.env
2026-09-16 23:34:31.601 | INFO     | tldw_Server_API.app.core.config:_buffered_log:210 - Loading environment variables from: /Users/macbook-dev/Documents/GitHub/tldw_server2/tldw_Server_API/Config_Files/.ENV
2026-09-16 23:34:31.606 | INFO     | tldw_Server_API.app.core.config:_buffered_log:210 - Attempting to load comprehensive config from: /Users/macbook-dev/Documents/GitHub/tldw_server2/tldw_Server_API/Config_Files/config.txt
2026-09-16 23:34:31.608 | INFO     | tldw_Server_API.app.core.config:_buffered_log:210 - load_comprehensive_config(): Sections found in config: ['Setup', 'UI', 'Server', 'Files', 'Image-Generation', 'ACP', 'WORKSPACES', 'ACP-WORKSPACE', 'ACP-SANDBOX', 'Audit', 'Processing', 'Media-Processing', 'Chat-Dictionaries', 'Chat-Module', 'Chat-Commands', 'Chat-Templating', 'Character-Chat', 'Settings', 'Auto-Save', 'Prompts', 'Database', 'Chunking', 'Visual-RAG', 'AuthNZ', 'Streaming', 'HTTP', 'Egress', 'Embeddings', 'Claims', 'ClaimsMonitoring', 'RAG', 'Search-Agent', 'ResourceGovernor', 'Jobs', 'SlidesStandaloneHtml', 'Diarization', 'API', 'MLX', 'Local-API', 'LlamaCpp', 'STT-Settings', 'external_providers', 'TTS-Settings', 'VibeVoice', 'Audio-Quota', 'API-Routes', 'Search-Engines', 'Web-Scraper', 'Logging', 'Moderation', 'Redis', 'Web-Scraping', 'personalization', 'persona', 'persona.rbac']
2026-09-16 23:34:31.610 | INFO     | tldw_Server_API.app.core.config:_buffered_log:210 - Ensured main SQLite database directory exists: /Users/macbook-dev/Documents/GitHub/tldw_server2/Databases
2026-09-16 23:34:31.610 | INFO     | tldw_Server_API.app.core.config:_buffered_log:210 - Ensured user data base directory exists: Databases/user_databases
2026-09-16 23:34:31.610 | WARNING  | tldw_Server_API.app.core.DB_Management.db_path_utils:resolve_user_db_base_dir:491 - USER_DB_BASE_DIR not configured in tests, using isolated fallback: /private/var/folders/sn/m80n2j152t9gw3w8qwk2nykh0000gn/T/tldw_user_databases_test/default-8d1a5f83
2026-09-16 23:34:31.610 | INFO     | tldw_Server_API.app.core.DB_Management.ChaChaNotes_DB:__init__:7657 - Initializing CharactersRAGDB for path: /private/var/folders/sn/m80n2j152t9gw3w8qwk2nykh0000gn/T/pytest-of-macbook-dev/pytest-611/test_foreign_note_mutation_rej2/2/ChaChaNotes.db [Client ID: 2] (backend=postgresql)
2026-09-16 23:34:32.976 | DEBUG    | tldw_Server_API.app.core.DB_Management.ChaChaNotes_DB:__init__:7664 - CharactersRAGDB initialization completed successfully for /private/var/folders/sn/m80n2j152t9gw3w8qwk2nykh0000gn/T/pytest-of-macbook-dev/pytest-611/test_foreign_note_mutation_rej2/2/ChaChaNotes.db
2026-09-16 23:34:32.977 | WARNING  | tldw_Server_API.app.core.DB_Management.db_path_utils:resolve_user_db_base_dir:491 - USER_DB_BASE_DIR not configured in tests, using isolated fallback: /private/var/folders/sn/m80n2j152t9gw3w8qwk2nykh0000gn/T/tldw_user_databases_test/default-8d1a5f83
2026-09-16 23:34:32.977 | INFO     | tldw_Server_API.app.core.DB_Management.ChaChaNotes_DB:__init__:7657 - Initializing CharactersRAGDB for path: /private/var/folders/sn/m80n2j152t9gw3w8qwk2nykh0000gn/T/pytest-of-macbook-dev/pytest-611/test_foreign_note_mutation_rej2/3/ChaChaNotes.db [Client ID: 3] (backend=postgresql)
2026-09-16 23:34:33.121 | DEBUG    | tldw_Server_API.app.core.DB_Management.ChaChaNotes_DB:__init__:7664 - CharactersRAGDB initialization completed successfully for /private/var/folders/sn/m80n2j152t9gw3w8qwk2nykh0000gn/T/pytest-of-macbook-dev/pytest-611/test_foreign_note_mutation_rej2/3/ChaChaNotes.db
2026-09-16 23:34:33.122 | DEBUG    | tldw_Server_API.app.core.DB_Management.ChaChaNotes_DB:_get_connection_for_state:8036 - Acquired backend connection (postgresql) for thread 8346099072
2026-09-16 23:34:33.124 | INFO     | tldw_Server_API.app.core.DB_Management.chacha.note_store:_execute:124 - Added note 'Alice private Citrine' with ID: 88441401-348e-41df-b338-36c3f638f9c0.
2026-09-16 23:34:33.126 | INFO     | tldw_Server_API.app.core.DB_Management.chacha.note_store:_execute:124 - Added note 'Alice deleted Citrine' with ID: b1770542-968a-4ba4-bdee-2adfe4abc7fa.
2026-09-16 23:34:33.128 | INFO     | tldw_Server_API.app.core.DB_Management.chacha.note_store:soft_delete_note:2219 - Soft-deleted note ID b1770542-968a-4ba4-bdee-2adfe4abc7fa (was v1), new version 2.
2026-09-16 23:34:33.133 | DEBUG    | tldw_Server_API.app.core.DB_Management.ChaChaNotes_DB:_get_connection_for_state:8036 - Acquired backend connection (postgresql) for thread 8346099072
2026-09-16 23:34:33.136 | INFO     | tldw_Server_API.app.core.DB_Management.chacha.note_store:_execute:124 - Added note 'Bob private Indigo' with ID: f9d288e4-d448-43bb-b947-0113bc41426d.
2026-09-16 23:34:33.136 | DEBUG    | tldw_Server_API.app.core.DB_Management.ChaChaNotes_DB:close_connection:8110 - Returned backend connection (postgresql) for thread 8346099072.
2026-09-16 23:34:33.136 | DEBUG    | tldw_Server_API.app.core.DB_Management.ChaChaNotes_DB:close_connection:8110 - Returned backend connection (postgresql) for thread 8346099072.
----------------------------- Captured stderr call -----------------------------
2026-09-16 23:34:33.138 | DEBUG    | tldw_Server_API.app.core.DB_Management.ChaChaNotes_DB:_get_connection_for_state:8036 - Acquired backend connection (postgresql) for thread 8346099072
2026-09-16 23:34:33.138 | DEBUG    | tldw_Server_API.app.core.DB_Management.ChaChaNotes_DB:execute_query:8286 - Executing SQL (script=False, backend=postgresql): SELECT * FROM notes WHERE id = ?... Params: ('88441401-348e-41df-b338-36c3f638f9c0',)...
2026-09-16 23:34:33.140 | DEBUG    | tldw_Server_API.app.core.DB_Management.ChaChaNotes_DB:_get_connection_for_state:8036 - Acquired backend connection (postgresql) for thread 8346099072
2026-09-16 23:34:33.140 | DEBUG    | tldw_Server_API.app.core.DB_Management.ChaChaNotes_DB:execute_query:8286 - Executing SQL (script=False, backend=postgresql): SELECT * FROM notes WHERE id = ?... Params: ('88441401-348e-41df-b338-36c3f638f9c0',)...
2026-09-16 23:34:33.144 | INFO     | tldw_Server_API.app.core.DB_Management.chacha.note_store:_execute:2138 - Updated note ID 88441401-348e-41df-b338-36c3f638f9c0 from version 1 to version 2.
--------------------------- Captured stderr teardown ---------------------------
2026-09-16 23:34:33.146 | DEBUG    | tldw_Server_API.app.core.DB_Management.ChaChaNotes_DB:close_connection:8110 - Returned backend connection (postgresql) for thread 8346099072.
2026-09-16 23:34:33.146 | DEBUG    | tldw_Server_API.app.core.DB_Management.ChaChaNotes_DB:close_connection:8110 - Returned backend connection (postgresql) for thread 8346099072.
2026-09-16 23:34:33.166 | INFO     | tldw_Server_API.app.api.v1.API_Deps.ChaCha_Notes_DB_Deps:close_all_chacha_db_instances:876 - Closing all cached ChaChaNotesDB instances (0)...
2026-09-16 23:34:33.166 | INFO     | tldw_Server_API.app.api.v1.API_Deps.ChaCha_Notes_DB_Deps:close_all_chacha_db_instances:892 - All ChaChaNotesDB instances closed and cache cleared.
2026-09-16 23:34:33.166 | INFO     | tldw_Server_API.app.api.v1.API_Deps.ChaCha_Notes_DB_Deps:close_all_chacha_db_instances:876 - Closing all cached ChaChaNotesDB instances (0)...
2026-09-16 23:34:33.166 | INFO     | tldw_Server_API.app.api.v1.API_Deps.ChaCha_Notes_DB_Deps:close_all_chacha_db_instances:892 - All ChaChaNotesDB instances closed and cache cleared.
_____________ test_note_linked_owner_edges[postgres-keyword-list] ______________
tldw_Server_API/tests/DB_Management/test_note_shared_owner_contract.py:77: in test_note_linked_owner_edges
    if operation == 'keyword-list': assert [x['id'] for x in f.bob.list_keywords()] == [own_keyword]
                                    ^^^^^^^^^^^^^^^^^^^^^^^^^^^^^^^^^^^^^^^^^^^^^^^^^^^^^^^^^^^^^^^^
E   assert [2, 1, 3] == [3]
E
E     At index 0 diff: 2 != 3
E     Left contains 2 more items, first extra item: 1
E     Use -v to get more diff
---------------------------- Captured stderr setup -----------------------------
2026-09-16 23:34:34.451 | INFO     | tldw_Server_API.app.core.DB_Management.backends.factory:create_backend:392 - Creating postgresql backend
2026-09-16 23:34:34.451 | INFO     | tldw_Server_API.app.core.config:_buffered_log:210 - Determined ACTUAL_PROJECT_ROOT for database paths: /Users/macbook-dev/Documents/GitHub/tldw_server2
2026-09-16 23:34:34.452 | INFO     | tldw_Server_API.app.core.config:_buffered_log:210 - Early loading environment variables from: /Users/macbook-dev/Documents/GitHub/tldw_server2/tldw_Server_API/Config_Files/.env
2026-09-16 23:34:34.456 | INFO     | tldw_Server_API.app.core.config:_buffered_log:210 - Early loading environment variables from: /Users/macbook-dev/Documents/GitHub/tldw_server2/tldw_Server_API/Config_Files/.ENV
2026-09-16 23:34:34.461 | DEBUG    | tldw_Server_API.app.core.config:_buffered_log:210 - load_and_log_configs(): Loading and logging configurations...
2026-09-16 23:34:34.461 | INFO     | tldw_Server_API.app.core.config:_buffered_log:210 - Loading environment variables from: /Users/macbook-dev/Documents/GitHub/tldw_server2/tldw_Server_API/Config_Files/.env
2026-09-16 23:34:34.466 | INFO     | tldw_Server_API.app.core.config:_buffered_log:210 - Loading environment variables from: /Users/macbook-dev/Documents/GitHub/tldw_server2/tldw_Server_API/Config_Files/.ENV
2026-09-16 23:34:34.470 | INFO     | tldw_Server_API.app.core.config:_buffered_log:210 - Attempting to load comprehensive config from: /Users/macbook-dev/Documents/GitHub/tldw_server2/tldw_Server_API/Config_Files/config.txt
2026-09-16 23:34:34.472 | INFO     | tldw_Server_API.app.core.config:_buffered_log:210 - load_comprehensive_config(): Sections found in config: ['Setup', 'UI', 'Server', 'Files', 'Image-Generation', 'ACP', 'WORKSPACES', 'ACP-WORKSPACE', 'ACP-SANDBOX', 'Audit', 'Processing', 'Media-Processing', 'Chat-Dictionaries', 'Chat-Module', 'Chat-Commands', 'Chat-Templating', 'Character-Chat', 'Settings', 'Auto-Save', 'Prompts', 'Database', 'Chunking', 'Visual-RAG', 'AuthNZ', 'Streaming', 'HTTP', 'Egress', 'Embeddings', 'Claims', 'ClaimsMonitoring', 'RAG', 'Search-Agent', 'ResourceGovernor', 'Jobs', 'SlidesStandaloneHtml', 'Diarization', 'API', 'MLX', 'Local-API', 'LlamaCpp', 'STT-Settings', 'external_providers', 'TTS-Settings', 'VibeVoice', 'Audio-Quota', 'API-Routes', 'Search-Engines', 'Web-Scraper', 'Logging', 'Moderation', 'Redis', 'Web-Scraping', 'personalization', 'persona', 'persona.rbac']
2026-09-16 23:34:34.474 | INFO     | tldw_Server_API.app.core.config:_buffered_log:210 - Ensured main SQLite database directory exists: /Users/macbook-dev/Documents/GitHub/tldw_server2/Databases
2026-09-16 23:34:34.474 | INFO     | tldw_Server_API.app.core.config:_buffered_log:210 - Ensured user data base directory exists: Databases/user_databases
2026-09-16 23:34:34.474 | WARNING  | tldw_Server_API.app.core.DB_Management.db_path_utils:resolve_user_db_base_dir:491 - USER_DB_BASE_DIR not configured in tests, using isolated fallback: /private/var/folders/sn/m80n2j152t9gw3w8qwk2nykh0000gn/T/tldw_user_databases_test/default-8d1a5f83
2026-09-16 23:34:34.474 | INFO     | tldw_Server_API.app.core.DB_Management.ChaChaNotes_DB:__init__:7657 - Initializing CharactersRAGDB for path: /private/var/folders/sn/m80n2j152t9gw3w8qwk2nykh0000gn/T/pytest-of-macbook-dev/pytest-611/test_note_linked_owner_edges_p2/2/ChaChaNotes.db [Client ID: 2] (backend=postgresql)
2026-09-16 23:34:35.683 | DEBUG    | tldw_Server_API.app.core.DB_Management.ChaChaNotes_DB:__init__:7664 - CharactersRAGDB initialization completed successfully for /private/var/folders/sn/m80n2j152t9gw3w8qwk2nykh0000gn/T/pytest-of-macbook-dev/pytest-611/test_note_linked_owner_edges_p2/2/ChaChaNotes.db
2026-09-16 23:34:35.683 | WARNING  | tldw_Server_API.app.core.DB_Management.db_path_utils:resolve_user_db_base_dir:491 - USER_DB_BASE_DIR not configured in tests, using isolated fallback: /private/var/folders/sn/m80n2j152t9gw3w8qwk2nykh0000gn/T/tldw_user_databases_test/default-8d1a5f83
2026-09-16 23:34:35.683 | INFO     | tldw_Server_API.app.core.DB_Management.ChaChaNotes_DB:__init__:7657 - Initializing CharactersRAGDB for path: /private/var/folders/sn/m80n2j152t9gw3w8qwk2nykh0000gn/T/pytest-of-macbook-dev/pytest-611/test_note_linked_owner_edges_p2/3/ChaChaNotes.db [Client ID: 3] (backend=postgresql)
2026-09-16 23:34:35.819 | DEBUG    | tldw_Server_API.app.core.DB_Management.ChaChaNotes_DB:__init__:7664 - CharactersRAGDB initialization completed successfully for /private/var/folders/sn/m80n2j152t9gw3w8qwk2nykh0000gn/T/pytest-of-macbook-dev/pytest-611/test_note_linked_owner_edges_p2/3/ChaChaNotes.db
2026-09-16 23:34:35.820 | DEBUG    | tldw_Server_API.app.core.DB_Management.ChaChaNotes_DB:_get_connection_for_state:8036 - Acquired backend connection (postgresql) for thread 8346099072
2026-09-16 23:34:35.822 | INFO     | tldw_Server_API.app.core.DB_Management.chacha.note_store:_execute:124 - Added note 'Alice private Citrine' with ID: 61504c67-bf53-4c73-8345-5ce6b4b31c41.
2026-09-16 23:34:35.823 | INFO     | tldw_Server_API.app.core.DB_Management.chacha.note_store:_execute:124 - Added note 'Alice deleted Citrine' with ID: c2787f80-96c8-46e7-8e5f-10487e7ee13e.
2026-09-16 23:34:35.826 | INFO     | tldw_Server_API.app.core.DB_Management.chacha.note_store:soft_delete_note:2219 - Soft-deleted note ID c2787f80-96c8-46e7-8e5f-10487e7ee13e (was v1), new version 2.
2026-09-16 23:34:35.830 | DEBUG    | tldw_Server_API.app.core.DB_Management.ChaChaNotes_DB:_get_connection_for_state:8036 - Acquired backend connection (postgresql) for thread 8346099072
2026-09-16 23:34:35.833 | INFO     | tldw_Server_API.app.core.DB_Management.chacha.note_store:_execute:124 - Added note 'Bob private Indigo' with ID: 18ba51a5-81a6-4e97-a91f-bcf945535ef7.
2026-09-16 23:34:35.833 | DEBUG    | tldw_Server_API.app.core.DB_Management.ChaChaNotes_DB:close_connection:8110 - Returned backend connection (postgresql) for thread 8346099072.
2026-09-16 23:34:35.833 | DEBUG    | tldw_Server_API.app.core.DB_Management.ChaChaNotes_DB:close_connection:8110 - Returned backend connection (postgresql) for thread 8346099072.
----------------------------- Captured stderr call -----------------------------
2026-09-16 23:34:35.835 | DEBUG    | tldw_Server_API.app.core.DB_Management.ChaChaNotes_DB:_get_connection_for_state:8036 - Acquired backend connection (postgresql) for thread 8346099072
2026-09-16 23:34:35.836 | INFO     | tldw_Server_API.app.core.DB_Management.ChaChaNotes_DB:_add_generic_item:32615 - Added chacha_keywords 'Alice sequence separator' with ID: 1.
2026-09-16 23:34:35.837 | INFO     | tldw_Server_API.app.core.DB_Management.ChaChaNotes_DB:_add_generic_item:32615 - Added chacha_keywords 'Alice private amber keyword' with ID: 2.
2026-09-16 23:34:35.840 | DEBUG    | tldw_Server_API.app.core.DB_Management.ChaChaNotes_DB:_get_connection_for_state:8036 - Acquired backend connection (postgresql) for thread 8346099072
2026-09-16 23:34:35.841 | INFO     | tldw_Server_API.app.core.DB_Management.ChaChaNotes_DB:_add_generic_item:32615 - Added chacha_keywords 'Bob own indigo keyword' with ID: 3.
2026-09-16 23:34:35.845 | DEBUG    | tldw_Server_API.app.core.DB_Management.ChaChaNotes_DB:_manage_link:34345 - Logged sync event for note_keywords: create on 61504c67-bf53-4c73-8345-5ce6b4b31c41_2
2026-09-16 23:34:35.845 | INFO     | tldw_Server_API.app.core.DB_Management.ChaChaNotes_DB:_manage_link:34347 - Linked note_keywords: note_id=61504c67-bf53-4c73-8345-5ce6b4b31c41, keyword_id=2. Rows affected: 1
2026-09-16 23:34:35.848 | DEBUG    | tldw_Server_API.app.core.DB_Management.ChaChaNotes_DB:_manage_link:34345 - Logged sync event for note_keywords: create on 18ba51a5-81a6-4e97-a91f-bcf945535ef7_3
2026-09-16 23:34:35.848 | INFO     | tldw_Server_API.app.core.DB_Management.ChaChaNotes_DB:_manage_link:34347 - Linked note_keywords: note_id=18ba51a5-81a6-4e97-a91f-bcf945535ef7, keyword_id=3. Rows affected: 1
2026-09-16 23:34:35.848 | DEBUG    | tldw_Server_API.app.core.DB_Management.ChaChaNotes_DB:execute_query:8286 - Executing SQL (script=False, backend=postgresql): SELECT * FROM chacha_keywords WHERE deleted = 0 ORDER BY LOWER(keyword) LIMIT ? OFFSET ?... Params: (100, 0)...
--------------------------- Captured stderr teardown ---------------------------
2026-09-16 23:34:35.850 | DEBUG    | tldw_Server_API.app.core.DB_Management.ChaChaNotes_DB:close_connection:8110 - Returned backend connection (postgresql) for thread 8346099072.
2026-09-16 23:34:35.851 | DEBUG    | tldw_Server_API.app.core.DB_Management.ChaChaNotes_DB:close_connection:8110 - Returned backend connection (postgresql) for thread 8346099072.
2026-09-16 23:34:35.866 | INFO     | tldw_Server_API.app.api.v1.API_Deps.ChaCha_Notes_DB_Deps:close_all_chacha_db_instances:876 - Closing all cached ChaChaNotesDB instances (0)...
2026-09-16 23:34:35.866 | INFO     | tldw_Server_API.app.api.v1.API_Deps.ChaCha_Notes_DB_Deps:close_all_chacha_db_instances:892 - All ChaChaNotesDB instances closed and cache cleared.
2026-09-16 23:34:35.866 | INFO     | tldw_Server_API.app.api.v1.API_Deps.ChaCha_Notes_DB_Deps:close_all_chacha_db_instances:876 - Closing all cached ChaChaNotesDB instances (0)...
2026-09-16 23:34:35.866 | INFO     | tldw_Server_API.app.api.v1.API_Deps.ChaCha_Notes_DB_Deps:close_all_chacha_db_instances:892 - All ChaChaNotesDB instances closed and cache cleared.
______________ test_note_linked_owner_edges[postgres-keyword-id] _______________
tldw_Server_API/tests/DB_Management/test_note_shared_owner_contract.py:78: in test_note_linked_owner_edges
    elif operation == 'keyword-id': assert f.bob.get_keyword_by_id(foreign_keyword) is None
                                    ^^^^^^^^^^^^^^^^^^^^^^^^^^^^^^^^^^^^^^^^^^^^^^^^^^^^^^^
E   AssertionError: assert {'client_id': '2', 'created_at': datetime.datetime(2026, 9, 17, 6, 34, 38, 532000, tzinfo=zoneinfo.ZoneInfo(key='Etc/UTC')), 'deleted': False, 'id': 2, ...} is None
E    +  where {'client_id': '2', 'created_at': datetime.datetime(2026, 9, 17, 6, 34, 38, 532000, tzinfo=zoneinfo.ZoneInfo(key='Etc/UTC')), 'deleted': False, 'id': 2, ...} = get_keyword_by_id(2)
E    +    where get_keyword_by_id = <tldw_Server_API.app.core.DB_Management.ChaChaNotes_DB.CharactersRAGDB object at 0x11083a790>.get_keyword_by_id
E    +      where <tldw_Server_API.app.core.DB_Management.ChaChaNotes_DB.CharactersRAGDB object at 0x11083a790> = namespace(alice=<tldw_Server_API.app.core.DB_Management.ChaChaNotes_DB.CharactersRAGDB object at 0x1105d0c50>, bob=<tl...b8-4f33-b058-10238f32af61', deleted='be037a5e-42c7-4d4f-9910-2ba6d6b7c622', own='43fc2220-cc08-474b-a8a5-1df1fd895121').bob
---------------------------- Captured stderr setup -----------------------------
2026-09-16 23:34:37.075 | INFO     | tldw_Server_API.app.core.DB_Management.backends.factory:create_backend:392 - Creating postgresql backend
2026-09-16 23:34:37.075 | INFO     | tldw_Server_API.app.core.config:_buffered_log:210 - Determined ACTUAL_PROJECT_ROOT for database paths: /Users/macbook-dev/Documents/GitHub/tldw_server2
2026-09-16 23:34:37.075 | INFO     | tldw_Server_API.app.core.config:_buffered_log:210 - Early loading environment variables from: /Users/macbook-dev/Documents/GitHub/tldw_server2/tldw_Server_API/Config_Files/.env
2026-09-16 23:34:37.079 | INFO     | tldw_Server_API.app.core.config:_buffered_log:210 - Early loading environment variables from: /Users/macbook-dev/Documents/GitHub/tldw_server2/tldw_Server_API/Config_Files/.ENV
2026-09-16 23:34:37.084 | DEBUG    | tldw_Server_API.app.core.config:_buffered_log:210 - load_and_log_configs(): Loading and logging configurations...
2026-09-16 23:34:37.084 | INFO     | tldw_Server_API.app.core.config:_buffered_log:210 - Loading environment variables from: /Users/macbook-dev/Documents/GitHub/tldw_server2/tldw_Server_API/Config_Files/.env
2026-09-16 23:34:37.088 | INFO     | tldw_Server_API.app.core.config:_buffered_log:210 - Loading environment variables from: /Users/macbook-dev/Documents/GitHub/tldw_server2/tldw_Server_API/Config_Files/.ENV
2026-09-16 23:34:37.093 | INFO     | tldw_Server_API.app.core.config:_buffered_log:210 - Attempting to load comprehensive config from: /Users/macbook-dev/Documents/GitHub/tldw_server2/tldw_Server_API/Config_Files/config.txt
2026-09-16 23:34:37.094 | INFO     | tldw_Server_API.app.core.config:_buffered_log:210 - load_comprehensive_config(): Sections found in config: ['Setup', 'UI', 'Server', 'Files', 'Image-Generation', 'ACP', 'WORKSPACES', 'ACP-WORKSPACE', 'ACP-SANDBOX', 'Audit', 'Processing', 'Media-Processing', 'Chat-Dictionaries', 'Chat-Module', 'Chat-Commands', 'Chat-Templating', 'Character-Chat', 'Settings', 'Auto-Save', 'Prompts', 'Database', 'Chunking', 'Visual-RAG', 'AuthNZ', 'Streaming', 'HTTP', 'Egress', 'Embeddings', 'Claims', 'ClaimsMonitoring', 'RAG', 'Search-Agent', 'ResourceGovernor', 'Jobs', 'SlidesStandaloneHtml', 'Diarization', 'API', 'MLX', 'Local-API', 'LlamaCpp', 'STT-Settings', 'external_providers', 'TTS-Settings', 'VibeVoice', 'Audio-Quota', 'API-Routes', 'Search-Engines', 'Web-Scraper', 'Logging', 'Moderation', 'Redis', 'Web-Scraping', 'personalization', 'persona', 'persona.rbac']
2026-09-16 23:34:37.096 | INFO     | tldw_Server_API.app.core.config:_buffered_log:210 - Ensured main SQLite database directory exists: /Users/macbook-dev/Documents/GitHub/tldw_server2/Databases
2026-09-16 23:34:37.096 | INFO     | tldw_Server_API.app.core.config:_buffered_log:210 - Ensured user data base directory exists: Databases/user_databases
2026-09-16 23:34:37.097 | WARNING  | tldw_Server_API.app.core.DB_Management.db_path_utils:resolve_user_db_base_dir:491 - USER_DB_BASE_DIR not configured in tests, using isolated fallback: /private/var/folders/sn/m80n2j152t9gw3w8qwk2nykh0000gn/T/tldw_user_databases_test/default-8d1a5f83
2026-09-16 23:34:37.097 | INFO     | tldw_Server_API.app.core.DB_Management.ChaChaNotes_DB:__init__:7657 - Initializing CharactersRAGDB for path: /private/var/folders/sn/m80n2j152t9gw3w8qwk2nykh0000gn/T/pytest-of-macbook-dev/pytest-611/test_note_linked_owner_edges_p3/2/ChaChaNotes.db [Client ID: 2] (backend=postgresql)
2026-09-16 23:34:38.377 | DEBUG    | tldw_Server_API.app.core.DB_Management.ChaChaNotes_DB:__init__:7664 - CharactersRAGDB initialization completed successfully for /private/var/folders/sn/m80n2j152t9gw3w8qwk2nykh0000gn/T/pytest-of-macbook-dev/pytest-611/test_note_linked_owner_edges_p3/2/ChaChaNotes.db
2026-09-16 23:34:38.377 | WARNING  | tldw_Server_API.app.core.DB_Management.db_path_utils:resolve_user_db_base_dir:491 - USER_DB_BASE_DIR not configured in tests, using isolated fallback: /private/var/folders/sn/m80n2j152t9gw3w8qwk2nykh0000gn/T/tldw_user_databases_test/default-8d1a5f83
2026-09-16 23:34:38.377 | INFO     | tldw_Server_API.app.core.DB_Management.ChaChaNotes_DB:__init__:7657 - Initializing CharactersRAGDB for path: /private/var/folders/sn/m80n2j152t9gw3w8qwk2nykh0000gn/T/pytest-of-macbook-dev/pytest-611/test_note_linked_owner_edges_p3/3/ChaChaNotes.db [Client ID: 3] (backend=postgresql)
2026-09-16 23:34:38.515 | DEBUG    | tldw_Server_API.app.core.DB_Management.ChaChaNotes_DB:__init__:7664 - CharactersRAGDB initialization completed successfully for /private/var/folders/sn/m80n2j152t9gw3w8qwk2nykh0000gn/T/pytest-of-macbook-dev/pytest-611/test_note_linked_owner_edges_p3/3/ChaChaNotes.db
2026-09-16 23:34:38.516 | DEBUG    | tldw_Server_API.app.core.DB_Management.ChaChaNotes_DB:_get_connection_for_state:8036 - Acquired backend connection (postgresql) for thread 8346099072
2026-09-16 23:34:38.518 | INFO     | tldw_Server_API.app.core.DB_Management.chacha.note_store:_execute:124 - Added note 'Alice private Citrine' with ID: c222fef2-6eb8-4f33-b058-10238f32af61.
2026-09-16 23:34:38.519 | INFO     | tldw_Server_API.app.core.DB_Management.chacha.note_store:_execute:124 - Added note 'Alice deleted Citrine' with ID: be037a5e-42c7-4d4f-9910-2ba6d6b7c622.
2026-09-16 23:34:38.522 | INFO     | tldw_Server_API.app.core.DB_Management.chacha.note_store:soft_delete_note:2219 - Soft-deleted note ID be037a5e-42c7-4d4f-9910-2ba6d6b7c622 (was v1), new version 2.
2026-09-16 23:34:38.526 | DEBUG    | tldw_Server_API.app.core.DB_Management.ChaChaNotes_DB:_get_connection_for_state:8036 - Acquired backend connection (postgresql) for thread 8346099072
2026-09-16 23:34:38.529 | INFO     | tldw_Server_API.app.core.DB_Management.chacha.note_store:_execute:124 - Added note 'Bob private Indigo' with ID: 43fc2220-cc08-474b-a8a5-1df1fd895121.
2026-09-16 23:34:38.529 | DEBUG    | tldw_Server_API.app.core.DB_Management.ChaChaNotes_DB:close_connection:8110 - Returned backend connection (postgresql) for thread 8346099072.
2026-09-16 23:34:38.529 | DEBUG    | tldw_Server_API.app.core.DB_Management.ChaChaNotes_DB:close_connection:8110 - Returned backend connection (postgresql) for thread 8346099072.
----------------------------- Captured stderr call -----------------------------
2026-09-16 23:34:38.531 | DEBUG    | tldw_Server_API.app.core.DB_Management.ChaChaNotes_DB:_get_connection_for_state:8036 - Acquired backend connection (postgresql) for thread 8346099072
2026-09-16 23:34:38.532 | INFO     | tldw_Server_API.app.core.DB_Management.ChaChaNotes_DB:_add_generic_item:32615 - Added chacha_keywords 'Alice sequence separator' with ID: 1.
2026-09-16 23:34:38.533 | INFO     | tldw_Server_API.app.core.DB_Management.ChaChaNotes_DB:_add_generic_item:32615 - Added chacha_keywords 'Alice private amber keyword' with ID: 2.
2026-09-16 23:34:38.535 | DEBUG    | tldw_Server_API.app.core.DB_Management.ChaChaNotes_DB:_get_connection_for_state:8036 - Acquired backend connection (postgresql) for thread 8346099072
2026-09-16 23:34:38.536 | INFO     | tldw_Server_API.app.core.DB_Management.ChaChaNotes_DB:_add_generic_item:32615 - Added chacha_keywords 'Bob own indigo keyword' with ID: 3.
2026-09-16 23:34:38.540 | DEBUG    | tldw_Server_API.app.core.DB_Management.ChaChaNotes_DB:_manage_link:34345 - Logged sync event for note_keywords: create on c222fef2-6eb8-4f33-b058-10238f32af61_2
2026-09-16 23:34:38.540 | INFO     | tldw_Server_API.app.core.DB_Management.ChaChaNotes_DB:_manage_link:34347 - Linked note_keywords: note_id=c222fef2-6eb8-4f33-b058-10238f32af61, keyword_id=2. Rows affected: 1
2026-09-16 23:34:38.543 | DEBUG    | tldw_Server_API.app.core.DB_Management.ChaChaNotes_DB:_manage_link:34345 - Logged sync event for note_keywords: create on 43fc2220-cc08-474b-a8a5-1df1fd895121_3
2026-09-16 23:34:38.543 | INFO     | tldw_Server_API.app.core.DB_Management.ChaChaNotes_DB:_manage_link:34347 - Linked note_keywords: note_id=43fc2220-cc08-474b-a8a5-1df1fd895121, keyword_id=3. Rows affected: 1
2026-09-16 23:34:38.543 | DEBUG    | tldw_Server_API.app.core.DB_Management.ChaChaNotes_DB:execute_query:8286 - Executing SQL (script=False, backend=postgresql): SELECT * FROM chacha_keywords WHERE id = ? AND deleted = 0... Params: (2,)...
--------------------------- Captured stderr teardown ---------------------------
2026-09-16 23:34:38.545 | DEBUG    | tldw_Server_API.app.core.DB_Management.ChaChaNotes_DB:close_connection:8110 - Returned backend connection (postgresql) for thread 8346099072.
2026-09-16 23:34:38.546 | DEBUG    | tldw_Server_API.app.core.DB_Management.ChaChaNotes_DB:close_connection:8110 - Returned backend connection (postgresql) for thread 8346099072.
2026-09-16 23:34:38.606 | INFO     | tldw_Server_API.app.api.v1.API_Deps.ChaCha_Notes_DB_Deps:close_all_chacha_db_instances:876 - Closing all cached ChaChaNotesDB instances (0)...
2026-09-16 23:34:38.606 | INFO     | tldw_Server_API.app.api.v1.API_Deps.ChaCha_Notes_DB_Deps:close_all_chacha_db_instances:892 - All ChaChaNotesDB instances closed and cache cleared.
2026-09-16 23:34:38.606 | INFO     | tldw_Server_API.app.api.v1.API_Deps.ChaCha_Notes_DB_Deps:close_all_chacha_db_instances:876 - Closing all cached ChaChaNotesDB instances (0)...
2026-09-16 23:34:38.606 | INFO     | tldw_Server_API.app.api.v1.API_Deps.ChaCha_Notes_DB_Deps:close_all_chacha_db_instances:892 - All ChaChaNotesDB instances closed and cache cleared.
____________ test_note_reads_exclude_foreign_owner[postgres-detail] ____________
tldw_Server_API/tests/DB_Management/test_note_shared_owner_contract.py:45: in test_note_reads_exclude_foreign_owner
    assert db.get_note_by_id(note_owners.private) is None
E   AssertionError: assert {'client_id': '2', 'content': 'Private amber research fixture', 'conversation_id': None, 'created_at': datetime.datetime(2026, 9, 17, 6, 34, 42, 506000, tzinfo=zoneinfo.ZoneInfo(key='Etc/UTC')), ...} is None
E    +  where {'client_id': '2', 'content': 'Private amber research fixture', 'conversation_id': None, 'created_at': datetime.datetime(2026, 9, 17, 6, 34, 42, 506000, tzinfo=zoneinfo.ZoneInfo(key='Etc/UTC')), ...} = get_note_by_id('820910aa-a935-49fe-b1a3-1d54dad0867d')
E    +    where get_note_by_id = <tldw_Server_API.app.core.DB_Management.ChaChaNotes_DB.CharactersRAGDB object at 0x110450f90>.get_note_by_id
E    +    and   '820910aa-a935-49fe-b1a3-1d54dad0867d' = namespace(alice=<tldw_Server_API.app.core.DB_Management.ChaChaNotes_DB.CharactersRAGDB object at 0x110371950>, bob=<tl...35-49fe-b1a3-1d54dad0867d', deleted='fb832ff9-7f94-4eb5-95f6-ce23db05da53', own='21e7abf3-ca7d-435f-85a5-1ea73f0cf41e').private
---------------------------- Captured stderr setup -----------------------------
2026-09-16 23:34:41.044 | INFO     | tldw_Server_API.app.core.DB_Management.backends.factory:create_backend:392 - Creating postgresql backend
2026-09-16 23:34:41.045 | INFO     | tldw_Server_API.app.core.config:_buffered_log:210 - Determined ACTUAL_PROJECT_ROOT for database paths: /Users/macbook-dev/Documents/GitHub/tldw_server2
2026-09-16 23:34:41.045 | INFO     | tldw_Server_API.app.core.config:_buffered_log:210 - Early loading environment variables from: /Users/macbook-dev/Documents/GitHub/tldw_server2/tldw_Server_API/Config_Files/.env
2026-09-16 23:34:41.049 | INFO     | tldw_Server_API.app.core.config:_buffered_log:210 - Early loading environment variables from: /Users/macbook-dev/Documents/GitHub/tldw_server2/tldw_Server_API/Config_Files/.ENV
2026-09-16 23:34:41.053 | DEBUG    | tldw_Server_API.app.core.config:_buffered_log:210 - load_and_log_configs(): Loading and logging configurations...
2026-09-16 23:34:41.054 | INFO     | tldw_Server_API.app.core.config:_buffered_log:210 - Loading environment variables from: /Users/macbook-dev/Documents/GitHub/tldw_server2/tldw_Server_API/Config_Files/.env
2026-09-16 23:34:41.058 | INFO     | tldw_Server_API.app.core.config:_buffered_log:210 - Loading environment variables from: /Users/macbook-dev/Documents/GitHub/tldw_server2/tldw_Server_API/Config_Files/.ENV
2026-09-16 23:34:41.062 | INFO     | tldw_Server_API.app.core.config:_buffered_log:210 - Attempting to load comprehensive config from: /Users/macbook-dev/Documents/GitHub/tldw_server2/tldw_Server_API/Config_Files/config.txt
2026-09-16 23:34:41.064 | INFO     | tldw_Server_API.app.core.config:_buffered_log:210 - load_comprehensive_config(): Sections found in config: ['Setup', 'UI', 'Server', 'Files', 'Image-Generation', 'ACP', 'WORKSPACES', 'ACP-WORKSPACE', 'ACP-SANDBOX', 'Audit', 'Processing', 'Media-Processing', 'Chat-Dictionaries', 'Chat-Module', 'Chat-Commands', 'Chat-Templating', 'Character-Chat', 'Settings', 'Auto-Save', 'Prompts', 'Database', 'Chunking', 'Visual-RAG', 'AuthNZ', 'Streaming', 'HTTP', 'Egress', 'Embeddings', 'Claims', 'ClaimsMonitoring', 'RAG', 'Search-Agent', 'ResourceGovernor', 'Jobs', 'SlidesStandaloneHtml', 'Diarization', 'API', 'MLX', 'Local-API', 'LlamaCpp', 'STT-Settings', 'external_providers', 'TTS-Settings', 'VibeVoice', 'Audio-Quota', 'API-Routes', 'Search-Engines', 'Web-Scraper', 'Logging', 'Moderation', 'Redis', 'Web-Scraping', 'personalization', 'persona', 'persona.rbac']
2026-09-16 23:34:41.066 | INFO     | tldw_Server_API.app.core.config:_buffered_log:210 - Ensured main SQLite database directory exists: /Users/macbook-dev/Documents/GitHub/tldw_server2/Databases
2026-09-16 23:34:41.066 | INFO     | tldw_Server_API.app.core.config:_buffered_log:210 - Ensured user data base directory exists: Databases/user_databases
2026-09-16 23:34:41.066 | WARNING  | tldw_Server_API.app.core.DB_Management.db_path_utils:resolve_user_db_base_dir:491 - USER_DB_BASE_DIR not configured in tests, using isolated fallback: /private/var/folders/sn/m80n2j152t9gw3w8qwk2nykh0000gn/T/tldw_user_databases_test/default-8d1a5f83
2026-09-16 23:34:41.067 | INFO     | tldw_Server_API.app.core.DB_Management.ChaChaNotes_DB:__init__:7657 - Initializing CharactersRAGDB for path: /private/var/folders/sn/m80n2j152t9gw3w8qwk2nykh0000gn/T/pytest-of-macbook-dev/pytest-611/test_note_reads_exclude_foreig3/2/ChaChaNotes.db [Client ID: 2] (backend=postgresql)
2026-09-16 23:34:42.352 | DEBUG    | tldw_Server_API.app.core.DB_Management.ChaChaNotes_DB:__init__:7664 - CharactersRAGDB initialization completed successfully for /private/var/folders/sn/m80n2j152t9gw3w8qwk2nykh0000gn/T/pytest-of-macbook-dev/pytest-611/test_note_reads_exclude_foreig3/2/ChaChaNotes.db
2026-09-16 23:34:42.352 | WARNING  | tldw_Server_API.app.core.DB_Management.db_path_utils:resolve_user_db_base_dir:491 - USER_DB_BASE_DIR not configured in tests, using isolated fallback: /private/var/folders/sn/m80n2j152t9gw3w8qwk2nykh0000gn/T/tldw_user_databases_test/default-8d1a5f83
2026-09-16 23:34:42.352 | INFO     | tldw_Server_API.app.core.DB_Management.ChaChaNotes_DB:__init__:7657 - Initializing CharactersRAGDB for path: /private/var/folders/sn/m80n2j152t9gw3w8qwk2nykh0000gn/T/pytest-of-macbook-dev/pytest-611/test_note_reads_exclude_foreig3/3/ChaChaNotes.db [Client ID: 3] (backend=postgresql)
2026-09-16 23:34:42.506 | DEBUG    | tldw_Server_API.app.core.DB_Management.ChaChaNotes_DB:__init__:7664 - CharactersRAGDB initialization completed successfully for /private/var/folders/sn/m80n2j152t9gw3w8qwk2nykh0000gn/T/pytest-of-macbook-dev/pytest-611/test_note_reads_exclude_foreig3/3/ChaChaNotes.db
2026-09-16 23:34:42.507 | DEBUG    | tldw_Server_API.app.core.DB_Management.ChaChaNotes_DB:_get_connection_for_state:8036 - Acquired backend connection (postgresql) for thread 8346099072
2026-09-16 23:34:42.509 | INFO     | tldw_Server_API.app.core.DB_Management.chacha.note_store:_execute:124 - Added note 'Alice private Citrine' with ID: 820910aa-a935-49fe-b1a3-1d54dad0867d.
2026-09-16 23:34:42.511 | INFO     | tldw_Server_API.app.core.DB_Management.chacha.note_store:_execute:124 - Added note 'Alice deleted Citrine' with ID: fb832ff9-7f94-4eb5-95f6-ce23db05da53.
2026-09-16 23:34:42.513 | INFO     | tldw_Server_API.app.core.DB_Management.chacha.note_store:soft_delete_note:2219 - Soft-deleted note ID fb832ff9-7f94-4eb5-95f6-ce23db05da53 (was v1), new version 2.
2026-09-16 23:34:42.518 | DEBUG    | tldw_Server_API.app.core.DB_Management.ChaChaNotes_DB:_get_connection_for_state:8036 - Acquired backend connection (postgresql) for thread 8346099072
2026-09-16 23:34:42.521 | INFO     | tldw_Server_API.app.core.DB_Management.chacha.note_store:_execute:124 - Added note 'Bob private Indigo' with ID: 21e7abf3-ca7d-435f-85a5-1ea73f0cf41e.
2026-09-16 23:34:42.521 | DEBUG    | tldw_Server_API.app.core.DB_Management.ChaChaNotes_DB:close_connection:8110 - Returned backend connection (postgresql) for thread 8346099072.
2026-09-16 23:34:42.521 | DEBUG    | tldw_Server_API.app.core.DB_Management.ChaChaNotes_DB:close_connection:8110 - Returned backend connection (postgresql) for thread 8346099072.
----------------------------- Captured stderr call -----------------------------
2026-09-16 23:34:42.523 | DEBUG    | tldw_Server_API.app.core.DB_Management.ChaChaNotes_DB:_get_connection_for_state:8036 - Acquired backend connection (postgresql) for thread 8346099072
2026-09-16 23:34:42.523 | DEBUG    | tldw_Server_API.app.core.DB_Management.ChaChaNotes_DB:execute_query:8286 - Executing SQL (script=False, backend=postgresql): SELECT * FROM notes WHERE id = ? AND deleted = ?... Params: ('820910aa-a935-49fe-b1a3-1d54dad0867d', False)...
--------------------------- Captured stderr teardown ---------------------------
2026-09-16 23:34:42.526 | DEBUG    | tldw_Server_API.app.core.DB_Management.ChaChaNotes_DB:close_connection:8110 - Returned backend connection (postgresql) for thread 8346099072.
2026-09-16 23:34:42.681 | INFO     | tldw_Server_API.app.api.v1.API_Deps.ChaCha_Notes_DB_Deps:close_all_chacha_db_instances:876 - Closing all cached ChaChaNotesDB instances (0)...
2026-09-16 23:34:42.681 | INFO     | tldw_Server_API.app.api.v1.API_Deps.ChaCha_Notes_DB_Deps:close_all_chacha_db_instances:892 - All ChaChaNotesDB instances closed and cache cleared.
2026-09-16 23:34:42.681 | INFO     | tldw_Server_API.app.api.v1.API_Deps.ChaCha_Notes_DB_Deps:close_all_chacha_db_instances:876 - Closing all cached ChaChaNotesDB instances (0)...
2026-09-16 23:34:42.681 | INFO     | tldw_Server_API.app.api.v1.API_Deps.ChaCha_Notes_DB_Deps:close_all_chacha_db_instances:892 - All ChaChaNotesDB instances closed and cache cleared.
_____________ test_note_linked_owner_edges[postgres-keyword-text] ______________
tldw_Server_API/tests/DB_Management/test_note_shared_owner_contract.py:79: in test_note_linked_owner_edges
    elif operation == 'keyword-text': assert f.bob.get_keyword_by_text('Alice private amber keyword') is None
                                      ^^^^^^^^^^^^^^^^^^^^^^^^^^^^^^^^^^^^^^^^^^^^^^^^^^^^^^^^^^^^^^^^^^^^^^^
E   AssertionError: assert {'client_id': '2', 'created_at': datetime.datetime(2026, 9, 17, 6, 34, 44, 212000, tzinfo=zoneinfo.ZoneInfo(key='Etc/UTC')), 'deleted': False, 'id': 2, ...} is None
E    +  where {'client_id': '2', 'created_at': datetime.datetime(2026, 9, 17, 6, 34, 44, 212000, tzinfo=zoneinfo.ZoneInfo(key='Etc/UTC')), 'deleted': False, 'id': 2, ...} = get_keyword_by_text('Alice private amber keyword')
E    +    where get_keyword_by_text = <tldw_Server_API.app.core.DB_Management.ChaChaNotes_DB.CharactersRAGDB object at 0x110691b50>.get_keyword_by_text
E    +      where <tldw_Server_API.app.core.DB_Management.ChaChaNotes_DB.CharactersRAGDB object at 0x110691b50> = namespace(alice=<tldw_Server_API.app.core.DB_Management.ChaChaNotes_DB.CharactersRAGDB object at 0x1104283d0>, bob=<tl...bc-4604-94db-e4036bd6395c', deleted='9af0d48a-2bea-430e-93a8-5e54390050fb', own='daf47942-d1ba-4f2a-b165-ca4ad20be8a3').bob
---------------------------- Captured stderr setup -----------------------------
2026-09-16 23:34:42.698 | INFO     | tldw_Server_API.app.core.DB_Management.backends.factory:create_backend:392 - Creating postgresql backend
2026-09-16 23:34:42.699 | INFO     | tldw_Server_API.app.core.config:_buffered_log:210 - Determined ACTUAL_PROJECT_ROOT for database paths: /Users/macbook-dev/Documents/GitHub/tldw_server2
2026-09-16 23:34:42.699 | INFO     | tldw_Server_API.app.core.config:_buffered_log:210 - Early loading environment variables from: /Users/macbook-dev/Documents/GitHub/tldw_server2/tldw_Server_API/Config_Files/.env
2026-09-16 23:34:42.703 | INFO     | tldw_Server_API.app.core.config:_buffered_log:210 - Early loading environment variables from: /Users/macbook-dev/Documents/GitHub/tldw_server2/tldw_Server_API/Config_Files/.ENV
2026-09-16 23:34:42.707 | DEBUG    | tldw_Server_API.app.core.config:_buffered_log:210 - load_and_log_configs(): Loading and logging configurations...
2026-09-16 23:34:42.708 | INFO     | tldw_Server_API.app.core.config:_buffered_log:210 - Loading environment variables from: /Users/macbook-dev/Documents/GitHub/tldw_server2/tldw_Server_API/Config_Files/.env
2026-09-16 23:34:42.712 | INFO     | tldw_Server_API.app.core.config:_buffered_log:210 - Loading environment variables from: /Users/macbook-dev/Documents/GitHub/tldw_server2/tldw_Server_API/Config_Files/.ENV
2026-09-16 23:34:42.717 | INFO     | tldw_Server_API.app.core.config:_buffered_log:210 - Attempting to load comprehensive config from: /Users/macbook-dev/Documents/GitHub/tldw_server2/tldw_Server_API/Config_Files/config.txt
2026-09-16 23:34:42.719 | INFO     | tldw_Server_API.app.core.config:_buffered_log:210 - load_comprehensive_config(): Sections found in config: ['Setup', 'UI', 'Server', 'Files', 'Image-Generation', 'ACP', 'WORKSPACES', 'ACP-WORKSPACE', 'ACP-SANDBOX', 'Audit', 'Processing', 'Media-Processing', 'Chat-Dictionaries', 'Chat-Module', 'Chat-Commands', 'Chat-Templating', 'Character-Chat', 'Settings', 'Auto-Save', 'Prompts', 'Database', 'Chunking', 'Visual-RAG', 'AuthNZ', 'Streaming', 'HTTP', 'Egress', 'Embeddings', 'Claims', 'ClaimsMonitoring', 'RAG', 'Search-Agent', 'ResourceGovernor', 'Jobs', 'SlidesStandaloneHtml', 'Diarization', 'API', 'MLX', 'Local-API', 'LlamaCpp', 'STT-Settings', 'external_providers', 'TTS-Settings', 'VibeVoice', 'Audio-Quota', 'API-Routes', 'Search-Engines', 'Web-Scraper', 'Logging', 'Moderation', 'Redis', 'Web-Scraping', 'personalization', 'persona', 'persona.rbac']
2026-09-16 23:34:42.721 | INFO     | tldw_Server_API.app.core.config:_buffered_log:210 - Ensured main SQLite database directory exists: /Users/macbook-dev/Documents/GitHub/tldw_server2/Databases
2026-09-16 23:34:42.721 | INFO     | tldw_Server_API.app.core.config:_buffered_log:210 - Ensured user data base directory exists: Databases/user_databases
2026-09-16 23:34:42.721 | WARNING  | tldw_Server_API.app.core.DB_Management.db_path_utils:resolve_user_db_base_dir:491 - USER_DB_BASE_DIR not configured in tests, using isolated fallback: /private/var/folders/sn/m80n2j152t9gw3w8qwk2nykh0000gn/T/tldw_user_databases_test/default-8d1a5f83
2026-09-16 23:34:42.722 | INFO     | tldw_Server_API.app.core.DB_Management.ChaChaNotes_DB:__init__:7657 - Initializing CharactersRAGDB for path: /private/var/folders/sn/m80n2j152t9gw3w8qwk2nykh0000gn/T/pytest-of-macbook-dev/pytest-611/test_note_linked_owner_edges_p4/2/ChaChaNotes.db [Client ID: 2] (backend=postgresql)
2026-09-16 23:34:44.045 | DEBUG    | tldw_Server_API.app.core.DB_Management.ChaChaNotes_DB:__init__:7664 - CharactersRAGDB initialization completed successfully for /private/var/folders/sn/m80n2j152t9gw3w8qwk2nykh0000gn/T/pytest-of-macbook-dev/pytest-611/test_note_linked_owner_edges_p4/2/ChaChaNotes.db
2026-09-16 23:34:44.046 | WARNING  | tldw_Server_API.app.core.DB_Management.db_path_utils:resolve_user_db_base_dir:491 - USER_DB_BASE_DIR not configured in tests, using isolated fallback: /private/var/folders/sn/m80n2j152t9gw3w8qwk2nykh0000gn/T/tldw_user_databases_test/default-8d1a5f83
2026-09-16 23:34:44.046 | INFO     | tldw_Server_API.app.core.DB_Management.ChaChaNotes_DB:__init__:7657 - Initializing CharactersRAGDB for path: /private/var/folders/sn/m80n2j152t9gw3w8qwk2nykh0000gn/T/pytest-of-macbook-dev/pytest-611/test_note_linked_owner_edges_p4/3/ChaChaNotes.db [Client ID: 3] (backend=postgresql)
2026-09-16 23:34:44.192 | DEBUG    | tldw_Server_API.app.core.DB_Management.ChaChaNotes_DB:__init__:7664 - CharactersRAGDB initialization completed successfully for /private/var/folders/sn/m80n2j152t9gw3w8qwk2nykh0000gn/T/pytest-of-macbook-dev/pytest-611/test_note_linked_owner_edges_p4/3/ChaChaNotes.db
2026-09-16 23:34:44.194 | DEBUG    | tldw_Server_API.app.core.DB_Management.ChaChaNotes_DB:_get_connection_for_state:8036 - Acquired backend connection (postgresql) for thread 8346099072
2026-09-16 23:34:44.196 | INFO     | tldw_Server_API.app.core.DB_Management.chacha.note_store:_execute:124 - Added note 'Alice private Citrine' with ID: 0f866dfa-00bc-4604-94db-e4036bd6395c.
2026-09-16 23:34:44.197 | INFO     | tldw_Server_API.app.core.DB_Management.chacha.note_store:_execute:124 - Added note 'Alice deleted Citrine' with ID: 9af0d48a-2bea-430e-93a8-5e54390050fb.
2026-09-16 23:34:44.200 | INFO     | tldw_Server_API.app.core.DB_Management.chacha.note_store:soft_delete_note:2219 - Soft-deleted note ID 9af0d48a-2bea-430e-93a8-5e54390050fb (was v1), new version 2.
2026-09-16 23:34:44.206 | DEBUG    | tldw_Server_API.app.core.DB_Management.ChaChaNotes_DB:_get_connection_for_state:8036 - Acquired backend connection (postgresql) for thread 8346099072
2026-09-16 23:34:44.209 | INFO     | tldw_Server_API.app.core.DB_Management.chacha.note_store:_execute:124 - Added note 'Bob private Indigo' with ID: daf47942-d1ba-4f2a-b165-ca4ad20be8a3.
2026-09-16 23:34:44.209 | DEBUG    | tldw_Server_API.app.core.DB_Management.ChaChaNotes_DB:close_connection:8110 - Returned backend connection (postgresql) for thread 8346099072.
2026-09-16 23:34:44.209 | DEBUG    | tldw_Server_API.app.core.DB_Management.ChaChaNotes_DB:close_connection:8110 - Returned backend connection (postgresql) for thread 8346099072.
----------------------------- Captured stderr call -----------------------------
2026-09-16 23:34:44.211 | DEBUG    | tldw_Server_API.app.core.DB_Management.ChaChaNotes_DB:_get_connection_for_state:8036 - Acquired backend connection (postgresql) for thread 8346099072
2026-09-16 23:34:44.212 | INFO     | tldw_Server_API.app.core.DB_Management.ChaChaNotes_DB:_add_generic_item:32615 - Added chacha_keywords 'Alice sequence separator' with ID: 1.
2026-09-16 23:34:44.213 | INFO     | tldw_Server_API.app.core.DB_Management.ChaChaNotes_DB:_add_generic_item:32615 - Added chacha_keywords 'Alice private amber keyword' with ID: 2.
2026-09-16 23:34:44.215 | DEBUG    | tldw_Server_API.app.core.DB_Management.ChaChaNotes_DB:_get_connection_for_state:8036 - Acquired backend connection (postgresql) for thread 8346099072
2026-09-16 23:34:44.216 | INFO     | tldw_Server_API.app.core.DB_Management.ChaChaNotes_DB:_add_generic_item:32615 - Added chacha_keywords 'Bob own indigo keyword' with ID: 3.
2026-09-16 23:34:44.220 | DEBUG    | tldw_Server_API.app.core.DB_Management.ChaChaNotes_DB:_manage_link:34345 - Logged sync event for note_keywords: create on 0f866dfa-00bc-4604-94db-e4036bd6395c_2
2026-09-16 23:34:44.221 | INFO     | tldw_Server_API.app.core.DB_Management.ChaChaNotes_DB:_manage_link:34347 - Linked note_keywords: note_id=0f866dfa-00bc-4604-94db-e4036bd6395c, keyword_id=2. Rows affected: 1
2026-09-16 23:34:44.224 | DEBUG    | tldw_Server_API.app.core.DB_Management.ChaChaNotes_DB:_manage_link:34345 - Logged sync event for note_keywords: create on daf47942-d1ba-4f2a-b165-ca4ad20be8a3_3
2026-09-16 23:34:44.224 | INFO     | tldw_Server_API.app.core.DB_Management.ChaChaNotes_DB:_manage_link:34347 - Linked note_keywords: note_id=daf47942-d1ba-4f2a-b165-ca4ad20be8a3, keyword_id=3. Rows affected: 1
2026-09-16 23:34:44.224 | DEBUG    | tldw_Server_API.app.core.DB_Management.ChaChaNotes_DB:execute_query:8286 - Executing SQL (script=False, backend=postgresql): SELECT * FROM chacha_keywords WHERE keyword = ? AND deleted = 0... Params: ('Alice private amber keyword',)...
--------------------------- Captured stderr teardown ---------------------------
2026-09-16 23:34:44.227 | DEBUG    | tldw_Server_API.app.core.DB_Management.ChaChaNotes_DB:close_connection:8110 - Returned backend connection (postgresql) for thread 8346099072.
2026-09-16 23:34:44.227 | DEBUG    | tldw_Server_API.app.core.DB_Management.ChaChaNotes_DB:close_connection:8110 - Returned backend connection (postgresql) for thread 8346099072.
2026-09-16 23:34:44.439 | INFO     | tldw_Server_API.app.api.v1.API_Deps.ChaCha_Notes_DB_Deps:close_all_chacha_db_instances:876 - Closing all cached ChaChaNotesDB instances (0)...
2026-09-16 23:34:44.439 | INFO     | tldw_Server_API.app.api.v1.API_Deps.ChaCha_Notes_DB_Deps:close_all_chacha_db_instances:892 - All ChaChaNotesDB instances closed and cache cleared.
2026-09-16 23:34:44.439 | INFO     | tldw_Server_API.app.api.v1.API_Deps.ChaCha_Notes_DB_Deps:close_all_chacha_db_instances:876 - Closing all cached ChaChaNotesDB instances (0)...
2026-09-16 23:34:44.439 | INFO     | tldw_Server_API.app.api.v1.API_Deps.ChaCha_Notes_DB_Deps:close_all_chacha_db_instances:892 - All ChaChaNotesDB instances closed and cache cleared.
____________ test_note_reads_exclude_foreign_owner[postgres-search] ____________
tldw_Server_API/tests/DB_Management/test_note_shared_owner_contract.py:51: in test_note_reads_exclude_foreign_owner
    assert db.search_notes("Citrine") == []
E   AssertionError: assert [{'client_id'.../UTC')), ...}] == []
E
E     Left contains one more item: {'client_id': '2', 'content': 'Private amber research fixture', 'conversation_id': None, 'created_at': datetime.datetime(2026, 9, 17, 6, 34, 48, 517000, tzinfo=zoneinfo.ZoneInfo(key='Etc/UTC')), ...}
E     Use -v to get more diff
---------------------------- Captured stderr setup -----------------------------
2026-09-16 23:34:47.130 | INFO     | tldw_Server_API.app.core.DB_Management.backends.factory:create_backend:392 - Creating postgresql backend
2026-09-16 23:34:47.130 | INFO     | tldw_Server_API.app.core.config:_buffered_log:210 - Determined ACTUAL_PROJECT_ROOT for database paths: /Users/macbook-dev/Documents/GitHub/tldw_server2
2026-09-16 23:34:47.131 | INFO     | tldw_Server_API.app.core.config:_buffered_log:210 - Early loading environment variables from: /Users/macbook-dev/Documents/GitHub/tldw_server2/tldw_Server_API/Config_Files/.env
2026-09-16 23:34:47.135 | INFO     | tldw_Server_API.app.core.config:_buffered_log:210 - Early loading environment variables from: /Users/macbook-dev/Documents/GitHub/tldw_server2/tldw_Server_API/Config_Files/.ENV
2026-09-16 23:34:47.139 | DEBUG    | tldw_Server_API.app.core.config:_buffered_log:210 - load_and_log_configs(): Loading and logging configurations...
2026-09-16 23:34:47.140 | INFO     | tldw_Server_API.app.core.config:_buffered_log:210 - Loading environment variables from: /Users/macbook-dev/Documents/GitHub/tldw_server2/tldw_Server_API/Config_Files/.env
2026-09-16 23:34:47.144 | INFO     | tldw_Server_API.app.core.config:_buffered_log:210 - Loading environment variables from: /Users/macbook-dev/Documents/GitHub/tldw_server2/tldw_Server_API/Config_Files/.ENV
2026-09-16 23:34:47.148 | INFO     | tldw_Server_API.app.core.config:_buffered_log:210 - Attempting to load comprehensive config from: /Users/macbook-dev/Documents/GitHub/tldw_server2/tldw_Server_API/Config_Files/config.txt
2026-09-16 23:34:47.150 | INFO     | tldw_Server_API.app.core.config:_buffered_log:210 - load_comprehensive_config(): Sections found in config: ['Setup', 'UI', 'Server', 'Files', 'Image-Generation', 'ACP', 'WORKSPACES', 'ACP-WORKSPACE', 'ACP-SANDBOX', 'Audit', 'Processing', 'Media-Processing', 'Chat-Dictionaries', 'Chat-Module', 'Chat-Commands', 'Chat-Templating', 'Character-Chat', 'Settings', 'Auto-Save', 'Prompts', 'Database', 'Chunking', 'Visual-RAG', 'AuthNZ', 'Streaming', 'HTTP', 'Egress', 'Embeddings', 'Claims', 'ClaimsMonitoring', 'RAG', 'Search-Agent', 'ResourceGovernor', 'Jobs', 'SlidesStandaloneHtml', 'Diarization', 'API', 'MLX', 'Local-API', 'LlamaCpp', 'STT-Settings', 'external_providers', 'TTS-Settings', 'VibeVoice', 'Audio-Quota', 'API-Routes', 'Search-Engines', 'Web-Scraper', 'Logging', 'Moderation', 'Redis', 'Web-Scraping', 'personalization', 'persona', 'persona.rbac']
2026-09-16 23:34:47.152 | INFO     | tldw_Server_API.app.core.config:_buffered_log:210 - Ensured main SQLite database directory exists: /Users/macbook-dev/Documents/GitHub/tldw_server2/Databases
2026-09-16 23:34:47.152 | INFO     | tldw_Server_API.app.core.config:_buffered_log:210 - Ensured user data base directory exists: Databases/user_databases
2026-09-16 23:34:47.152 | WARNING  | tldw_Server_API.app.core.DB_Management.db_path_utils:resolve_user_db_base_dir:491 - USER_DB_BASE_DIR not configured in tests, using isolated fallback: /private/var/folders/sn/m80n2j152t9gw3w8qwk2nykh0000gn/T/tldw_user_databases_test/default-8d1a5f83
2026-09-16 23:34:47.152 | INFO     | tldw_Server_API.app.core.DB_Management.ChaChaNotes_DB:__init__:7657 - Initializing CharactersRAGDB for path: /private/var/folders/sn/m80n2j152t9gw3w8qwk2nykh0000gn/T/pytest-of-macbook-dev/pytest-611/test_note_reads_exclude_foreig5/2/ChaChaNotes.db [Client ID: 2] (backend=postgresql)
2026-09-16 23:34:48.374 | DEBUG    | tldw_Server_API.app.core.DB_Management.ChaChaNotes_DB:__init__:7664 - CharactersRAGDB initialization completed successfully for /private/var/folders/sn/m80n2j152t9gw3w8qwk2nykh0000gn/T/pytest-of-macbook-dev/pytest-611/test_note_reads_exclude_foreig5/2/ChaChaNotes.db
2026-09-16 23:34:48.374 | WARNING  | tldw_Server_API.app.core.DB_Management.db_path_utils:resolve_user_db_base_dir:491 - USER_DB_BASE_DIR not configured in tests, using isolated fallback: /private/var/folders/sn/m80n2j152t9gw3w8qwk2nykh0000gn/T/tldw_user_databases_test/default-8d1a5f83
2026-09-16 23:34:48.375 | INFO     | tldw_Server_API.app.core.DB_Management.ChaChaNotes_DB:__init__:7657 - Initializing CharactersRAGDB for path: /private/var/folders/sn/m80n2j152t9gw3w8qwk2nykh0000gn/T/pytest-of-macbook-dev/pytest-611/test_note_reads_exclude_foreig5/3/ChaChaNotes.db [Client ID: 3] (backend=postgresql)
2026-09-16 23:34:48.516 | DEBUG    | tldw_Server_API.app.core.DB_Management.ChaChaNotes_DB:__init__:7664 - CharactersRAGDB initialization completed successfully for /private/var/folders/sn/m80n2j152t9gw3w8qwk2nykh0000gn/T/pytest-of-macbook-dev/pytest-611/test_note_reads_exclude_foreig5/3/ChaChaNotes.db
2026-09-16 23:34:48.518 | DEBUG    | tldw_Server_API.app.core.DB_Management.ChaChaNotes_DB:_get_connection_for_state:8036 - Acquired backend connection (postgresql) for thread 8346099072
2026-09-16 23:34:48.520 | INFO     | tldw_Server_API.app.core.DB_Management.chacha.note_store:_execute:124 - Added note 'Alice private Citrine' with ID: dd19fa3d-e876-413f-b61d-dc666fd42255.
2026-09-16 23:34:48.521 | INFO     | tldw_Server_API.app.core.DB_Management.chacha.note_store:_execute:124 - Added note 'Alice deleted Citrine' with ID: 608b8e8d-0117-4d8a-aeaa-a791aa01440e.
2026-09-16 23:34:48.524 | INFO     | tldw_Server_API.app.core.DB_Management.chacha.note_store:soft_delete_note:2219 - Soft-deleted note ID 608b8e8d-0117-4d8a-aeaa-a791aa01440e (was v1), new version 2.
2026-09-16 23:34:48.528 | DEBUG    | tldw_Server_API.app.core.DB_Management.ChaChaNotes_DB:_get_connection_for_state:8036 - Acquired backend connection (postgresql) for thread 8346099072
2026-09-16 23:34:48.530 | INFO     | tldw_Server_API.app.core.DB_Management.chacha.note_store:_execute:124 - Added note 'Bob private Indigo' with ID: 0c15c5b4-11ec-49d9-b2b9-abf06c7c1178.
2026-09-16 23:34:48.531 | DEBUG    | tldw_Server_API.app.core.DB_Management.ChaChaNotes_DB:close_connection:8110 - Returned backend connection (postgresql) for thread 8346099072.
2026-09-16 23:34:48.531 | DEBUG    | tldw_Server_API.app.core.DB_Management.ChaChaNotes_DB:close_connection:8110 - Returned backend connection (postgresql) for thread 8346099072.
----------------------------- Captured stderr call -----------------------------
2026-09-16 23:34:48.532 | DEBUG    | tldw_Server_API.app.core.DB_Management.ChaChaNotes_DB:_get_connection_for_state:8036 - Acquired backend connection (postgresql) for thread 8346099072
2026-09-16 23:34:48.532 | DEBUG    | tldw_Server_API.app.core.DB_Management.ChaChaNotes_DB:execute_query:8286 - Executing SQL (script=False, backend=postgresql):
                SELECT n.*, ts_rank(n.notes_fts_tsv, to_tsquery('english', ?)) AS rank
                FROM notes n
                WHERE n.deleted = FALSE
                  AND n.notes_fts_tsv @@ to_tsquery('english', ?)
                ORDER BY rank DESC, n.last_modified DESC
                LIMI... Params: ('Citrine', 'Citrine', 10, 0)...
--------------------------- Captured stderr teardown ---------------------------
2026-09-16 23:34:48.535 | DEBUG    | tldw_Server_API.app.core.DB_Management.ChaChaNotes_DB:close_connection:8110 - Returned backend connection (postgresql) for thread 8346099072.
2026-09-16 23:34:48.549 | INFO     | tldw_Server_API.app.api.v1.API_Deps.ChaCha_Notes_DB_Deps:close_all_chacha_db_instances:876 - Closing all cached ChaChaNotesDB instances (0)...
2026-09-16 23:34:48.549 | INFO     | tldw_Server_API.app.api.v1.API_Deps.ChaCha_Notes_DB_Deps:close_all_chacha_db_instances:892 - All ChaChaNotesDB instances closed and cache cleared.
2026-09-16 23:34:48.550 | INFO     | tldw_Server_API.app.api.v1.API_Deps.ChaCha_Notes_DB_Deps:close_all_chacha_db_instances:876 - Closing all cached ChaChaNotesDB instances (0)...
2026-09-16 23:34:48.550 | INFO     | tldw_Server_API.app.api.v1.API_Deps.ChaCha_Notes_DB_Deps:close_all_chacha_db_instances:892 - All ChaChaNotesDB instances closed and cache cleared.
____________ test_foreign_note_mutation_rejected[postgres-restore] _____________
tldw_Server_API/tests/DB_Management/test_note_shared_owner_contract.py:66: in test_foreign_note_mutation_rejected
    assert not result
E   assert not True
---------------------------- Captured stderr setup -----------------------------
2026-09-16 23:34:48.565 | INFO     | tldw_Server_API.app.core.DB_Management.backends.factory:create_backend:392 - Creating postgresql backend
2026-09-16 23:34:48.565 | INFO     | tldw_Server_API.app.core.config:_buffered_log:210 - Determined ACTUAL_PROJECT_ROOT for database paths: /Users/macbook-dev/Documents/GitHub/tldw_server2
2026-09-16 23:34:48.566 | INFO     | tldw_Server_API.app.core.config:_buffered_log:210 - Early loading environment variables from: /Users/macbook-dev/Documents/GitHub/tldw_server2/tldw_Server_API/Config_Files/.env
2026-09-16 23:34:48.570 | INFO     | tldw_Server_API.app.core.config:_buffered_log:210 - Early loading environment variables from: /Users/macbook-dev/Documents/GitHub/tldw_server2/tldw_Server_API/Config_Files/.ENV
2026-09-16 23:34:48.574 | DEBUG    | tldw_Server_API.app.core.config:_buffered_log:210 - load_and_log_configs(): Loading and logging configurations...
2026-09-16 23:34:48.574 | INFO     | tldw_Server_API.app.core.config:_buffered_log:210 - Loading environment variables from: /Users/macbook-dev/Documents/GitHub/tldw_server2/tldw_Server_API/Config_Files/.env
2026-09-16 23:34:48.578 | INFO     | tldw_Server_API.app.core.config:_buffered_log:210 - Loading environment variables from: /Users/macbook-dev/Documents/GitHub/tldw_server2/tldw_Server_API/Config_Files/.ENV
2026-09-16 23:34:48.583 | INFO     | tldw_Server_API.app.core.config:_buffered_log:210 - Attempting to load comprehensive config from: /Users/macbook-dev/Documents/GitHub/tldw_server2/tldw_Server_API/Config_Files/config.txt
2026-09-16 23:34:48.585 | INFO     | tldw_Server_API.app.core.config:_buffered_log:210 - load_comprehensive_config(): Sections found in config: ['Setup', 'UI', 'Server', 'Files', 'Image-Generation', 'ACP', 'WORKSPACES', 'ACP-WORKSPACE', 'ACP-SANDBOX', 'Audit', 'Processing', 'Media-Processing', 'Chat-Dictionaries', 'Chat-Module', 'Chat-Commands', 'Chat-Templating', 'Character-Chat', 'Settings', 'Auto-Save', 'Prompts', 'Database', 'Chunking', 'Visual-RAG', 'AuthNZ', 'Streaming', 'HTTP', 'Egress', 'Embeddings', 'Claims', 'ClaimsMonitoring', 'RAG', 'Search-Agent', 'ResourceGovernor', 'Jobs', 'SlidesStandaloneHtml', 'Diarization', 'API', 'MLX', 'Local-API', 'LlamaCpp', 'STT-Settings', 'external_providers', 'TTS-Settings', 'VibeVoice', 'Audio-Quota', 'API-Routes', 'Search-Engines', 'Web-Scraper', 'Logging', 'Moderation', 'Redis', 'Web-Scraping', 'personalization', 'persona', 'persona.rbac']
2026-09-16 23:34:48.587 | INFO     | tldw_Server_API.app.core.config:_buffered_log:210 - Ensured main SQLite database directory exists: /Users/macbook-dev/Documents/GitHub/tldw_server2/Databases
2026-09-16 23:34:48.587 | INFO     | tldw_Server_API.app.core.config:_buffered_log:210 - Ensured user data base directory exists: Databases/user_databases
2026-09-16 23:34:48.587 | WARNING  | tldw_Server_API.app.core.DB_Management.db_path_utils:resolve_user_db_base_dir:491 - USER_DB_BASE_DIR not configured in tests, using isolated fallback: /private/var/folders/sn/m80n2j152t9gw3w8qwk2nykh0000gn/T/tldw_user_databases_test/default-8d1a5f83
2026-09-16 23:34:48.587 | INFO     | tldw_Server_API.app.core.DB_Management.ChaChaNotes_DB:__init__:7657 - Initializing CharactersRAGDB for path: /private/var/folders/sn/m80n2j152t9gw3w8qwk2nykh0000gn/T/pytest-of-macbook-dev/pytest-611/test_foreign_note_mutation_rej4/2/ChaChaNotes.db [Client ID: 2] (backend=postgresql)
2026-09-16 23:34:49.783 | DEBUG    | tldw_Server_API.app.core.DB_Management.ChaChaNotes_DB:__init__:7664 - CharactersRAGDB initialization completed successfully for /private/var/folders/sn/m80n2j152t9gw3w8qwk2nykh0000gn/T/pytest-of-macbook-dev/pytest-611/test_foreign_note_mutation_rej4/2/ChaChaNotes.db
2026-09-16 23:34:49.783 | WARNING  | tldw_Server_API.app.core.DB_Management.db_path_utils:resolve_user_db_base_dir:491 - USER_DB_BASE_DIR not configured in tests, using isolated fallback: /private/var/folders/sn/m80n2j152t9gw3w8qwk2nykh0000gn/T/tldw_user_databases_test/default-8d1a5f83
2026-09-16 23:34:49.783 | INFO     | tldw_Server_API.app.core.DB_Management.ChaChaNotes_DB:__init__:7657 - Initializing CharactersRAGDB for path: /private/var/folders/sn/m80n2j152t9gw3w8qwk2nykh0000gn/T/pytest-of-macbook-dev/pytest-611/test_foreign_note_mutation_rej4/3/ChaChaNotes.db [Client ID: 3] (backend=postgresql)
2026-09-16 23:34:49.917 | DEBUG    | tldw_Server_API.app.core.DB_Management.ChaChaNotes_DB:__init__:7664 - CharactersRAGDB initialization completed successfully for /private/var/folders/sn/m80n2j152t9gw3w8qwk2nykh0000gn/T/pytest-of-macbook-dev/pytest-611/test_foreign_note_mutation_rej4/3/ChaChaNotes.db
2026-09-16 23:34:49.918 | DEBUG    | tldw_Server_API.app.core.DB_Management.ChaChaNotes_DB:_get_connection_for_state:8036 - Acquired backend connection (postgresql) for thread 8346099072
2026-09-16 23:34:49.920 | INFO     | tldw_Server_API.app.core.DB_Management.chacha.note_store:_execute:124 - Added note 'Alice private Citrine' with ID: 7c014503-99db-4010-80ec-93278fed4fcc.
2026-09-16 23:34:49.921 | INFO     | tldw_Server_API.app.core.DB_Management.chacha.note_store:_execute:124 - Added note 'Alice deleted Citrine' with ID: 14e8d634-a7c9-4f0b-b4ce-d651136aeb77.
2026-09-16 23:34:49.924 | INFO     | tldw_Server_API.app.core.DB_Management.chacha.note_store:soft_delete_note:2219 - Soft-deleted note ID 14e8d634-a7c9-4f0b-b4ce-d651136aeb77 (was v1), new version 2.
2026-09-16 23:34:49.929 | DEBUG    | tldw_Server_API.app.core.DB_Management.ChaChaNotes_DB:_get_connection_for_state:8036 - Acquired backend connection (postgresql) for thread 8346099072
2026-09-16 23:34:49.931 | INFO     | tldw_Server_API.app.core.DB_Management.chacha.note_store:_execute:124 - Added note 'Bob private Indigo' with ID: f713e357-6413-49a8-9de3-86ca89273428.
2026-09-16 23:34:49.931 | DEBUG    | tldw_Server_API.app.core.DB_Management.ChaChaNotes_DB:close_connection:8110 - Returned backend connection (postgresql) for thread 8346099072.
2026-09-16 23:34:49.931 | DEBUG    | tldw_Server_API.app.core.DB_Management.ChaChaNotes_DB:close_connection:8110 - Returned backend connection (postgresql) for thread 8346099072.
----------------------------- Captured stderr call -----------------------------
2026-09-16 23:34:49.933 | DEBUG    | tldw_Server_API.app.core.DB_Management.ChaChaNotes_DB:_get_connection_for_state:8036 - Acquired backend connection (postgresql) for thread 8346099072
2026-09-16 23:34:49.933 | DEBUG    | tldw_Server_API.app.core.DB_Management.ChaChaNotes_DB:execute_query:8286 - Executing SQL (script=False, backend=postgresql): SELECT * FROM notes WHERE id = ?... Params: ('14e8d634-a7c9-4f0b-b4ce-d651136aeb77',)...
2026-09-16 23:34:49.935 | DEBUG    | tldw_Server_API.app.core.DB_Management.ChaChaNotes_DB:_get_connection_for_state:8036 - Acquired backend connection (postgresql) for thread 8346099072
2026-09-16 23:34:49.938 | INFO     | tldw_Server_API.app.core.DB_Management.chacha.note_store:restore_note:2353 - Restored note ID 14e8d634-a7c9-4f0b-b4ce-d651136aeb77 (was version 2), new version 3.
--------------------------- Captured stderr teardown ---------------------------
2026-09-16 23:34:49.940 | DEBUG    | tldw_Server_API.app.core.DB_Management.ChaChaNotes_DB:close_connection:8110 - Returned backend connection (postgresql) for thread 8346099072.
2026-09-16 23:34:49.940 | DEBUG    | tldw_Server_API.app.core.DB_Management.ChaChaNotes_DB:close_connection:8110 - Returned backend connection (postgresql) for thread 8346099072.
2026-09-16 23:34:49.954 | INFO     | tldw_Server_API.app.api.v1.API_Deps.ChaCha_Notes_DB_Deps:close_all_chacha_db_instances:876 - Closing all cached ChaChaNotesDB instances (0)...
2026-09-16 23:34:49.954 | INFO     | tldw_Server_API.app.api.v1.API_Deps.ChaCha_Notes_DB_Deps:close_all_chacha_db_instances:892 - All ChaChaNotesDB instances closed and cache cleared.
2026-09-16 23:34:49.955 | INFO     | tldw_Server_API.app.api.v1.API_Deps.ChaCha_Notes_DB_Deps:close_all_chacha_db_instances:876 - Closing all cached ChaChaNotesDB instances (0)...
2026-09-16 23:34:49.955 | INFO     | tldw_Server_API.app.api.v1.API_Deps.ChaCha_Notes_DB_Deps:close_all_chacha_db_instances:892 - All ChaChaNotesDB instances closed and cache cleared.
__________ test_foreign_note_mutation_rejected[postgres-soft-delete] ___________
tldw_Server_API/tests/DB_Management/test_note_shared_owner_contract.py:66: in test_foreign_note_mutation_rejected
    assert not result
E   assert not True
---------------------------- Captured stderr setup -----------------------------
2026-09-16 23:34:51.146 | INFO     | tldw_Server_API.app.core.DB_Management.backends.factory:create_backend:392 - Creating postgresql backend
2026-09-16 23:34:51.146 | INFO     | tldw_Server_API.app.core.config:_buffered_log:210 - Determined ACTUAL_PROJECT_ROOT for database paths: /Users/macbook-dev/Documents/GitHub/tldw_server2
2026-09-16 23:34:51.147 | INFO     | tldw_Server_API.app.core.config:_buffered_log:210 - Early loading environment variables from: /Users/macbook-dev/Documents/GitHub/tldw_server2/tldw_Server_API/Config_Files/.env
2026-09-16 23:34:51.151 | INFO     | tldw_Server_API.app.core.config:_buffered_log:210 - Early loading environment variables from: /Users/macbook-dev/Documents/GitHub/tldw_server2/tldw_Server_API/Config_Files/.ENV
2026-09-16 23:34:51.155 | DEBUG    | tldw_Server_API.app.core.config:_buffered_log:210 - load_and_log_configs(): Loading and logging configurations...
2026-09-16 23:34:51.155 | INFO     | tldw_Server_API.app.core.config:_buffered_log:210 - Loading environment variables from: /Users/macbook-dev/Documents/GitHub/tldw_server2/tldw_Server_API/Config_Files/.env
2026-09-16 23:34:51.159 | INFO     | tldw_Server_API.app.core.config:_buffered_log:210 - Loading environment variables from: /Users/macbook-dev/Documents/GitHub/tldw_server2/tldw_Server_API/Config_Files/.ENV
2026-09-16 23:34:51.164 | INFO     | tldw_Server_API.app.core.config:_buffered_log:210 - Attempting to load comprehensive config from: /Users/macbook-dev/Documents/GitHub/tldw_server2/tldw_Server_API/Config_Files/config.txt
2026-09-16 23:34:51.166 | INFO     | tldw_Server_API.app.core.config:_buffered_log:210 - load_comprehensive_config(): Sections found in config: ['Setup', 'UI', 'Server', 'Files', 'Image-Generation', 'ACP', 'WORKSPACES', 'ACP-WORKSPACE', 'ACP-SANDBOX', 'Audit', 'Processing', 'Media-Processing', 'Chat-Dictionaries', 'Chat-Module', 'Chat-Commands', 'Chat-Templating', 'Character-Chat', 'Settings', 'Auto-Save', 'Prompts', 'Database', 'Chunking', 'Visual-RAG', 'AuthNZ', 'Streaming', 'HTTP', 'Egress', 'Embeddings', 'Claims', 'ClaimsMonitoring', 'RAG', 'Search-Agent', 'ResourceGovernor', 'Jobs', 'SlidesStandaloneHtml', 'Diarization', 'API', 'MLX', 'Local-API', 'LlamaCpp', 'STT-Settings', 'external_providers', 'TTS-Settings', 'VibeVoice', 'Audio-Quota', 'API-Routes', 'Search-Engines', 'Web-Scraper', 'Logging', 'Moderation', 'Redis', 'Web-Scraping', 'personalization', 'persona', 'persona.rbac']
2026-09-16 23:34:51.168 | INFO     | tldw_Server_API.app.core.config:_buffered_log:210 - Ensured main SQLite database directory exists: /Users/macbook-dev/Documents/GitHub/tldw_server2/Databases
2026-09-16 23:34:51.168 | INFO     | tldw_Server_API.app.core.config:_buffered_log:210 - Ensured user data base directory exists: Databases/user_databases
2026-09-16 23:34:51.168 | WARNING  | tldw_Server_API.app.core.DB_Management.db_path_utils:resolve_user_db_base_dir:491 - USER_DB_BASE_DIR not configured in tests, using isolated fallback: /private/var/folders/sn/m80n2j152t9gw3w8qwk2nykh0000gn/T/tldw_user_databases_test/default-8d1a5f83
2026-09-16 23:34:51.168 | INFO     | tldw_Server_API.app.core.DB_Management.ChaChaNotes_DB:__init__:7657 - Initializing CharactersRAGDB for path: /private/var/folders/sn/m80n2j152t9gw3w8qwk2nykh0000gn/T/pytest-of-macbook-dev/pytest-611/test_foreign_note_mutation_rej5/2/ChaChaNotes.db [Client ID: 2] (backend=postgresql)
2026-09-16 23:34:52.360 | DEBUG    | tldw_Server_API.app.core.DB_Management.ChaChaNotes_DB:__init__:7664 - CharactersRAGDB initialization completed successfully for /private/var/folders/sn/m80n2j152t9gw3w8qwk2nykh0000gn/T/pytest-of-macbook-dev/pytest-611/test_foreign_note_mutation_rej5/2/ChaChaNotes.db
2026-09-16 23:34:52.361 | WARNING  | tldw_Server_API.app.core.DB_Management.db_path_utils:resolve_user_db_base_dir:491 - USER_DB_BASE_DIR not configured in tests, using isolated fallback: /private/var/folders/sn/m80n2j152t9gw3w8qwk2nykh0000gn/T/tldw_user_databases_test/default-8d1a5f83
2026-09-16 23:34:52.361 | INFO     | tldw_Server_API.app.core.DB_Management.ChaChaNotes_DB:__init__:7657 - Initializing CharactersRAGDB for path: /private/var/folders/sn/m80n2j152t9gw3w8qwk2nykh0000gn/T/pytest-of-macbook-dev/pytest-611/test_foreign_note_mutation_rej5/3/ChaChaNotes.db [Client ID: 3] (backend=postgresql)
2026-09-16 23:34:52.503 | DEBUG    | tldw_Server_API.app.core.DB_Management.ChaChaNotes_DB:__init__:7664 - CharactersRAGDB initialization completed successfully for /private/var/folders/sn/m80n2j152t9gw3w8qwk2nykh0000gn/T/pytest-of-macbook-dev/pytest-611/test_foreign_note_mutation_rej5/3/ChaChaNotes.db
2026-09-16 23:34:52.505 | DEBUG    | tldw_Server_API.app.core.DB_Management.ChaChaNotes_DB:_get_connection_for_state:8036 - Acquired backend connection (postgresql) for thread 8346099072
2026-09-16 23:34:52.506 | INFO     | tldw_Server_API.app.core.DB_Management.chacha.note_store:_execute:124 - Added note 'Alice private Citrine' with ID: e5a616bb-6ace-4189-a1a2-fabc16bb4fe2.
2026-09-16 23:34:52.508 | INFO     | tldw_Server_API.app.core.DB_Management.chacha.note_store:_execute:124 - Added note 'Alice deleted Citrine' with ID: 8f7bcf3b-7b6c-4b1d-811f-d73d9bd3941c.
2026-09-16 23:34:52.510 | INFO     | tldw_Server_API.app.core.DB_Management.chacha.note_store:soft_delete_note:2219 - Soft-deleted note ID 8f7bcf3b-7b6c-4b1d-811f-d73d9bd3941c (was v1), new version 2.
2026-09-16 23:34:52.515 | DEBUG    | tldw_Server_API.app.core.DB_Management.ChaChaNotes_DB:_get_connection_for_state:8036 - Acquired backend connection (postgresql) for thread 8346099072
2026-09-16 23:34:52.518 | INFO     | tldw_Server_API.app.core.DB_Management.chacha.note_store:_execute:124 - Added note 'Bob private Indigo' with ID: e2eef204-89b1-4777-8a20-4bf6d6537ce5.
2026-09-16 23:34:52.518 | DEBUG    | tldw_Server_API.app.core.DB_Management.ChaChaNotes_DB:close_connection:8110 - Returned backend connection (postgresql) for thread 8346099072.
2026-09-16 23:34:52.518 | DEBUG    | tldw_Server_API.app.core.DB_Management.ChaChaNotes_DB:close_connection:8110 - Returned backend connection (postgresql) for thread 8346099072.
----------------------------- Captured stderr call -----------------------------
2026-09-16 23:34:52.520 | DEBUG    | tldw_Server_API.app.core.DB_Management.ChaChaNotes_DB:_get_connection_for_state:8036 - Acquired backend connection (postgresql) for thread 8346099072
2026-09-16 23:34:52.520 | DEBUG    | tldw_Server_API.app.core.DB_Management.ChaChaNotes_DB:execute_query:8286 - Executing SQL (script=False, backend=postgresql): SELECT * FROM notes WHERE id = ?... Params: ('e5a616bb-6ace-4189-a1a2-fabc16bb4fe2',)...
2026-09-16 23:34:52.522 | DEBUG    | tldw_Server_API.app.core.DB_Management.ChaChaNotes_DB:_get_connection_for_state:8036 - Acquired backend connection (postgresql) for thread 8346099072
2026-09-16 23:34:52.525 | INFO     | tldw_Server_API.app.core.DB_Management.chacha.note_store:soft_delete_note:2219 - Soft-deleted note ID e5a616bb-6ace-4189-a1a2-fabc16bb4fe2 (was v1), new version 2.
--------------------------- Captured stderr teardown ---------------------------
2026-09-16 23:34:52.527 | DEBUG    | tldw_Server_API.app.core.DB_Management.ChaChaNotes_DB:close_connection:8110 - Returned backend connection (postgresql) for thread 8346099072.
2026-09-16 23:34:52.527 | DEBUG    | tldw_Server_API.app.core.DB_Management.ChaChaNotes_DB:close_connection:8110 - Returned backend connection (postgresql) for thread 8346099072.
2026-09-16 23:34:52.542 | INFO     | tldw_Server_API.app.api.v1.API_Deps.ChaCha_Notes_DB_Deps:close_all_chacha_db_instances:876 - Closing all cached ChaChaNotesDB instances (0)...
2026-09-16 23:34:52.542 | INFO     | tldw_Server_API.app.api.v1.API_Deps.ChaCha_Notes_DB_Deps:close_all_chacha_db_instances:892 - All ChaChaNotesDB instances closed and cache cleared.
2026-09-16 23:34:52.542 | INFO     | tldw_Server_API.app.api.v1.API_Deps.ChaCha_Notes_DB_Deps:close_all_chacha_db_instances:876 - Closing all cached ChaChaNotesDB instances (0)...
2026-09-16 23:34:52.542 | INFO     | tldw_Server_API.app.api.v1.API_Deps.ChaCha_Notes_DB_Deps:close_all_chacha_db_instances:892 - All ChaChaNotesDB instances closed and cache cleared.
___________ test_organization_owner_edges[postgres-collection-list] ____________
tldw_Server_API/tests/DB_Management/test_note_shared_owner_contract.py:104: in test_organization_owner_edges
    assert f.bob.list_keyword_collections() == []
E   AssertionError: assert [{'client_id'...'id': 1, ...}] == []
E
E     Left contains one more item: {'client_id': '2', 'created_at': datetime.datetime(2026, 9, 17, 6, 34, 53, 972000, tzinfo=zoneinfo.ZoneInfo(key='Etc/UTC')), 'deleted': False, 'id': 1, ...}
E     Use -v to get more diff
---------------------------- Captured stderr setup -----------------------------
2026-09-16 23:34:52.559 | INFO     | tldw_Server_API.app.core.DB_Management.backends.factory:create_backend:392 - Creating postgresql backend
2026-09-16 23:34:52.559 | INFO     | tldw_Server_API.app.core.config:_buffered_log:210 - Determined ACTUAL_PROJECT_ROOT for database paths: /Users/macbook-dev/Documents/GitHub/tldw_server2
2026-09-16 23:34:52.560 | INFO     | tldw_Server_API.app.core.config:_buffered_log:210 - Early loading environment variables from: /Users/macbook-dev/Documents/GitHub/tldw_server2/tldw_Server_API/Config_Files/.env
2026-09-16 23:34:52.564 | INFO     | tldw_Server_API.app.core.config:_buffered_log:210 - Early loading environment variables from: /Users/macbook-dev/Documents/GitHub/tldw_server2/tldw_Server_API/Config_Files/.ENV
2026-09-16 23:34:52.568 | DEBUG    | tldw_Server_API.app.core.config:_buffered_log:210 - load_and_log_configs(): Loading and logging configurations...
2026-09-16 23:34:52.568 | INFO     | tldw_Server_API.app.core.config:_buffered_log:210 - Loading environment variables from: /Users/macbook-dev/Documents/GitHub/tldw_server2/tldw_Server_API/Config_Files/.env
2026-09-16 23:34:52.573 | INFO     | tldw_Server_API.app.core.config:_buffered_log:210 - Loading environment variables from: /Users/macbook-dev/Documents/GitHub/tldw_server2/tldw_Server_API/Config_Files/.ENV
2026-09-16 23:34:52.583 | INFO     | tldw_Server_API.app.core.config:_buffered_log:210 - Attempting to load comprehensive config from: /Users/macbook-dev/Documents/GitHub/tldw_server2/tldw_Server_API/Config_Files/config.txt
2026-09-16 23:34:52.585 | INFO     | tldw_Server_API.app.core.config:_buffered_log:210 - load_comprehensive_config(): Sections found in config: ['Setup', 'UI', 'Server', 'Files', 'Image-Generation', 'ACP', 'WORKSPACES', 'ACP-WORKSPACE', 'ACP-SANDBOX', 'Audit', 'Processing', 'Media-Processing', 'Chat-Dictionaries', 'Chat-Module', 'Chat-Commands', 'Chat-Templating', 'Character-Chat', 'Settings', 'Auto-Save', 'Prompts', 'Database', 'Chunking', 'Visual-RAG', 'AuthNZ', 'Streaming', 'HTTP', 'Egress', 'Embeddings', 'Claims', 'ClaimsMonitoring', 'RAG', 'Search-Agent', 'ResourceGovernor', 'Jobs', 'SlidesStandaloneHtml', 'Diarization', 'API', 'MLX', 'Local-API', 'LlamaCpp', 'STT-Settings', 'external_providers', 'TTS-Settings', 'VibeVoice', 'Audio-Quota', 'API-Routes', 'Search-Engines', 'Web-Scraper', 'Logging', 'Moderation', 'Redis', 'Web-Scraping', 'personalization', 'persona', 'persona.rbac']
2026-09-16 23:34:52.588 | INFO     | tldw_Server_API.app.core.config:_buffered_log:210 - Ensured main SQLite database directory exists: /Users/macbook-dev/Documents/GitHub/tldw_server2/Databases
2026-09-16 23:34:52.588 | INFO     | tldw_Server_API.app.core.config:_buffered_log:210 - Ensured user data base directory exists: Databases/user_databases
2026-09-16 23:34:52.590 | WARNING  | tldw_Server_API.app.core.DB_Management.db_path_utils:resolve_user_db_base_dir:491 - USER_DB_BASE_DIR not configured in tests, using isolated fallback: /private/var/folders/sn/m80n2j152t9gw3w8qwk2nykh0000gn/T/tldw_user_databases_test/default-8d1a5f83
2026-09-16 23:34:52.590 | INFO     | tldw_Server_API.app.core.DB_Management.ChaChaNotes_DB:__init__:7657 - Initializing CharactersRAGDB for path: /private/var/folders/sn/m80n2j152t9gw3w8qwk2nykh0000gn/T/pytest-of-macbook-dev/pytest-611/test_organization_owner_edges_5/2/ChaChaNotes.db [Client ID: 2] (backend=postgresql)
2026-09-16 23:34:53.821 | DEBUG    | tldw_Server_API.app.core.DB_Management.ChaChaNotes_DB:__init__:7664 - CharactersRAGDB initialization completed successfully for /private/var/folders/sn/m80n2j152t9gw3w8qwk2nykh0000gn/T/pytest-of-macbook-dev/pytest-611/test_organization_owner_edges_5/2/ChaChaNotes.db
2026-09-16 23:34:53.821 | WARNING  | tldw_Server_API.app.core.DB_Management.db_path_utils:resolve_user_db_base_dir:491 - USER_DB_BASE_DIR not configured in tests, using isolated fallback: /private/var/folders/sn/m80n2j152t9gw3w8qwk2nykh0000gn/T/tldw_user_databases_test/default-8d1a5f83
2026-09-16 23:34:53.822 | INFO     | tldw_Server_API.app.core.DB_Management.ChaChaNotes_DB:__init__:7657 - Initializing CharactersRAGDB for path: /private/var/folders/sn/m80n2j152t9gw3w8qwk2nykh0000gn/T/pytest-of-macbook-dev/pytest-611/test_organization_owner_edges_5/3/ChaChaNotes.db [Client ID: 3] (backend=postgresql)
2026-09-16 23:34:53.956 | DEBUG    | tldw_Server_API.app.core.DB_Management.ChaChaNotes_DB:__init__:7664 - CharactersRAGDB initialization completed successfully for /private/var/folders/sn/m80n2j152t9gw3w8qwk2nykh0000gn/T/pytest-of-macbook-dev/pytest-611/test_organization_owner_edges_5/3/ChaChaNotes.db
2026-09-16 23:34:53.957 | DEBUG    | tldw_Server_API.app.core.DB_Management.ChaChaNotes_DB:_get_connection_for_state:8036 - Acquired backend connection (postgresql) for thread 8346099072
2026-09-16 23:34:53.959 | INFO     | tldw_Server_API.app.core.DB_Management.chacha.note_store:_execute:124 - Added note 'Alice private Citrine' with ID: 8fac3fec-7318-4451-826c-0cbd55d8ec61.
2026-09-16 23:34:53.961 | INFO     | tldw_Server_API.app.core.DB_Management.chacha.note_store:_execute:124 - Added note 'Alice deleted Citrine' with ID: e68e28f7-08a8-4bee-a584-df23e8dd6d19.
2026-09-16 23:34:53.963 | INFO     | tldw_Server_API.app.core.DB_Management.chacha.note_store:soft_delete_note:2219 - Soft-deleted note ID e68e28f7-08a8-4bee-a584-df23e8dd6d19 (was v1), new version 2.
2026-09-16 23:34:53.969 | DEBUG    | tldw_Server_API.app.core.DB_Management.ChaChaNotes_DB:_get_connection_for_state:8036 - Acquired backend connection (postgresql) for thread 8346099072
2026-09-16 23:34:53.971 | INFO     | tldw_Server_API.app.core.DB_Management.chacha.note_store:_execute:124 - Added note 'Bob private Indigo' with ID: 58ef13ca-dc05-4bee-9ede-ce589ff3c925.
2026-09-16 23:34:53.971 | DEBUG    | tldw_Server_API.app.core.DB_Management.ChaChaNotes_DB:close_connection:8110 - Returned backend connection (postgresql) for thread 8346099072.
2026-09-16 23:34:53.971 | DEBUG    | tldw_Server_API.app.core.DB_Management.ChaChaNotes_DB:close_connection:8110 - Returned backend connection (postgresql) for thread 8346099072.
----------------------------- Captured stderr call -----------------------------
2026-09-16 23:34:53.973 | DEBUG    | tldw_Server_API.app.core.DB_Management.ChaChaNotes_DB:_get_connection_for_state:8036 - Acquired backend connection (postgresql) for thread 8346099072
2026-09-16 23:34:53.974 | INFO     | tldw_Server_API.app.core.DB_Management.ChaChaNotes_DB:_add_generic_item:32615 - Added keyword_collections 'Private collection' with ID: 1.
2026-09-16 23:34:53.976 | DEBUG    | tldw_Server_API.app.core.DB_Management.ChaChaNotes_DB:_get_connection_for_state:8036 - Acquired backend connection (postgresql) for thread 8346099072
2026-09-16 23:34:53.976 | DEBUG    | tldw_Server_API.app.core.DB_Management.ChaChaNotes_DB:execute_query:8286 - Executing SQL (script=False, backend=postgresql): SELECT * FROM keyword_collections WHERE deleted = 0 ORDER BY LOWER(name) LIMIT ? OFFSET ?... Params: (100, 0)...
--------------------------- Captured stderr teardown ---------------------------
2026-09-16 23:34:53.979 | DEBUG    | tldw_Server_API.app.core.DB_Management.ChaChaNotes_DB:close_connection:8110 - Returned backend connection (postgresql) for thread 8346099072.
2026-09-16 23:34:53.979 | DEBUG    | tldw_Server_API.app.core.DB_Management.ChaChaNotes_DB:close_connection:8110 - Returned backend connection (postgresql) for thread 8346099072.
2026-09-16 23:34:53.993 | INFO     | tldw_Server_API.app.api.v1.API_Deps.ChaCha_Notes_DB_Deps:close_all_chacha_db_instances:876 - Closing all cached ChaChaNotesDB instances (0)...
2026-09-16 23:34:53.994 | INFO     | tldw_Server_API.app.api.v1.API_Deps.ChaCha_Notes_DB_Deps:close_all_chacha_db_instances:892 - All ChaChaNotesDB instances closed and cache cleared.
2026-09-16 23:34:53.994 | INFO     | tldw_Server_API.app.api.v1.API_Deps.ChaCha_Notes_DB_Deps:close_all_chacha_db_instances:876 - Closing all cached ChaChaNotesDB instances (0)...
2026-09-16 23:34:53.994 | INFO     | tldw_Server_API.app.api.v1.API_Deps.ChaCha_Notes_DB_Deps:close_all_chacha_db_instances:892 - All ChaChaNotesDB instances closed and cache cleared.
____________ test_note_reads_exclude_foreign_owner[postgres-batch] _____________
tldw_Server_API/tests/DB_Management/test_note_shared_owner_contract.py:49: in test_note_reads_exclude_foreign_owner
    assert [row["id"] for row in db.get_notes_batch([note_owners.private, note_owners.own])] == [note_owners.own]
E   AssertionError: assert ['27094e05-7a...ab6cf393daef'] == ['c3e5547d-ed...ab6cf393daef']
E
E     At index 0 diff: '27094e05-7afe-46de-aaaf-1af1ae5b7de0' != 'c3e5547d-ed4d-4b87-b5d7-ab6cf393daef'
E     Left contains one more item: 'c3e5547d-ed4d-4b87-b5d7-ab6cf393daef'
E     Use -v to get more diff
---------------------------- Captured stderr setup -----------------------------
2026-09-16 23:34:54.009 | INFO     | tldw_Server_API.app.core.DB_Management.backends.factory:create_backend:392 - Creating postgresql backend
2026-09-16 23:34:54.009 | INFO     | tldw_Server_API.app.core.config:_buffered_log:210 - Determined ACTUAL_PROJECT_ROOT for database paths: /Users/macbook-dev/Documents/GitHub/tldw_server2
2026-09-16 23:34:54.009 | INFO     | tldw_Server_API.app.core.config:_buffered_log:210 - Early loading environment variables from: /Users/macbook-dev/Documents/GitHub/tldw_server2/tldw_Server_API/Config_Files/.env
2026-09-16 23:34:54.013 | INFO     | tldw_Server_API.app.core.config:_buffered_log:210 - Early loading environment variables from: /Users/macbook-dev/Documents/GitHub/tldw_server2/tldw_Server_API/Config_Files/.ENV
2026-09-16 23:34:54.017 | DEBUG    | tldw_Server_API.app.core.config:_buffered_log:210 - load_and_log_configs(): Loading and logging configurations...
2026-09-16 23:34:54.018 | INFO     | tldw_Server_API.app.core.config:_buffered_log:210 - Loading environment variables from: /Users/macbook-dev/Documents/GitHub/tldw_server2/tldw_Server_API/Config_Files/.env
2026-09-16 23:34:54.022 | INFO     | tldw_Server_API.app.core.config:_buffered_log:210 - Loading environment variables from: /Users/macbook-dev/Documents/GitHub/tldw_server2/tldw_Server_API/Config_Files/.ENV
2026-09-16 23:34:54.026 | INFO     | tldw_Server_API.app.core.config:_buffered_log:210 - Attempting to load comprehensive config from: /Users/macbook-dev/Documents/GitHub/tldw_server2/tldw_Server_API/Config_Files/config.txt
2026-09-16 23:34:54.053 | INFO     | tldw_Server_API.app.core.config:_buffered_log:210 - load_comprehensive_config(): Sections found in config: ['Setup', 'UI', 'Server', 'Files', 'Image-Generation', 'ACP', 'WORKSPACES', 'ACP-WORKSPACE', 'ACP-SANDBOX', 'Audit', 'Processing', 'Media-Processing', 'Chat-Dictionaries', 'Chat-Module', 'Chat-Commands', 'Chat-Templating', 'Character-Chat', 'Settings', 'Auto-Save', 'Prompts', 'Database', 'Chunking', 'Visual-RAG', 'AuthNZ', 'Streaming', 'HTTP', 'Egress', 'Embeddings', 'Claims', 'ClaimsMonitoring', 'RAG', 'Search-Agent', 'ResourceGovernor', 'Jobs', 'SlidesStandaloneHtml', 'Diarization', 'API', 'MLX', 'Local-API', 'LlamaCpp', 'STT-Settings', 'external_providers', 'TTS-Settings', 'VibeVoice', 'Audio-Quota', 'API-Routes', 'Search-Engines', 'Web-Scraper', 'Logging', 'Moderation', 'Redis', 'Web-Scraping', 'personalization', 'persona', 'persona.rbac']
2026-09-16 23:34:54.055 | INFO     | tldw_Server_API.app.core.config:_buffered_log:210 - Ensured main SQLite database directory exists: /Users/macbook-dev/Documents/GitHub/tldw_server2/Databases
2026-09-16 23:34:54.056 | INFO     | tldw_Server_API.app.core.config:_buffered_log:210 - Ensured user data base directory exists: Databases/user_databases
2026-09-16 23:34:54.057 | WARNING  | tldw_Server_API.app.core.DB_Management.db_path_utils:resolve_user_db_base_dir:491 - USER_DB_BASE_DIR not configured in tests, using isolated fallback: /private/var/folders/sn/m80n2j152t9gw3w8qwk2nykh0000gn/T/tldw_user_databases_test/default-8d1a5f83
2026-09-16 23:34:54.057 | INFO     | tldw_Server_API.app.core.DB_Management.ChaChaNotes_DB:__init__:7657 - Initializing CharactersRAGDB for path: /private/var/folders/sn/m80n2j152t9gw3w8qwk2nykh0000gn/T/pytest-of-macbook-dev/pytest-611/test_note_reads_exclude_foreig7/2/ChaChaNotes.db [Client ID: 2] (backend=postgresql)
2026-09-16 23:34:55.317 | DEBUG    | tldw_Server_API.app.core.DB_Management.ChaChaNotes_DB:__init__:7664 - CharactersRAGDB initialization completed successfully for /private/var/folders/sn/m80n2j152t9gw3w8qwk2nykh0000gn/T/pytest-of-macbook-dev/pytest-611/test_note_reads_exclude_foreig7/2/ChaChaNotes.db
2026-09-16 23:34:55.317 | WARNING  | tldw_Server_API.app.core.DB_Management.db_path_utils:resolve_user_db_base_dir:491 - USER_DB_BASE_DIR not configured in tests, using isolated fallback: /private/var/folders/sn/m80n2j152t9gw3w8qwk2nykh0000gn/T/tldw_user_databases_test/default-8d1a5f83
2026-09-16 23:34:55.318 | INFO     | tldw_Server_API.app.core.DB_Management.ChaChaNotes_DB:__init__:7657 - Initializing CharactersRAGDB for path: /private/var/folders/sn/m80n2j152t9gw3w8qwk2nykh0000gn/T/pytest-of-macbook-dev/pytest-611/test_note_reads_exclude_foreig7/3/ChaChaNotes.db [Client ID: 3] (backend=postgresql)
2026-09-16 23:34:55.443 | DEBUG    | tldw_Server_API.app.core.DB_Management.ChaChaNotes_DB:__init__:7664 - CharactersRAGDB initialization completed successfully for /private/var/folders/sn/m80n2j152t9gw3w8qwk2nykh0000gn/T/pytest-of-macbook-dev/pytest-611/test_note_reads_exclude_foreig7/3/ChaChaNotes.db
2026-09-16 23:34:55.444 | DEBUG    | tldw_Server_API.app.core.DB_Management.ChaChaNotes_DB:_get_connection_for_state:8036 - Acquired backend connection (postgresql) for thread 8346099072
2026-09-16 23:34:55.446 | INFO     | tldw_Server_API.app.core.DB_Management.chacha.note_store:_execute:124 - Added note 'Alice private Citrine' with ID: 27094e05-7afe-46de-aaaf-1af1ae5b7de0.
2026-09-16 23:34:55.448 | INFO     | tldw_Server_API.app.core.DB_Management.chacha.note_store:_execute:124 - Added note 'Alice deleted Citrine' with ID: 963fabe5-0d7d-4fe1-b8a8-0a7b72222127.
2026-09-16 23:34:55.450 | INFO     | tldw_Server_API.app.core.DB_Management.chacha.note_store:soft_delete_note:2219 - Soft-deleted note ID 963fabe5-0d7d-4fe1-b8a8-0a7b72222127 (was v1), new version 2.
2026-09-16 23:34:55.455 | DEBUG    | tldw_Server_API.app.core.DB_Management.ChaChaNotes_DB:_get_connection_for_state:8036 - Acquired backend connection (postgresql) for thread 8346099072
2026-09-16 23:34:55.458 | INFO     | tldw_Server_API.app.core.DB_Management.chacha.note_store:_execute:124 - Added note 'Bob private Indigo' with ID: c3e5547d-ed4d-4b87-b5d7-ab6cf393daef.
2026-09-16 23:34:55.458 | DEBUG    | tldw_Server_API.app.core.DB_Management.ChaChaNotes_DB:close_connection:8110 - Returned backend connection (postgresql) for thread 8346099072.
2026-09-16 23:34:55.458 | DEBUG    | tldw_Server_API.app.core.DB_Management.ChaChaNotes_DB:close_connection:8110 - Returned backend connection (postgresql) for thread 8346099072.
----------------------------- Captured stderr call -----------------------------
2026-09-16 23:34:55.460 | DEBUG    | tldw_Server_API.app.core.DB_Management.ChaChaNotes_DB:_get_connection_for_state:8036 - Acquired backend connection (postgresql) for thread 8346099072
2026-09-16 23:34:55.460 | DEBUG    | tldw_Server_API.app.core.DB_Management.ChaChaNotes_DB:execute_query:8286 - Executing SQL (script=False, backend=postgresql): SELECT id, title, content, created_at, last_modified, deleted, conversation_id, message_id FROM notes WHERE id IN (?,?)... Params: ('27094e05-7afe-46de-aaaf-1af1ae5b7de0', 'c3e5547d-ed4d-4b87-b5d7-ab6cf393daef')...
--------------------------- Captured stderr teardown ---------------------------
2026-09-16 23:34:55.462 | DEBUG    | tldw_Server_API.app.core.DB_Management.ChaChaNotes_DB:close_connection:8110 - Returned backend connection (postgresql) for thread 8346099072.
2026-09-16 23:34:55.477 | INFO     | tldw_Server_API.app.api.v1.API_Deps.ChaCha_Notes_DB_Deps:close_all_chacha_db_instances:876 - Closing all cached ChaChaNotesDB instances (0)...
2026-09-16 23:34:55.477 | INFO     | tldw_Server_API.app.api.v1.API_Deps.ChaCha_Notes_DB_Deps:close_all_chacha_db_instances:892 - All ChaChaNotesDB instances closed and cache cleared.
2026-09-16 23:34:55.477 | INFO     | tldw_Server_API.app.api.v1.API_Deps.ChaCha_Notes_DB_Deps:close_all_chacha_db_instances:876 - Closing all cached ChaChaNotesDB instances (0)...
2026-09-16 23:34:55.477 | INFO     | tldw_Server_API.app.api.v1.API_Deps.ChaCha_Notes_DB_Deps:close_all_chacha_db_instances:892 - All ChaChaNotesDB instances closed and cache cleared.
_____________ test_note_reads_exclude_foreign_owner[postgres-list] _____________
tldw_Server_API/tests/DB_Management/test_note_shared_owner_contract.py:41: in test_note_reads_exclude_foreign_owner
    assert [row["id"] for row in db.list_notes()] == [note_owners.own]
E   AssertionError: assert ['b8aa78fd-33...dda46423ea9c'] == ['b8aa78fd-33...804f2d9c2bf5']
E
E     Left contains one more item: 'be608577-ca7f-4053-8db5-dda46423ea9c'
E     Use -v to get more diff
---------------------------- Captured stderr setup -----------------------------
2026-09-16 23:34:55.492 | INFO     | tldw_Server_API.app.core.DB_Management.backends.factory:create_backend:392 - Creating postgresql backend
2026-09-16 23:34:55.492 | INFO     | tldw_Server_API.app.core.config:_buffered_log:210 - Determined ACTUAL_PROJECT_ROOT for database paths: /Users/macbook-dev/Documents/GitHub/tldw_server2
2026-09-16 23:34:55.493 | INFO     | tldw_Server_API.app.core.config:_buffered_log:210 - Early loading environment variables from: /Users/macbook-dev/Documents/GitHub/tldw_server2/tldw_Server_API/Config_Files/.env
2026-09-16 23:34:55.497 | INFO     | tldw_Server_API.app.core.config:_buffered_log:210 - Early loading environment variables from: /Users/macbook-dev/Documents/GitHub/tldw_server2/tldw_Server_API/Config_Files/.ENV
2026-09-16 23:34:55.501 | DEBUG    | tldw_Server_API.app.core.config:_buffered_log:210 - load_and_log_configs(): Loading and logging configurations...
2026-09-16 23:34:55.501 | INFO     | tldw_Server_API.app.core.config:_buffered_log:210 - Loading environment variables from: /Users/macbook-dev/Documents/GitHub/tldw_server2/tldw_Server_API/Config_Files/.env
2026-09-16 23:34:55.505 | INFO     | tldw_Server_API.app.core.config:_buffered_log:210 - Loading environment variables from: /Users/macbook-dev/Documents/GitHub/tldw_server2/tldw_Server_API/Config_Files/.ENV
2026-09-16 23:34:55.510 | INFO     | tldw_Server_API.app.core.config:_buffered_log:210 - Attempting to load comprehensive config from: /Users/macbook-dev/Documents/GitHub/tldw_server2/tldw_Server_API/Config_Files/config.txt
2026-09-16 23:34:55.511 | INFO     | tldw_Server_API.app.core.config:_buffered_log:210 - load_comprehensive_config(): Sections found in config: ['Setup', 'UI', 'Server', 'Files', 'Image-Generation', 'ACP', 'WORKSPACES', 'ACP-WORKSPACE', 'ACP-SANDBOX', 'Audit', 'Processing', 'Media-Processing', 'Chat-Dictionaries', 'Chat-Module', 'Chat-Commands', 'Chat-Templating', 'Character-Chat', 'Settings', 'Auto-Save', 'Prompts', 'Database', 'Chunking', 'Visual-RAG', 'AuthNZ', 'Streaming', 'HTTP', 'Egress', 'Embeddings', 'Claims', 'ClaimsMonitoring', 'RAG', 'Search-Agent', 'ResourceGovernor', 'Jobs', 'SlidesStandaloneHtml', 'Diarization', 'API', 'MLX', 'Local-API', 'LlamaCpp', 'STT-Settings', 'external_providers', 'TTS-Settings', 'VibeVoice', 'Audio-Quota', 'API-Routes', 'Search-Engines', 'Web-Scraper', 'Logging', 'Moderation', 'Redis', 'Web-Scraping', 'personalization', 'persona', 'persona.rbac']
2026-09-16 23:34:55.513 | INFO     | tldw_Server_API.app.core.config:_buffered_log:210 - Ensured main SQLite database directory exists: /Users/macbook-dev/Documents/GitHub/tldw_server2/Databases
2026-09-16 23:34:55.513 | INFO     | tldw_Server_API.app.core.config:_buffered_log:210 - Ensured user data base directory exists: Databases/user_databases
2026-09-16 23:34:55.514 | WARNING  | tldw_Server_API.app.core.DB_Management.db_path_utils:resolve_user_db_base_dir:491 - USER_DB_BASE_DIR not configured in tests, using isolated fallback: /private/var/folders/sn/m80n2j152t9gw3w8qwk2nykh0000gn/T/tldw_user_databases_test/default-8d1a5f83
2026-09-16 23:34:55.514 | INFO     | tldw_Server_API.app.core.DB_Management.ChaChaNotes_DB:__init__:7657 - Initializing CharactersRAGDB for path: /private/var/folders/sn/m80n2j152t9gw3w8qwk2nykh0000gn/T/pytest-of-macbook-dev/pytest-611/test_note_reads_exclude_foreig8/2/ChaChaNotes.db [Client ID: 2] (backend=postgresql)
2026-09-16 23:34:56.733 | DEBUG    | tldw_Server_API.app.core.DB_Management.ChaChaNotes_DB:__init__:7664 - CharactersRAGDB initialization completed successfully for /private/var/folders/sn/m80n2j152t9gw3w8qwk2nykh0000gn/T/pytest-of-macbook-dev/pytest-611/test_note_reads_exclude_foreig8/2/ChaChaNotes.db
2026-09-16 23:34:56.733 | WARNING  | tldw_Server_API.app.core.DB_Management.db_path_utils:resolve_user_db_base_dir:491 - USER_DB_BASE_DIR not configured in tests, using isolated fallback: /private/var/folders/sn/m80n2j152t9gw3w8qwk2nykh0000gn/T/tldw_user_databases_test/default-8d1a5f83
2026-09-16 23:34:56.733 | INFO     | tldw_Server_API.app.core.DB_Management.ChaChaNotes_DB:__init__:7657 - Initializing CharactersRAGDB for path: /private/var/folders/sn/m80n2j152t9gw3w8qwk2nykh0000gn/T/pytest-of-macbook-dev/pytest-611/test_note_reads_exclude_foreig8/3/ChaChaNotes.db [Client ID: 3] (backend=postgresql)
2026-09-16 23:34:56.876 | DEBUG    | tldw_Server_API.app.core.DB_Management.ChaChaNotes_DB:__init__:7664 - CharactersRAGDB initialization completed successfully for /private/var/folders/sn/m80n2j152t9gw3w8qwk2nykh0000gn/T/pytest-of-macbook-dev/pytest-611/test_note_reads_exclude_foreig8/3/ChaChaNotes.db
2026-09-16 23:34:56.878 | DEBUG    | tldw_Server_API.app.core.DB_Management.ChaChaNotes_DB:_get_connection_for_state:8036 - Acquired backend connection (postgresql) for thread 8346099072
2026-09-16 23:34:56.880 | INFO     | tldw_Server_API.app.core.DB_Management.chacha.note_store:_execute:124 - Added note 'Alice private Citrine' with ID: be608577-ca7f-4053-8db5-dda46423ea9c.
2026-09-16 23:34:56.881 | INFO     | tldw_Server_API.app.core.DB_Management.chacha.note_store:_execute:124 - Added note 'Alice deleted Citrine' with ID: 1abea184-a2fb-479f-985f-6e5d7c3d94b1.
2026-09-16 23:34:56.883 | INFO     | tldw_Server_API.app.core.DB_Management.chacha.note_store:soft_delete_note:2219 - Soft-deleted note ID 1abea184-a2fb-479f-985f-6e5d7c3d94b1 (was v1), new version 2.
2026-09-16 23:34:56.888 | DEBUG    | tldw_Server_API.app.core.DB_Management.ChaChaNotes_DB:_get_connection_for_state:8036 - Acquired backend connection (postgresql) for thread 8346099072
2026-09-16 23:34:56.891 | INFO     | tldw_Server_API.app.core.DB_Management.chacha.note_store:_execute:124 - Added note 'Bob private Indigo' with ID: b8aa78fd-33bd-45f0-a1e6-804f2d9c2bf5.
2026-09-16 23:34:56.891 | DEBUG    | tldw_Server_API.app.core.DB_Management.ChaChaNotes_DB:close_connection:8110 - Returned backend connection (postgresql) for thread 8346099072.
2026-09-16 23:34:56.891 | DEBUG    | tldw_Server_API.app.core.DB_Management.ChaChaNotes_DB:close_connection:8110 - Returned backend connection (postgresql) for thread 8346099072.
----------------------------- Captured stderr call -----------------------------
2026-09-16 23:34:56.893 | DEBUG    | tldw_Server_API.app.core.DB_Management.ChaChaNotes_DB:_get_connection_for_state:8036 - Acquired backend connection (postgresql) for thread 8346099072
2026-09-16 23:34:56.893 | DEBUG    | tldw_Server_API.app.core.DB_Management.ChaChaNotes_DB:execute_query:8286 - Executing SQL (script=False, backend=postgresql): SELECT * FROM notes WHERE deleted = ? ORDER BY last_modified DESC LIMIT ? OFFSET ?... Params: (False, 100, 0)...
--------------------------- Captured stderr teardown ---------------------------
2026-09-16 23:34:56.895 | DEBUG    | tldw_Server_API.app.core.DB_Management.ChaChaNotes_DB:close_connection:8110 - Returned backend connection (postgresql) for thread 8346099072.
2026-09-16 23:34:56.910 | INFO     | tldw_Server_API.app.api.v1.API_Deps.ChaCha_Notes_DB_Deps:close_all_chacha_db_instances:876 - Closing all cached ChaChaNotesDB instances (0)...
2026-09-16 23:34:56.910 | INFO     | tldw_Server_API.app.api.v1.API_Deps.ChaCha_Notes_DB_Deps:close_all_chacha_db_instances:892 - All ChaChaNotesDB instances closed and cache cleared.
2026-09-16 23:34:56.910 | INFO     | tldw_Server_API.app.api.v1.API_Deps.ChaCha_Notes_DB_Deps:close_all_chacha_db_instances:876 - Closing all cached ChaChaNotesDB instances (0)...
2026-09-16 23:34:56.910 | INFO     | tldw_Server_API.app.api.v1.API_Deps.ChaCha_Notes_DB_Deps:close_all_chacha_db_instances:892 - All ChaChaNotesDB instances closed and cache cleared.
______ test_organization_owner_edges[postgres-foreign-note-folder-write] _______
tldw_Server_API/tests/DB_Management/test_note_shared_owner_contract.py:101: in test_organization_owner_edges
    assert result == []
E   AssertionError: assert [{'id': 2, 'n...folder', ...}] == []
E
E     Left contains one more item: {'id': 2, 'name': 'Foreign mutation folder', 'parent_id': None, 'path': 'Foreign mutation folder', ...}
E     Use -v to get more diff
---------------------------- Captured stderr setup -----------------------------
2026-09-16 23:34:56.927 | INFO     | tldw_Server_API.app.core.DB_Management.backends.factory:create_backend:392 - Creating postgresql backend
2026-09-16 23:34:56.927 | INFO     | tldw_Server_API.app.core.config:_buffered_log:210 - Determined ACTUAL_PROJECT_ROOT for database paths: /Users/macbook-dev/Documents/GitHub/tldw_server2
2026-09-16 23:34:56.927 | INFO     | tldw_Server_API.app.core.config:_buffered_log:210 - Early loading environment variables from: /Users/macbook-dev/Documents/GitHub/tldw_server2/tldw_Server_API/Config_Files/.env
2026-09-16 23:34:56.932 | INFO     | tldw_Server_API.app.core.config:_buffered_log:210 - Early loading environment variables from: /Users/macbook-dev/Documents/GitHub/tldw_server2/tldw_Server_API/Config_Files/.ENV
2026-09-16 23:34:56.936 | DEBUG    | tldw_Server_API.app.core.config:_buffered_log:210 - load_and_log_configs(): Loading and logging configurations...
2026-09-16 23:34:56.936 | INFO     | tldw_Server_API.app.core.config:_buffered_log:210 - Loading environment variables from: /Users/macbook-dev/Documents/GitHub/tldw_server2/tldw_Server_API/Config_Files/.env
2026-09-16 23:34:56.940 | INFO     | tldw_Server_API.app.core.config:_buffered_log:210 - Loading environment variables from: /Users/macbook-dev/Documents/GitHub/tldw_server2/tldw_Server_API/Config_Files/.ENV
2026-09-16 23:34:56.945 | INFO     | tldw_Server_API.app.core.config:_buffered_log:210 - Attempting to load comprehensive config from: /Users/macbook-dev/Documents/GitHub/tldw_server2/tldw_Server_API/Config_Files/config.txt
2026-09-16 23:34:56.946 | INFO     | tldw_Server_API.app.core.config:_buffered_log:210 - load_comprehensive_config(): Sections found in config: ['Setup', 'UI', 'Server', 'Files', 'Image-Generation', 'ACP', 'WORKSPACES', 'ACP-WORKSPACE', 'ACP-SANDBOX', 'Audit', 'Processing', 'Media-Processing', 'Chat-Dictionaries', 'Chat-Module', 'Chat-Commands', 'Chat-Templating', 'Character-Chat', 'Settings', 'Auto-Save', 'Prompts', 'Database', 'Chunking', 'Visual-RAG', 'AuthNZ', 'Streaming', 'HTTP', 'Egress', 'Embeddings', 'Claims', 'ClaimsMonitoring', 'RAG', 'Search-Agent', 'ResourceGovernor', 'Jobs', 'SlidesStandaloneHtml', 'Diarization', 'API', 'MLX', 'Local-API', 'LlamaCpp', 'STT-Settings', 'external_providers', 'TTS-Settings', 'VibeVoice', 'Audio-Quota', 'API-Routes', 'Search-Engines', 'Web-Scraper', 'Logging', 'Moderation', 'Redis', 'Web-Scraping', 'personalization', 'persona', 'persona.rbac']
2026-09-16 23:34:56.948 | INFO     | tldw_Server_API.app.core.config:_buffered_log:210 - Ensured main SQLite database directory exists: /Users/macbook-dev/Documents/GitHub/tldw_server2/Databases
2026-09-16 23:34:56.948 | INFO     | tldw_Server_API.app.core.config:_buffered_log:210 - Ensured user data base directory exists: Databases/user_databases
2026-09-16 23:34:56.949 | WARNING  | tldw_Server_API.app.core.DB_Management.db_path_utils:resolve_user_db_base_dir:491 - USER_DB_BASE_DIR not configured in tests, using isolated fallback: /private/var/folders/sn/m80n2j152t9gw3w8qwk2nykh0000gn/T/tldw_user_databases_test/default-8d1a5f83
2026-09-16 23:34:56.949 | INFO     | tldw_Server_API.app.core.DB_Management.ChaChaNotes_DB:__init__:7657 - Initializing CharactersRAGDB for path: /private/var/folders/sn/m80n2j152t9gw3w8qwk2nykh0000gn/T/pytest-of-macbook-dev/pytest-611/test_organization_owner_edges_6/2/ChaChaNotes.db [Client ID: 2] (backend=postgresql)
2026-09-16 23:34:58.249 | DEBUG    | tldw_Server_API.app.core.DB_Management.ChaChaNotes_DB:__init__:7664 - CharactersRAGDB initialization completed successfully for /private/var/folders/sn/m80n2j152t9gw3w8qwk2nykh0000gn/T/pytest-of-macbook-dev/pytest-611/test_organization_owner_edges_6/2/ChaChaNotes.db
2026-09-16 23:34:58.249 | WARNING  | tldw_Server_API.app.core.DB_Management.db_path_utils:resolve_user_db_base_dir:491 - USER_DB_BASE_DIR not configured in tests, using isolated fallback: /private/var/folders/sn/m80n2j152t9gw3w8qwk2nykh0000gn/T/tldw_user_databases_test/default-8d1a5f83
2026-09-16 23:34:58.250 | INFO     | tldw_Server_API.app.core.DB_Management.ChaChaNotes_DB:__init__:7657 - Initializing CharactersRAGDB for path: /private/var/folders/sn/m80n2j152t9gw3w8qwk2nykh0000gn/T/pytest-of-macbook-dev/pytest-611/test_organization_owner_edges_6/3/ChaChaNotes.db [Client ID: 3] (backend=postgresql)
2026-09-16 23:34:58.391 | DEBUG    | tldw_Server_API.app.core.DB_Management.ChaChaNotes_DB:__init__:7664 - CharactersRAGDB initialization completed successfully for /private/var/folders/sn/m80n2j152t9gw3w8qwk2nykh0000gn/T/pytest-of-macbook-dev/pytest-611/test_organization_owner_edges_6/3/ChaChaNotes.db
2026-09-16 23:34:58.393 | DEBUG    | tldw_Server_API.app.core.DB_Management.ChaChaNotes_DB:_get_connection_for_state:8036 - Acquired backend connection (postgresql) for thread 8346099072
2026-09-16 23:34:58.395 | INFO     | tldw_Server_API.app.core.DB_Management.chacha.note_store:_execute:124 - Added note 'Alice private Citrine' with ID: 3ad54c78-5b5f-4dee-bc00-af0fd0c4f8c4.
2026-09-16 23:34:58.396 | INFO     | tldw_Server_API.app.core.DB_Management.chacha.note_store:_execute:124 - Added note 'Alice deleted Citrine' with ID: b0ce5f63-bfbd-4c04-97fd-a977472111b0.
2026-09-16 23:34:58.399 | INFO     | tldw_Server_API.app.core.DB_Management.chacha.note_store:soft_delete_note:2219 - Soft-deleted note ID b0ce5f63-bfbd-4c04-97fd-a977472111b0 (was v1), new version 2.
2026-09-16 23:34:58.404 | DEBUG    | tldw_Server_API.app.core.DB_Management.ChaChaNotes_DB:_get_connection_for_state:8036 - Acquired backend connection (postgresql) for thread 8346099072
2026-09-16 23:34:58.406 | INFO     | tldw_Server_API.app.core.DB_Management.chacha.note_store:_execute:124 - Added note 'Bob private Indigo' with ID: b478f494-8b5b-4a72-b79c-c2f0cf6e45c2.
2026-09-16 23:34:58.407 | DEBUG    | tldw_Server_API.app.core.DB_Management.ChaChaNotes_DB:close_connection:8110 - Returned backend connection (postgresql) for thread 8346099072.
2026-09-16 23:34:58.407 | DEBUG    | tldw_Server_API.app.core.DB_Management.ChaChaNotes_DB:close_connection:8110 - Returned backend connection (postgresql) for thread 8346099072.
----------------------------- Captured stderr call -----------------------------
2026-09-16 23:34:58.408 | DEBUG    | tldw_Server_API.app.core.DB_Management.ChaChaNotes_DB:_get_connection_for_state:8036 - Acquired backend connection (postgresql) for thread 8346099072
2026-09-16 23:34:58.411 | DEBUG    | tldw_Server_API.app.core.DB_Management.ChaChaNotes_DB:execute_query:8286 - Executing SQL (script=False, backend=postgresql):
                SELECT f.id, f.sync_id, f.name, f.path, f.parent_id
                  FROM note_folders f
                  JOIN (
                        SELECT folder_id
                          FROM note_folder_memberships
                         WHERE note_id = ?
                        UNION... Params: ('3ad54c78-5b5f-4dee-bc00-af0fd0c4f8c4', '3ad54c78-5b5f-4dee-bc00-af0fd0c4f8c4', '3ad54c78-5b5f-4dee-bc00-af0fd0c4f8c4')...
2026-09-16 23:34:58.414 | DEBUG    | tldw_Server_API.app.core.DB_Management.ChaChaNotes_DB:_get_connection_for_state:8036 - Acquired backend connection (postgresql) for thread 8346099072
2026-09-16 23:34:58.417 | DEBUG    | tldw_Server_API.app.core.DB_Management.ChaChaNotes_DB:execute_query:8286 - Executing SQL (script=False, backend=postgresql):
                SELECT f.id, f.sync_id, f.name, f.path, f.parent_id
                  FROM note_folders f
                  JOIN (
                        SELECT folder_id
                          FROM note_folder_memberships
                         WHERE note_id = ?
                        UNION... Params: ('3ad54c78-5b5f-4dee-bc00-af0fd0c4f8c4', '3ad54c78-5b5f-4dee-bc00-af0fd0c4f8c4', '3ad54c78-5b5f-4dee-bc00-af0fd0c4f8c4')...
--------------------------- Captured stderr teardown ---------------------------
2026-09-16 23:34:58.419 | DEBUG    | tldw_Server_API.app.core.DB_Management.ChaChaNotes_DB:close_connection:8110 - Returned backend connection (postgresql) for thread 8346099072.
2026-09-16 23:34:58.419 | DEBUG    | tldw_Server_API.app.core.DB_Management.ChaChaNotes_DB:close_connection:8110 - Returned backend connection (postgresql) for thread 8346099072.
2026-09-16 23:34:58.439 | INFO     | tldw_Server_API.app.api.v1.API_Deps.ChaCha_Notes_DB_Deps:close_all_chacha_db_instances:876 - Closing all cached ChaChaNotesDB instances (0)...
2026-09-16 23:34:58.439 | INFO     | tldw_Server_API.app.api.v1.API_Deps.ChaCha_Notes_DB_Deps:close_all_chacha_db_instances:892 - All ChaChaNotesDB instances closed and cache cleared.
2026-09-16 23:34:58.439 | INFO     | tldw_Server_API.app.api.v1.API_Deps.ChaCha_Notes_DB_Deps:close_all_chacha_db_instances:876 - Closing all cached ChaChaNotesDB instances (0)...
2026-09-16 23:34:58.439 | INFO     | tldw_Server_API.app.api.v1.API_Deps.ChaCha_Notes_DB_Deps:close_all_chacha_db_instances:892 - All ChaChaNotesDB instances closed and cache cleared.
____________ test_note_reads_exclude_foreign_owner[postgres-count] _____________
tldw_Server_API/tests/DB_Management/test_note_shared_owner_contract.py:43: in test_note_reads_exclude_foreign_owner
    assert db.count_notes() == 1
E   assert 2 == 1
E    +  where 2 = count_notes()
E    +    where count_notes = <tldw_Server_API.app.core.DB_Management.ChaChaNotes_DB.CharactersRAGDB object at 0x11042c490>.count_notes
---------------------------- Captured stderr setup -----------------------------
2026-09-16 23:34:59.676 | INFO     | tldw_Server_API.app.core.DB_Management.backends.factory:create_backend:392 - Creating postgresql backend
2026-09-16 23:34:59.676 | INFO     | tldw_Server_API.app.core.config:_buffered_log:210 - Determined ACTUAL_PROJECT_ROOT for database paths: /Users/macbook-dev/Documents/GitHub/tldw_server2
2026-09-16 23:34:59.677 | INFO     | tldw_Server_API.app.core.config:_buffered_log:210 - Early loading environment variables from: /Users/macbook-dev/Documents/GitHub/tldw_server2/tldw_Server_API/Config_Files/.env
2026-09-16 23:34:59.681 | INFO     | tldw_Server_API.app.core.config:_buffered_log:210 - Early loading environment variables from: /Users/macbook-dev/Documents/GitHub/tldw_server2/tldw_Server_API/Config_Files/.ENV
2026-09-16 23:34:59.685 | DEBUG    | tldw_Server_API.app.core.config:_buffered_log:210 - load_and_log_configs(): Loading and logging configurations...
2026-09-16 23:34:59.685 | INFO     | tldw_Server_API.app.core.config:_buffered_log:210 - Loading environment variables from: /Users/macbook-dev/Documents/GitHub/tldw_server2/tldw_Server_API/Config_Files/.env
2026-09-16 23:34:59.690 | INFO     | tldw_Server_API.app.core.config:_buffered_log:210 - Loading environment variables from: /Users/macbook-dev/Documents/GitHub/tldw_server2/tldw_Server_API/Config_Files/.ENV
2026-09-16 23:34:59.694 | INFO     | tldw_Server_API.app.core.config:_buffered_log:210 - Attempting to load comprehensive config from: /Users/macbook-dev/Documents/GitHub/tldw_server2/tldw_Server_API/Config_Files/config.txt
2026-09-16 23:34:59.696 | INFO     | tldw_Server_API.app.core.config:_buffered_log:210 - load_comprehensive_config(): Sections found in config: ['Setup', 'UI', 'Server', 'Files', 'Image-Generation', 'ACP', 'WORKSPACES', 'ACP-WORKSPACE', 'ACP-SANDBOX', 'Audit', 'Processing', 'Media-Processing', 'Chat-Dictionaries', 'Chat-Module', 'Chat-Commands', 'Chat-Templating', 'Character-Chat', 'Settings', 'Auto-Save', 'Prompts', 'Database', 'Chunking', 'Visual-RAG', 'AuthNZ', 'Streaming', 'HTTP', 'Egress', 'Embeddings', 'Claims', 'ClaimsMonitoring', 'RAG', 'Search-Agent', 'ResourceGovernor', 'Jobs', 'SlidesStandaloneHtml', 'Diarization', 'API', 'MLX', 'Local-API', 'LlamaCpp', 'STT-Settings', 'external_providers', 'TTS-Settings', 'VibeVoice', 'Audio-Quota', 'API-Routes', 'Search-Engines', 'Web-Scraper', 'Logging', 'Moderation', 'Redis', 'Web-Scraping', 'personalization', 'persona', 'persona.rbac']
2026-09-16 23:34:59.698 | INFO     | tldw_Server_API.app.core.config:_buffered_log:210 - Ensured main SQLite database directory exists: /Users/macbook-dev/Documents/GitHub/tldw_server2/Databases
2026-09-16 23:34:59.698 | INFO     | tldw_Server_API.app.core.config:_buffered_log:210 - Ensured user data base directory exists: Databases/user_databases
2026-09-16 23:34:59.698 | WARNING  | tldw_Server_API.app.core.DB_Management.db_path_utils:resolve_user_db_base_dir:491 - USER_DB_BASE_DIR not configured in tests, using isolated fallback: /private/var/folders/sn/m80n2j152t9gw3w8qwk2nykh0000gn/T/tldw_user_databases_test/default-8d1a5f83
2026-09-16 23:34:59.699 | INFO     | tldw_Server_API.app.core.DB_Management.ChaChaNotes_DB:__init__:7657 - Initializing CharactersRAGDB for path: /private/var/folders/sn/m80n2j152t9gw3w8qwk2nykh0000gn/T/pytest-of-macbook-dev/pytest-611/test_note_reads_exclude_foreig9/2/ChaChaNotes.db [Client ID: 2] (backend=postgresql)
2026-09-16 23:35:00.959 | DEBUG    | tldw_Server_API.app.core.DB_Management.ChaChaNotes_DB:__init__:7664 - CharactersRAGDB initialization completed successfully for /private/var/folders/sn/m80n2j152t9gw3w8qwk2nykh0000gn/T/pytest-of-macbook-dev/pytest-611/test_note_reads_exclude_foreig9/2/ChaChaNotes.db
2026-09-16 23:35:00.959 | WARNING  | tldw_Server_API.app.core.DB_Management.db_path_utils:resolve_user_db_base_dir:491 - USER_DB_BASE_DIR not configured in tests, using isolated fallback: /private/var/folders/sn/m80n2j152t9gw3w8qwk2nykh0000gn/T/tldw_user_databases_test/default-8d1a5f83
2026-09-16 23:35:00.959 | INFO     | tldw_Server_API.app.core.DB_Management.ChaChaNotes_DB:__init__:7657 - Initializing CharactersRAGDB for path: /private/var/folders/sn/m80n2j152t9gw3w8qwk2nykh0000gn/T/pytest-of-macbook-dev/pytest-611/test_note_reads_exclude_foreig9/3/ChaChaNotes.db [Client ID: 3] (backend=postgresql)
2026-09-16 23:35:01.101 | DEBUG    | tldw_Server_API.app.core.DB_Management.ChaChaNotes_DB:__init__:7664 - CharactersRAGDB initialization completed successfully for /private/var/folders/sn/m80n2j152t9gw3w8qwk2nykh0000gn/T/pytest-of-macbook-dev/pytest-611/test_note_reads_exclude_foreig9/3/ChaChaNotes.db
2026-09-16 23:35:01.102 | DEBUG    | tldw_Server_API.app.core.DB_Management.ChaChaNotes_DB:_get_connection_for_state:8036 - Acquired backend connection (postgresql) for thread 8346099072
2026-09-16 23:35:01.104 | INFO     | tldw_Server_API.app.core.DB_Management.chacha.note_store:_execute:124 - Added note 'Alice private Citrine' with ID: 25623db1-b260-47ee-a6d2-ca058fa176c4.
2026-09-16 23:35:01.105 | INFO     | tldw_Server_API.app.core.DB_Management.chacha.note_store:_execute:124 - Added note 'Alice deleted Citrine' with ID: eae840b2-a06d-4b04-a7b5-db683157b57b.
2026-09-16 23:35:01.108 | INFO     | tldw_Server_API.app.core.DB_Management.chacha.note_store:soft_delete_note:2219 - Soft-deleted note ID eae840b2-a06d-4b04-a7b5-db683157b57b (was v1), new version 2.
2026-09-16 23:35:01.112 | DEBUG    | tldw_Server_API.app.core.DB_Management.ChaChaNotes_DB:_get_connection_for_state:8036 - Acquired backend connection (postgresql) for thread 8346099072
2026-09-16 23:35:01.115 | INFO     | tldw_Server_API.app.core.DB_Management.chacha.note_store:_execute:124 - Added note 'Bob private Indigo' with ID: e244a47d-7055-4814-9dd9-d6c4fb9e29f7.
2026-09-16 23:35:01.115 | DEBUG    | tldw_Server_API.app.core.DB_Management.ChaChaNotes_DB:close_connection:8110 - Returned backend connection (postgresql) for thread 8346099072.
2026-09-16 23:35:01.115 | DEBUG    | tldw_Server_API.app.core.DB_Management.ChaChaNotes_DB:close_connection:8110 - Returned backend connection (postgresql) for thread 8346099072.
----------------------------- Captured stderr call -----------------------------
2026-09-16 23:35:01.117 | DEBUG    | tldw_Server_API.app.core.DB_Management.ChaChaNotes_DB:_get_connection_for_state:8036 - Acquired backend connection (postgresql) for thread 8346099072
2026-09-16 23:35:01.117 | DEBUG    | tldw_Server_API.app.core.DB_Management.ChaChaNotes_DB:execute_query:8286 - Executing SQL (script=False, backend=postgresql): SELECT COUNT(*) AS cnt FROM notes WHERE deleted = ?... Params: (False,)...
--------------------------- Captured stderr teardown ---------------------------
2026-09-16 23:35:01.119 | DEBUG    | tldw_Server_API.app.core.DB_Management.ChaChaNotes_DB:close_connection:8110 - Returned backend connection (postgresql) for thread 8346099072.
2026-09-16 23:35:01.135 | INFO     | tldw_Server_API.app.api.v1.API_Deps.ChaCha_Notes_DB_Deps:close_all_chacha_db_instances:876 - Closing all cached ChaChaNotesDB instances (0)...
2026-09-16 23:35:01.135 | INFO     | tldw_Server_API.app.api.v1.API_Deps.ChaCha_Notes_DB_Deps:close_all_chacha_db_instances:892 - All ChaChaNotesDB instances closed and cache cleared.
2026-09-16 23:35:01.135 | INFO     | tldw_Server_API.app.api.v1.API_Deps.ChaCha_Notes_DB_Deps:close_all_chacha_db_instances:876 - Closing all cached ChaChaNotesDB instances (0)...
2026-09-16 23:35:01.135 | INFO     | tldw_Server_API.app.api.v1.API_Deps.ChaCha_Notes_DB_Deps:close_all_chacha_db_instances:892 - All ChaChaNotesDB instances closed and cache cleared.
_________ test_note_linked_owner_edges[postgres-foreign-keyword-link] __________
tldw_Server_API/tests/DB_Management/test_note_shared_owner_contract.py:86: in test_note_linked_owner_edges
    assert not result
E   assert not True
---------------------------- Captured stderr setup -----------------------------
2026-09-16 23:35:03.623 | INFO     | tldw_Server_API.app.core.DB_Management.backends.factory:create_backend:392 - Creating postgresql backend
2026-09-16 23:35:03.624 | INFO     | tldw_Server_API.app.core.config:_buffered_log:210 - Determined ACTUAL_PROJECT_ROOT for database paths: /Users/macbook-dev/Documents/GitHub/tldw_server2
2026-09-16 23:35:03.624 | INFO     | tldw_Server_API.app.core.config:_buffered_log:210 - Early loading environment variables from: /Users/macbook-dev/Documents/GitHub/tldw_server2/tldw_Server_API/Config_Files/.env
2026-09-16 23:35:03.629 | INFO     | tldw_Server_API.app.core.config:_buffered_log:210 - Early loading environment variables from: /Users/macbook-dev/Documents/GitHub/tldw_server2/tldw_Server_API/Config_Files/.ENV
2026-09-16 23:35:03.633 | DEBUG    | tldw_Server_API.app.core.config:_buffered_log:210 - load_and_log_configs(): Loading and logging configurations...
2026-09-16 23:35:03.633 | INFO     | tldw_Server_API.app.core.config:_buffered_log:210 - Loading environment variables from: /Users/macbook-dev/Documents/GitHub/tldw_server2/tldw_Server_API/Config_Files/.env
2026-09-16 23:35:03.638 | INFO     | tldw_Server_API.app.core.config:_buffered_log:210 - Loading environment variables from: /Users/macbook-dev/Documents/GitHub/tldw_server2/tldw_Server_API/Config_Files/.ENV
2026-09-16 23:35:03.642 | INFO     | tldw_Server_API.app.core.config:_buffered_log:210 - Attempting to load comprehensive config from: /Users/macbook-dev/Documents/GitHub/tldw_server2/tldw_Server_API/Config_Files/config.txt
2026-09-16 23:35:03.645 | INFO     | tldw_Server_API.app.core.config:_buffered_log:210 - load_comprehensive_config(): Sections found in config: ['Setup', 'UI', 'Server', 'Files', 'Image-Generation', 'ACP', 'WORKSPACES', 'ACP-WORKSPACE', 'ACP-SANDBOX', 'Audit', 'Processing', 'Media-Processing', 'Chat-Dictionaries', 'Chat-Module', 'Chat-Commands', 'Chat-Templating', 'Character-Chat', 'Settings', 'Auto-Save', 'Prompts', 'Database', 'Chunking', 'Visual-RAG', 'AuthNZ', 'Streaming', 'HTTP', 'Egress', 'Embeddings', 'Claims', 'ClaimsMonitoring', 'RAG', 'Search-Agent', 'ResourceGovernor', 'Jobs', 'SlidesStandaloneHtml', 'Diarization', 'API', 'MLX', 'Local-API', 'LlamaCpp', 'STT-Settings', 'external_providers', 'TTS-Settings', 'VibeVoice', 'Audio-Quota', 'API-Routes', 'Search-Engines', 'Web-Scraper', 'Logging', 'Moderation', 'Redis', 'Web-Scraping', 'personalization', 'persona', 'persona.rbac']
2026-09-16 23:35:03.647 | INFO     | tldw_Server_API.app.core.config:_buffered_log:210 - Ensured main SQLite database directory exists: /Users/macbook-dev/Documents/GitHub/tldw_server2/Databases
2026-09-16 23:35:03.647 | INFO     | tldw_Server_API.app.core.config:_buffered_log:210 - Ensured user data base directory exists: Databases/user_databases
2026-09-16 23:35:03.647 | WARNING  | tldw_Server_API.app.core.DB_Management.db_path_utils:resolve_user_db_base_dir:491 - USER_DB_BASE_DIR not configured in tests, using isolated fallback: /private/var/folders/sn/m80n2j152t9gw3w8qwk2nykh0000gn/T/tldw_user_databases_test/default-8d1a5f83
2026-09-16 23:35:03.647 | INFO     | tldw_Server_API.app.core.DB_Management.ChaChaNotes_DB:__init__:7657 - Initializing CharactersRAGDB for path: /private/var/folders/sn/m80n2j152t9gw3w8qwk2nykh0000gn/T/pytest-of-macbook-dev/pytest-611/test_note_linked_owner_edges_p5/2/ChaChaNotes.db [Client ID: 2] (backend=postgresql)
2026-09-16 23:35:04.972 | DEBUG    | tldw_Server_API.app.core.DB_Management.ChaChaNotes_DB:__init__:7664 - CharactersRAGDB initialization completed successfully for /private/var/folders/sn/m80n2j152t9gw3w8qwk2nykh0000gn/T/pytest-of-macbook-dev/pytest-611/test_note_linked_owner_edges_p5/2/ChaChaNotes.db
2026-09-16 23:35:04.973 | WARNING  | tldw_Server_API.app.core.DB_Management.db_path_utils:resolve_user_db_base_dir:491 - USER_DB_BASE_DIR not configured in tests, using isolated fallback: /private/var/folders/sn/m80n2j152t9gw3w8qwk2nykh0000gn/T/tldw_user_databases_test/default-8d1a5f83
2026-09-16 23:35:04.973 | INFO     | tldw_Server_API.app.core.DB_Management.ChaChaNotes_DB:__init__:7657 - Initializing CharactersRAGDB for path: /private/var/folders/sn/m80n2j152t9gw3w8qwk2nykh0000gn/T/pytest-of-macbook-dev/pytest-611/test_note_linked_owner_edges_p5/3/ChaChaNotes.db [Client ID: 3] (backend=postgresql)
2026-09-16 23:35:05.116 | DEBUG    | tldw_Server_API.app.core.DB_Management.ChaChaNotes_DB:__init__:7664 - CharactersRAGDB initialization completed successfully for /private/var/folders/sn/m80n2j152t9gw3w8qwk2nykh0000gn/T/pytest-of-macbook-dev/pytest-611/test_note_linked_owner_edges_p5/3/ChaChaNotes.db
2026-09-16 23:35:05.117 | DEBUG    | tldw_Server_API.app.core.DB_Management.ChaChaNotes_DB:_get_connection_for_state:8036 - Acquired backend connection (postgresql) for thread 8346099072
2026-09-16 23:35:05.119 | INFO     | tldw_Server_API.app.core.DB_Management.chacha.note_store:_execute:124 - Added note 'Alice private Citrine' with ID: 95b211d7-e2fb-4581-adfe-b7aa3e485316.
2026-09-16 23:35:05.120 | INFO     | tldw_Server_API.app.core.DB_Management.chacha.note_store:_execute:124 - Added note 'Alice deleted Citrine' with ID: 70c9e3ae-e05b-4576-a374-ce12b7de828a.
2026-09-16 23:35:05.123 | INFO     | tldw_Server_API.app.core.DB_Management.chacha.note_store:soft_delete_note:2219 - Soft-deleted note ID 70c9e3ae-e05b-4576-a374-ce12b7de828a (was v1), new version 2.
2026-09-16 23:35:05.128 | DEBUG    | tldw_Server_API.app.core.DB_Management.ChaChaNotes_DB:_get_connection_for_state:8036 - Acquired backend connection (postgresql) for thread 8346099072
2026-09-16 23:35:05.131 | INFO     | tldw_Server_API.app.core.DB_Management.chacha.note_store:_execute:124 - Added note 'Bob private Indigo' with ID: 928d0139-c878-4443-9a6c-29266722e8c1.
2026-09-16 23:35:05.131 | DEBUG    | tldw_Server_API.app.core.DB_Management.ChaChaNotes_DB:close_connection:8110 - Returned backend connection (postgresql) for thread 8346099072.
2026-09-16 23:35:05.131 | DEBUG    | tldw_Server_API.app.core.DB_Management.ChaChaNotes_DB:close_connection:8110 - Returned backend connection (postgresql) for thread 8346099072.
----------------------------- Captured stderr call -----------------------------
2026-09-16 23:35:05.133 | DEBUG    | tldw_Server_API.app.core.DB_Management.ChaChaNotes_DB:_get_connection_for_state:8036 - Acquired backend connection (postgresql) for thread 8346099072
2026-09-16 23:35:05.134 | INFO     | tldw_Server_API.app.core.DB_Management.ChaChaNotes_DB:_add_generic_item:32615 - Added chacha_keywords 'Alice sequence separator' with ID: 1.
2026-09-16 23:35:05.135 | INFO     | tldw_Server_API.app.core.DB_Management.ChaChaNotes_DB:_add_generic_item:32615 - Added chacha_keywords 'Alice private amber keyword' with ID: 2.
2026-09-16 23:35:05.137 | DEBUG    | tldw_Server_API.app.core.DB_Management.ChaChaNotes_DB:_get_connection_for_state:8036 - Acquired backend connection (postgresql) for thread 8346099072
2026-09-16 23:35:05.138 | INFO     | tldw_Server_API.app.core.DB_Management.ChaChaNotes_DB:_add_generic_item:32615 - Added chacha_keywords 'Bob own indigo keyword' with ID: 3.
2026-09-16 23:35:05.142 | DEBUG    | tldw_Server_API.app.core.DB_Management.ChaChaNotes_DB:_manage_link:34345 - Logged sync event for note_keywords: create on 95b211d7-e2fb-4581-adfe-b7aa3e485316_2
2026-09-16 23:35:05.142 | INFO     | tldw_Server_API.app.core.DB_Management.ChaChaNotes_DB:_manage_link:34347 - Linked note_keywords: note_id=95b211d7-e2fb-4581-adfe-b7aa3e485316, keyword_id=2. Rows affected: 1
2026-09-16 23:35:05.145 | DEBUG    | tldw_Server_API.app.core.DB_Management.ChaChaNotes_DB:_manage_link:34345 - Logged sync event for note_keywords: create on 928d0139-c878-4443-9a6c-29266722e8c1_3
2026-09-16 23:35:05.145 | INFO     | tldw_Server_API.app.core.DB_Management.ChaChaNotes_DB:_manage_link:34347 - Linked note_keywords: note_id=928d0139-c878-4443-9a6c-29266722e8c1, keyword_id=3. Rows affected: 1
2026-09-16 23:35:05.147 | DEBUG    | tldw_Server_API.app.core.DB_Management.ChaChaNotes_DB:_manage_link:34345 - Logged sync event for note_keywords: create on 928d0139-c878-4443-9a6c-29266722e8c1_2
2026-09-16 23:35:05.147 | INFO     | tldw_Server_API.app.core.DB_Management.ChaChaNotes_DB:_manage_link:34347 - Linked note_keywords: note_id=928d0139-c878-4443-9a6c-29266722e8c1, keyword_id=2. Rows affected: 1
--------------------------- Captured stderr teardown ---------------------------
2026-09-16 23:35:05.149 | DEBUG    | tldw_Server_API.app.core.DB_Management.ChaChaNotes_DB:close_connection:8110 - Returned backend connection (postgresql) for thread 8346099072.
2026-09-16 23:35:05.149 | DEBUG    | tldw_Server_API.app.core.DB_Management.ChaChaNotes_DB:close_connection:8110 - Returned backend connection (postgresql) for thread 8346099072.
2026-09-16 23:35:05.258 | INFO     | tldw_Server_API.app.api.v1.API_Deps.ChaCha_Notes_DB_Deps:close_all_chacha_db_instances:876 - Closing all cached ChaChaNotesDB instances (0)...
2026-09-16 23:35:05.259 | INFO     | tldw_Server_API.app.api.v1.API_Deps.ChaCha_Notes_DB_Deps:close_all_chacha_db_instances:892 - All ChaChaNotesDB instances closed and cache cleared.
2026-09-16 23:35:05.259 | INFO     | tldw_Server_API.app.api.v1.API_Deps.ChaCha_Notes_DB_Deps:close_all_chacha_db_instances:876 - Closing all cached ChaChaNotesDB instances (0)...
2026-09-16 23:35:05.259 | INFO     | tldw_Server_API.app.api.v1.API_Deps.ChaCha_Notes_DB_Deps:close_all_chacha_db_instances:892 - All ChaChaNotesDB instances closed and cache cleared.
___________ test_note_reads_exclude_foreign_owner[postgres-deleted] ____________
tldw_Server_API/tests/DB_Management/test_note_shared_owner_contract.py:47: in test_note_reads_exclude_foreign_owner
    assert db.list_deleted_notes() == []
E   AssertionError: assert [{'client_id'.../UTC')), ...}] == []
E
E     Left contains one more item: {'client_id': '2', 'content': 'Private tombstone fixture', 'conversation_id': None, 'created_at': datetime.datetime(2026, 9, 17, 6, 35, 10, 453000, tzinfo=zoneinfo.ZoneInfo(key='Etc/UTC')), ...}
E     Use -v to get more diff
---------------------------- Captured stderr setup -----------------------------
2026-09-16 23:35:08.990 | INFO     | tldw_Server_API.app.core.DB_Management.backends.factory:create_backend:392 - Creating postgresql backend
2026-09-16 23:35:08.990 | INFO     | tldw_Server_API.app.core.config:_buffered_log:210 - Determined ACTUAL_PROJECT_ROOT for database paths: /Users/macbook-dev/Documents/GitHub/tldw_server2
2026-09-16 23:35:08.990 | INFO     | tldw_Server_API.app.core.config:_buffered_log:210 - Early loading environment variables from: /Users/macbook-dev/Documents/GitHub/tldw_server2/tldw_Server_API/Config_Files/.env
2026-09-16 23:35:08.995 | INFO     | tldw_Server_API.app.core.config:_buffered_log:210 - Early loading environment variables from: /Users/macbook-dev/Documents/GitHub/tldw_server2/tldw_Server_API/Config_Files/.ENV
2026-09-16 23:35:08.999 | DEBUG    | tldw_Server_API.app.core.config:_buffered_log:210 - load_and_log_configs(): Loading and logging configurations...
2026-09-16 23:35:08.999 | INFO     | tldw_Server_API.app.core.config:_buffered_log:210 - Loading environment variables from: /Users/macbook-dev/Documents/GitHub/tldw_server2/tldw_Server_API/Config_Files/.env
2026-09-16 23:35:09.004 | INFO     | tldw_Server_API.app.core.config:_buffered_log:210 - Loading environment variables from: /Users/macbook-dev/Documents/GitHub/tldw_server2/tldw_Server_API/Config_Files/.ENV
2026-09-16 23:35:09.008 | INFO     | tldw_Server_API.app.core.config:_buffered_log:210 - Attempting to load comprehensive config from: /Users/macbook-dev/Documents/GitHub/tldw_server2/tldw_Server_API/Config_Files/config.txt
2026-09-16 23:35:09.010 | INFO     | tldw_Server_API.app.core.config:_buffered_log:210 - load_comprehensive_config(): Sections found in config: ['Setup', 'UI', 'Server', 'Files', 'Image-Generation', 'ACP', 'WORKSPACES', 'ACP-WORKSPACE', 'ACP-SANDBOX', 'Audit', 'Processing', 'Media-Processing', 'Chat-Dictionaries', 'Chat-Module', 'Chat-Commands', 'Chat-Templating', 'Character-Chat', 'Settings', 'Auto-Save', 'Prompts', 'Database', 'Chunking', 'Visual-RAG', 'AuthNZ', 'Streaming', 'HTTP', 'Egress', 'Embeddings', 'Claims', 'ClaimsMonitoring', 'RAG', 'Search-Agent', 'ResourceGovernor', 'Jobs', 'SlidesStandaloneHtml', 'Diarization', 'API', 'MLX', 'Local-API', 'LlamaCpp', 'STT-Settings', 'external_providers', 'TTS-Settings', 'VibeVoice', 'Audio-Quota', 'API-Routes', 'Search-Engines', 'Web-Scraper', 'Logging', 'Moderation', 'Redis', 'Web-Scraping', 'personalization', 'persona', 'persona.rbac']
2026-09-16 23:35:09.012 | INFO     | tldw_Server_API.app.core.config:_buffered_log:210 - Ensured main SQLite database directory exists: /Users/macbook-dev/Documents/GitHub/tldw_server2/Databases
2026-09-16 23:35:09.012 | INFO     | tldw_Server_API.app.core.config:_buffered_log:210 - Ensured user data base directory exists: Databases/user_databases
2026-09-16 23:35:09.013 | WARNING  | tldw_Server_API.app.core.DB_Management.db_path_utils:resolve_user_db_base_dir:491 - USER_DB_BASE_DIR not configured in tests, using isolated fallback: /private/var/folders/sn/m80n2j152t9gw3w8qwk2nykh0000gn/T/tldw_user_databases_test/default-8d1a5f83
2026-09-16 23:35:09.013 | INFO     | tldw_Server_API.app.core.DB_Management.ChaChaNotes_DB:__init__:7657 - Initializing CharactersRAGDB for path: /private/var/folders/sn/m80n2j152t9gw3w8qwk2nykh0000gn/T/pytest-of-macbook-dev/pytest-611/test_note_reads_exclude_foreig11/2/ChaChaNotes.db [Client ID: 2] (backend=postgresql)
2026-09-16 23:35:10.301 | DEBUG    | tldw_Server_API.app.core.DB_Management.ChaChaNotes_DB:__init__:7664 - CharactersRAGDB initialization completed successfully for /private/var/folders/sn/m80n2j152t9gw3w8qwk2nykh0000gn/T/pytest-of-macbook-dev/pytest-611/test_note_reads_exclude_foreig11/2/ChaChaNotes.db
2026-09-16 23:35:10.302 | WARNING  | tldw_Server_API.app.core.DB_Management.db_path_utils:resolve_user_db_base_dir:491 - USER_DB_BASE_DIR not configured in tests, using isolated fallback: /private/var/folders/sn/m80n2j152t9gw3w8qwk2nykh0000gn/T/tldw_user_databases_test/default-8d1a5f83
2026-09-16 23:35:10.302 | INFO     | tldw_Server_API.app.core.DB_Management.ChaChaNotes_DB:__init__:7657 - Initializing CharactersRAGDB for path: /private/var/folders/sn/m80n2j152t9gw3w8qwk2nykh0000gn/T/pytest-of-macbook-dev/pytest-611/test_note_reads_exclude_foreig11/3/ChaChaNotes.db [Client ID: 3] (backend=postgresql)
2026-09-16 23:35:10.448 | DEBUG    | tldw_Server_API.app.core.DB_Management.ChaChaNotes_DB:__init__:7664 - CharactersRAGDB initialization completed successfully for /private/var/folders/sn/m80n2j152t9gw3w8qwk2nykh0000gn/T/pytest-of-macbook-dev/pytest-611/test_note_reads_exclude_foreig11/3/ChaChaNotes.db
2026-09-16 23:35:10.450 | DEBUG    | tldw_Server_API.app.core.DB_Management.ChaChaNotes_DB:_get_connection_for_state:8036 - Acquired backend connection (postgresql) for thread 8346099072
2026-09-16 23:35:10.452 | INFO     | tldw_Server_API.app.core.DB_Management.chacha.note_store:_execute:124 - Added note 'Alice private Citrine' with ID: b604d16a-ae9b-40cc-a0d7-6010208179bb.
2026-09-16 23:35:10.454 | INFO     | tldw_Server_API.app.core.DB_Management.chacha.note_store:_execute:124 - Added note 'Alice deleted Citrine' with ID: 1ed93e0e-3adb-4076-9117-9c4273c12b14.
2026-09-16 23:35:10.457 | INFO     | tldw_Server_API.app.core.DB_Management.chacha.note_store:soft_delete_note:2219 - Soft-deleted note ID 1ed93e0e-3adb-4076-9117-9c4273c12b14 (was v1), new version 2.
2026-09-16 23:35:10.462 | DEBUG    | tldw_Server_API.app.core.DB_Management.ChaChaNotes_DB:_get_connection_for_state:8036 - Acquired backend connection (postgresql) for thread 8346099072
2026-09-16 23:35:10.464 | INFO     | tldw_Server_API.app.core.DB_Management.chacha.note_store:_execute:124 - Added note 'Bob private Indigo' with ID: 15895f51-a040-4958-b360-5980c5b1418a.
2026-09-16 23:35:10.465 | DEBUG    | tldw_Server_API.app.core.DB_Management.ChaChaNotes_DB:close_connection:8110 - Returned backend connection (postgresql) for thread 8346099072.
2026-09-16 23:35:10.465 | DEBUG    | tldw_Server_API.app.core.DB_Management.ChaChaNotes_DB:close_connection:8110 - Returned backend connection (postgresql) for thread 8346099072.
----------------------------- Captured stderr call -----------------------------
2026-09-16 23:35:10.466 | DEBUG    | tldw_Server_API.app.core.DB_Management.ChaChaNotes_DB:_get_connection_for_state:8036 - Acquired backend connection (postgresql) for thread 8346099072
2026-09-16 23:35:10.467 | DEBUG    | tldw_Server_API.app.core.DB_Management.ChaChaNotes_DB:execute_query:8286 - Executing SQL (script=False, backend=postgresql): SELECT * FROM notes WHERE deleted = ? ORDER BY last_modified DESC LIMIT ? OFFSET ?... Params: (True, 100, 0)...
--------------------------- Captured stderr teardown ---------------------------
2026-09-16 23:35:10.470 | DEBUG    | tldw_Server_API.app.core.DB_Management.ChaChaNotes_DB:close_connection:8110 - Returned backend connection (postgresql) for thread 8346099072.
2026-09-16 23:35:10.655 | INFO     | tldw_Server_API.app.api.v1.API_Deps.ChaCha_Notes_DB_Deps:close_all_chacha_db_instances:876 - Closing all cached ChaChaNotesDB instances (0)...
2026-09-16 23:35:10.655 | INFO     | tldw_Server_API.app.api.v1.API_Deps.ChaCha_Notes_DB_Deps:close_all_chacha_db_instances:892 - All ChaChaNotesDB instances closed and cache cleared.
2026-09-16 23:35:10.656 | INFO     | tldw_Server_API.app.api.v1.API_Deps.ChaCha_Notes_DB_Deps:close_all_chacha_db_instances:876 - Closing all cached ChaChaNotesDB instances (0)...
2026-09-16 23:35:10.656 | INFO     | tldw_Server_API.app.api.v1.API_Deps.ChaCha_Notes_DB_Deps:close_all_chacha_db_instances:892 - All ChaChaNotesDB instances closed and cache cleared.
_____________ test_organization_owner_edges[postgres-folder-name] ______________
tldw_Server_API/tests/DB_Management/test_note_shared_owner_contract.py:96: in test_organization_owner_edges
    elif operation == 'folder-name': assert f.bob.get_note_folder_by_path('Private amber folder') is None
                                     ^^^^^^^^^^^^^^^^^^^^^^^^^^^^^^^^^^^^^^^^^^^^^^^^^^^^^^^^^^^^^^^^^^^^
E   AssertionError: assert {'id': 1, 'name': 'Private amber folder', 'parent_id': None, 'path': 'Private amber folder', ...} is None
E    +  where {'id': 1, 'name': 'Private amber folder', 'parent_id': None, 'path': 'Private amber folder', ...} = get_note_folder_by_path('Private amber folder')
E    +    where get_note_folder_by_path = <tldw_Server_API.app.core.DB_Management.ChaChaNotes_DB.CharactersRAGDB object at 0x110423190>.get_note_folder_by_path
E    +      where <tldw_Server_API.app.core.DB_Management.ChaChaNotes_DB.CharactersRAGDB object at 0x110423190> = namespace(alice=<tldw_Server_API.app.core.DB_Management.ChaChaNotes_DB.CharactersRAGDB object at 0x110a12a10>, bob=<tl...ea-4e92-b137-4e53ae40d3a1', deleted='395b1999-36db-455f-84ca-59386b69d759', own='861dfb6c-67e1-4ced-b76e-c32faca492e0').bob
---------------------------- Captured stderr setup -----------------------------
2026-09-16 23:35:18.244 | INFO     | tldw_Server_API.app.core.DB_Management.backends.factory:create_backend:392 - Creating postgresql backend
2026-09-16 23:35:18.245 | INFO     | tldw_Server_API.app.core.config:_buffered_log:210 - Determined ACTUAL_PROJECT_ROOT for database paths: /Users/macbook-dev/Documents/GitHub/tldw_server2
2026-09-16 23:35:18.245 | INFO     | tldw_Server_API.app.core.config:_buffered_log:210 - Early loading environment variables from: /Users/macbook-dev/Documents/GitHub/tldw_server2/tldw_Server_API/Config_Files/.env
2026-09-16 23:35:18.249 | INFO     | tldw_Server_API.app.core.config:_buffered_log:210 - Early loading environment variables from: /Users/macbook-dev/Documents/GitHub/tldw_server2/tldw_Server_API/Config_Files/.ENV
2026-09-16 23:35:18.254 | DEBUG    | tldw_Server_API.app.core.config:_buffered_log:210 - load_and_log_configs(): Loading and logging configurations...
2026-09-16 23:35:18.254 | INFO     | tldw_Server_API.app.core.config:_buffered_log:210 - Loading environment variables from: /Users/macbook-dev/Documents/GitHub/tldw_server2/tldw_Server_API/Config_Files/.env
2026-09-16 23:35:18.259 | INFO     | tldw_Server_API.app.core.config:_buffered_log:210 - Loading environment variables from: /Users/macbook-dev/Documents/GitHub/tldw_server2/tldw_Server_API/Config_Files/.ENV
2026-09-16 23:35:18.263 | INFO     | tldw_Server_API.app.core.config:_buffered_log:210 - Attempting to load comprehensive config from: /Users/macbook-dev/Documents/GitHub/tldw_server2/tldw_Server_API/Config_Files/config.txt
2026-09-16 23:35:18.265 | INFO     | tldw_Server_API.app.core.config:_buffered_log:210 - load_comprehensive_config(): Sections found in config: ['Setup', 'UI', 'Server', 'Files', 'Image-Generation', 'ACP', 'WORKSPACES', 'ACP-WORKSPACE', 'ACP-SANDBOX', 'Audit', 'Processing', 'Media-Processing', 'Chat-Dictionaries', 'Chat-Module', 'Chat-Commands', 'Chat-Templating', 'Character-Chat', 'Settings', 'Auto-Save', 'Prompts', 'Database', 'Chunking', 'Visual-RAG', 'AuthNZ', 'Streaming', 'HTTP', 'Egress', 'Embeddings', 'Claims', 'ClaimsMonitoring', 'RAG', 'Search-Agent', 'ResourceGovernor', 'Jobs', 'SlidesStandaloneHtml', 'Diarization', 'API', 'MLX', 'Local-API', 'LlamaCpp', 'STT-Settings', 'external_providers', 'TTS-Settings', 'VibeVoice', 'Audio-Quota', 'API-Routes', 'Search-Engines', 'Web-Scraper', 'Logging', 'Moderation', 'Redis', 'Web-Scraping', 'personalization', 'persona', 'persona.rbac']
2026-09-16 23:35:18.267 | INFO     | tldw_Server_API.app.core.config:_buffered_log:210 - Ensured main SQLite database directory exists: /Users/macbook-dev/Documents/GitHub/tldw_server2/Databases
2026-09-16 23:35:18.268 | INFO     | tldw_Server_API.app.core.config:_buffered_log:210 - Ensured user data base directory exists: Databases/user_databases
2026-09-16 23:35:18.268 | WARNING  | tldw_Server_API.app.core.DB_Management.db_path_utils:resolve_user_db_base_dir:491 - USER_DB_BASE_DIR not configured in tests, using isolated fallback: /private/var/folders/sn/m80n2j152t9gw3w8qwk2nykh0000gn/T/tldw_user_databases_test/default-8d1a5f83
2026-09-16 23:35:18.268 | INFO     | tldw_Server_API.app.core.DB_Management.ChaChaNotes_DB:__init__:7657 - Initializing CharactersRAGDB for path: /private/var/folders/sn/m80n2j152t9gw3w8qwk2nykh0000gn/T/pytest-of-macbook-dev/pytest-611/test_organization_owner_edges_11/2/ChaChaNotes.db [Client ID: 2] (backend=postgresql)
2026-09-16 23:35:19.643 | DEBUG    | tldw_Server_API.app.core.DB_Management.ChaChaNotes_DB:__init__:7664 - CharactersRAGDB initialization completed successfully for /private/var/folders/sn/m80n2j152t9gw3w8qwk2nykh0000gn/T/pytest-of-macbook-dev/pytest-611/test_organization_owner_edges_11/2/ChaChaNotes.db
2026-09-16 23:35:19.643 | WARNING  | tldw_Server_API.app.core.DB_Management.db_path_utils:resolve_user_db_base_dir:491 - USER_DB_BASE_DIR not configured in tests, using isolated fallback: /private/var/folders/sn/m80n2j152t9gw3w8qwk2nykh0000gn/T/tldw_user_databases_test/default-8d1a5f83
2026-09-16 23:35:19.644 | INFO     | tldw_Server_API.app.core.DB_Management.ChaChaNotes_DB:__init__:7657 - Initializing CharactersRAGDB for path: /private/var/folders/sn/m80n2j152t9gw3w8qwk2nykh0000gn/T/pytest-of-macbook-dev/pytest-611/test_organization_owner_edges_11/3/ChaChaNotes.db [Client ID: 3] (backend=postgresql)
2026-09-16 23:35:19.797 | DEBUG    | tldw_Server_API.app.core.DB_Management.ChaChaNotes_DB:__init__:7664 - CharactersRAGDB initialization completed successfully for /private/var/folders/sn/m80n2j152t9gw3w8qwk2nykh0000gn/T/pytest-of-macbook-dev/pytest-611/test_organization_owner_edges_11/3/ChaChaNotes.db
2026-09-16 23:35:19.798 | DEBUG    | tldw_Server_API.app.core.DB_Management.ChaChaNotes_DB:_get_connection_for_state:8036 - Acquired backend connection (postgresql) for thread 8346099072
2026-09-16 23:35:19.800 | INFO     | tldw_Server_API.app.core.DB_Management.chacha.note_store:_execute:124 - Added note 'Alice private Citrine' with ID: cdfd3736-cbea-4e92-b137-4e53ae40d3a1.
2026-09-16 23:35:19.802 | INFO     | tldw_Server_API.app.core.DB_Management.chacha.note_store:_execute:124 - Added note 'Alice deleted Citrine' with ID: 395b1999-36db-455f-84ca-59386b69d759.
2026-09-16 23:35:19.804 | INFO     | tldw_Server_API.app.core.DB_Management.chacha.note_store:soft_delete_note:2219 - Soft-deleted note ID 395b1999-36db-455f-84ca-59386b69d759 (was v1), new version 2.
2026-09-16 23:35:19.809 | DEBUG    | tldw_Server_API.app.core.DB_Management.ChaChaNotes_DB:_get_connection_for_state:8036 - Acquired backend connection (postgresql) for thread 8346099072
2026-09-16 23:35:19.812 | INFO     | tldw_Server_API.app.core.DB_Management.chacha.note_store:_execute:124 - Added note 'Bob private Indigo' with ID: 861dfb6c-67e1-4ced-b76e-c32faca492e0.
2026-09-16 23:35:19.812 | DEBUG    | tldw_Server_API.app.core.DB_Management.ChaChaNotes_DB:close_connection:8110 - Returned backend connection (postgresql) for thread 8346099072.
2026-09-16 23:35:19.813 | DEBUG    | tldw_Server_API.app.core.DB_Management.ChaChaNotes_DB:close_connection:8110 - Returned backend connection (postgresql) for thread 8346099072.2026-09-16 23:35:19.955 | INFO     | tldw_Server_API.app.core.config:_buffered_log:210 - Determined ACTUAL_PROJECT_ROOT for database paths: /Users/macbook-dev/Documents/GitHub/tldw_server2
2026-09-16 23:35:19.956 | INFO     | tldw_Server_API.app.core.config:_buffered_log:210 - Early loading environment variables from: /Users/macbook-dev/Documents/GitHub/tldw_server2/tldw_Server_API/Config_Files/.env
2026-09-16 23:35:19.960 | INFO     | tldw_Server_API.app.core.config:_buffered_log:210 - Early loading environment variables from: /Users/macbook-dev/Documents/GitHub/tldw_server2/tldw_Server_API/Config_Files/.ENV
2026-09-16 23:35:19.964 | DEBUG    | tldw_Server_API.app.core.config:_buffered_log:210 - load_and_log_configs(): Loading and logging configurations...
2026-09-16 23:35:19.964 | INFO     | tldw_Server_API.app.core.config:_buffered_log:210 - Loading environment variables from: /Users/macbook-dev/Documents/GitHub/tldw_server2/tldw_Server_API/Config_Files/.env
2026-09-16 23:35:19.968 | INFO     | tldw_Server_API.app.core.config:_buffered_log:210 - Loading environment variables from: /Users/macbook-dev/Documents/GitHub/tldw_server2/tldw_Server_API/Config_Files/.ENV
2026-09-16 23:35:19.973 | INFO     | tldw_Server_API.app.core.config:_buffered_log:210 - Attempting to load comprehensive config from: /Users/macbook-dev/Documents/GitHub/tldw_server2/tldw_Server_API/Config_Files/config.txt
2026-09-16 23:35:19.974 | INFO     | tldw_Server_API.app.core.config:_buffered_log:210 - load_comprehensive_config(): Sections found in config: ['Setup', 'UI', 'Server', 'Files', 'Image-Generation', 'ACP', 'WORKSPACES', 'ACP-WORKSPACE', 'ACP-SANDBOX', 'Audit', 'Processing', 'Media-Processing', 'Chat-Dictionaries', 'Chat-Module', 'Chat-Commands', 'Chat-Templating', 'Character-Chat', 'Settings', 'Auto-Save', 'Prompts', 'Database', 'Chunking', 'Visual-RAG', 'AuthNZ', 'Streaming', 'HTTP', 'Egress', 'Embeddings', 'Claims', 'ClaimsMonitoring', 'RAG', 'Search-Agent', 'ResourceGovernor', 'Jobs', 'SlidesStandaloneHtml', 'Diarization', 'API', 'MLX', 'Local-API', 'LlamaCpp', 'STT-Settings', 'external_providers', 'TTS-Settings', 'VibeVoice', 'Audio-Quota', 'API-Routes', 'Search-Engines', 'Web-Scraper', 'Logging', 'Moderation', 'Redis', 'Web-Scraping', 'personalization', 'persona', 'persona.rbac']
2026-09-16 23:35:19.976 | INFO     | tldw_Server_API.app.core.config:_buffered_log:210 - Ensured main SQLite database directory exists: /Users/macbook-dev/Documents/GitHub/tldw_server2/Databases
2026-09-16 23:35:19.976 | INFO     | tldw_Server_API.app.core.config:_buffered_log:210 - Ensured user data base directory exists: Databases/user_databases
2026-09-16 23:35:19.976 | INFO     | tldw_Server_API.app.api.v1.API_Deps.Audit_DB_Deps:<module>:532 - Using cachetools.LRUCache for audit service instances (maxsize=20).
2026-09-16 23:35:19.977 | INFO     | tldw_Server_API.app.api.v1.API_Deps.Audit_DB_Deps:shutdown_all_audit_services:1034 - Shutting down audit services for 0 instances...
2026-09-16 23:35:19.977 | INFO     | tldw_Server_API.app.api.v1.API_Deps.Audit_DB_Deps:shutdown_all_audit_services:1091 - All audit services shut down successfully.
2026-09-16 23:35:19.988 | DEBUG    | tldw_Server_API.app.core.AuthNZ.settings:_ensure_jwt_secret:899 - Single-user mode - skipping JWT secret initialization
2026-09-16 23:35:19.988 | WARNING  | tldw_Server_API.app.core.AuthNZ.settings:_validate_api_key:1013 - SINGLE_USER_API_KEY uses a legacy format; generate a new server-generated key for improved security.
2026-09-16 23:35:19.988 | INFO     | tldw_Server_API.app.core.AuthNZ.settings:get_settings:1588 - Settings initialized - Auth mode: single_user, profile=local-single-user
2026-09-16 23:35:19.988 | INFO     | tldw_Server_API.app.core.AuthNZ.db_config:_detect_backend:83 - Detected database backend: sqlite
2026-09-16 23:35:20.066 | DEBUG    | tldw_Server_API.app.core.config:_buffered_log:210 - load_and_log_configs(): Loading and logging configurations...
2026-09-16 23:35:20.072 | DEBUG    | tldw_Server_API.app.core.config:_buffered_log:210 - load_and_log_configs(): Loading and logging configurations...
2026-09-16 23:35:20.145 | INFO     | tldw_Server_API.app.core.Chat.prompt_template_manager:<module>:201 - Prompt templates directory: /Users/macbook-dev/Documents/GitHub/tldw_server2/tldw_Server_API/app/core/Chat/prompt_templates
2026-09-16 23:35:20.145 | INFO     | tldw_Server_API.app.core.Chat.prompt_template_manager:<module>:202 - Available templates found: []
2026-09-16 23:35:20.217 | DEBUG    | tldw_Server_API.app.core.Scheduler.base.registry:decorator:81 - Registered task handler: watchlist_run
2026-09-16 23:35:20.218 | DEBUG    | tldw_Server_API.app.core.Scheduler.base.registry:decorator:81 - Registered task handler: watchlists_enrich_output
2026-09-16 23:35:20.218 | DEBUG    | tldw_Server_API.app.core.Scheduler.base.registry:decorator:81 - Registered task handler: watchlists_deliver_briefing
2026-09-16 23:35:20.218 | DEBUG    | tldw_Server_API.app.core.Scheduler.base.registry:decorator:81 - Registered task handler: acp_run
2026-09-16 23:35:20.218 | DEBUG    | tldw_Server_API.app.core.Scheduler.base.registry:decorator:81 - Registered task handler: workflow_run
2026-09-16 23:35:20.219 | WARNING  | tldw_Server_API.app.core.DB_Management.db_path_utils:resolve_user_db_base_dir:491 - USER_DB_BASE_DIR not configured in tests, using isolated fallback: /private/var/folders/sn/m80n2j152t9gw3w8qwk2nykh0000gn/T/tldw_user_databases_test/default-8d1a5f83
2026-09-16 23:35:20.219 | DEBUG    | tldw_Server_API.app.core.DB_Management.backends.factory:_get_or_create_shared_sqlite_backend:325 - Creating sqlite backend for /private/var/folders/sn/m80n2j152t9gw3w8qwk2nykh0000gn/T/tldw_user_databases_test/default-8d1a5f83/1/workflows/workflows_scheduler.db
2026-09-16 23:35:20.220 | INFO     | tldw_Server_API.app.core.DB_Management.Workflows_Scheduler_DB:__init__:210 - WorkflowsSchedulerDB using SQLite path: /private/var/folders/sn/m80n2j152t9gw3w8qwk2nykh0000gn/T/tldw_user_databases_test/default-8d1a5f83/1/workflows/workflows_scheduler.db
2026-09-16 23:35:20.220 | INFO     | tldw_Server_API.app.services.workflows_scheduler:stop:183 - Workflows recurring scheduler stopped
2026-09-16 23:35:20.221 | INFO     | tldw_Server_API.app.api.v1.API_Deps.ChaCha_Notes_DB_Deps:close_all_chacha_db_instances:876 - Closing all cached ChaChaNotesDB instances (0)...
2026-09-16 23:35:20.221 | INFO     | tldw_Server_API.app.api.v1.API_Deps.ChaCha_Notes_DB_Deps:close_all_chacha_db_instances:892 - All ChaChaNotesDB instances closed and cache cleared.
2026-09-16 23:35:20.226 | INFO     | tldw_Server_API.app.api.v1.API_Deps.DB_Deps:<module>:57 - Using LRUCache for user DB instances (maxsize=100).
2026-09-16 23:35:20.326 | DEBUG    | tldw_Server_API.app.core.Metrics.metrics_manager:register_metric:1885 - Registered metric: chunker_cache_get_total
2026-09-16 23:35:20.326 | DEBUG    | tldw_Server_API.app.core.Metrics.metrics_manager:register_metric:1885 - Registered metric: chunker_cache_put_total
2026-09-16 23:35:20.326 | DEBUG    | tldw_Server_API.app.core.Metrics.metrics_manager:register_metric:1885 - Registered metric: chunker_process_total
2026-09-16 23:35:20.326 | DEBUG    | tldw_Server_API.app.core.Metrics.metrics_manager:register_metric:1885 - Registered metric: chunker_frontmatter_duration_seconds
2026-09-16 23:35:20.326 | DEBUG    | tldw_Server_API.app.core.Metrics.metrics_manager:register_metric:1885 - Registered metric: chunker_header_extract_seconds
2026-09-16 23:35:20.326 | DEBUG    | tldw_Server_API.app.core.Metrics.metrics_manager:register_metric:1885 - Registered metric: chunker_chunking_duration_seconds
2026-09-16 23:35:20.326 | DEBUG    | tldw_Server_API.app.core.Metrics.metrics_manager:register_metric:1885 - Registered metric: chunker_normalization_seconds
2026-09-16 23:35:20.326 | DEBUG    | tldw_Server_API.app.core.Metrics.metrics_manager:register_metric:1885 - Registered metric: chunker_last_chunk_count
2026-09-16 23:35:20.326 | DEBUG    | tldw_Server_API.app.core.Metrics.metrics_manager:register_metric:1885 - Registered metric: chunker_output_bytes
2026-09-16 23:35:20.326 | DEBUG    | tldw_Server_API.app.core.Metrics.metrics_manager:register_metric:1885 - Registered metric: chunker_input_bytes
2026-09-16 23:35:20.326 | DEBUG    | tldw_Server_API.app.core.Metrics.metrics_manager:register_metric:1885 - Registered metric: chunker_process_total_seconds
2026-09-16 23:35:20.327 | DEBUG    | tldw_Server_API.app.core.config:_buffered_log:210 - load_and_log_configs(): Loading and logging configurations...
2026-09-16 23:35:20.328 | DEBUG    | tldw_Server_API.app.core.config:_buffered_log:210 - load_and_log_configs(): Loading and logging configurations...

----------------------------- Captured stderr call -----------------------------
2026-09-16 23:35:19.814 | DEBUG    | tldw_Server_API.app.core.DB_Management.ChaChaNotes_DB:_get_connection_for_state:8036 - Acquired backend connection (postgresql) for thread 8346099072
2026-09-16 23:35:19.817 | DEBUG    | tldw_Server_API.app.core.DB_Management.ChaChaNotes_DB:execute_query:8286 - Executing SQL (script=False, backend=postgresql):
                SELECT f.id, f.sync_id, f.name, f.path, f.parent_id
                  FROM note_folders f
                  JOIN (
                        SELECT folder_id
                          FROM note_folder_memberships
                         WHERE note_id = ?
                        UNION... Params: ('cdfd3736-cbea-4e92-b137-4e53ae40d3a1', 'cdfd3736-cbea-4e92-b137-4e53ae40d3a1', 'cdfd3736-cbea-4e92-b137-4e53ae40d3a1')...
2026-09-16 23:35:19.820 | DEBUG    | tldw_Server_API.app.core.DB_Management.ChaChaNotes_DB:_get_connection_for_state:8036 - Acquired backend connection (postgresql) for thread 8346099072
2026-09-16 23:35:19.820 | DEBUG    | tldw_Server_API.app.core.DB_Management.ChaChaNotes_DB:execute_query:8286 - Executing SQL (script=False, backend=postgresql):
            SELECT id, sync_id, name, path, parent_id
              FROM note_folders
             WHERE LOWER(path) = LOWER(?) AND deleted = ?
            ... Params: ('Private amber folder', False)...
--------------------------- Captured stderr teardown ---------------------------
2026-09-16 23:35:19.823 | DEBUG    | tldw_Server_API.app.core.DB_Management.ChaChaNotes_DB:close_connection:8110 - Returned backend connection (postgresql) for thread 8346099072.
2026-09-16 23:35:19.823 | DEBUG    | tldw_Server_API.app.core.DB_Management.ChaChaNotes_DB:close_connection:8110 - Returned backend connection (postgresql) for thread 8346099072.
2026-09-16 23:35:19.926 | INFO     | tldw_Server_API.app.api.v1.API_Deps.ChaCha_Notes_DB_Deps:close_all_chacha_db_instances:876 - Closing all cached ChaChaNotesDB instances (0)...
2026-09-16 23:35:19.926 | INFO     | tldw_Server_API.app.api.v1.API_Deps.ChaCha_Notes_DB_Deps:close_all_chacha_db_instances:892 - All ChaChaNotesDB instances closed and cache cleared.
2026-09-16 23:35:19.926 | INFO     | tldw_Server_API.app.api.v1.API_Deps.ChaCha_Notes_DB_Deps:close_all_chacha_db_instances:876 - Closing all cached ChaChaNotesDB instances (0)...
2026-09-16 23:35:19.926 | INFO     | tldw_Server_API.app.api.v1.API_Deps.ChaCha_Notes_DB_Deps:close_all_chacha_db_instances:892 - All ChaChaNotesDB instances closed and cache cleared.
=========================== short test summary info ============================
FAILED tldw_Server_API/tests/DB_Management/test_note_shared_owner_contract.py::test_organization_owner_edges[postgres-folder-list]
FAILED tldw_Server_API/tests/DB_Management/test_note_shared_owner_contract.py::test_foreign_note_mutation_rejected[postgres-hard-delete]
FAILED tldw_Server_API/tests/DB_Management/test_note_shared_owner_contract.py::test_organization_owner_edges[postgres-foreign-note-folders]
FAILED tldw_Server_API/tests/DB_Management/test_note_shared_owner_contract.py::test_organization_owner_edges[postgres-keyword-same-text]
FAILED tldw_Server_API/tests/DB_Management/test_note_shared_owner_contract.py::test_note_linked_owner_edges[postgres-foreign-note-keyword-read]
FAILED tldw_Server_API/tests/DB_Management/test_note_shared_owner_contract.py::test_note_linked_owner_edges[postgres-foreign-note-link]
FAILED tldw_Server_API/tests/DB_Management/test_note_shared_owner_contract.py::test_foreign_note_mutation_rejected[postgres-update]
FAILED tldw_Server_API/tests/DB_Management/test_note_shared_owner_contract.py::test_note_linked_owner_edges[postgres-keyword-list]
FAILED tldw_Server_API/tests/DB_Management/test_note_shared_owner_contract.py::test_note_linked_owner_edges[postgres-keyword-id]
FAILED tldw_Server_API/tests/DB_Management/test_note_shared_owner_contract.py::test_note_reads_exclude_foreign_owner[postgres-detail]
FAILED tldw_Server_API/tests/DB_Management/test_note_shared_owner_contract.py::test_note_linked_owner_edges[postgres-keyword-text]
FAILED tldw_Server_API/tests/DB_Management/test_note_shared_owner_contract.py::test_note_reads_exclude_foreign_owner[postgres-search]
FAILED tldw_Server_API/tests/DB_Management/test_note_shared_owner_contract.py::test_foreign_note_mutation_rejected[postgres-restore]
FAILED tldw_Server_API/tests/DB_Management/test_note_shared_owner_contract.py::test_foreign_note_mutation_rejected[postgres-soft-delete]
FAILED tldw_Server_API/tests/DB_Management/test_note_shared_owner_contract.py::test_organization_owner_edges[postgres-collection-list]
FAILED tldw_Server_API/tests/DB_Management/test_note_shared_owner_contract.py::test_note_reads_exclude_foreign_owner[postgres-batch]
FAILED tldw_Server_API/tests/DB_Management/test_note_shared_owner_contract.py::test_note_reads_exclude_foreign_owner[postgres-list]
FAILED tldw_Server_API/tests/DB_Management/test_note_shared_owner_contract.py::test_organization_owner_edges[postgres-foreign-note-folder-write]
FAILED tldw_Server_API/tests/DB_Management/test_note_shared_owner_contract.py::test_note_reads_exclude_foreign_owner[postgres-count]
FAILED tldw_Server_API/tests/DB_Management/test_note_shared_owner_contract.py::test_note_linked_owner_edges[postgres-foreign-keyword-link]
FAILED tldw_Server_API/tests/DB_Management/test_note_shared_owner_contract.py::test_note_reads_exclude_foreign_owner[postgres-deleted]
FAILED tldw_Server_API/tests/DB_Management/test_note_shared_owner_contract.py::test_organization_owner_edges[postgres-folder-name]
============= 22 failed, 23 passed, 4 warnings in 63.37s (0:01:03) =============
