============================= test session starts ==============================
platform darwin -- Python 3.11.13, pytest-8.4.1, pluggy-1.6.0
benchmark: 5.2.3 (defaults: timer=time.perf_counter disable_gc=False min_rounds=5 min_time=0.000005 max_time=1.0 calibration_precision=10 warmup=False warmup_iterations=100000)
Using --randomly-seed=902730363
rootdir: /Users/macbook-dev/Documents/GitHub/tldw_server2
configfile: pyproject.toml
plugins: anyio-4.12.1, benchmark-5.2.3, locust-2.43.3, asyncio-1.1.0, xdist-3.8.0, split-0.11.0, timeout-2.4.0, randomly-4.1.0, hypothesis-6.138.2, cov-6.2.1, mock-3.14.1
asyncio: mode=Mode.AUTO, asyncio_default_fixture_loop_scope=function, asyncio_default_test_loop_scope=function
timeout: 300.0s
timeout method: thread
timeout func_only: False
collected 102 items / 52 deselected / 50 selected

tldw_Server_API/tests/DB_Management/test_note_shared_owner_contract.py F [  2%]
F.FFF.FF...FFF.FFFF..FF....F....F....F..FFF..F.FF                        [100%]

=================================== FAILURES ===================================
__ test_owned_organization_reuse_and_transaction_controls[postgres-same-name] __
tldw_Server_API/tests/DB_Management/test_note_shared_owner_contract.py:331: in test_owned_organization_reuse_and_transaction_controls
    assert f.bob.get_keyword_by_id(own)["client_id"] == "3"
E   AssertionError: assert '2' == '3'
E
E     - 3
E     + 2
---------------------------- Captured stderr setup -----------------------------
2026-09-16 23:47:37.944 | WARNING  | tldw_Server_API.app.core.DB_Management.db_path_utils:resolve_user_db_base_dir:491 - USER_DB_BASE_DIR not configured in tests, using isolated fallback: /private/var/folders/sn/m80n2j152t9gw3w8qwk2nykh0000gn/T/tldw_user_databases_test/default-06a2956a
2026-09-16 23:47:37.944 | DEBUG    | tldw_Server_API.app.core.DB_Management.db_path_utils:get_user_base_directory:534 - Created user directory: /private/var/folders/sn/m80n2j152t9gw3w8qwk2nykh0000gn/T/tldw_user_databases_test/default-06a2956a/1
2026-09-16 23:47:37.945 | WARNING  | tldw_Server_API.app.core.DB_Management.db_path_utils:resolve_user_db_base_dir:491 - USER_DB_BASE_DIR not configured in tests, using isolated fallback: /private/var/folders/sn/m80n2j152t9gw3w8qwk2nykh0000gn/T/tldw_user_databases_test/default-06a2956a
2026-09-16 23:47:37.945 | WARNING  | tldw_Server_API.app.core.DB_Management.db_path_utils:resolve_user_db_base_dir:491 - USER_DB_BASE_DIR not configured in tests, using isolated fallback: /private/var/folders/sn/m80n2j152t9gw3w8qwk2nykh0000gn/T/tldw_user_databases_test/default-06a2956a
2026-09-16 23:47:37.945 | WARNING  | tldw_Server_API.app.core.DB_Management.db_path_utils:resolve_user_db_base_dir:491 - USER_DB_BASE_DIR not configured in tests, using isolated fallback: /private/var/folders/sn/m80n2j152t9gw3w8qwk2nykh0000gn/T/tldw_user_databases_test/default-06a2956a
2026-09-16 23:47:37.962 | DEBUG    | tldw_Server_API.app.core.AuthNZ.settings:_ensure_jwt_secret:899 - Single-user mode - skipping JWT secret initialization
2026-09-16 23:47:37.962 | INFO     | tldw_Server_API.app.core.AuthNZ.settings:get_settings:1588 - Settings initialized - Auth mode: single_user, profile=local-single-user
2026-09-16 23:47:37.994 | INFO     | tldw_Server_API.app.core.DB_Management.backends.factory:create_backend:392 - Creating postgresql backend
2026-09-16 23:47:37.995 | WARNING  | tldw_Server_API.app.core.DB_Management.db_path_utils:resolve_user_db_base_dir:491 - USER_DB_BASE_DIR not configured in tests, using isolated fallback: /private/var/folders/sn/m80n2j152t9gw3w8qwk2nykh0000gn/T/tldw_user_databases_test/default-06a2956a
2026-09-16 23:47:38.010 | INFO     | tldw_Server_API.app.core.DB_Management.ChaChaNotes_DB:__init__:7657 - Initializing CharactersRAGDB for path: /private/var/folders/sn/m80n2j152t9gw3w8qwk2nykh0000gn/T/pytest-of-macbook-dev/pytest-625/test_owned_organization_reuse_0/2/ChaChaNotes.db [Client ID: 2] (backend=postgresql)
2026-09-16 23:47:39.334 | DEBUG    | tldw_Server_API.app.core.DB_Management.ChaChaNotes_DB:__init__:7664 - CharactersRAGDB initialization completed successfully for /private/var/folders/sn/m80n2j152t9gw3w8qwk2nykh0000gn/T/pytest-of-macbook-dev/pytest-625/test_owned_organization_reuse_0/2/ChaChaNotes.db
2026-09-16 23:47:39.334 | WARNING  | tldw_Server_API.app.core.DB_Management.db_path_utils:resolve_user_db_base_dir:491 - USER_DB_BASE_DIR not configured in tests, using isolated fallback: /private/var/folders/sn/m80n2j152t9gw3w8qwk2nykh0000gn/T/tldw_user_databases_test/default-06a2956a
2026-09-16 23:47:39.335 | INFO     | tldw_Server_API.app.core.DB_Management.ChaChaNotes_DB:__init__:7657 - Initializing CharactersRAGDB for path: /private/var/folders/sn/m80n2j152t9gw3w8qwk2nykh0000gn/T/pytest-of-macbook-dev/pytest-625/test_owned_organization_reuse_0/3/ChaChaNotes.db [Client ID: 3] (backend=postgresql)
2026-09-16 23:47:39.480 | DEBUG    | tldw_Server_API.app.core.DB_Management.ChaChaNotes_DB:__init__:7664 - CharactersRAGDB initialization completed successfully for /private/var/folders/sn/m80n2j152t9gw3w8qwk2nykh0000gn/T/pytest-of-macbook-dev/pytest-625/test_owned_organization_reuse_0/3/ChaChaNotes.db
2026-09-16 23:47:39.481 | DEBUG    | tldw_Server_API.app.core.DB_Management.ChaChaNotes_DB:_get_connection_for_state:8036 - Acquired backend connection (postgresql) for thread 8346099072
2026-09-16 23:47:39.483 | INFO     | tldw_Server_API.app.core.DB_Management.chacha.note_store:_execute:124 - Added note 'Alice private Citrine' with ID: b356f173-7bc8-4773-abd4-ae5fda78d0f8.
2026-09-16 23:47:39.485 | INFO     | tldw_Server_API.app.core.DB_Management.chacha.note_store:_execute:124 - Added note 'Alice deleted Citrine' with ID: d75fc9ab-a635-4338-a219-761fe7cba043.
2026-09-16 23:47:39.487 | INFO     | tldw_Server_API.app.core.DB_Management.chacha.note_store:soft_delete_note:2221 - Soft-deleted note ID d75fc9ab-a635-4338-a219-761fe7cba043 (was v1), new version 2.
2026-09-16 23:47:39.492 | DEBUG    | tldw_Server_API.app.core.DB_Management.ChaChaNotes_DB:_get_connection_for_state:8036 - Acquired backend connection (postgresql) for thread 8346099072
2026-09-16 23:47:39.495 | INFO     | tldw_Server_API.app.core.DB_Management.chacha.note_store:_execute:124 - Added note 'Bob private Indigo' with ID: 6e09b104-d869-478c-ba22-ae57a8949488.
2026-09-16 23:47:39.495 | DEBUG    | tldw_Server_API.app.core.DB_Management.ChaChaNotes_DB:close_connection:8110 - Returned backend connection (postgresql) for thread 8346099072.
2026-09-16 23:47:39.495 | DEBUG    | tldw_Server_API.app.core.DB_Management.ChaChaNotes_DB:close_connection:8110 - Returned backend connection (postgresql) for thread 8346099072.
----------------------------- Captured stderr call -----------------------------
2026-09-16 23:47:39.497 | DEBUG    | tldw_Server_API.app.core.DB_Management.ChaChaNotes_DB:_get_connection_for_state:8036 - Acquired backend connection (postgresql) for thread 8346099072
2026-09-16 23:47:39.498 | INFO     | tldw_Server_API.app.core.DB_Management.ChaChaNotes_DB:_add_generic_item:32615 - Added chacha_keywords 'Shared keyword label' with ID: 1.
2026-09-16 23:47:39.500 | DEBUG    | tldw_Server_API.app.core.DB_Management.ChaChaNotes_DB:_get_connection_for_state:8036 - Acquired backend connection (postgresql) for thread 8346099072
2026-09-16 23:47:39.501 | INFO     | tldw_Server_API.app.core.DB_Management.ChaChaNotes_DB:_add_generic_item:32615 - Added chacha_keywords 'Shared keyword label' with ID: 1.
2026-09-16 23:47:39.502 | INFO     | tldw_Server_API.app.core.DB_Management.ChaChaNotes_DB:_add_generic_item:32615 - Added keyword_collections 'Owned collection' with ID: 1.
2026-09-16 23:47:39.502 | DEBUG    | tldw_Server_API.app.core.DB_Management.ChaChaNotes_DB:execute_query:8286 - Executing SQL (script=False, backend=postgresql): SELECT * FROM chacha_keywords WHERE id = ? AND deleted = 0... Params: (1,)...
--------------------------- Captured stderr teardown ---------------------------
2026-09-16 23:47:39.535 | DEBUG    | tldw_Server_API.app.core.DB_Management.ChaChaNotes_DB:close_connection:8110 - Returned backend connection (postgresql) for thread 8346099072.
2026-09-16 23:47:39.535 | DEBUG    | tldw_Server_API.app.core.DB_Management.ChaChaNotes_DB:close_connection:8110 - Returned backend connection (postgresql) for thread 8346099072.
2026-09-16 23:47:39.575 | INFO     | tldw_Server_API.app.core.config:_buffered_log:210 - Determined ACTUAL_PROJECT_ROOT for database paths: /Users/macbook-dev/Documents/GitHub/tldw_server2
2026-09-16 23:47:39.575 | INFO     | tldw_Server_API.app.core.config:_buffered_log:210 - Early loading environment variables from: /Users/macbook-dev/Documents/GitHub/tldw_server2/tldw_Server_API/Config_Files/.env
2026-09-16 23:47:39.579 | INFO     | tldw_Server_API.app.core.config:_buffered_log:210 - Early loading environment variables from: /Users/macbook-dev/Documents/GitHub/tldw_server2/tldw_Server_API/Config_Files/.ENV
2026-09-16 23:47:39.583 | DEBUG    | tldw_Server_API.app.core.config:_buffered_log:210 - load_and_log_configs(): Loading and logging configurations...
2026-09-16 23:47:39.583 | INFO     | tldw_Server_API.app.core.config:_buffered_log:210 - Loading environment variables from: /Users/macbook-dev/Documents/GitHub/tldw_server2/tldw_Server_API/Config_Files/.env
2026-09-16 23:47:39.587 | INFO     | tldw_Server_API.app.core.config:_buffered_log:210 - Loading environment variables from: /Users/macbook-dev/Documents/GitHub/tldw_server2/tldw_Server_API/Config_Files/.ENV
2026-09-16 23:47:39.591 | INFO     | tldw_Server_API.app.core.config:_buffered_log:210 - Attempting to load comprehensive config from: /Users/macbook-dev/Documents/GitHub/tldw_server2/tldw_Server_API/Config_Files/config.txt
2026-09-16 23:47:39.593 | INFO     | tldw_Server_API.app.core.config:_buffered_log:210 - load_comprehensive_config(): Sections found in config: ['Setup', 'UI', 'Server', 'Files', 'Image-Generation', 'ACP', 'WORKSPACES', 'ACP-WORKSPACE', 'ACP-SANDBOX', 'Audit', 'Processing', 'Media-Processing', 'Chat-Dictionaries', 'Chat-Module', 'Chat-Commands', 'Chat-Templating', 'Character-Chat', 'Settings', 'Auto-Save', 'Prompts', 'Database', 'Chunking', 'Visual-RAG', 'AuthNZ', 'Streaming', 'HTTP', 'Egress', 'Embeddings', 'Claims', 'ClaimsMonitoring', 'RAG', 'Search-Agent', 'ResourceGovernor', 'Jobs', 'SlidesStandaloneHtml', 'Diarization', 'API', 'MLX', 'Local-API', 'LlamaCpp', 'STT-Settings', 'external_providers', 'TTS-Settings', 'VibeVoice', 'Audio-Quota', 'API-Routes', 'Search-Engines', 'Web-Scraper', 'Logging', 'Moderation', 'Redis', 'Web-Scraping', 'personalization', 'persona', 'persona.rbac']
2026-09-16 23:47:39.595 | INFO     | tldw_Server_API.app.core.config:_buffered_log:210 - Ensured main SQLite database directory exists: /Users/macbook-dev/Documents/GitHub/tldw_server2/Databases
2026-09-16 23:47:39.595 | INFO     | tldw_Server_API.app.core.config:_buffered_log:210 - Ensured user data base directory exists: Databases/user_databases
2026-09-16 23:47:39.595 | INFO     | tldw_Server_API.app.api.v1.API_Deps.ChaCha_Notes_DB_Deps:<module>:356 - Using LRUCache for ChaChaNotes DB instances (maxsize=20).
2026-09-16 23:47:39.595 | INFO     | tldw_Server_API.app.api.v1.API_Deps.ChaCha_Notes_DB_Deps:close_all_chacha_db_instances:876 - Closing all cached ChaChaNotesDB instances (0)...
2026-09-16 23:47:39.595 | INFO     | tldw_Server_API.app.api.v1.API_Deps.ChaCha_Notes_DB_Deps:close_all_chacha_db_instances:892 - All ChaChaNotesDB instances closed and cache cleared.
2026-09-16 23:47:39.606 | INFO     | tldw_Server_API.app.api.v1.API_Deps.ChaCha_Notes_DB_Deps:close_all_chacha_db_instances:876 - Closing all cached ChaChaNotesDB instances (0)...
2026-09-16 23:47:39.606 | INFO     | tldw_Server_API.app.api.v1.API_Deps.ChaCha_Notes_DB_Deps:close_all_chacha_db_instances:892 - All ChaChaNotesDB instances closed and cache cleared.
___ test_owned_organization_reuse_and_transaction_controls[postgres-restore] ___
tldw_Server_API/tests/DB_Management/test_note_shared_owner_contract.py:334: in test_owned_organization_reuse_and_transaction_controls
    f.bob.soft_delete_keyword(own, expected_version=1)
tldw_Server_API/app/core/DB_Management/ChaChaNotes_DB.py:44599: in _delegated
    return getattr(getattr(self, store_attr), method_name)(*args, **kwargs)
           ^^^^^^^^^^^^^^^^^^^^^^^^^^^^^^^^^^^^^^^^^^^^^^^^^^^^^^^^^^^^^^^^
tldw_Server_API/app/core/DB_Management/chacha/keyword_store.py:145: in soft_delete_keyword
    return self._db._soft_delete_generic_item(
tldw_Server_API/app/core/DB_Management/ChaChaNotes_DB.py:32910: in _soft_delete_generic_item
    cursor = conn.execute(query, params)
             ^^^^^^^^^^^^^^^^^^^^^^^^^^^
tldw_Server_API/app/core/DB_Management/ChaChaNotes_DB.py:506: in guarded
    return method(self, *args, **kwargs)
           ^^^^^^^^^^^^^^^^^^^^^^^^^^^^^
tldw_Server_API/app/core/DB_Management/ChaChaNotes_DB.py:612: in execute
    return cursor.execute(query, params)
           ^^^^^^^^^^^^^^^^^^^^^^^^^^^^^
tldw_Server_API/app/core/DB_Management/ChaChaNotes_DB.py:506: in guarded
    return method(self, *args, **kwargs)
           ^^^^^^^^^^^^^^^^^^^^^^^^^^^^^
tldw_Server_API/app/core/DB_Management/ChaChaNotes_DB.py:536: in execute
    self._result = self._backend.execute(
tldw_Server_API/app/core/DB_Management/backends/postgresql_backend.py:1099: in execute
    raise UniqueConstraintError("PostgreSQL query execution failed")
E   tldw_Server_API.app.core.DB_Management.backends.base.UniqueConstraintError: PostgreSQL query execution failed
---------------------------- Captured stderr setup -----------------------------
2026-09-16 23:47:39.624 | INFO     | tldw_Server_API.app.core.DB_Management.backends.factory:create_backend:392 - Creating postgresql backend
2026-09-16 23:47:39.624 | WARNING  | tldw_Server_API.app.core.DB_Management.db_path_utils:resolve_user_db_base_dir:491 - USER_DB_BASE_DIR not configured in tests, using isolated fallback: /private/var/folders/sn/m80n2j152t9gw3w8qwk2nykh0000gn/T/tldw_user_databases_test/default-06a2956a
2026-09-16 23:47:39.625 | INFO     | tldw_Server_API.app.core.DB_Management.ChaChaNotes_DB:__init__:7657 - Initializing CharactersRAGDB for path: /private/var/folders/sn/m80n2j152t9gw3w8qwk2nykh0000gn/T/pytest-of-macbook-dev/pytest-625/test_owned_organization_reuse_1/2/ChaChaNotes.db [Client ID: 2] (backend=postgresql)
2026-09-16 23:47:40.891 | DEBUG    | tldw_Server_API.app.core.DB_Management.ChaChaNotes_DB:__init__:7664 - CharactersRAGDB initialization completed successfully for /private/var/folders/sn/m80n2j152t9gw3w8qwk2nykh0000gn/T/pytest-of-macbook-dev/pytest-625/test_owned_organization_reuse_1/2/ChaChaNotes.db
2026-09-16 23:47:40.892 | WARNING  | tldw_Server_API.app.core.DB_Management.db_path_utils:resolve_user_db_base_dir:491 - USER_DB_BASE_DIR not configured in tests, using isolated fallback: /private/var/folders/sn/m80n2j152t9gw3w8qwk2nykh0000gn/T/tldw_user_databases_test/default-06a2956a
2026-09-16 23:47:40.892 | INFO     | tldw_Server_API.app.core.DB_Management.ChaChaNotes_DB:__init__:7657 - Initializing CharactersRAGDB for path: /private/var/folders/sn/m80n2j152t9gw3w8qwk2nykh0000gn/T/pytest-of-macbook-dev/pytest-625/test_owned_organization_reuse_1/3/ChaChaNotes.db [Client ID: 3] (backend=postgresql)
2026-09-16 23:47:41.046 | DEBUG    | tldw_Server_API.app.core.DB_Management.ChaChaNotes_DB:__init__:7664 - CharactersRAGDB initialization completed successfully for /private/var/folders/sn/m80n2j152t9gw3w8qwk2nykh0000gn/T/pytest-of-macbook-dev/pytest-625/test_owned_organization_reuse_1/3/ChaChaNotes.db
2026-09-16 23:47:41.048 | DEBUG    | tldw_Server_API.app.core.DB_Management.ChaChaNotes_DB:_get_connection_for_state:8036 - Acquired backend connection (postgresql) for thread 8346099072
2026-09-16 23:47:41.051 | INFO     | tldw_Server_API.app.core.DB_Management.chacha.note_store:_execute:124 - Added note 'Alice private Citrine' with ID: 1217d05c-ec41-4a3e-ad37-d5c30001e967.
2026-09-16 23:47:41.052 | INFO     | tldw_Server_API.app.core.DB_Management.chacha.note_store:_execute:124 - Added note 'Alice deleted Citrine' with ID: 4db98c47-c7fc-43b1-9b9d-075f5f2047f8.
2026-09-16 23:47:41.056 | INFO     | tldw_Server_API.app.core.DB_Management.chacha.note_store:soft_delete_note:2221 - Soft-deleted note ID 4db98c47-c7fc-43b1-9b9d-075f5f2047f8 (was v1), new version 2.
2026-09-16 23:47:41.061 | DEBUG    | tldw_Server_API.app.core.DB_Management.ChaChaNotes_DB:_get_connection_for_state:8036 - Acquired backend connection (postgresql) for thread 8346099072
2026-09-16 23:47:41.063 | INFO     | tldw_Server_API.app.core.DB_Management.chacha.note_store:_execute:124 - Added note 'Bob private Indigo' with ID: 9bb60ca1-44b0-483c-9d28-bb4cb1927fdc.
2026-09-16 23:47:41.064 | DEBUG    | tldw_Server_API.app.core.DB_Management.ChaChaNotes_DB:close_connection:8110 - Returned backend connection (postgresql) for thread 8346099072.
2026-09-16 23:47:41.064 | DEBUG    | tldw_Server_API.app.core.DB_Management.ChaChaNotes_DB:close_connection:8110 - Returned backend connection (postgresql) for thread 8346099072.
----------------------------- Captured stderr call -----------------------------
2026-09-16 23:47:41.066 | DEBUG    | tldw_Server_API.app.core.DB_Management.ChaChaNotes_DB:_get_connection_for_state:8036 - Acquired backend connection (postgresql) for thread 8346099072
2026-09-16 23:47:41.067 | INFO     | tldw_Server_API.app.core.DB_Management.ChaChaNotes_DB:_add_generic_item:32615 - Added chacha_keywords 'Shared keyword label' with ID: 1.
2026-09-16 23:47:41.070 | DEBUG    | tldw_Server_API.app.core.DB_Management.ChaChaNotes_DB:_get_connection_for_state:8036 - Acquired backend connection (postgresql) for thread 8346099072
2026-09-16 23:47:41.071 | INFO     | tldw_Server_API.app.core.DB_Management.ChaChaNotes_DB:_add_generic_item:32615 - Added chacha_keywords 'Shared keyword label' with ID: 1.
2026-09-16 23:47:41.072 | INFO     | tldw_Server_API.app.core.DB_Management.ChaChaNotes_DB:_add_generic_item:32615 - Added keyword_collections 'Owned collection' with ID: 1.
2026-09-16 23:47:41.073 | ERROR    | tldw_Server_API.app.core.DB_Management.backends.postgresql_backend:execute:1089 - PostgreSQL query execution failed
--------------------------- Captured stderr teardown ---------------------------
2026-09-16 23:47:41.608 | DEBUG    | tldw_Server_API.app.core.DB_Management.ChaChaNotes_DB:close_connection:8110 - Returned backend connection (postgresql) for thread 8346099072.
2026-09-16 23:47:41.608 | DEBUG    | tldw_Server_API.app.core.DB_Management.ChaChaNotes_DB:close_connection:8110 - Returned backend connection (postgresql) for thread 8346099072.
2026-09-16 23:47:41.642 | INFO     | tldw_Server_API.app.api.v1.API_Deps.ChaCha_Notes_DB_Deps:close_all_chacha_db_instances:876 - Closing all cached ChaChaNotesDB instances (0)...
2026-09-16 23:47:41.643 | INFO     | tldw_Server_API.app.api.v1.API_Deps.ChaCha_Notes_DB_Deps:close_all_chacha_db_instances:892 - All ChaChaNotesDB instances closed and cache cleared.
2026-09-16 23:47:41.644 | INFO     | tldw_Server_API.app.api.v1.API_Deps.ChaCha_Notes_DB_Deps:close_all_chacha_db_instances:876 - Closing all cached ChaChaNotesDB instances (0)...
2026-09-16 23:47:41.644 | INFO     | tldw_Server_API.app.api.v1.API_Deps.ChaCha_Notes_DB_Deps:close_all_chacha_db_instances:892 - All ChaChaNotesDB instances closed and cache cleared.
_____ test_graph_and_keyword_note_queries_are_owner_scoped[postgres-seeds] _____
tldw_Server_API/tests/DB_Management/test_note_shared_owner_contract.py:309: in test_graph_and_keyword_note_queries_are_owner_scoped
    assert f.bob.get_all_note_ids_for_graph() == [f.own]
E   AssertionError: assert ['772d527a-c5...f24065f61a03'] == ['772d527a-c5...e8188fc741bb']
E
E     Left contains 2 more items, first extra item: '8158d995-7afc-47f8-8015-b5e8a0bbd40e'
E     Use -v to get more diff
---------------------------- Captured stderr setup -----------------------------
2026-09-16 23:47:42.956 | INFO     | tldw_Server_API.app.core.DB_Management.backends.factory:create_backend:392 - Creating postgresql backend
2026-09-16 23:47:42.957 | INFO     | tldw_Server_API.app.core.config:_buffered_log:210 - Determined ACTUAL_PROJECT_ROOT for database paths: /Users/macbook-dev/Documents/GitHub/tldw_server2
2026-09-16 23:47:42.957 | INFO     | tldw_Server_API.app.core.config:_buffered_log:210 - Early loading environment variables from: /Users/macbook-dev/Documents/GitHub/tldw_server2/tldw_Server_API/Config_Files/.env
2026-09-16 23:47:42.962 | INFO     | tldw_Server_API.app.core.config:_buffered_log:210 - Early loading environment variables from: /Users/macbook-dev/Documents/GitHub/tldw_server2/tldw_Server_API/Config_Files/.ENV
2026-09-16 23:47:42.966 | DEBUG    | tldw_Server_API.app.core.config:_buffered_log:210 - load_and_log_configs(): Loading and logging configurations...
2026-09-16 23:47:42.967 | INFO     | tldw_Server_API.app.core.config:_buffered_log:210 - Loading environment variables from: /Users/macbook-dev/Documents/GitHub/tldw_server2/tldw_Server_API/Config_Files/.env
2026-09-16 23:47:42.972 | INFO     | tldw_Server_API.app.core.config:_buffered_log:210 - Loading environment variables from: /Users/macbook-dev/Documents/GitHub/tldw_server2/tldw_Server_API/Config_Files/.ENV
2026-09-16 23:47:42.977 | INFO     | tldw_Server_API.app.core.config:_buffered_log:210 - Attempting to load comprehensive config from: /Users/macbook-dev/Documents/GitHub/tldw_server2/tldw_Server_API/Config_Files/config.txt
2026-09-16 23:47:42.979 | INFO     | tldw_Server_API.app.core.config:_buffered_log:210 - load_comprehensive_config(): Sections found in config: ['Setup', 'UI', 'Server', 'Files', 'Image-Generation', 'ACP', 'WORKSPACES', 'ACP-WORKSPACE', 'ACP-SANDBOX', 'Audit', 'Processing', 'Media-Processing', 'Chat-Dictionaries', 'Chat-Module', 'Chat-Commands', 'Chat-Templating', 'Character-Chat', 'Settings', 'Auto-Save', 'Prompts', 'Database', 'Chunking', 'Visual-RAG', 'AuthNZ', 'Streaming', 'HTTP', 'Egress', 'Embeddings', 'Claims', 'ClaimsMonitoring', 'RAG', 'Search-Agent', 'ResourceGovernor', 'Jobs', 'SlidesStandaloneHtml', 'Diarization', 'API', 'MLX', 'Local-API', 'LlamaCpp', 'STT-Settings', 'external_providers', 'TTS-Settings', 'VibeVoice', 'Audio-Quota', 'API-Routes', 'Search-Engines', 'Web-Scraper', 'Logging', 'Moderation', 'Redis', 'Web-Scraping', 'personalization', 'persona', 'persona.rbac']
2026-09-16 23:47:42.982 | INFO     | tldw_Server_API.app.core.config:_buffered_log:210 - Ensured main SQLite database directory exists: /Users/macbook-dev/Documents/GitHub/tldw_server2/Databases
2026-09-16 23:47:42.982 | INFO     | tldw_Server_API.app.core.config:_buffered_log:210 - Ensured user data base directory exists: Databases/user_databases
2026-09-16 23:47:42.982 | WARNING  | tldw_Server_API.app.core.DB_Management.db_path_utils:resolve_user_db_base_dir:491 - USER_DB_BASE_DIR not configured in tests, using isolated fallback: /private/var/folders/sn/m80n2j152t9gw3w8qwk2nykh0000gn/T/tldw_user_databases_test/default-06a2956a
2026-09-16 23:47:42.982 | INFO     | tldw_Server_API.app.core.DB_Management.ChaChaNotes_DB:__init__:7657 - Initializing CharactersRAGDB for path: /private/var/folders/sn/m80n2j152t9gw3w8qwk2nykh0000gn/T/pytest-of-macbook-dev/pytest-625/test_graph_and_keyword_note_qu0/2/ChaChaNotes.db [Client ID: 2] (backend=postgresql)
2026-09-16 23:47:44.602 | DEBUG    | tldw_Server_API.app.core.DB_Management.ChaChaNotes_DB:__init__:7664 - CharactersRAGDB initialization completed successfully for /private/var/folders/sn/m80n2j152t9gw3w8qwk2nykh0000gn/T/pytest-of-macbook-dev/pytest-625/test_graph_and_keyword_note_qu0/2/ChaChaNotes.db
2026-09-16 23:47:44.603 | WARNING  | tldw_Server_API.app.core.DB_Management.db_path_utils:resolve_user_db_base_dir:491 - USER_DB_BASE_DIR not configured in tests, using isolated fallback: /private/var/folders/sn/m80n2j152t9gw3w8qwk2nykh0000gn/T/tldw_user_databases_test/default-06a2956a
2026-09-16 23:47:44.603 | INFO     | tldw_Server_API.app.core.DB_Management.ChaChaNotes_DB:__init__:7657 - Initializing CharactersRAGDB for path: /private/var/folders/sn/m80n2j152t9gw3w8qwk2nykh0000gn/T/pytest-of-macbook-dev/pytest-625/test_graph_and_keyword_note_qu0/3/ChaChaNotes.db [Client ID: 3] (backend=postgresql)
2026-09-16 23:47:44.742 | DEBUG    | tldw_Server_API.app.core.DB_Management.ChaChaNotes_DB:__init__:7664 - CharactersRAGDB initialization completed successfully for /private/var/folders/sn/m80n2j152t9gw3w8qwk2nykh0000gn/T/pytest-of-macbook-dev/pytest-625/test_graph_and_keyword_note_qu0/3/ChaChaNotes.db
2026-09-16 23:47:44.743 | DEBUG    | tldw_Server_API.app.core.DB_Management.ChaChaNotes_DB:_get_connection_for_state:8036 - Acquired backend connection (postgresql) for thread 8346099072
2026-09-16 23:47:44.745 | INFO     | tldw_Server_API.app.core.DB_Management.chacha.note_store:_execute:124 - Added note 'Alice private Citrine' with ID: 62959fab-069f-44fb-b083-f24065f61a03.
2026-09-16 23:47:44.746 | INFO     | tldw_Server_API.app.core.DB_Management.chacha.note_store:_execute:124 - Added note 'Alice deleted Citrine' with ID: 8158d995-7afc-47f8-8015-b5e8a0bbd40e.
2026-09-16 23:47:44.749 | INFO     | tldw_Server_API.app.core.DB_Management.chacha.note_store:soft_delete_note:2221 - Soft-deleted note ID 8158d995-7afc-47f8-8015-b5e8a0bbd40e (was v1), new version 2.
2026-09-16 23:47:44.754 | DEBUG    | tldw_Server_API.app.core.DB_Management.ChaChaNotes_DB:_get_connection_for_state:8036 - Acquired backend connection (postgresql) for thread 8346099072
2026-09-16 23:47:44.756 | INFO     | tldw_Server_API.app.core.DB_Management.chacha.note_store:_execute:124 - Added note 'Bob private Indigo' with ID: 772d527a-c592-44ff-9237-e8188fc741bb.
2026-09-16 23:47:44.757 | DEBUG    | tldw_Server_API.app.core.DB_Management.ChaChaNotes_DB:close_connection:8110 - Returned backend connection (postgresql) for thread 8346099072.
2026-09-16 23:47:44.757 | DEBUG    | tldw_Server_API.app.core.DB_Management.ChaChaNotes_DB:close_connection:8110 - Returned backend connection (postgresql) for thread 8346099072.
----------------------------- Captured stderr call -----------------------------
2026-09-16 23:47:44.758 | DEBUG    | tldw_Server_API.app.core.DB_Management.ChaChaNotes_DB:_get_connection_for_state:8036 - Acquired backend connection (postgresql) for thread 8346099072
2026-09-16 23:47:44.760 | INFO     | tldw_Server_API.app.core.DB_Management.ChaChaNotes_DB:_add_generic_item:32615 - Added chacha_keywords 'Graph spacer' with ID: 1.
2026-09-16 23:47:44.761 | INFO     | tldw_Server_API.app.core.DB_Management.ChaChaNotes_DB:_add_generic_item:32615 - Added chacha_keywords 'ambertag' with ID: 2.
2026-09-16 23:47:44.763 | DEBUG    | tldw_Server_API.app.core.DB_Management.ChaChaNotes_DB:_get_connection_for_state:8036 - Acquired backend connection (postgresql) for thread 8346099072
2026-09-16 23:47:44.764 | INFO     | tldw_Server_API.app.core.DB_Management.ChaChaNotes_DB:_add_generic_item:32615 - Added chacha_keywords 'indigotag' with ID: 3.
2026-09-16 23:47:44.767 | DEBUG    | tldw_Server_API.app.core.DB_Management.ChaChaNotes_DB:_manage_link:34345 - Logged sync event for note_keywords: create on 62959fab-069f-44fb-b083-f24065f61a03_2
2026-09-16 23:47:44.768 | INFO     | tldw_Server_API.app.core.DB_Management.ChaChaNotes_DB:_manage_link:34347 - Linked note_keywords: note_id=62959fab-069f-44fb-b083-f24065f61a03, keyword_id=2. Rows affected: 1
2026-09-16 23:47:44.770 | DEBUG    | tldw_Server_API.app.core.DB_Management.ChaChaNotes_DB:_manage_link:34345 - Logged sync event for note_keywords: create on 772d527a-c592-44ff-9237-e8188fc741bb_3
2026-09-16 23:47:44.771 | INFO     | tldw_Server_API.app.core.DB_Management.ChaChaNotes_DB:_manage_link:34347 - Linked note_keywords: note_id=772d527a-c592-44ff-9237-e8188fc741bb, keyword_id=3. Rows affected: 1
2026-09-16 23:47:44.771 | DEBUG    | tldw_Server_API.app.core.DB_Management.ChaChaNotes_DB:execute_query:8286 - Executing SQL (script=False, backend=postgresql): SELECT id FROM notes ORDER BY last_modified DESC, id ASC LIMIT ?... Params: (500,)...
--------------------------- Captured stderr teardown ---------------------------
2026-09-16 23:47:44.774 | DEBUG    | tldw_Server_API.app.core.DB_Management.ChaChaNotes_DB:close_connection:8110 - Returned backend connection (postgresql) for thread 8346099072.
2026-09-16 23:47:44.774 | DEBUG    | tldw_Server_API.app.core.DB_Management.ChaChaNotes_DB:close_connection:8110 - Returned backend connection (postgresql) for thread 8346099072.
2026-09-16 23:47:44.789 | INFO     | tldw_Server_API.app.api.v1.API_Deps.ChaCha_Notes_DB_Deps:close_all_chacha_db_instances:876 - Closing all cached ChaChaNotesDB instances (0)...
2026-09-16 23:47:44.789 | INFO     | tldw_Server_API.app.api.v1.API_Deps.ChaCha_Notes_DB_Deps:close_all_chacha_db_instances:892 - All ChaChaNotesDB instances closed and cache cleared.
2026-09-16 23:47:44.789 | INFO     | tldw_Server_API.app.api.v1.API_Deps.ChaCha_Notes_DB_Deps:close_all_chacha_db_instances:876 - Closing all cached ChaChaNotesDB instances (0)...
2026-09-16 23:47:44.789 | INFO     | tldw_Server_API.app.api.v1.API_Deps.ChaCha_Notes_DB_Deps:close_all_chacha_db_instances:892 - All ChaChaNotesDB instances closed and cache cleared.
__ test_keyword_mutation_and_search_owner_scope[postgres-punctuation-search] ___
tldw_Server_API/app/core/DB_Management/ChaChaNotes_DB.py:8306: in execute_query
    cursor.execute(prepared_query, prepared_params or ())
tldw_Server_API/app/core/DB_Management/ChaChaNotes_DB.py:506: in guarded
    return method(self, *args, **kwargs)
           ^^^^^^^^^^^^^^^^^^^^^^^^^^^^^
tldw_Server_API/app/core/DB_Management/ChaChaNotes_DB.py:536: in execute
    self._result = self._backend.execute(
tldw_Server_API/app/core/DB_Management/backends/postgresql_backend.py:1100: in execute
    raise DatabaseError("PostgreSQL query execution failed")
E   tldw_Server_API.app.core.DB_Management.backends.base.DatabaseError: PostgreSQL query execution failed

The above exception was the direct cause of the following exception:
tldw_Server_API/tests/DB_Management/test_note_shared_owner_contract.py:249: in test_keyword_mutation_and_search_owner_scope
    assert f.bob.search_keywords("Amber" if operation == "search" else "Amber-private") == []
           ^^^^^^^^^^^^^^^^^^^^^^^^^^^^^^^^^^^^^^^^^^^^^^^^^^^^^^^^^^^^^^^^^^^^^^^^^^^^
tldw_Server_API/app/core/DB_Management/ChaChaNotes_DB.py:44599: in _delegated
    return getattr(getattr(self, store_attr), method_name)(*args, **kwargs)
           ^^^^^^^^^^^^^^^^^^^^^^^^^^^^^^^^^^^^^^^^^^^^^^^^^^^^^^^^^^^^^^^^
tldw_Server_API/app/core/DB_Management/chacha/keyword_store.py:634: in search_keywords
    cursor = self._db.execute_query(query, (f"%{escaped}%", limit))
             ^^^^^^^^^^^^^^^^^^^^^^^^^^^^^^^^^^^^^^^^^^^^^^^^^^^^^^
tldw_Server_API/app/core/DB_Management/ChaChaNotes_DB.py:492: in guarded
    return method(self, *args, **kwargs)
           ^^^^^^^^^^^^^^^^^^^^^^^^^^^^^
tldw_Server_API/app/core/DB_Management/ChaChaNotes_DB.py:8360: in execute_query
    raise CharactersRAGDBError(f"Query execution failed: {exc}") from exc  # noqa: TRY003
    ^^^^^^^^^^^^^^^^^^^^^^^^^^^^^^^^^^^^^^^^^^^^^^^^^^^^^^^^^^^^^^^^^^^^^
E   tldw_Server_API.app.core.DB_Management.ChaChaNotes_DB.CharactersRAGDBError: Query execution failed: PostgreSQL query execution failed
---------------------------- Captured stderr setup -----------------------------
2026-09-16 23:47:44.805 | INFO     | tldw_Server_API.app.core.DB_Management.backends.factory:create_backend:392 - Creating postgresql backend
2026-09-16 23:47:44.806 | INFO     | tldw_Server_API.app.core.config:_buffered_log:210 - Determined ACTUAL_PROJECT_ROOT for database paths: /Users/macbook-dev/Documents/GitHub/tldw_server2
2026-09-16 23:47:44.806 | INFO     | tldw_Server_API.app.core.config:_buffered_log:210 - Early loading environment variables from: /Users/macbook-dev/Documents/GitHub/tldw_server2/tldw_Server_API/Config_Files/.env
2026-09-16 23:47:44.810 | INFO     | tldw_Server_API.app.core.config:_buffered_log:210 - Early loading environment variables from: /Users/macbook-dev/Documents/GitHub/tldw_server2/tldw_Server_API/Config_Files/.ENV
2026-09-16 23:47:44.814 | DEBUG    | tldw_Server_API.app.core.config:_buffered_log:210 - load_and_log_configs(): Loading and logging configurations...
2026-09-16 23:47:44.815 | INFO     | tldw_Server_API.app.core.config:_buffered_log:210 - Loading environment variables from: /Users/macbook-dev/Documents/GitHub/tldw_server2/tldw_Server_API/Config_Files/.env
2026-09-16 23:47:44.819 | INFO     | tldw_Server_API.app.core.config:_buffered_log:210 - Loading environment variables from: /Users/macbook-dev/Documents/GitHub/tldw_server2/tldw_Server_API/Config_Files/.ENV
2026-09-16 23:47:44.824 | INFO     | tldw_Server_API.app.core.config:_buffered_log:210 - Attempting to load comprehensive config from: /Users/macbook-dev/Documents/GitHub/tldw_server2/tldw_Server_API/Config_Files/config.txt
2026-09-16 23:47:44.825 | INFO     | tldw_Server_API.app.core.config:_buffered_log:210 - load_comprehensive_config(): Sections found in config: ['Setup', 'UI', 'Server', 'Files', 'Image-Generation', 'ACP', 'WORKSPACES', 'ACP-WORKSPACE', 'ACP-SANDBOX', 'Audit', 'Processing', 'Media-Processing', 'Chat-Dictionaries', 'Chat-Module', 'Chat-Commands', 'Chat-Templating', 'Character-Chat', 'Settings', 'Auto-Save', 'Prompts', 'Database', 'Chunking', 'Visual-RAG', 'AuthNZ', 'Streaming', 'HTTP', 'Egress', 'Embeddings', 'Claims', 'ClaimsMonitoring', 'RAG', 'Search-Agent', 'ResourceGovernor', 'Jobs', 'SlidesStandaloneHtml', 'Diarization', 'API', 'MLX', 'Local-API', 'LlamaCpp', 'STT-Settings', 'external_providers', 'TTS-Settings', 'VibeVoice', 'Audio-Quota', 'API-Routes', 'Search-Engines', 'Web-Scraper', 'Logging', 'Moderation', 'Redis', 'Web-Scraping', 'personalization', 'persona', 'persona.rbac']
2026-09-16 23:47:44.827 | INFO     | tldw_Server_API.app.core.config:_buffered_log:210 - Ensured main SQLite database directory exists: /Users/macbook-dev/Documents/GitHub/tldw_server2/Databases
2026-09-16 23:47:44.827 | INFO     | tldw_Server_API.app.core.config:_buffered_log:210 - Ensured user data base directory exists: Databases/user_databases
2026-09-16 23:47:44.828 | WARNING  | tldw_Server_API.app.core.DB_Management.db_path_utils:resolve_user_db_base_dir:491 - USER_DB_BASE_DIR not configured in tests, using isolated fallback: /private/var/folders/sn/m80n2j152t9gw3w8qwk2nykh0000gn/T/tldw_user_databases_test/default-06a2956a
2026-09-16 23:47:44.828 | INFO     | tldw_Server_API.app.core.DB_Management.ChaChaNotes_DB:__init__:7657 - Initializing CharactersRAGDB for path: /private/var/folders/sn/m80n2j152t9gw3w8qwk2nykh0000gn/T/pytest-of-macbook-dev/pytest-625/test_keyword_mutation_and_sear0/2/ChaChaNotes.db [Client ID: 2] (backend=postgresql)
2026-09-16 23:47:46.122 | DEBUG    | tldw_Server_API.app.core.DB_Management.ChaChaNotes_DB:__init__:7664 - CharactersRAGDB initialization completed successfully for /private/var/folders/sn/m80n2j152t9gw3w8qwk2nykh0000gn/T/pytest-of-macbook-dev/pytest-625/test_keyword_mutation_and_sear0/2/ChaChaNotes.db
2026-09-16 23:47:46.123 | WARNING  | tldw_Server_API.app.core.DB_Management.db_path_utils:resolve_user_db_base_dir:491 - USER_DB_BASE_DIR not configured in tests, using isolated fallback: /private/var/folders/sn/m80n2j152t9gw3w8qwk2nykh0000gn/T/tldw_user_databases_test/default-06a2956a
2026-09-16 23:47:46.123 | INFO     | tldw_Server_API.app.core.DB_Management.ChaChaNotes_DB:__init__:7657 - Initializing CharactersRAGDB for path: /private/var/folders/sn/m80n2j152t9gw3w8qwk2nykh0000gn/T/pytest-of-macbook-dev/pytest-625/test_keyword_mutation_and_sear0/3/ChaChaNotes.db [Client ID: 3] (backend=postgresql)
2026-09-16 23:47:46.258 | DEBUG    | tldw_Server_API.app.core.DB_Management.ChaChaNotes_DB:__init__:7664 - CharactersRAGDB initialization completed successfully for /private/var/folders/sn/m80n2j152t9gw3w8qwk2nykh0000gn/T/pytest-of-macbook-dev/pytest-625/test_keyword_mutation_and_sear0/3/ChaChaNotes.db
2026-09-16 23:47:46.259 | DEBUG    | tldw_Server_API.app.core.DB_Management.ChaChaNotes_DB:_get_connection_for_state:8036 - Acquired backend connection (postgresql) for thread 8346099072
2026-09-16 23:47:46.262 | INFO     | tldw_Server_API.app.core.DB_Management.chacha.note_store:_execute:124 - Added note 'Alice private Citrine' with ID: ff543981-ba2f-4f98-ba95-df776b4c5138.
2026-09-16 23:47:46.263 | INFO     | tldw_Server_API.app.core.DB_Management.chacha.note_store:_execute:124 - Added note 'Alice deleted Citrine' with ID: 796bac34-b381-4ff9-8623-137d85d518a3.
2026-09-16 23:47:46.266 | INFO     | tldw_Server_API.app.core.DB_Management.chacha.note_store:soft_delete_note:2221 - Soft-deleted note ID 796bac34-b381-4ff9-8623-137d85d518a3 (was v1), new version 2.
2026-09-16 23:47:46.272 | DEBUG    | tldw_Server_API.app.core.DB_Management.ChaChaNotes_DB:_get_connection_for_state:8036 - Acquired backend connection (postgresql) for thread 8346099072
2026-09-16 23:47:46.275 | INFO     | tldw_Server_API.app.core.DB_Management.chacha.note_store:_execute:124 - Added note 'Bob private Indigo' with ID: b9f86fbe-0bd2-4ea4-a211-35d4e4f9efcd.
2026-09-16 23:47:46.275 | DEBUG    | tldw_Server_API.app.core.DB_Management.ChaChaNotes_DB:close_connection:8110 - Returned backend connection (postgresql) for thread 8346099072.
2026-09-16 23:47:46.275 | DEBUG    | tldw_Server_API.app.core.DB_Management.ChaChaNotes_DB:close_connection:8110 - Returned backend connection (postgresql) for thread 8346099072.
----------------------------- Captured stderr call -----------------------------
2026-09-16 23:47:46.277 | DEBUG    | tldw_Server_API.app.core.DB_Management.ChaChaNotes_DB:_get_connection_for_state:8036 - Acquired backend connection (postgresql) for thread 8346099072
2026-09-16 23:47:46.278 | INFO     | tldw_Server_API.app.core.DB_Management.ChaChaNotes_DB:_add_generic_item:32615 - Added chacha_keywords 'Foreign sequence spacer' with ID: 1.
2026-09-16 23:47:46.279 | INFO     | tldw_Server_API.app.core.DB_Management.ChaChaNotes_DB:_add_generic_item:32615 - Added chacha_keywords 'Amber-private' with ID: 2.
2026-09-16 23:47:46.281 | DEBUG    | tldw_Server_API.app.core.DB_Management.ChaChaNotes_DB:_get_connection_for_state:8036 - Acquired backend connection (postgresql) for thread 8346099072
2026-09-16 23:47:46.282 | INFO     | tldw_Server_API.app.core.DB_Management.ChaChaNotes_DB:_add_generic_item:32615 - Added chacha_keywords 'Indigo-owned' with ID: 3.
2026-09-16 23:47:46.283 | DEBUG    | tldw_Server_API.app.core.DB_Management.ChaChaNotes_DB:execute_query:8286 - Executing SQL (script=False, backend=postgresql): SELECT * FROM chacha_keywords WHERE id = ? AND deleted = 0... Params: (2,)...
2026-09-16 23:47:46.283 | DEBUG    | tldw_Server_API.app.core.DB_Management.ChaChaNotes_DB:execute_query:8286 - Executing SQL (script=False, backend=postgresql):
                SELECT k.*
                FROM chacha_keywords k
                WHERE k.deleted = FALSE
                  AND k.keyword ILIKE ? ESCAPE '\'
                ORDER BY k.last_modified DESC
                LIMIT ?
            ... Params: ('%Amber-private%', 10)...
2026-09-16 23:47:46.283 | ERROR    | tldw_Server_API.app.core.DB_Management.backends.postgresql_backend:execute:1089 - PostgreSQL query execution failed
2026-09-16 23:47:46.283 | ERROR    | tldw_Server_API.app.core.DB_Management.ChaChaNotes_DB:execute_query:8354 - Backend query execution failed (postgresql): PostgreSQL query execution failed
--------------------------- Captured stderr teardown ---------------------------
2026-09-16 23:47:46.763 | DEBUG    | tldw_Server_API.app.core.DB_Management.ChaChaNotes_DB:close_connection:8110 - Returned backend connection (postgresql) for thread 8346099072.
2026-09-16 23:47:46.763 | DEBUG    | tldw_Server_API.app.core.DB_Management.ChaChaNotes_DB:close_connection:8110 - Returned backend connection (postgresql) for thread 8346099072.
2026-09-16 23:47:46.788 | INFO     | tldw_Server_API.app.api.v1.API_Deps.ChaCha_Notes_DB_Deps:close_all_chacha_db_instances:876 - Closing all cached ChaChaNotesDB instances (0)...
2026-09-16 23:47:46.788 | INFO     | tldw_Server_API.app.api.v1.API_Deps.ChaCha_Notes_DB_Deps:close_all_chacha_db_instances:892 - All ChaChaNotesDB instances closed and cache cleared.
2026-09-16 23:47:46.788 | INFO     | tldw_Server_API.app.api.v1.API_Deps.ChaCha_Notes_DB_Deps:close_all_chacha_db_instances:876 - Closing all cached ChaChaNotesDB instances (0)...
2026-09-16 23:47:46.788 | INFO     | tldw_Server_API.app.api.v1.API_Deps.ChaCha_Notes_DB_Deps:close_all_chacha_db_instances:892 - All ChaChaNotesDB instances closed and cache cleared.
___ test_graph_and_keyword_note_queries_are_owner_scoped[postgres-tag-count] ___
tldw_Server_API/tests/DB_Management/test_note_shared_owner_contract.py:313: in test_graph_and_keyword_note_queries_are_owner_scoped
    assert f.bob.count_notes_per_tag() == {own: 1}
E   assert {2: 1, 3: 1} == {3: 1}
E
E     Omitting 1 identical items, use -vv to show
E     Left contains 1 more item:
E     {2: 1}
E     Use -v to get more diff
---------------------------- Captured stderr setup -----------------------------
2026-09-16 23:47:46.806 | INFO     | tldw_Server_API.app.core.DB_Management.backends.factory:create_backend:392 - Creating postgresql backend
2026-09-16 23:47:46.806 | INFO     | tldw_Server_API.app.core.config:_buffered_log:210 - Determined ACTUAL_PROJECT_ROOT for database paths: /Users/macbook-dev/Documents/GitHub/tldw_server2
2026-09-16 23:47:46.807 | INFO     | tldw_Server_API.app.core.config:_buffered_log:210 - Early loading environment variables from: /Users/macbook-dev/Documents/GitHub/tldw_server2/tldw_Server_API/Config_Files/.env
2026-09-16 23:47:46.811 | INFO     | tldw_Server_API.app.core.config:_buffered_log:210 - Early loading environment variables from: /Users/macbook-dev/Documents/GitHub/tldw_server2/tldw_Server_API/Config_Files/.ENV
2026-09-16 23:47:46.816 | DEBUG    | tldw_Server_API.app.core.config:_buffered_log:210 - load_and_log_configs(): Loading and logging configurations...
2026-09-16 23:47:46.816 | INFO     | tldw_Server_API.app.core.config:_buffered_log:210 - Loading environment variables from: /Users/macbook-dev/Documents/GitHub/tldw_server2/tldw_Server_API/Config_Files/.env
2026-09-16 23:47:46.820 | INFO     | tldw_Server_API.app.core.config:_buffered_log:210 - Loading environment variables from: /Users/macbook-dev/Documents/GitHub/tldw_server2/tldw_Server_API/Config_Files/.ENV
2026-09-16 23:47:46.824 | INFO     | tldw_Server_API.app.core.config:_buffered_log:210 - Attempting to load comprehensive config from: /Users/macbook-dev/Documents/GitHub/tldw_server2/tldw_Server_API/Config_Files/config.txt
2026-09-16 23:47:46.826 | INFO     | tldw_Server_API.app.core.config:_buffered_log:210 - load_comprehensive_config(): Sections found in config: ['Setup', 'UI', 'Server', 'Files', 'Image-Generation', 'ACP', 'WORKSPACES', 'ACP-WORKSPACE', 'ACP-SANDBOX', 'Audit', 'Processing', 'Media-Processing', 'Chat-Dictionaries', 'Chat-Module', 'Chat-Commands', 'Chat-Templating', 'Character-Chat', 'Settings', 'Auto-Save', 'Prompts', 'Database', 'Chunking', 'Visual-RAG', 'AuthNZ', 'Streaming', 'HTTP', 'Egress', 'Embeddings', 'Claims', 'ClaimsMonitoring', 'RAG', 'Search-Agent', 'ResourceGovernor', 'Jobs', 'SlidesStandaloneHtml', 'Diarization', 'API', 'MLX', 'Local-API', 'LlamaCpp', 'STT-Settings', 'external_providers', 'TTS-Settings', 'VibeVoice', 'Audio-Quota', 'API-Routes', 'Search-Engines', 'Web-Scraper', 'Logging', 'Moderation', 'Redis', 'Web-Scraping', 'personalization', 'persona', 'persona.rbac']
2026-09-16 23:47:46.828 | INFO     | tldw_Server_API.app.core.config:_buffered_log:210 - Ensured main SQLite database directory exists: /Users/macbook-dev/Documents/GitHub/tldw_server2/Databases
2026-09-16 23:47:46.828 | INFO     | tldw_Server_API.app.core.config:_buffered_log:210 - Ensured user data base directory exists: Databases/user_databases
2026-09-16 23:47:46.828 | WARNING  | tldw_Server_API.app.core.DB_Management.db_path_utils:resolve_user_db_base_dir:491 - USER_DB_BASE_DIR not configured in tests, using isolated fallback: /private/var/folders/sn/m80n2j152t9gw3w8qwk2nykh0000gn/T/tldw_user_databases_test/default-06a2956a
2026-09-16 23:47:46.829 | INFO     | tldw_Server_API.app.core.DB_Management.ChaChaNotes_DB:__init__:7657 - Initializing CharactersRAGDB for path: /private/var/folders/sn/m80n2j152t9gw3w8qwk2nykh0000gn/T/pytest-of-macbook-dev/pytest-625/test_graph_and_keyword_note_qu1/2/ChaChaNotes.db [Client ID: 2] (backend=postgresql)
2026-09-16 23:47:48.133 | DEBUG    | tldw_Server_API.app.core.DB_Management.ChaChaNotes_DB:__init__:7664 - CharactersRAGDB initialization completed successfully for /private/var/folders/sn/m80n2j152t9gw3w8qwk2nykh0000gn/T/pytest-of-macbook-dev/pytest-625/test_graph_and_keyword_note_qu1/2/ChaChaNotes.db
2026-09-16 23:47:48.134 | WARNING  | tldw_Server_API.app.core.DB_Management.db_path_utils:resolve_user_db_base_dir:491 - USER_DB_BASE_DIR not configured in tests, using isolated fallback: /private/var/folders/sn/m80n2j152t9gw3w8qwk2nykh0000gn/T/tldw_user_databases_test/default-06a2956a
2026-09-16 23:47:48.134 | INFO     | tldw_Server_API.app.core.DB_Management.ChaChaNotes_DB:__init__:7657 - Initializing CharactersRAGDB for path: /private/var/folders/sn/m80n2j152t9gw3w8qwk2nykh0000gn/T/pytest-of-macbook-dev/pytest-625/test_graph_and_keyword_note_qu1/3/ChaChaNotes.db [Client ID: 3] (backend=postgresql)
2026-09-16 23:47:48.275 | DEBUG    | tldw_Server_API.app.core.DB_Management.ChaChaNotes_DB:__init__:7664 - CharactersRAGDB initialization completed successfully for /private/var/folders/sn/m80n2j152t9gw3w8qwk2nykh0000gn/T/pytest-of-macbook-dev/pytest-625/test_graph_and_keyword_note_qu1/3/ChaChaNotes.db
2026-09-16 23:47:48.277 | DEBUG    | tldw_Server_API.app.core.DB_Management.ChaChaNotes_DB:_get_connection_for_state:8036 - Acquired backend connection (postgresql) for thread 8346099072
2026-09-16 23:47:48.279 | INFO     | tldw_Server_API.app.core.DB_Management.chacha.note_store:_execute:124 - Added note 'Alice private Citrine' with ID: 8581ccb9-b771-4d09-b9fd-9335c70b8e4f.
2026-09-16 23:47:48.281 | INFO     | tldw_Server_API.app.core.DB_Management.chacha.note_store:_execute:124 - Added note 'Alice deleted Citrine' with ID: 4b69b717-aa46-43e4-b1c4-d3b1a0bc9d36.
2026-09-16 23:47:48.283 | INFO     | tldw_Server_API.app.core.DB_Management.chacha.note_store:soft_delete_note:2221 - Soft-deleted note ID 4b69b717-aa46-43e4-b1c4-d3b1a0bc9d36 (was v1), new version 2.
2026-09-16 23:47:48.290 | DEBUG    | tldw_Server_API.app.core.DB_Management.ChaChaNotes_DB:_get_connection_for_state:8036 - Acquired backend connection (postgresql) for thread 8346099072
2026-09-16 23:47:48.292 | INFO     | tldw_Server_API.app.core.DB_Management.chacha.note_store:_execute:124 - Added note 'Bob private Indigo' with ID: 595b95dd-ebfd-4f8b-a37d-69b1269dd597.
2026-09-16 23:47:48.293 | DEBUG    | tldw_Server_API.app.core.DB_Management.ChaChaNotes_DB:close_connection:8110 - Returned backend connection (postgresql) for thread 8346099072.
2026-09-16 23:47:48.293 | DEBUG    | tldw_Server_API.app.core.DB_Management.ChaChaNotes_DB:close_connection:8110 - Returned backend connection (postgresql) for thread 8346099072.
----------------------------- Captured stderr call -----------------------------
2026-09-16 23:47:48.294 | DEBUG    | tldw_Server_API.app.core.DB_Management.ChaChaNotes_DB:_get_connection_for_state:8036 - Acquired backend connection (postgresql) for thread 8346099072
2026-09-16 23:47:48.296 | INFO     | tldw_Server_API.app.core.DB_Management.ChaChaNotes_DB:_add_generic_item:32615 - Added chacha_keywords 'Graph spacer' with ID: 1.
2026-09-16 23:47:48.297 | INFO     | tldw_Server_API.app.core.DB_Management.ChaChaNotes_DB:_add_generic_item:32615 - Added chacha_keywords 'ambertag' with ID: 2.
2026-09-16 23:47:48.299 | DEBUG    | tldw_Server_API.app.core.DB_Management.ChaChaNotes_DB:_get_connection_for_state:8036 - Acquired backend connection (postgresql) for thread 8346099072
2026-09-16 23:47:48.300 | INFO     | tldw_Server_API.app.core.DB_Management.ChaChaNotes_DB:_add_generic_item:32615 - Added chacha_keywords 'indigotag' with ID: 3.
2026-09-16 23:47:48.304 | DEBUG    | tldw_Server_API.app.core.DB_Management.ChaChaNotes_DB:_manage_link:34345 - Logged sync event for note_keywords: create on 8581ccb9-b771-4d09-b9fd-9335c70b8e4f_2
2026-09-16 23:47:48.304 | INFO     | tldw_Server_API.app.core.DB_Management.ChaChaNotes_DB:_manage_link:34347 - Linked note_keywords: note_id=8581ccb9-b771-4d09-b9fd-9335c70b8e4f, keyword_id=2. Rows affected: 1
2026-09-16 23:47:48.307 | DEBUG    | tldw_Server_API.app.core.DB_Management.ChaChaNotes_DB:_manage_link:34345 - Logged sync event for note_keywords: create on 595b95dd-ebfd-4f8b-a37d-69b1269dd597_3
2026-09-16 23:47:48.307 | INFO     | tldw_Server_API.app.core.DB_Management.ChaChaNotes_DB:_manage_link:34347 - Linked note_keywords: note_id=595b95dd-ebfd-4f8b-a37d-69b1269dd597, keyword_id=3. Rows affected: 1
2026-09-16 23:47:48.307 | DEBUG    | tldw_Server_API.app.core.DB_Management.ChaChaNotes_DB:execute_query:8286 - Executing SQL (script=False, backend=postgresql): SELECT nk.keyword_id, COUNT(DISTINCT nk.note_id) AS cnt FROM note_keywords nk JOIN notes n ON n.id = nk.note_id AND n.deleted = ? JOIN chacha_keywords k ON k.id = nk.keyword_id AND k.deleted = ? GROUP BY nk.keyword_id... Params: (False, False)...
--------------------------- Captured stderr teardown ---------------------------
2026-09-16 23:47:48.311 | DEBUG    | tldw_Server_API.app.core.DB_Management.ChaChaNotes_DB:close_connection:8110 - Returned backend connection (postgresql) for thread 8346099072.
2026-09-16 23:47:48.311 | DEBUG    | tldw_Server_API.app.core.DB_Management.ChaChaNotes_DB:close_connection:8110 - Returned backend connection (postgresql) for thread 8346099072.
2026-09-16 23:47:48.326 | INFO     | tldw_Server_API.app.api.v1.API_Deps.ChaCha_Notes_DB_Deps:close_all_chacha_db_instances:876 - Closing all cached ChaChaNotesDB instances (0)...
2026-09-16 23:47:48.326 | INFO     | tldw_Server_API.app.api.v1.API_Deps.ChaCha_Notes_DB_Deps:close_all_chacha_db_instances:892 - All ChaChaNotesDB instances closed and cache cleared.
2026-09-16 23:47:48.326 | INFO     | tldw_Server_API.app.api.v1.API_Deps.ChaCha_Notes_DB_Deps:close_all_chacha_db_instances:876 - Closing all cached ChaChaNotesDB instances (0)...
2026-09-16 23:47:48.326 | INFO     | tldw_Server_API.app.api.v1.API_Deps.ChaCha_Notes_DB_Deps:close_all_chacha_db_instances:892 - All ChaChaNotesDB instances closed and cache cleared.
__ test_graph_and_keyword_note_queries_are_owner_scoped[postgres-user-count] ___
tldw_Server_API/tests/DB_Management/test_note_shared_owner_contract.py:315: in test_graph_and_keyword_note_queries_are_owner_scoped
    assert f.bob.count_user_notes() == 1
E   AssertionError: assert 3 == 1
E    +  where 3 = count_user_notes()
E    +    where count_user_notes = <tldw_Server_API.app.core.DB_Management.ChaChaNotes_DB.CharactersRAGDB object at 0x110961690>.count_user_notes
E    +      where <tldw_Server_API.app.core.DB_Management.ChaChaNotes_DB.CharactersRAGDB object at 0x110961690> = namespace(alice=<tldw_Server_API.app.core.DB_Management.ChaChaNotes_DB.CharactersRAGDB object at 0x111ccd350>, bob=<tl...95-4dbb-86b4-85e62696baf6', deleted='08c293dc-b308-44fb-abd1-cdb0cb84c976', own='8f223844-d989-4df5-a438-8f4675a759be').bob
---------------------------- Captured stderr setup -----------------------------
2026-09-16 23:47:49.867 | INFO     | tldw_Server_API.app.core.DB_Management.backends.factory:create_backend:392 - Creating postgresql backend
2026-09-16 23:47:49.867 | INFO     | tldw_Server_API.app.core.config:_buffered_log:210 - Determined ACTUAL_PROJECT_ROOT for database paths: /Users/macbook-dev/Documents/GitHub/tldw_server2
2026-09-16 23:47:49.869 | INFO     | tldw_Server_API.app.core.config:_buffered_log:210 - Early loading environment variables from: /Users/macbook-dev/Documents/GitHub/tldw_server2/tldw_Server_API/Config_Files/.env
2026-09-16 23:47:49.873 | INFO     | tldw_Server_API.app.core.config:_buffered_log:210 - Early loading environment variables from: /Users/macbook-dev/Documents/GitHub/tldw_server2/tldw_Server_API/Config_Files/.ENV
2026-09-16 23:47:49.877 | DEBUG    | tldw_Server_API.app.core.config:_buffered_log:210 - load_and_log_configs(): Loading and logging configurations...
2026-09-16 23:47:49.878 | INFO     | tldw_Server_API.app.core.config:_buffered_log:210 - Loading environment variables from: /Users/macbook-dev/Documents/GitHub/tldw_server2/tldw_Server_API/Config_Files/.env
2026-09-16 23:47:49.882 | INFO     | tldw_Server_API.app.core.config:_buffered_log:210 - Loading environment variables from: /Users/macbook-dev/Documents/GitHub/tldw_server2/tldw_Server_API/Config_Files/.ENV
2026-09-16 23:47:49.886 | INFO     | tldw_Server_API.app.core.config:_buffered_log:210 - Attempting to load comprehensive config from: /Users/macbook-dev/Documents/GitHub/tldw_server2/tldw_Server_API/Config_Files/config.txt
2026-09-16 23:47:49.888 | INFO     | tldw_Server_API.app.core.config:_buffered_log:210 - load_comprehensive_config(): Sections found in config: ['Setup', 'UI', 'Server', 'Files', 'Image-Generation', 'ACP', 'WORKSPACES', 'ACP-WORKSPACE', 'ACP-SANDBOX', 'Audit', 'Processing', 'Media-Processing', 'Chat-Dictionaries', 'Chat-Module', 'Chat-Commands', 'Chat-Templating', 'Character-Chat', 'Settings', 'Auto-Save', 'Prompts', 'Database', 'Chunking', 'Visual-RAG', 'AuthNZ', 'Streaming', 'HTTP', 'Egress', 'Embeddings', 'Claims', 'ClaimsMonitoring', 'RAG', 'Search-Agent', 'ResourceGovernor', 'Jobs', 'SlidesStandaloneHtml', 'Diarization', 'API', 'MLX', 'Local-API', 'LlamaCpp', 'STT-Settings', 'external_providers', 'TTS-Settings', 'VibeVoice', 'Audio-Quota', 'API-Routes', 'Search-Engines', 'Web-Scraper', 'Logging', 'Moderation', 'Redis', 'Web-Scraping', 'personalization', 'persona', 'persona.rbac']
2026-09-16 23:47:49.890 | INFO     | tldw_Server_API.app.core.config:_buffered_log:210 - Ensured main SQLite database directory exists: /Users/macbook-dev/Documents/GitHub/tldw_server2/Databases
2026-09-16 23:47:49.890 | INFO     | tldw_Server_API.app.core.config:_buffered_log:210 - Ensured user data base directory exists: Databases/user_databases
2026-09-16 23:47:49.891 | WARNING  | tldw_Server_API.app.core.DB_Management.db_path_utils:resolve_user_db_base_dir:491 - USER_DB_BASE_DIR not configured in tests, using isolated fallback: /private/var/folders/sn/m80n2j152t9gw3w8qwk2nykh0000gn/T/tldw_user_databases_test/default-06a2956a
2026-09-16 23:47:49.891 | INFO     | tldw_Server_API.app.core.DB_Management.ChaChaNotes_DB:__init__:7657 - Initializing CharactersRAGDB for path: /private/var/folders/sn/m80n2j152t9gw3w8qwk2nykh0000gn/T/pytest-of-macbook-dev/pytest-625/test_graph_and_keyword_note_qu2/2/ChaChaNotes.db [Client ID: 2] (backend=postgresql)
2026-09-16 23:47:51.224 | DEBUG    | tldw_Server_API.app.core.DB_Management.ChaChaNotes_DB:__init__:7664 - CharactersRAGDB initialization completed successfully for /private/var/folders/sn/m80n2j152t9gw3w8qwk2nykh0000gn/T/pytest-of-macbook-dev/pytest-625/test_graph_and_keyword_note_qu2/2/ChaChaNotes.db
2026-09-16 23:47:51.224 | WARNING  | tldw_Server_API.app.core.DB_Management.db_path_utils:resolve_user_db_base_dir:491 - USER_DB_BASE_DIR not configured in tests, using isolated fallback: /private/var/folders/sn/m80n2j152t9gw3w8qwk2nykh0000gn/T/tldw_user_databases_test/default-06a2956a
2026-09-16 23:47:51.225 | INFO     | tldw_Server_API.app.core.DB_Management.ChaChaNotes_DB:__init__:7657 - Initializing CharactersRAGDB for path: /private/var/folders/sn/m80n2j152t9gw3w8qwk2nykh0000gn/T/pytest-of-macbook-dev/pytest-625/test_graph_and_keyword_note_qu2/3/ChaChaNotes.db [Client ID: 3] (backend=postgresql)
2026-09-16 23:47:51.378 | DEBUG    | tldw_Server_API.app.core.DB_Management.ChaChaNotes_DB:__init__:7664 - CharactersRAGDB initialization completed successfully for /private/var/folders/sn/m80n2j152t9gw3w8qwk2nykh0000gn/T/pytest-of-macbook-dev/pytest-625/test_graph_and_keyword_note_qu2/3/ChaChaNotes.db
2026-09-16 23:47:51.380 | DEBUG    | tldw_Server_API.app.core.DB_Management.ChaChaNotes_DB:_get_connection_for_state:8036 - Acquired backend connection (postgresql) for thread 8346099072
2026-09-16 23:47:51.382 | INFO     | tldw_Server_API.app.core.DB_Management.chacha.note_store:_execute:124 - Added note 'Alice private Citrine' with ID: 2e4bdd45-cb95-4dbb-86b4-85e62696baf6.
2026-09-16 23:47:51.383 | INFO     | tldw_Server_API.app.core.DB_Management.chacha.note_store:_execute:124 - Added note 'Alice deleted Citrine' with ID: 08c293dc-b308-44fb-abd1-cdb0cb84c976.
2026-09-16 23:47:51.386 | INFO     | tldw_Server_API.app.core.DB_Management.chacha.note_store:soft_delete_note:2221 - Soft-deleted note ID 08c293dc-b308-44fb-abd1-cdb0cb84c976 (was v1), new version 2.
2026-09-16 23:47:51.391 | DEBUG    | tldw_Server_API.app.core.DB_Management.ChaChaNotes_DB:_get_connection_for_state:8036 - Acquired backend connection (postgresql) for thread 8346099072
2026-09-16 23:47:51.393 | INFO     | tldw_Server_API.app.core.DB_Management.chacha.note_store:_execute:124 - Added note 'Bob private Indigo' with ID: 8f223844-d989-4df5-a438-8f4675a759be.
2026-09-16 23:47:51.394 | DEBUG    | tldw_Server_API.app.core.DB_Management.ChaChaNotes_DB:close_connection:8110 - Returned backend connection (postgresql) for thread 8346099072.
2026-09-16 23:47:51.394 | DEBUG    | tldw_Server_API.app.core.DB_Management.ChaChaNotes_DB:close_connection:8110 - Returned backend connection (postgresql) for thread 8346099072.
----------------------------- Captured stderr call -----------------------------
2026-09-16 23:47:51.395 | DEBUG    | tldw_Server_API.app.core.DB_Management.ChaChaNotes_DB:_get_connection_for_state:8036 - Acquired backend connection (postgresql) for thread 8346099072
2026-09-16 23:47:51.397 | INFO     | tldw_Server_API.app.core.DB_Management.ChaChaNotes_DB:_add_generic_item:32615 - Added chacha_keywords 'Graph spacer' with ID: 1.
2026-09-16 23:47:51.398 | INFO     | tldw_Server_API.app.core.DB_Management.ChaChaNotes_DB:_add_generic_item:32615 - Added chacha_keywords 'ambertag' with ID: 2.
2026-09-16 23:47:51.400 | DEBUG    | tldw_Server_API.app.core.DB_Management.ChaChaNotes_DB:_get_connection_for_state:8036 - Acquired backend connection (postgresql) for thread 8346099072
2026-09-16 23:47:51.401 | INFO     | tldw_Server_API.app.core.DB_Management.ChaChaNotes_DB:_add_generic_item:32615 - Added chacha_keywords 'indigotag' with ID: 3.
2026-09-16 23:47:51.405 | DEBUG    | tldw_Server_API.app.core.DB_Management.ChaChaNotes_DB:_manage_link:34345 - Logged sync event for note_keywords: create on 2e4bdd45-cb95-4dbb-86b4-85e62696baf6_2
2026-09-16 23:47:51.406 | INFO     | tldw_Server_API.app.core.DB_Management.ChaChaNotes_DB:_manage_link:34347 - Linked note_keywords: note_id=2e4bdd45-cb95-4dbb-86b4-85e62696baf6, keyword_id=2. Rows affected: 1
2026-09-16 23:47:51.408 | DEBUG    | tldw_Server_API.app.core.DB_Management.ChaChaNotes_DB:_manage_link:34345 - Logged sync event for note_keywords: create on 8f223844-d989-4df5-a438-8f4675a759be_3
2026-09-16 23:47:51.409 | INFO     | tldw_Server_API.app.core.DB_Management.ChaChaNotes_DB:_manage_link:34347 - Linked note_keywords: note_id=8f223844-d989-4df5-a438-8f4675a759be, keyword_id=3. Rows affected: 1
2026-09-16 23:47:51.409 | DEBUG    | tldw_Server_API.app.core.DB_Management.ChaChaNotes_DB:execute_query:8286 - Executing SQL (script=False, backend=postgresql): SELECT COUNT(*) AS cnt FROM notes... Params: None...
--------------------------- Captured stderr teardown ---------------------------
2026-09-16 23:47:51.412 | DEBUG    | tldw_Server_API.app.core.DB_Management.ChaChaNotes_DB:close_connection:8110 - Returned backend connection (postgresql) for thread 8346099072.
2026-09-16 23:47:51.412 | DEBUG    | tldw_Server_API.app.core.DB_Management.ChaChaNotes_DB:close_connection:8110 - Returned backend connection (postgresql) for thread 8346099072.
2026-09-16 23:47:51.428 | INFO     | tldw_Server_API.app.api.v1.API_Deps.ChaCha_Notes_DB_Deps:close_all_chacha_db_instances:876 - Closing all cached ChaChaNotesDB instances (0)...
2026-09-16 23:47:51.428 | INFO     | tldw_Server_API.app.api.v1.API_Deps.ChaCha_Notes_DB_Deps:close_all_chacha_db_instances:892 - All ChaChaNotesDB instances closed and cache cleared.
2026-09-16 23:47:51.428 | INFO     | tldw_Server_API.app.api.v1.API_Deps.ChaCha_Notes_DB_Deps:close_all_chacha_db_instances:876 - Closing all cached ChaChaNotesDB instances (0)...
2026-09-16 23:47:51.428 | INFO     | tldw_Server_API.app.api.v1.API_Deps.ChaCha_Notes_DB_Deps:close_all_chacha_db_instances:892 - All ChaChaNotesDB instances closed and cache cleared.
_____ test_keyword_mutation_and_search_owner_scope[postgres-merge-source] ______
tldw_Server_API/tests/DB_Management/test_note_shared_owner_contract.py:251: in test_keyword_mutation_and_search_owner_scope
    with pytest.raises((ConflictError, CharactersRAGDBError)):
E   Failed: DID NOT RAISE any of (<class 'tldw_Server_API.app.core.DB_Management.ChaChaNotes_DB.ConflictError'>, <class 'tldw_Server_API.app.core.DB_Management.ChaChaNotes_DB.CharactersRAGDBError'>)
---------------------------- Captured stderr setup -----------------------------
2026-09-16 23:47:51.446 | INFO     | tldw_Server_API.app.core.DB_Management.backends.factory:create_backend:392 - Creating postgresql backend
2026-09-16 23:47:51.446 | INFO     | tldw_Server_API.app.core.config:_buffered_log:210 - Determined ACTUAL_PROJECT_ROOT for database paths: /Users/macbook-dev/Documents/GitHub/tldw_server2
2026-09-16 23:47:51.446 | INFO     | tldw_Server_API.app.core.config:_buffered_log:210 - Early loading environment variables from: /Users/macbook-dev/Documents/GitHub/tldw_server2/tldw_Server_API/Config_Files/.env
2026-09-16 23:47:51.451 | INFO     | tldw_Server_API.app.core.config:_buffered_log:210 - Early loading environment variables from: /Users/macbook-dev/Documents/GitHub/tldw_server2/tldw_Server_API/Config_Files/.ENV
2026-09-16 23:47:51.455 | DEBUG    | tldw_Server_API.app.core.config:_buffered_log:210 - load_and_log_configs(): Loading and logging configurations...
2026-09-16 23:47:51.456 | INFO     | tldw_Server_API.app.core.config:_buffered_log:210 - Loading environment variables from: /Users/macbook-dev/Documents/GitHub/tldw_server2/tldw_Server_API/Config_Files/.env
2026-09-16 23:47:51.460 | INFO     | tldw_Server_API.app.core.config:_buffered_log:210 - Loading environment variables from: /Users/macbook-dev/Documents/GitHub/tldw_server2/tldw_Server_API/Config_Files/.ENV
2026-09-16 23:47:51.464 | INFO     | tldw_Server_API.app.core.config:_buffered_log:210 - Attempting to load comprehensive config from: /Users/macbook-dev/Documents/GitHub/tldw_server2/tldw_Server_API/Config_Files/config.txt
2026-09-16 23:47:51.466 | INFO     | tldw_Server_API.app.core.config:_buffered_log:210 - load_comprehensive_config(): Sections found in config: ['Setup', 'UI', 'Server', 'Files', 'Image-Generation', 'ACP', 'WORKSPACES', 'ACP-WORKSPACE', 'ACP-SANDBOX', 'Audit', 'Processing', 'Media-Processing', 'Chat-Dictionaries', 'Chat-Module', 'Chat-Commands', 'Chat-Templating', 'Character-Chat', 'Settings', 'Auto-Save', 'Prompts', 'Database', 'Chunking', 'Visual-RAG', 'AuthNZ', 'Streaming', 'HTTP', 'Egress', 'Embeddings', 'Claims', 'ClaimsMonitoring', 'RAG', 'Search-Agent', 'ResourceGovernor', 'Jobs', 'SlidesStandaloneHtml', 'Diarization', 'API', 'MLX', 'Local-API', 'LlamaCpp', 'STT-Settings', 'external_providers', 'TTS-Settings', 'VibeVoice', 'Audio-Quota', 'API-Routes', 'Search-Engines', 'Web-Scraper', 'Logging', 'Moderation', 'Redis', 'Web-Scraping', 'personalization', 'persona', 'persona.rbac']
2026-09-16 23:47:51.468 | INFO     | tldw_Server_API.app.core.config:_buffered_log:210 - Ensured main SQLite database directory exists: /Users/macbook-dev/Documents/GitHub/tldw_server2/Databases
2026-09-16 23:47:51.468 | INFO     | tldw_Server_API.app.core.config:_buffered_log:210 - Ensured user data base directory exists: Databases/user_databases
2026-09-16 23:47:51.468 | WARNING  | tldw_Server_API.app.core.DB_Management.db_path_utils:resolve_user_db_base_dir:491 - USER_DB_BASE_DIR not configured in tests, using isolated fallback: /private/var/folders/sn/m80n2j152t9gw3w8qwk2nykh0000gn/T/tldw_user_databases_test/default-06a2956a
2026-09-16 23:47:51.469 | INFO     | tldw_Server_API.app.core.DB_Management.ChaChaNotes_DB:__init__:7657 - Initializing CharactersRAGDB for path: /private/var/folders/sn/m80n2j152t9gw3w8qwk2nykh0000gn/T/pytest-of-macbook-dev/pytest-625/test_keyword_mutation_and_sear1/2/ChaChaNotes.db [Client ID: 2] (backend=postgresql)
2026-09-16 23:47:52.743 | DEBUG    | tldw_Server_API.app.core.DB_Management.ChaChaNotes_DB:__init__:7664 - CharactersRAGDB initialization completed successfully for /private/var/folders/sn/m80n2j152t9gw3w8qwk2nykh0000gn/T/pytest-of-macbook-dev/pytest-625/test_keyword_mutation_and_sear1/2/ChaChaNotes.db
2026-09-16 23:47:52.744 | WARNING  | tldw_Server_API.app.core.DB_Management.db_path_utils:resolve_user_db_base_dir:491 - USER_DB_BASE_DIR not configured in tests, using isolated fallback: /private/var/folders/sn/m80n2j152t9gw3w8qwk2nykh0000gn/T/tldw_user_databases_test/default-06a2956a
2026-09-16 23:47:52.744 | INFO     | tldw_Server_API.app.core.DB_Management.ChaChaNotes_DB:__init__:7657 - Initializing CharactersRAGDB for path: /private/var/folders/sn/m80n2j152t9gw3w8qwk2nykh0000gn/T/pytest-of-macbook-dev/pytest-625/test_keyword_mutation_and_sear1/3/ChaChaNotes.db [Client ID: 3] (backend=postgresql)
2026-09-16 23:47:52.890 | DEBUG    | tldw_Server_API.app.core.DB_Management.ChaChaNotes_DB:__init__:7664 - CharactersRAGDB initialization completed successfully for /private/var/folders/sn/m80n2j152t9gw3w8qwk2nykh0000gn/T/pytest-of-macbook-dev/pytest-625/test_keyword_mutation_and_sear1/3/ChaChaNotes.db
2026-09-16 23:47:52.892 | DEBUG    | tldw_Server_API.app.core.DB_Management.ChaChaNotes_DB:_get_connection_for_state:8036 - Acquired backend connection (postgresql) for thread 8346099072
2026-09-16 23:47:52.894 | INFO     | tldw_Server_API.app.core.DB_Management.chacha.note_store:_execute:124 - Added note 'Alice private Citrine' with ID: 6c176e55-94b8-404f-a754-b40cd95fdcdc.
2026-09-16 23:47:52.895 | INFO     | tldw_Server_API.app.core.DB_Management.chacha.note_store:_execute:124 - Added note 'Alice deleted Citrine' with ID: 81708661-3a4a-4038-8b6d-0f99334a1671.
2026-09-16 23:47:52.898 | INFO     | tldw_Server_API.app.core.DB_Management.chacha.note_store:soft_delete_note:2221 - Soft-deleted note ID 81708661-3a4a-4038-8b6d-0f99334a1671 (was v1), new version 2.
2026-09-16 23:47:52.903 | DEBUG    | tldw_Server_API.app.core.DB_Management.ChaChaNotes_DB:_get_connection_for_state:8036 - Acquired backend connection (postgresql) for thread 8346099072
2026-09-16 23:47:52.906 | INFO     | tldw_Server_API.app.core.DB_Management.chacha.note_store:_execute:124 - Added note 'Bob private Indigo' with ID: 037799ff-3ea8-409b-b07c-d0ca5dd7c22f.
2026-09-16 23:47:52.906 | DEBUG    | tldw_Server_API.app.core.DB_Management.ChaChaNotes_DB:close_connection:8110 - Returned backend connection (postgresql) for thread 8346099072.
2026-09-16 23:47:52.907 | DEBUG    | tldw_Server_API.app.core.DB_Management.ChaChaNotes_DB:close_connection:8110 - Returned backend connection (postgresql) for thread 8346099072.
----------------------------- Captured stderr call -----------------------------
2026-09-16 23:47:52.908 | DEBUG    | tldw_Server_API.app.core.DB_Management.ChaChaNotes_DB:_get_connection_for_state:8036 - Acquired backend connection (postgresql) for thread 8346099072
2026-09-16 23:47:52.909 | INFO     | tldw_Server_API.app.core.DB_Management.ChaChaNotes_DB:_add_generic_item:32615 - Added chacha_keywords 'Foreign sequence spacer' with ID: 1.
2026-09-16 23:47:52.911 | INFO     | tldw_Server_API.app.core.DB_Management.ChaChaNotes_DB:_add_generic_item:32615 - Added chacha_keywords 'Amber-private' with ID: 2.
2026-09-16 23:47:52.913 | DEBUG    | tldw_Server_API.app.core.DB_Management.ChaChaNotes_DB:_get_connection_for_state:8036 - Acquired backend connection (postgresql) for thread 8346099072
2026-09-16 23:47:52.914 | INFO     | tldw_Server_API.app.core.DB_Management.ChaChaNotes_DB:_add_generic_item:32615 - Added chacha_keywords 'Indigo-owned' with ID: 3.
2026-09-16 23:47:52.914 | DEBUG    | tldw_Server_API.app.core.DB_Management.ChaChaNotes_DB:execute_query:8286 - Executing SQL (script=False, backend=postgresql): SELECT * FROM chacha_keywords WHERE id = ? AND deleted = 0... Params: (2,)...
--------------------------- Captured stderr teardown ---------------------------
2026-09-16 23:47:52.921 | DEBUG    | tldw_Server_API.app.core.DB_Management.ChaChaNotes_DB:close_connection:8110 - Returned backend connection (postgresql) for thread 8346099072.
2026-09-16 23:47:52.921 | DEBUG    | tldw_Server_API.app.core.DB_Management.ChaChaNotes_DB:close_connection:8110 - Returned backend connection (postgresql) for thread 8346099072.
2026-09-16 23:47:52.937 | INFO     | tldw_Server_API.app.api.v1.API_Deps.ChaCha_Notes_DB_Deps:close_all_chacha_db_instances:876 - Closing all cached ChaChaNotesDB instances (0)...
2026-09-16 23:47:52.937 | INFO     | tldw_Server_API.app.api.v1.API_Deps.ChaCha_Notes_DB_Deps:close_all_chacha_db_instances:892 - All ChaChaNotesDB instances closed and cache cleared.
2026-09-16 23:47:52.937 | INFO     | tldw_Server_API.app.api.v1.API_Deps.ChaCha_Notes_DB_Deps:close_all_chacha_db_instances:876 - Closing all cached ChaChaNotesDB instances (0)...
2026-09-16 23:47:52.937 | INFO     | tldw_Server_API.app.api.v1.API_Deps.ChaCha_Notes_DB_Deps:close_all_chacha_db_instances:892 - All ChaChaNotesDB instances closed and cache cleared.
_____________ test_collection_owner_scope[postgres-parent-create] ______________
tldw_Server_API/tests/DB_Management/test_note_shared_owner_contract.py:285: in test_collection_owner_scope
    with pytest.raises((ConflictError, CharactersRAGDBError)):
E   Failed: DID NOT RAISE any of (<class 'tldw_Server_API.app.core.DB_Management.ChaChaNotes_DB.ConflictError'>, <class 'tldw_Server_API.app.core.DB_Management.ChaChaNotes_DB.CharactersRAGDBError'>)
---------------------------- Captured stderr setup -----------------------------
2026-09-16 23:47:56.743 | INFO     | tldw_Server_API.app.core.DB_Management.backends.factory:create_backend:392 - Creating postgresql backend
2026-09-16 23:47:56.744 | INFO     | tldw_Server_API.app.core.config:_buffered_log:210 - Determined ACTUAL_PROJECT_ROOT for database paths: /Users/macbook-dev/Documents/GitHub/tldw_server2
2026-09-16 23:47:56.744 | INFO     | tldw_Server_API.app.core.config:_buffered_log:210 - Early loading environment variables from: /Users/macbook-dev/Documents/GitHub/tldw_server2/tldw_Server_API/Config_Files/.env
2026-09-16 23:47:56.749 | INFO     | tldw_Server_API.app.core.config:_buffered_log:210 - Early loading environment variables from: /Users/macbook-dev/Documents/GitHub/tldw_server2/tldw_Server_API/Config_Files/.ENV
2026-09-16 23:47:56.753 | DEBUG    | tldw_Server_API.app.core.config:_buffered_log:210 - load_and_log_configs(): Loading and logging configurations...
2026-09-16 23:47:56.754 | INFO     | tldw_Server_API.app.core.config:_buffered_log:210 - Loading environment variables from: /Users/macbook-dev/Documents/GitHub/tldw_server2/tldw_Server_API/Config_Files/.env
2026-09-16 23:47:56.758 | INFO     | tldw_Server_API.app.core.config:_buffered_log:210 - Loading environment variables from: /Users/macbook-dev/Documents/GitHub/tldw_server2/tldw_Server_API/Config_Files/.ENV
2026-09-16 23:47:56.763 | INFO     | tldw_Server_API.app.core.config:_buffered_log:210 - Attempting to load comprehensive config from: /Users/macbook-dev/Documents/GitHub/tldw_server2/tldw_Server_API/Config_Files/config.txt
2026-09-16 23:47:56.766 | INFO     | tldw_Server_API.app.core.config:_buffered_log:210 - load_comprehensive_config(): Sections found in config: ['Setup', 'UI', 'Server', 'Files', 'Image-Generation', 'ACP', 'WORKSPACES', 'ACP-WORKSPACE', 'ACP-SANDBOX', 'Audit', 'Processing', 'Media-Processing', 'Chat-Dictionaries', 'Chat-Module', 'Chat-Commands', 'Chat-Templating', 'Character-Chat', 'Settings', 'Auto-Save', 'Prompts', 'Database', 'Chunking', 'Visual-RAG', 'AuthNZ', 'Streaming', 'HTTP', 'Egress', 'Embeddings', 'Claims', 'ClaimsMonitoring', 'RAG', 'Search-Agent', 'ResourceGovernor', 'Jobs', 'SlidesStandaloneHtml', 'Diarization', 'API', 'MLX', 'Local-API', 'LlamaCpp', 'STT-Settings', 'external_providers', 'TTS-Settings', 'VibeVoice', 'Audio-Quota', 'API-Routes', 'Search-Engines', 'Web-Scraper', 'Logging', 'Moderation', 'Redis', 'Web-Scraping', 'personalization', 'persona', 'persona.rbac']
2026-09-16 23:47:56.768 | INFO     | tldw_Server_API.app.core.config:_buffered_log:210 - Ensured main SQLite database directory exists: /Users/macbook-dev/Documents/GitHub/tldw_server2/Databases
2026-09-16 23:47:56.768 | INFO     | tldw_Server_API.app.core.config:_buffered_log:210 - Ensured user data base directory exists: Databases/user_databases
2026-09-16 23:47:56.768 | WARNING  | tldw_Server_API.app.core.DB_Management.db_path_utils:resolve_user_db_base_dir:491 - USER_DB_BASE_DIR not configured in tests, using isolated fallback: /private/var/folders/sn/m80n2j152t9gw3w8qwk2nykh0000gn/T/tldw_user_databases_test/default-06a2956a
2026-09-16 23:47:56.769 | INFO     | tldw_Server_API.app.core.DB_Management.ChaChaNotes_DB:__init__:7657 - Initializing CharactersRAGDB for path: /private/var/folders/sn/m80n2j152t9gw3w8qwk2nykh0000gn/T/pytest-of-macbook-dev/pytest-625/test_collection_owner_scope_po0/2/ChaChaNotes.db [Client ID: 2] (backend=postgresql)
2026-09-16 23:47:58.392 | DEBUG    | tldw_Server_API.app.core.DB_Management.ChaChaNotes_DB:__init__:7664 - CharactersRAGDB initialization completed successfully for /private/var/folders/sn/m80n2j152t9gw3w8qwk2nykh0000gn/T/pytest-of-macbook-dev/pytest-625/test_collection_owner_scope_po0/2/ChaChaNotes.db
2026-09-16 23:47:58.392 | WARNING  | tldw_Server_API.app.core.DB_Management.db_path_utils:resolve_user_db_base_dir:491 - USER_DB_BASE_DIR not configured in tests, using isolated fallback: /private/var/folders/sn/m80n2j152t9gw3w8qwk2nykh0000gn/T/tldw_user_databases_test/default-06a2956a
2026-09-16 23:47:58.392 | INFO     | tldw_Server_API.app.core.DB_Management.ChaChaNotes_DB:__init__:7657 - Initializing CharactersRAGDB for path: /private/var/folders/sn/m80n2j152t9gw3w8qwk2nykh0000gn/T/pytest-of-macbook-dev/pytest-625/test_collection_owner_scope_po0/3/ChaChaNotes.db [Client ID: 3] (backend=postgresql)
2026-09-16 23:47:58.562 | DEBUG    | tldw_Server_API.app.core.DB_Management.ChaChaNotes_DB:__init__:7664 - CharactersRAGDB initialization completed successfully for /private/var/folders/sn/m80n2j152t9gw3w8qwk2nykh0000gn/T/pytest-of-macbook-dev/pytest-625/test_collection_owner_scope_po0/3/ChaChaNotes.db
2026-09-16 23:47:58.564 | DEBUG    | tldw_Server_API.app.core.DB_Management.ChaChaNotes_DB:_get_connection_for_state:8036 - Acquired backend connection (postgresql) for thread 8346099072
2026-09-16 23:47:58.566 | INFO     | tldw_Server_API.app.core.DB_Management.chacha.note_store:_execute:124 - Added note 'Alice private Citrine' with ID: ffeec043-f082-432d-b35b-87abd5154fd0.
2026-09-16 23:47:58.567 | INFO     | tldw_Server_API.app.core.DB_Management.chacha.note_store:_execute:124 - Added note 'Alice deleted Citrine' with ID: 1faa6898-1aa3-45f9-8133-ac94003d8ec2.
2026-09-16 23:47:58.571 | INFO     | tldw_Server_API.app.core.DB_Management.chacha.note_store:soft_delete_note:2221 - Soft-deleted note ID 1faa6898-1aa3-45f9-8133-ac94003d8ec2 (was v1), new version 2.
2026-09-16 23:47:58.576 | DEBUG    | tldw_Server_API.app.core.DB_Management.ChaChaNotes_DB:_get_connection_for_state:8036 - Acquired backend connection (postgresql) for thread 8346099072
2026-09-16 23:47:58.580 | INFO     | tldw_Server_API.app.core.DB_Management.chacha.note_store:_execute:124 - Added note 'Bob private Indigo' with ID: 72ea0885-4ab5-4418-b1e1-c77f2f98a6dd.
2026-09-16 23:47:58.580 | DEBUG    | tldw_Server_API.app.core.DB_Management.ChaChaNotes_DB:close_connection:8110 - Returned backend connection (postgresql) for thread 8346099072.
2026-09-16 23:47:58.580 | DEBUG    | tldw_Server_API.app.core.DB_Management.ChaChaNotes_DB:close_connection:8110 - Returned backend connection (postgresql) for thread 8346099072.
----------------------------- Captured stderr call -----------------------------
2026-09-16 23:47:58.582 | DEBUG    | tldw_Server_API.app.core.DB_Management.ChaChaNotes_DB:_get_connection_for_state:8036 - Acquired backend connection (postgresql) for thread 8346099072
2026-09-16 23:47:58.583 | INFO     | tldw_Server_API.app.core.DB_Management.ChaChaNotes_DB:_add_generic_item:32615 - Added keyword_collections 'Collection sequence spacer' with ID: 1.
2026-09-16 23:47:58.584 | INFO     | tldw_Server_API.app.core.DB_Management.ChaChaNotes_DB:_add_generic_item:32615 - Added keyword_collections 'Amber private collection' with ID: 2.
2026-09-16 23:47:58.587 | DEBUG    | tldw_Server_API.app.core.DB_Management.ChaChaNotes_DB:_get_connection_for_state:8036 - Acquired backend connection (postgresql) for thread 8346099072
2026-09-16 23:47:58.588 | INFO     | tldw_Server_API.app.core.DB_Management.ChaChaNotes_DB:_add_generic_item:32615 - Added keyword_collections 'Indigo own collection' with ID: 3.
2026-09-16 23:47:58.588 | DEBUG    | tldw_Server_API.app.core.DB_Management.ChaChaNotes_DB:execute_query:8286 - Executing SQL (script=False, backend=postgresql): SELECT * FROM keyword_collections WHERE id = ? AND deleted = 0... Params: (2,)...
2026-09-16 23:47:58.590 | INFO     | tldw_Server_API.app.core.DB_Management.ChaChaNotes_DB:_add_generic_item:32615 - Added keyword_collections 'Wrong parent child' with ID: 4.
--------------------------- Captured stderr teardown ---------------------------
2026-09-16 23:47:58.594 | DEBUG    | tldw_Server_API.app.core.DB_Management.ChaChaNotes_DB:close_connection:8110 - Returned backend connection (postgresql) for thread 8346099072.
2026-09-16 23:47:58.595 | DEBUG    | tldw_Server_API.app.core.DB_Management.ChaChaNotes_DB:close_connection:8110 - Returned backend connection (postgresql) for thread 8346099072.
2026-09-16 23:47:58.613 | INFO     | tldw_Server_API.app.api.v1.API_Deps.ChaCha_Notes_DB_Deps:close_all_chacha_db_instances:876 - Closing all cached ChaChaNotesDB instances (0)...
2026-09-16 23:47:58.613 | INFO     | tldw_Server_API.app.api.v1.API_Deps.ChaCha_Notes_DB_Deps:close_all_chacha_db_instances:892 - All ChaChaNotesDB instances closed and cache cleared.
2026-09-16 23:47:58.613 | INFO     | tldw_Server_API.app.api.v1.API_Deps.ChaCha_Notes_DB_Deps:close_all_chacha_db_instances:876 - Closing all cached ChaChaNotesDB instances (0)...
2026-09-16 23:47:58.613 | INFO     | tldw_Server_API.app.api.v1.API_Deps.ChaCha_Notes_DB_Deps:close_all_chacha_db_instances:892 - All ChaChaNotesDB instances closed and cache cleared.
___ test_graph_and_keyword_note_queries_are_owner_scoped[postgres-tag-seeds] ___
tldw_Server_API/tests/DB_Management/test_note_shared_owner_contract.py:311: in test_graph_and_keyword_note_queries_are_owner_scoped
    assert f.bob.get_note_ids_by_tag_for_graph("ambertag") == []
E   AssertionError: assert ['c1bc0931-34...abc6bbff814c'] == []
E
E     Left contains one more item: 'c1bc0931-34a7-4b10-a57d-abc6bbff814c'
E     Use -v to get more diff
---------------------------- Captured stderr setup -----------------------------
2026-09-16 23:47:58.632 | INFO     | tldw_Server_API.app.core.DB_Management.backends.factory:create_backend:392 - Creating postgresql backend
2026-09-16 23:47:58.633 | INFO     | tldw_Server_API.app.core.config:_buffered_log:210 - Determined ACTUAL_PROJECT_ROOT for database paths: /Users/macbook-dev/Documents/GitHub/tldw_server2
2026-09-16 23:47:58.633 | INFO     | tldw_Server_API.app.core.config:_buffered_log:210 - Early loading environment variables from: /Users/macbook-dev/Documents/GitHub/tldw_server2/tldw_Server_API/Config_Files/.env
2026-09-16 23:47:58.638 | INFO     | tldw_Server_API.app.core.config:_buffered_log:210 - Early loading environment variables from: /Users/macbook-dev/Documents/GitHub/tldw_server2/tldw_Server_API/Config_Files/.ENV
2026-09-16 23:47:58.642 | DEBUG    | tldw_Server_API.app.core.config:_buffered_log:210 - load_and_log_configs(): Loading and logging configurations...
2026-09-16 23:47:58.642 | INFO     | tldw_Server_API.app.core.config:_buffered_log:210 - Loading environment variables from: /Users/macbook-dev/Documents/GitHub/tldw_server2/tldw_Server_API/Config_Files/.env
2026-09-16 23:47:58.647 | INFO     | tldw_Server_API.app.core.config:_buffered_log:210 - Loading environment variables from: /Users/macbook-dev/Documents/GitHub/tldw_server2/tldw_Server_API/Config_Files/.ENV
2026-09-16 23:47:58.651 | INFO     | tldw_Server_API.app.core.config:_buffered_log:210 - Attempting to load comprehensive config from: /Users/macbook-dev/Documents/GitHub/tldw_server2/tldw_Server_API/Config_Files/config.txt
2026-09-16 23:47:58.653 | INFO     | tldw_Server_API.app.core.config:_buffered_log:210 - load_comprehensive_config(): Sections found in config: ['Setup', 'UI', 'Server', 'Files', 'Image-Generation', 'ACP', 'WORKSPACES', 'ACP-WORKSPACE', 'ACP-SANDBOX', 'Audit', 'Processing', 'Media-Processing', 'Chat-Dictionaries', 'Chat-Module', 'Chat-Commands', 'Chat-Templating', 'Character-Chat', 'Settings', 'Auto-Save', 'Prompts', 'Database', 'Chunking', 'Visual-RAG', 'AuthNZ', 'Streaming', 'HTTP', 'Egress', 'Embeddings', 'Claims', 'ClaimsMonitoring', 'RAG', 'Search-Agent', 'ResourceGovernor', 'Jobs', 'SlidesStandaloneHtml', 'Diarization', 'API', 'MLX', 'Local-API', 'LlamaCpp', 'STT-Settings', 'external_providers', 'TTS-Settings', 'VibeVoice', 'Audio-Quota', 'API-Routes', 'Search-Engines', 'Web-Scraper', 'Logging', 'Moderation', 'Redis', 'Web-Scraping', 'personalization', 'persona', 'persona.rbac']
2026-09-16 23:47:58.656 | INFO     | tldw_Server_API.app.core.config:_buffered_log:210 - Ensured main SQLite database directory exists: /Users/macbook-dev/Documents/GitHub/tldw_server2/Databases
2026-09-16 23:47:58.656 | INFO     | tldw_Server_API.app.core.config:_buffered_log:210 - Ensured user data base directory exists: Databases/user_databases
2026-09-16 23:47:58.656 | WARNING  | tldw_Server_API.app.core.DB_Management.db_path_utils:resolve_user_db_base_dir:491 - USER_DB_BASE_DIR not configured in tests, using isolated fallback: /private/var/folders/sn/m80n2j152t9gw3w8qwk2nykh0000gn/T/tldw_user_databases_test/default-06a2956a
2026-09-16 23:47:58.656 | INFO     | tldw_Server_API.app.core.DB_Management.ChaChaNotes_DB:__init__:7657 - Initializing CharactersRAGDB for path: /private/var/folders/sn/m80n2j152t9gw3w8qwk2nykh0000gn/T/pytest-of-macbook-dev/pytest-625/test_graph_and_keyword_note_qu4/2/ChaChaNotes.db [Client ID: 2] (backend=postgresql)
2026-09-16 23:48:00.368 | DEBUG    | tldw_Server_API.app.core.DB_Management.ChaChaNotes_DB:__init__:7664 - CharactersRAGDB initialization completed successfully for /private/var/folders/sn/m80n2j152t9gw3w8qwk2nykh0000gn/T/pytest-of-macbook-dev/pytest-625/test_graph_and_keyword_note_qu4/2/ChaChaNotes.db
2026-09-16 23:48:00.368 | WARNING  | tldw_Server_API.app.core.DB_Management.db_path_utils:resolve_user_db_base_dir:491 - USER_DB_BASE_DIR not configured in tests, using isolated fallback: /private/var/folders/sn/m80n2j152t9gw3w8qwk2nykh0000gn/T/tldw_user_databases_test/default-06a2956a
2026-09-16 23:48:00.368 | INFO     | tldw_Server_API.app.core.DB_Management.ChaChaNotes_DB:__init__:7657 - Initializing CharactersRAGDB for path: /private/var/folders/sn/m80n2j152t9gw3w8qwk2nykh0000gn/T/pytest-of-macbook-dev/pytest-625/test_graph_and_keyword_note_qu4/3/ChaChaNotes.db [Client ID: 3] (backend=postgresql)
2026-09-16 23:48:00.561 | DEBUG    | tldw_Server_API.app.core.DB_Management.ChaChaNotes_DB:__init__:7664 - CharactersRAGDB initialization completed successfully for /private/var/folders/sn/m80n2j152t9gw3w8qwk2nykh0000gn/T/pytest-of-macbook-dev/pytest-625/test_graph_and_keyword_note_qu4/3/ChaChaNotes.db
2026-09-16 23:48:00.563 | DEBUG    | tldw_Server_API.app.core.DB_Management.ChaChaNotes_DB:_get_connection_for_state:8036 - Acquired backend connection (postgresql) for thread 8346099072
2026-09-16 23:48:00.566 | INFO     | tldw_Server_API.app.core.DB_Management.chacha.note_store:_execute:124 - Added note 'Alice private Citrine' with ID: c1bc0931-34a7-4b10-a57d-abc6bbff814c.
2026-09-16 23:48:00.569 | INFO     | tldw_Server_API.app.core.DB_Management.chacha.note_store:_execute:124 - Added note 'Alice deleted Citrine' with ID: 7408c56d-d84a-49d8-8bd6-33e58e004667.
2026-09-16 23:48:00.573 | INFO     | tldw_Server_API.app.core.DB_Management.chacha.note_store:soft_delete_note:2221 - Soft-deleted note ID 7408c56d-d84a-49d8-8bd6-33e58e004667 (was v1), new version 2.
2026-09-16 23:48:00.581 | DEBUG    | tldw_Server_API.app.core.DB_Management.ChaChaNotes_DB:_get_connection_for_state:8036 - Acquired backend connection (postgresql) for thread 8346099072
2026-09-16 23:48:00.585 | INFO     | tldw_Server_API.app.core.DB_Management.chacha.note_store:_execute:124 - Added note 'Bob private Indigo' with ID: d5fb9e16-c95b-49df-a82b-825710e9aaf7.
2026-09-16 23:48:00.586 | DEBUG    | tldw_Server_API.app.core.DB_Management.ChaChaNotes_DB:close_connection:8110 - Returned backend connection (postgresql) for thread 8346099072.
2026-09-16 23:48:00.586 | DEBUG    | tldw_Server_API.app.core.DB_Management.ChaChaNotes_DB:close_connection:8110 - Returned backend connection (postgresql) for thread 8346099072.
----------------------------- Captured stderr call -----------------------------
2026-09-16 23:48:00.588 | DEBUG    | tldw_Server_API.app.core.DB_Management.ChaChaNotes_DB:_get_connection_for_state:8036 - Acquired backend connection (postgresql) for thread 8346099072
2026-09-16 23:48:00.590 | INFO     | tldw_Server_API.app.core.DB_Management.ChaChaNotes_DB:_add_generic_item:32615 - Added chacha_keywords 'Graph spacer' with ID: 1.
2026-09-16 23:48:00.593 | INFO     | tldw_Server_API.app.core.DB_Management.ChaChaNotes_DB:_add_generic_item:32615 - Added chacha_keywords 'ambertag' with ID: 2.
2026-09-16 23:48:00.596 | DEBUG    | tldw_Server_API.app.core.DB_Management.ChaChaNotes_DB:_get_connection_for_state:8036 - Acquired backend connection (postgresql) for thread 8346099072
2026-09-16 23:48:00.599 | INFO     | tldw_Server_API.app.core.DB_Management.ChaChaNotes_DB:_add_generic_item:32615 - Added chacha_keywords 'indigotag' with ID: 3.
2026-09-16 23:48:00.604 | DEBUG    | tldw_Server_API.app.core.DB_Management.ChaChaNotes_DB:_manage_link:34345 - Logged sync event for note_keywords: create on c1bc0931-34a7-4b10-a57d-abc6bbff814c_2
2026-09-16 23:48:00.605 | INFO     | tldw_Server_API.app.core.DB_Management.ChaChaNotes_DB:_manage_link:34347 - Linked note_keywords: note_id=c1bc0931-34a7-4b10-a57d-abc6bbff814c, keyword_id=2. Rows affected: 1
2026-09-16 23:48:00.610 | DEBUG    | tldw_Server_API.app.core.DB_Management.ChaChaNotes_DB:_manage_link:34345 - Logged sync event for note_keywords: create on d5fb9e16-c95b-49df-a82b-825710e9aaf7_3
2026-09-16 23:48:00.610 | INFO     | tldw_Server_API.app.core.DB_Management.ChaChaNotes_DB:_manage_link:34347 - Linked note_keywords: note_id=d5fb9e16-c95b-49df-a82b-825710e9aaf7, keyword_id=3. Rows affected: 1
2026-09-16 23:48:00.610 | DEBUG    | tldw_Server_API.app.core.DB_Management.ChaChaNotes_DB:execute_query:8286 - Executing SQL (script=False, backend=postgresql): SELECT DISTINCT n.id, n.last_modified FROM notes n JOIN note_keywords nk ON nk.note_id = n.id JOIN chacha_keywords k ON k.id = nk.keyword_id WHERE LOWER(k.keyword) = LOWER(?) AND k.deleted = ? ORDER BY n.last_modified DESC, n.id ASC LIMIT ?... Params: ('ambertag', False, 500)...
--------------------------- Captured stderr teardown ---------------------------
2026-09-16 23:48:00.615 | DEBUG    | tldw_Server_API.app.core.DB_Management.ChaChaNotes_DB:close_connection:8110 - Returned backend connection (postgresql) for thread 8346099072.
2026-09-16 23:48:00.615 | DEBUG    | tldw_Server_API.app.core.DB_Management.ChaChaNotes_DB:close_connection:8110 - Returned backend connection (postgresql) for thread 8346099072.
2026-09-16 23:48:00.637 | INFO     | tldw_Server_API.app.api.v1.API_Deps.ChaCha_Notes_DB_Deps:close_all_chacha_db_instances:876 - Closing all cached ChaChaNotesDB instances (0)...
2026-09-16 23:48:00.637 | INFO     | tldw_Server_API.app.api.v1.API_Deps.ChaCha_Notes_DB_Deps:close_all_chacha_db_instances:892 - All ChaChaNotesDB instances closed and cache cleared.
2026-09-16 23:48:00.637 | INFO     | tldw_Server_API.app.api.v1.API_Deps.ChaCha_Notes_DB_Deps:close_all_chacha_db_instances:876 - Closing all cached ChaChaNotesDB instances (0)...
2026-09-16 23:48:00.637 | INFO     | tldw_Server_API.app.api.v1.API_Deps.ChaCha_Notes_DB_Deps:close_all_chacha_db_instances:892 - All ChaChaNotesDB instances closed and cache cleared.
_____________ test_collection_owner_scope[postgres-parent-update] ______________
tldw_Server_API/tests/DB_Management/test_note_shared_owner_contract.py:285: in test_collection_owner_scope
    with pytest.raises((ConflictError, CharactersRAGDBError)):
E   Failed: DID NOT RAISE any of (<class 'tldw_Server_API.app.core.DB_Management.ChaChaNotes_DB.ConflictError'>, <class 'tldw_Server_API.app.core.DB_Management.ChaChaNotes_DB.CharactersRAGDBError'>)
---------------------------- Captured stderr setup -----------------------------
2026-09-16 23:48:00.659 | INFO     | tldw_Server_API.app.core.DB_Management.backends.factory:create_backend:392 - Creating postgresql backend
2026-09-16 23:48:00.660 | INFO     | tldw_Server_API.app.core.config:_buffered_log:210 - Determined ACTUAL_PROJECT_ROOT for database paths: /Users/macbook-dev/Documents/GitHub/tldw_server2
2026-09-16 23:48:00.660 | INFO     | tldw_Server_API.app.core.config:_buffered_log:210 - Early loading environment variables from: /Users/macbook-dev/Documents/GitHub/tldw_server2/tldw_Server_API/Config_Files/.env
2026-09-16 23:48:00.665 | INFO     | tldw_Server_API.app.core.config:_buffered_log:210 - Early loading environment variables from: /Users/macbook-dev/Documents/GitHub/tldw_server2/tldw_Server_API/Config_Files/.ENV
2026-09-16 23:48:00.669 | DEBUG    | tldw_Server_API.app.core.config:_buffered_log:210 - load_and_log_configs(): Loading and logging configurations...
2026-09-16 23:48:00.670 | INFO     | tldw_Server_API.app.core.config:_buffered_log:210 - Loading environment variables from: /Users/macbook-dev/Documents/GitHub/tldw_server2/tldw_Server_API/Config_Files/.env
2026-09-16 23:48:00.675 | INFO     | tldw_Server_API.app.core.config:_buffered_log:210 - Loading environment variables from: /Users/macbook-dev/Documents/GitHub/tldw_server2/tldw_Server_API/Config_Files/.ENV
2026-09-16 23:48:00.680 | INFO     | tldw_Server_API.app.core.config:_buffered_log:210 - Attempting to load comprehensive config from: /Users/macbook-dev/Documents/GitHub/tldw_server2/tldw_Server_API/Config_Files/config.txt
2026-09-16 23:48:00.682 | INFO     | tldw_Server_API.app.core.config:_buffered_log:210 - load_comprehensive_config(): Sections found in config: ['Setup', 'UI', 'Server', 'Files', 'Image-Generation', 'ACP', 'WORKSPACES', 'ACP-WORKSPACE', 'ACP-SANDBOX', 'Audit', 'Processing', 'Media-Processing', 'Chat-Dictionaries', 'Chat-Module', 'Chat-Commands', 'Chat-Templating', 'Character-Chat', 'Settings', 'Auto-Save', 'Prompts', 'Database', 'Chunking', 'Visual-RAG', 'AuthNZ', 'Streaming', 'HTTP', 'Egress', 'Embeddings', 'Claims', 'ClaimsMonitoring', 'RAG', 'Search-Agent', 'ResourceGovernor', 'Jobs', 'SlidesStandaloneHtml', 'Diarization', 'API', 'MLX', 'Local-API', 'LlamaCpp', 'STT-Settings', 'external_providers', 'TTS-Settings', 'VibeVoice', 'Audio-Quota', 'API-Routes', 'Search-Engines', 'Web-Scraper', 'Logging', 'Moderation', 'Redis', 'Web-Scraping', 'personalization', 'persona', 'persona.rbac']
2026-09-16 23:48:00.685 | INFO     | tldw_Server_API.app.core.config:_buffered_log:210 - Ensured main SQLite database directory exists: /Users/macbook-dev/Documents/GitHub/tldw_server2/Databases
2026-09-16 23:48:00.685 | INFO     | tldw_Server_API.app.core.config:_buffered_log:210 - Ensured user data base directory exists: Databases/user_databases
2026-09-16 23:48:00.685 | WARNING  | tldw_Server_API.app.core.DB_Management.db_path_utils:resolve_user_db_base_dir:491 - USER_DB_BASE_DIR not configured in tests, using isolated fallback: /private/var/folders/sn/m80n2j152t9gw3w8qwk2nykh0000gn/T/tldw_user_databases_test/default-06a2956a
2026-09-16 23:48:00.685 | INFO     | tldw_Server_API.app.core.DB_Management.ChaChaNotes_DB:__init__:7657 - Initializing CharactersRAGDB for path: /private/var/folders/sn/m80n2j152t9gw3w8qwk2nykh0000gn/T/pytest-of-macbook-dev/pytest-625/test_collection_owner_scope_po1/2/ChaChaNotes.db [Client ID: 2] (backend=postgresql)
2026-09-16 23:48:02.672 | DEBUG    | tldw_Server_API.app.core.DB_Management.ChaChaNotes_DB:__init__:7664 - CharactersRAGDB initialization completed successfully for /private/var/folders/sn/m80n2j152t9gw3w8qwk2nykh0000gn/T/pytest-of-macbook-dev/pytest-625/test_collection_owner_scope_po1/2/ChaChaNotes.db
2026-09-16 23:48:02.672 | WARNING  | tldw_Server_API.app.core.DB_Management.db_path_utils:resolve_user_db_base_dir:491 - USER_DB_BASE_DIR not configured in tests, using isolated fallback: /private/var/folders/sn/m80n2j152t9gw3w8qwk2nykh0000gn/T/tldw_user_databases_test/default-06a2956a
2026-09-16 23:48:02.673 | INFO     | tldw_Server_API.app.core.DB_Management.ChaChaNotes_DB:__init__:7657 - Initializing CharactersRAGDB for path: /private/var/folders/sn/m80n2j152t9gw3w8qwk2nykh0000gn/T/pytest-of-macbook-dev/pytest-625/test_collection_owner_scope_po1/3/ChaChaNotes.db [Client ID: 3] (backend=postgresql)
2026-09-16 23:48:02.865 | DEBUG    | tldw_Server_API.app.core.DB_Management.ChaChaNotes_DB:__init__:7664 - CharactersRAGDB initialization completed successfully for /private/var/folders/sn/m80n2j152t9gw3w8qwk2nykh0000gn/T/pytest-of-macbook-dev/pytest-625/test_collection_owner_scope_po1/3/ChaChaNotes.db
2026-09-16 23:48:02.868 | DEBUG    | tldw_Server_API.app.core.DB_Management.ChaChaNotes_DB:_get_connection_for_state:8036 - Acquired backend connection (postgresql) for thread 8346099072
2026-09-16 23:48:02.871 | INFO     | tldw_Server_API.app.core.DB_Management.chacha.note_store:_execute:124 - Added note 'Alice private Citrine' with ID: 0341ef71-6646-4c3e-8d48-167710177096.
2026-09-16 23:48:02.874 | INFO     | tldw_Server_API.app.core.DB_Management.chacha.note_store:_execute:124 - Added note 'Alice deleted Citrine' with ID: 29ab6229-689c-4657-903f-164a542880aa.
2026-09-16 23:48:02.878 | INFO     | tldw_Server_API.app.core.DB_Management.chacha.note_store:soft_delete_note:2221 - Soft-deleted note ID 29ab6229-689c-4657-903f-164a542880aa (was v1), new version 2.
2026-09-16 23:48:02.885 | DEBUG    | tldw_Server_API.app.core.DB_Management.ChaChaNotes_DB:_get_connection_for_state:8036 - Acquired backend connection (postgresql) for thread 8346099072
2026-09-16 23:48:02.888 | INFO     | tldw_Server_API.app.core.DB_Management.chacha.note_store:_execute:124 - Added note 'Bob private Indigo' with ID: 7b1dde88-396a-4645-84f1-4c40ebf8e772.
2026-09-16 23:48:02.889 | DEBUG    | tldw_Server_API.app.core.DB_Management.ChaChaNotes_DB:close_connection:8110 - Returned backend connection (postgresql) for thread 8346099072.
2026-09-16 23:48:02.889 | DEBUG    | tldw_Server_API.app.core.DB_Management.ChaChaNotes_DB:close_connection:8110 - Returned backend connection (postgresql) for thread 8346099072.
----------------------------- Captured stderr call -----------------------------
2026-09-16 23:48:02.891 | DEBUG    | tldw_Server_API.app.core.DB_Management.ChaChaNotes_DB:_get_connection_for_state:8036 - Acquired backend connection (postgresql) for thread 8346099072
2026-09-16 23:48:02.893 | INFO     | tldw_Server_API.app.core.DB_Management.ChaChaNotes_DB:_add_generic_item:32615 - Added keyword_collections 'Collection sequence spacer' with ID: 1.
2026-09-16 23:48:02.894 | INFO     | tldw_Server_API.app.core.DB_Management.ChaChaNotes_DB:_add_generic_item:32615 - Added keyword_collections 'Amber private collection' with ID: 2.
2026-09-16 23:48:02.896 | DEBUG    | tldw_Server_API.app.core.DB_Management.ChaChaNotes_DB:_get_connection_for_state:8036 - Acquired backend connection (postgresql) for thread 8346099072
2026-09-16 23:48:02.898 | INFO     | tldw_Server_API.app.core.DB_Management.ChaChaNotes_DB:_add_generic_item:32615 - Added keyword_collections 'Indigo own collection' with ID: 3.
2026-09-16 23:48:02.898 | DEBUG    | tldw_Server_API.app.core.DB_Management.ChaChaNotes_DB:execute_query:8286 - Executing SQL (script=False, backend=postgresql): SELECT * FROM keyword_collections WHERE id = ? AND deleted = 0... Params: (2,)...
2026-09-16 23:48:02.900 | INFO     | tldw_Server_API.app.core.DB_Management.ChaChaNotes_DB:_update_generic_item:32828 - Updated keyword_collections ID 3 from version 1 to version 2.
--------------------------- Captured stderr teardown ---------------------------
2026-09-16 23:48:02.904 | DEBUG    | tldw_Server_API.app.core.DB_Management.ChaChaNotes_DB:close_connection:8110 - Returned backend connection (postgresql) for thread 8346099072.
2026-09-16 23:48:02.904 | DEBUG    | tldw_Server_API.app.core.DB_Management.ChaChaNotes_DB:close_connection:8110 - Returned backend connection (postgresql) for thread 8346099072.
2026-09-16 23:48:02.923 | INFO     | tldw_Server_API.app.api.v1.API_Deps.ChaCha_Notes_DB_Deps:close_all_chacha_db_instances:876 - Closing all cached ChaChaNotesDB instances (0)...
2026-09-16 23:48:02.923 | INFO     | tldw_Server_API.app.api.v1.API_Deps.ChaCha_Notes_DB_Deps:close_all_chacha_db_instances:892 - All ChaChaNotesDB instances closed and cache cleared.
2026-09-16 23:48:02.923 | INFO     | tldw_Server_API.app.api.v1.API_Deps.ChaCha_Notes_DB_Deps:close_all_chacha_db_instances:876 - Closing all cached ChaChaNotesDB instances (0)...
2026-09-16 23:48:02.923 | INFO     | tldw_Server_API.app.api.v1.API_Deps.ChaCha_Notes_DB_Deps:close_all_chacha_db_instances:892 - All ChaChaNotesDB instances closed and cache cleared.
_________________ test_collection_owner_scope[postgres-update] _________________
tldw_Server_API/tests/DB_Management/test_note_shared_owner_contract.py:285: in test_collection_owner_scope
    with pytest.raises((ConflictError, CharactersRAGDBError)):
E   Failed: DID NOT RAISE any of (<class 'tldw_Server_API.app.core.DB_Management.ChaChaNotes_DB.ConflictError'>, <class 'tldw_Server_API.app.core.DB_Management.ChaChaNotes_DB.CharactersRAGDBError'>)
---------------------------- Captured stderr setup -----------------------------
2026-09-16 23:48:04.232 | INFO     | tldw_Server_API.app.core.DB_Management.backends.factory:create_backend:392 - Creating postgresql backend
2026-09-16 23:48:04.232 | INFO     | tldw_Server_API.app.core.config:_buffered_log:210 - Determined ACTUAL_PROJECT_ROOT for database paths: /Users/macbook-dev/Documents/GitHub/tldw_server2
2026-09-16 23:48:04.233 | INFO     | tldw_Server_API.app.core.config:_buffered_log:210 - Early loading environment variables from: /Users/macbook-dev/Documents/GitHub/tldw_server2/tldw_Server_API/Config_Files/.env
2026-09-16 23:48:04.237 | INFO     | tldw_Server_API.app.core.config:_buffered_log:210 - Early loading environment variables from: /Users/macbook-dev/Documents/GitHub/tldw_server2/tldw_Server_API/Config_Files/.ENV
2026-09-16 23:48:04.241 | DEBUG    | tldw_Server_API.app.core.config:_buffered_log:210 - load_and_log_configs(): Loading and logging configurations...
2026-09-16 23:48:04.241 | INFO     | tldw_Server_API.app.core.config:_buffered_log:210 - Loading environment variables from: /Users/macbook-dev/Documents/GitHub/tldw_server2/tldw_Server_API/Config_Files/.env
2026-09-16 23:48:04.246 | INFO     | tldw_Server_API.app.core.config:_buffered_log:210 - Loading environment variables from: /Users/macbook-dev/Documents/GitHub/tldw_server2/tldw_Server_API/Config_Files/.ENV
2026-09-16 23:48:04.250 | INFO     | tldw_Server_API.app.core.config:_buffered_log:210 - Attempting to load comprehensive config from: /Users/macbook-dev/Documents/GitHub/tldw_server2/tldw_Server_API/Config_Files/config.txt
2026-09-16 23:48:04.252 | INFO     | tldw_Server_API.app.core.config:_buffered_log:210 - load_comprehensive_config(): Sections found in config: ['Setup', 'UI', 'Server', 'Files', 'Image-Generation', 'ACP', 'WORKSPACES', 'ACP-WORKSPACE', 'ACP-SANDBOX', 'Audit', 'Processing', 'Media-Processing', 'Chat-Dictionaries', 'Chat-Module', 'Chat-Commands', 'Chat-Templating', 'Character-Chat', 'Settings', 'Auto-Save', 'Prompts', 'Database', 'Chunking', 'Visual-RAG', 'AuthNZ', 'Streaming', 'HTTP', 'Egress', 'Embeddings', 'Claims', 'ClaimsMonitoring', 'RAG', 'Search-Agent', 'ResourceGovernor', 'Jobs', 'SlidesStandaloneHtml', 'Diarization', 'API', 'MLX', 'Local-API', 'LlamaCpp', 'STT-Settings', 'external_providers', 'TTS-Settings', 'VibeVoice', 'Audio-Quota', 'API-Routes', 'Search-Engines', 'Web-Scraper', 'Logging', 'Moderation', 'Redis', 'Web-Scraping', 'personalization', 'persona', 'persona.rbac']
2026-09-16 23:48:04.254 | INFO     | tldw_Server_API.app.core.config:_buffered_log:210 - Ensured main SQLite database directory exists: /Users/macbook-dev/Documents/GitHub/tldw_server2/Databases
2026-09-16 23:48:04.254 | INFO     | tldw_Server_API.app.core.config:_buffered_log:210 - Ensured user data base directory exists: Databases/user_databases
2026-09-16 23:48:04.254 | WARNING  | tldw_Server_API.app.core.DB_Management.db_path_utils:resolve_user_db_base_dir:491 - USER_DB_BASE_DIR not configured in tests, using isolated fallback: /private/var/folders/sn/m80n2j152t9gw3w8qwk2nykh0000gn/T/tldw_user_databases_test/default-06a2956a
2026-09-16 23:48:04.255 | INFO     | tldw_Server_API.app.core.DB_Management.ChaChaNotes_DB:__init__:7657 - Initializing CharactersRAGDB for path: /private/var/folders/sn/m80n2j152t9gw3w8qwk2nykh0000gn/T/pytest-of-macbook-dev/pytest-625/test_collection_owner_scope_po2/2/ChaChaNotes.db [Client ID: 2] (backend=postgresql)
2026-09-16 23:48:05.533 | DEBUG    | tldw_Server_API.app.core.DB_Management.ChaChaNotes_DB:__init__:7664 - CharactersRAGDB initialization completed successfully for /private/var/folders/sn/m80n2j152t9gw3w8qwk2nykh0000gn/T/pytest-of-macbook-dev/pytest-625/test_collection_owner_scope_po2/2/ChaChaNotes.db
2026-09-16 23:48:05.534 | WARNING  | tldw_Server_API.app.core.DB_Management.db_path_utils:resolve_user_db_base_dir:491 - USER_DB_BASE_DIR not configured in tests, using isolated fallback: /private/var/folders/sn/m80n2j152t9gw3w8qwk2nykh0000gn/T/tldw_user_databases_test/default-06a2956a
2026-09-16 23:48:05.534 | INFO     | tldw_Server_API.app.core.DB_Management.ChaChaNotes_DB:__init__:7657 - Initializing CharactersRAGDB for path: /private/var/folders/sn/m80n2j152t9gw3w8qwk2nykh0000gn/T/pytest-of-macbook-dev/pytest-625/test_collection_owner_scope_po2/3/ChaChaNotes.db [Client ID: 3] (backend=postgresql)
2026-09-16 23:48:05.681 | DEBUG    | tldw_Server_API.app.core.DB_Management.ChaChaNotes_DB:__init__:7664 - CharactersRAGDB initialization completed successfully for /private/var/folders/sn/m80n2j152t9gw3w8qwk2nykh0000gn/T/pytest-of-macbook-dev/pytest-625/test_collection_owner_scope_po2/3/ChaChaNotes.db
2026-09-16 23:48:05.683 | DEBUG    | tldw_Server_API.app.core.DB_Management.ChaChaNotes_DB:_get_connection_for_state:8036 - Acquired backend connection (postgresql) for thread 8346099072
2026-09-16 23:48:05.685 | INFO     | tldw_Server_API.app.core.DB_Management.chacha.note_store:_execute:124 - Added note 'Alice private Citrine' with ID: 0301f815-c636-497d-b471-0d79f7ec8ae6.
2026-09-16 23:48:05.686 | INFO     | tldw_Server_API.app.core.DB_Management.chacha.note_store:_execute:124 - Added note 'Alice deleted Citrine' with ID: 09254915-9981-4127-be07-aa58af4b2122.
2026-09-16 23:48:05.689 | INFO     | tldw_Server_API.app.core.DB_Management.chacha.note_store:soft_delete_note:2221 - Soft-deleted note ID 09254915-9981-4127-be07-aa58af4b2122 (was v1), new version 2.
2026-09-16 23:48:05.693 | DEBUG    | tldw_Server_API.app.core.DB_Management.ChaChaNotes_DB:_get_connection_for_state:8036 - Acquired backend connection (postgresql) for thread 8346099072
2026-09-16 23:48:05.696 | INFO     | tldw_Server_API.app.core.DB_Management.chacha.note_store:_execute:124 - Added note 'Bob private Indigo' with ID: 0d0de40c-d9dc-463e-b527-d2fad5c57877.
2026-09-16 23:48:05.696 | DEBUG    | tldw_Server_API.app.core.DB_Management.ChaChaNotes_DB:close_connection:8110 - Returned backend connection (postgresql) for thread 8346099072.
2026-09-16 23:48:05.696 | DEBUG    | tldw_Server_API.app.core.DB_Management.ChaChaNotes_DB:close_connection:8110 - Returned backend connection (postgresql) for thread 8346099072.
----------------------------- Captured stderr call -----------------------------
2026-09-16 23:48:05.698 | DEBUG    | tldw_Server_API.app.core.DB_Management.ChaChaNotes_DB:_get_connection_for_state:8036 - Acquired backend connection (postgresql) for thread 8346099072
2026-09-16 23:48:05.699 | INFO     | tldw_Server_API.app.core.DB_Management.ChaChaNotes_DB:_add_generic_item:32615 - Added keyword_collections 'Collection sequence spacer' with ID: 1.
2026-09-16 23:48:05.700 | INFO     | tldw_Server_API.app.core.DB_Management.ChaChaNotes_DB:_add_generic_item:32615 - Added keyword_collections 'Amber private collection' with ID: 2.
2026-09-16 23:48:05.703 | DEBUG    | tldw_Server_API.app.core.DB_Management.ChaChaNotes_DB:_get_connection_for_state:8036 - Acquired backend connection (postgresql) for thread 8346099072
2026-09-16 23:48:05.703 | INFO     | tldw_Server_API.app.core.DB_Management.ChaChaNotes_DB:_add_generic_item:32615 - Added keyword_collections 'Indigo own collection' with ID: 3.
2026-09-16 23:48:05.704 | DEBUG    | tldw_Server_API.app.core.DB_Management.ChaChaNotes_DB:execute_query:8286 - Executing SQL (script=False, backend=postgresql): SELECT * FROM keyword_collections WHERE id = ? AND deleted = 0... Params: (2,)...
2026-09-16 23:48:05.705 | INFO     | tldw_Server_API.app.core.DB_Management.ChaChaNotes_DB:_update_generic_item:32828 - Updated keyword_collections ID 2 from version 1 to version 2.
--------------------------- Captured stderr teardown ---------------------------
2026-09-16 23:48:05.708 | DEBUG    | tldw_Server_API.app.core.DB_Management.ChaChaNotes_DB:close_connection:8110 - Returned backend connection (postgresql) for thread 8346099072.
2026-09-16 23:48:05.708 | DEBUG    | tldw_Server_API.app.core.DB_Management.ChaChaNotes_DB:close_connection:8110 - Returned backend connection (postgresql) for thread 8346099072.
2026-09-16 23:48:05.725 | INFO     | tldw_Server_API.app.api.v1.API_Deps.ChaCha_Notes_DB_Deps:close_all_chacha_db_instances:876 - Closing all cached ChaChaNotesDB instances (0)...
2026-09-16 23:48:05.725 | INFO     | tldw_Server_API.app.api.v1.API_Deps.ChaCha_Notes_DB_Deps:close_all_chacha_db_instances:892 - All ChaChaNotesDB instances closed and cache cleared.
2026-09-16 23:48:05.725 | INFO     | tldw_Server_API.app.api.v1.API_Deps.ChaCha_Notes_DB_Deps:close_all_chacha_db_instances:876 - Closing all cached ChaChaNotesDB instances (0)...
2026-09-16 23:48:05.726 | INFO     | tldw_Server_API.app.api.v1.API_Deps.ChaCha_Notes_DB_Deps:close_all_chacha_db_instances:892 - All ChaChaNotesDB instances closed and cache cleared.
_____ test_keyword_mutation_and_search_owner_scope[postgres-merge-target] ______
tldw_Server_API/tests/DB_Management/test_note_shared_owner_contract.py:251: in test_keyword_mutation_and_search_owner_scope
    with pytest.raises((ConflictError, CharactersRAGDBError)):
E   Failed: DID NOT RAISE any of (<class 'tldw_Server_API.app.core.DB_Management.ChaChaNotes_DB.ConflictError'>, <class 'tldw_Server_API.app.core.DB_Management.ChaChaNotes_DB.CharactersRAGDBError'>)
---------------------------- Captured stderr setup -----------------------------
2026-09-16 23:48:05.742 | INFO     | tldw_Server_API.app.core.DB_Management.backends.factory:create_backend:392 - Creating postgresql backend
2026-09-16 23:48:05.742 | INFO     | tldw_Server_API.app.core.config:_buffered_log:210 - Determined ACTUAL_PROJECT_ROOT for database paths: /Users/macbook-dev/Documents/GitHub/tldw_server2
2026-09-16 23:48:05.743 | INFO     | tldw_Server_API.app.core.config:_buffered_log:210 - Early loading environment variables from: /Users/macbook-dev/Documents/GitHub/tldw_server2/tldw_Server_API/Config_Files/.env
2026-09-16 23:48:05.747 | INFO     | tldw_Server_API.app.core.config:_buffered_log:210 - Early loading environment variables from: /Users/macbook-dev/Documents/GitHub/tldw_server2/tldw_Server_API/Config_Files/.ENV
2026-09-16 23:48:05.751 | DEBUG    | tldw_Server_API.app.core.config:_buffered_log:210 - load_and_log_configs(): Loading and logging configurations...
2026-09-16 23:48:05.751 | INFO     | tldw_Server_API.app.core.config:_buffered_log:210 - Loading environment variables from: /Users/macbook-dev/Documents/GitHub/tldw_server2/tldw_Server_API/Config_Files/.env
2026-09-16 23:48:05.755 | INFO     | tldw_Server_API.app.core.config:_buffered_log:210 - Loading environment variables from: /Users/macbook-dev/Documents/GitHub/tldw_server2/tldw_Server_API/Config_Files/.ENV
2026-09-16 23:48:05.760 | INFO     | tldw_Server_API.app.core.config:_buffered_log:210 - Attempting to load comprehensive config from: /Users/macbook-dev/Documents/GitHub/tldw_server2/tldw_Server_API/Config_Files/config.txt
2026-09-16 23:48:05.761 | INFO     | tldw_Server_API.app.core.config:_buffered_log:210 - load_comprehensive_config(): Sections found in config: ['Setup', 'UI', 'Server', 'Files', 'Image-Generation', 'ACP', 'WORKSPACES', 'ACP-WORKSPACE', 'ACP-SANDBOX', 'Audit', 'Processing', 'Media-Processing', 'Chat-Dictionaries', 'Chat-Module', 'Chat-Commands', 'Chat-Templating', 'Character-Chat', 'Settings', 'Auto-Save', 'Prompts', 'Database', 'Chunking', 'Visual-RAG', 'AuthNZ', 'Streaming', 'HTTP', 'Egress', 'Embeddings', 'Claims', 'ClaimsMonitoring', 'RAG', 'Search-Agent', 'ResourceGovernor', 'Jobs', 'SlidesStandaloneHtml', 'Diarization', 'API', 'MLX', 'Local-API', 'LlamaCpp', 'STT-Settings', 'external_providers', 'TTS-Settings', 'VibeVoice', 'Audio-Quota', 'API-Routes', 'Search-Engines', 'Web-Scraper', 'Logging', 'Moderation', 'Redis', 'Web-Scraping', 'personalization', 'persona', 'persona.rbac']
2026-09-16 23:48:05.763 | INFO     | tldw_Server_API.app.core.config:_buffered_log:210 - Ensured main SQLite database directory exists: /Users/macbook-dev/Documents/GitHub/tldw_server2/Databases
2026-09-16 23:48:05.763 | INFO     | tldw_Server_API.app.core.config:_buffered_log:210 - Ensured user data base directory exists: Databases/user_databases
2026-09-16 23:48:05.764 | WARNING  | tldw_Server_API.app.core.DB_Management.db_path_utils:resolve_user_db_base_dir:491 - USER_DB_BASE_DIR not configured in tests, using isolated fallback: /private/var/folders/sn/m80n2j152t9gw3w8qwk2nykh0000gn/T/tldw_user_databases_test/default-06a2956a
2026-09-16 23:48:05.764 | INFO     | tldw_Server_API.app.core.DB_Management.ChaChaNotes_DB:__init__:7657 - Initializing CharactersRAGDB for path: /private/var/folders/sn/m80n2j152t9gw3w8qwk2nykh0000gn/T/pytest-of-macbook-dev/pytest-625/test_keyword_mutation_and_sear3/2/ChaChaNotes.db [Client ID: 2] (backend=postgresql)
2026-09-16 23:48:07.040 | DEBUG    | tldw_Server_API.app.core.DB_Management.ChaChaNotes_DB:__init__:7664 - CharactersRAGDB initialization completed successfully for /private/var/folders/sn/m80n2j152t9gw3w8qwk2nykh0000gn/T/pytest-of-macbook-dev/pytest-625/test_keyword_mutation_and_sear3/2/ChaChaNotes.db
2026-09-16 23:48:07.041 | WARNING  | tldw_Server_API.app.core.DB_Management.db_path_utils:resolve_user_db_base_dir:491 - USER_DB_BASE_DIR not configured in tests, using isolated fallback: /private/var/folders/sn/m80n2j152t9gw3w8qwk2nykh0000gn/T/tldw_user_databases_test/default-06a2956a
2026-09-16 23:48:07.041 | INFO     | tldw_Server_API.app.core.DB_Management.ChaChaNotes_DB:__init__:7657 - Initializing CharactersRAGDB for path: /private/var/folders/sn/m80n2j152t9gw3w8qwk2nykh0000gn/T/pytest-of-macbook-dev/pytest-625/test_keyword_mutation_and_sear3/3/ChaChaNotes.db [Client ID: 3] (backend=postgresql)
2026-09-16 23:48:07.183 | DEBUG    | tldw_Server_API.app.core.DB_Management.ChaChaNotes_DB:__init__:7664 - CharactersRAGDB initialization completed successfully for /private/var/folders/sn/m80n2j152t9gw3w8qwk2nykh0000gn/T/pytest-of-macbook-dev/pytest-625/test_keyword_mutation_and_sear3/3/ChaChaNotes.db
2026-09-16 23:48:07.185 | DEBUG    | tldw_Server_API.app.core.DB_Management.ChaChaNotes_DB:_get_connection_for_state:8036 - Acquired backend connection (postgresql) for thread 8346099072
2026-09-16 23:48:07.186 | INFO     | tldw_Server_API.app.core.DB_Management.chacha.note_store:_execute:124 - Added note 'Alice private Citrine' with ID: fc272b4e-6cee-4d52-9199-4e9100400257.
2026-09-16 23:48:07.188 | INFO     | tldw_Server_API.app.core.DB_Management.chacha.note_store:_execute:124 - Added note 'Alice deleted Citrine' with ID: 1c82edae-4cef-4135-9d7a-3617087787c7.
2026-09-16 23:48:07.191 | INFO     | tldw_Server_API.app.core.DB_Management.chacha.note_store:soft_delete_note:2221 - Soft-deleted note ID 1c82edae-4cef-4135-9d7a-3617087787c7 (was v1), new version 2.
2026-09-16 23:48:07.196 | DEBUG    | tldw_Server_API.app.core.DB_Management.ChaChaNotes_DB:_get_connection_for_state:8036 - Acquired backend connection (postgresql) for thread 8346099072
2026-09-16 23:48:07.199 | INFO     | tldw_Server_API.app.core.DB_Management.chacha.note_store:_execute:124 - Added note 'Bob private Indigo' with ID: 43bc6a99-35b7-4ae0-a29b-70d4d587af67.
2026-09-16 23:48:07.199 | DEBUG    | tldw_Server_API.app.core.DB_Management.ChaChaNotes_DB:close_connection:8110 - Returned backend connection (postgresql) for thread 8346099072.
2026-09-16 23:48:07.199 | DEBUG    | tldw_Server_API.app.core.DB_Management.ChaChaNotes_DB:close_connection:8110 - Returned backend connection (postgresql) for thread 8346099072.
----------------------------- Captured stderr call -----------------------------
2026-09-16 23:48:07.201 | DEBUG    | tldw_Server_API.app.core.DB_Management.ChaChaNotes_DB:_get_connection_for_state:8036 - Acquired backend connection (postgresql) for thread 8346099072
2026-09-16 23:48:07.202 | INFO     | tldw_Server_API.app.core.DB_Management.ChaChaNotes_DB:_add_generic_item:32615 - Added chacha_keywords 'Foreign sequence spacer' with ID: 1.
2026-09-16 23:48:07.203 | INFO     | tldw_Server_API.app.core.DB_Management.ChaChaNotes_DB:_add_generic_item:32615 - Added chacha_keywords 'Amber-private' with ID: 2.
2026-09-16 23:48:07.205 | DEBUG    | tldw_Server_API.app.core.DB_Management.ChaChaNotes_DB:_get_connection_for_state:8036 - Acquired backend connection (postgresql) for thread 8346099072
2026-09-16 23:48:07.206 | INFO     | tldw_Server_API.app.core.DB_Management.ChaChaNotes_DB:_add_generic_item:32615 - Added chacha_keywords 'Indigo-owned' with ID: 3.
2026-09-16 23:48:07.207 | DEBUG    | tldw_Server_API.app.core.DB_Management.ChaChaNotes_DB:execute_query:8286 - Executing SQL (script=False, backend=postgresql): SELECT * FROM chacha_keywords WHERE id = ? AND deleted = 0... Params: (2,)...
--------------------------- Captured stderr teardown ---------------------------
2026-09-16 23:48:07.213 | DEBUG    | tldw_Server_API.app.core.DB_Management.ChaChaNotes_DB:close_connection:8110 - Returned backend connection (postgresql) for thread 8346099072.
2026-09-16 23:48:07.213 | DEBUG    | tldw_Server_API.app.core.DB_Management.ChaChaNotes_DB:close_connection:8110 - Returned backend connection (postgresql) for thread 8346099072.
2026-09-16 23:48:07.229 | INFO     | tldw_Server_API.app.api.v1.API_Deps.ChaCha_Notes_DB_Deps:close_all_chacha_db_instances:876 - Closing all cached ChaChaNotesDB instances (0)...
2026-09-16 23:48:07.229 | INFO     | tldw_Server_API.app.api.v1.API_Deps.ChaCha_Notes_DB_Deps:close_all_chacha_db_instances:892 - All ChaChaNotesDB instances closed and cache cleared.
2026-09-16 23:48:07.229 | INFO     | tldw_Server_API.app.api.v1.API_Deps.ChaCha_Notes_DB_Deps:close_all_chacha_db_instances:876 - Closing all cached ChaChaNotesDB instances (0)...
2026-09-16 23:48:07.229 | INFO     | tldw_Server_API.app.api.v1.API_Deps.ChaCha_Notes_DB_Deps:close_all_chacha_db_instances:892 - All ChaChaNotesDB instances closed and cache cleared.
_________________ test_collection_owner_scope[postgres-search] _________________
tldw_Server_API/tests/DB_Management/test_note_shared_owner_contract.py:283: in test_collection_owner_scope
    assert f.bob.search_keyword_collections("Amber") == []
E   AssertionError: assert [{'client_id'...'id': 2, ...}] == []
E
E     Left contains one more item: {'client_id': '2', 'created_at': datetime.datetime(2026, 9, 17, 6, 48, 8, 706000, tzinfo=zoneinfo.ZoneInfo(key='Etc/UTC')), 'deleted': False, 'id': 2, ...}
E     Use -v to get more diff
---------------------------- Captured stderr setup -----------------------------
2026-09-16 23:48:07.246 | INFO     | tldw_Server_API.app.core.DB_Management.backends.factory:create_backend:392 - Creating postgresql backend
2026-09-16 23:48:07.246 | INFO     | tldw_Server_API.app.core.config:_buffered_log:210 - Determined ACTUAL_PROJECT_ROOT for database paths: /Users/macbook-dev/Documents/GitHub/tldw_server2
2026-09-16 23:48:07.247 | INFO     | tldw_Server_API.app.core.config:_buffered_log:210 - Early loading environment variables from: /Users/macbook-dev/Documents/GitHub/tldw_server2/tldw_Server_API/Config_Files/.env
2026-09-16 23:48:07.251 | INFO     | tldw_Server_API.app.core.config:_buffered_log:210 - Early loading environment variables from: /Users/macbook-dev/Documents/GitHub/tldw_server2/tldw_Server_API/Config_Files/.ENV
2026-09-16 23:48:07.255 | DEBUG    | tldw_Server_API.app.core.config:_buffered_log:210 - load_and_log_configs(): Loading and logging configurations...
2026-09-16 23:48:07.255 | INFO     | tldw_Server_API.app.core.config:_buffered_log:210 - Loading environment variables from: /Users/macbook-dev/Documents/GitHub/tldw_server2/tldw_Server_API/Config_Files/.env
2026-09-16 23:48:07.260 | INFO     | tldw_Server_API.app.core.config:_buffered_log:210 - Loading environment variables from: /Users/macbook-dev/Documents/GitHub/tldw_server2/tldw_Server_API/Config_Files/.ENV
2026-09-16 23:48:07.264 | INFO     | tldw_Server_API.app.core.config:_buffered_log:210 - Attempting to load comprehensive config from: /Users/macbook-dev/Documents/GitHub/tldw_server2/tldw_Server_API/Config_Files/config.txt
2026-09-16 23:48:07.267 | INFO     | tldw_Server_API.app.core.config:_buffered_log:210 - load_comprehensive_config(): Sections found in config: ['Setup', 'UI', 'Server', 'Files', 'Image-Generation', 'ACP', 'WORKSPACES', 'ACP-WORKSPACE', 'ACP-SANDBOX', 'Audit', 'Processing', 'Media-Processing', 'Chat-Dictionaries', 'Chat-Module', 'Chat-Commands', 'Chat-Templating', 'Character-Chat', 'Settings', 'Auto-Save', 'Prompts', 'Database', 'Chunking', 'Visual-RAG', 'AuthNZ', 'Streaming', 'HTTP', 'Egress', 'Embeddings', 'Claims', 'ClaimsMonitoring', 'RAG', 'Search-Agent', 'ResourceGovernor', 'Jobs', 'SlidesStandaloneHtml', 'Diarization', 'API', 'MLX', 'Local-API', 'LlamaCpp', 'STT-Settings', 'external_providers', 'TTS-Settings', 'VibeVoice', 'Audio-Quota', 'API-Routes', 'Search-Engines', 'Web-Scraper', 'Logging', 'Moderation', 'Redis', 'Web-Scraping', 'personalization', 'persona', 'persona.rbac']
2026-09-16 23:48:07.269 | INFO     | tldw_Server_API.app.core.config:_buffered_log:210 - Ensured main SQLite database directory exists: /Users/macbook-dev/Documents/GitHub/tldw_server2/Databases
2026-09-16 23:48:07.269 | INFO     | tldw_Server_API.app.core.config:_buffered_log:210 - Ensured user data base directory exists: Databases/user_databases
2026-09-16 23:48:07.269 | WARNING  | tldw_Server_API.app.core.DB_Management.db_path_utils:resolve_user_db_base_dir:491 - USER_DB_BASE_DIR not configured in tests, using isolated fallback: /private/var/folders/sn/m80n2j152t9gw3w8qwk2nykh0000gn/T/tldw_user_databases_test/default-06a2956a
2026-09-16 23:48:07.269 | INFO     | tldw_Server_API.app.core.DB_Management.ChaChaNotes_DB:__init__:7657 - Initializing CharactersRAGDB for path: /private/var/folders/sn/m80n2j152t9gw3w8qwk2nykh0000gn/T/pytest-of-macbook-dev/pytest-625/test_collection_owner_scope_po3/2/ChaChaNotes.db [Client ID: 2] (backend=postgresql)
2026-09-16 23:48:08.543 | DEBUG    | tldw_Server_API.app.core.DB_Management.ChaChaNotes_DB:__init__:7664 - CharactersRAGDB initialization completed successfully for /private/var/folders/sn/m80n2j152t9gw3w8qwk2nykh0000gn/T/pytest-of-macbook-dev/pytest-625/test_collection_owner_scope_po3/2/ChaChaNotes.db
2026-09-16 23:48:08.543 | WARNING  | tldw_Server_API.app.core.DB_Management.db_path_utils:resolve_user_db_base_dir:491 - USER_DB_BASE_DIR not configured in tests, using isolated fallback: /private/var/folders/sn/m80n2j152t9gw3w8qwk2nykh0000gn/T/tldw_user_databases_test/default-06a2956a
2026-09-16 23:48:08.543 | INFO     | tldw_Server_API.app.core.DB_Management.ChaChaNotes_DB:__init__:7657 - Initializing CharactersRAGDB for path: /private/var/folders/sn/m80n2j152t9gw3w8qwk2nykh0000gn/T/pytest-of-macbook-dev/pytest-625/test_collection_owner_scope_po3/3/ChaChaNotes.db [Client ID: 3] (backend=postgresql)
2026-09-16 23:48:08.688 | DEBUG    | tldw_Server_API.app.core.DB_Management.ChaChaNotes_DB:__init__:7664 - CharactersRAGDB initialization completed successfully for /private/var/folders/sn/m80n2j152t9gw3w8qwk2nykh0000gn/T/pytest-of-macbook-dev/pytest-625/test_collection_owner_scope_po3/3/ChaChaNotes.db
2026-09-16 23:48:08.689 | DEBUG    | tldw_Server_API.app.core.DB_Management.ChaChaNotes_DB:_get_connection_for_state:8036 - Acquired backend connection (postgresql) for thread 8346099072
2026-09-16 23:48:08.691 | INFO     | tldw_Server_API.app.core.DB_Management.chacha.note_store:_execute:124 - Added note 'Alice private Citrine' with ID: ad106cca-276a-4bb6-af8e-9050701836bb.
2026-09-16 23:48:08.693 | INFO     | tldw_Server_API.app.core.DB_Management.chacha.note_store:_execute:124 - Added note 'Alice deleted Citrine' with ID: 140b77c0-2774-4318-827a-13a95e265cb4.
2026-09-16 23:48:08.695 | INFO     | tldw_Server_API.app.core.DB_Management.chacha.note_store:soft_delete_note:2221 - Soft-deleted note ID 140b77c0-2774-4318-827a-13a95e265cb4 (was v1), new version 2.
2026-09-16 23:48:08.700 | DEBUG    | tldw_Server_API.app.core.DB_Management.ChaChaNotes_DB:_get_connection_for_state:8036 - Acquired backend connection (postgresql) for thread 8346099072
2026-09-16 23:48:08.703 | INFO     | tldw_Server_API.app.core.DB_Management.chacha.note_store:_execute:124 - Added note 'Bob private Indigo' with ID: c336ded0-3b92-4736-8ad4-1377432a6104.
2026-09-16 23:48:08.703 | DEBUG    | tldw_Server_API.app.core.DB_Management.ChaChaNotes_DB:close_connection:8110 - Returned backend connection (postgresql) for thread 8346099072.
2026-09-16 23:48:08.703 | DEBUG    | tldw_Server_API.app.core.DB_Management.ChaChaNotes_DB:close_connection:8110 - Returned backend connection (postgresql) for thread 8346099072.
----------------------------- Captured stderr call -----------------------------
2026-09-16 23:48:08.705 | DEBUG    | tldw_Server_API.app.core.DB_Management.ChaChaNotes_DB:_get_connection_for_state:8036 - Acquired backend connection (postgresql) for thread 8346099072
2026-09-16 23:48:08.706 | INFO     | tldw_Server_API.app.core.DB_Management.ChaChaNotes_DB:_add_generic_item:32615 - Added keyword_collections 'Collection sequence spacer' with ID: 1.
2026-09-16 23:48:08.707 | INFO     | tldw_Server_API.app.core.DB_Management.ChaChaNotes_DB:_add_generic_item:32615 - Added keyword_collections 'Amber private collection' with ID: 2.
2026-09-16 23:48:08.709 | DEBUG    | tldw_Server_API.app.core.DB_Management.ChaChaNotes_DB:_get_connection_for_state:8036 - Acquired backend connection (postgresql) for thread 8346099072
2026-09-16 23:48:08.710 | INFO     | tldw_Server_API.app.core.DB_Management.ChaChaNotes_DB:_add_generic_item:32615 - Added keyword_collections 'Indigo own collection' with ID: 3.
2026-09-16 23:48:08.711 | DEBUG    | tldw_Server_API.app.core.DB_Management.ChaChaNotes_DB:execute_query:8286 - Executing SQL (script=False, backend=postgresql): SELECT * FROM keyword_collections WHERE id = ? AND deleted = 0... Params: (2,)...
2026-09-16 23:48:08.711 | DEBUG    | tldw_Server_API.app.core.DB_Management.ChaChaNotes_DB:execute_query:8286 - Executing SQL (script=False, backend=postgresql):
                SELECT main.*, ts_rank(main.keyword_collections_fts_tsv, to_tsquery('english', ?)) AS rank
                FROM keyword_collections main
                WHERE main.deleted = FALSE
                  AND main.keyword_collections_fts_tsv @@ to_tsquery('english', ?)
                ORDE... Params: ('"Amber"', '"Amber"', 10)...
--------------------------- Captured stderr teardown ---------------------------
2026-09-16 23:48:08.715 | DEBUG    | tldw_Server_API.app.core.DB_Management.ChaChaNotes_DB:close_connection:8110 - Returned backend connection (postgresql) for thread 8346099072.
2026-09-16 23:48:08.715 | DEBUG    | tldw_Server_API.app.core.DB_Management.ChaChaNotes_DB:close_connection:8110 - Returned backend connection (postgresql) for thread 8346099072.
2026-09-16 23:48:08.729 | INFO     | tldw_Server_API.app.api.v1.API_Deps.ChaCha_Notes_DB_Deps:close_all_chacha_db_instances:876 - Closing all cached ChaChaNotesDB instances (0)...
2026-09-16 23:48:08.729 | INFO     | tldw_Server_API.app.api.v1.API_Deps.ChaCha_Notes_DB_Deps:close_all_chacha_db_instances:892 - All ChaChaNotesDB instances closed and cache cleared.
2026-09-16 23:48:08.729 | INFO     | tldw_Server_API.app.api.v1.API_Deps.ChaCha_Notes_DB_Deps:close_all_chacha_db_instances:876 - Closing all cached ChaChaNotesDB instances (0)...
2026-09-16 23:48:08.729 | INFO     | tldw_Server_API.app.api.v1.API_Deps.ChaCha_Notes_DB_Deps:close_all_chacha_db_instances:892 - All ChaChaNotesDB instances closed and cache cleared.
________ test_keyword_mutation_and_search_owner_scope[postgres-delete] _________
tldw_Server_API/tests/DB_Management/test_note_shared_owner_contract.py:251: in test_keyword_mutation_and_search_owner_scope
    with pytest.raises((ConflictError, CharactersRAGDBError)):
E   Failed: DID NOT RAISE any of (<class 'tldw_Server_API.app.core.DB_Management.ChaChaNotes_DB.ConflictError'>, <class 'tldw_Server_API.app.core.DB_Management.ChaChaNotes_DB.CharactersRAGDBError'>)
---------------------------- Captured stderr setup -----------------------------
2026-09-16 23:48:08.746 | INFO     | tldw_Server_API.app.core.DB_Management.backends.factory:create_backend:392 - Creating postgresql backend
2026-09-16 23:48:08.746 | INFO     | tldw_Server_API.app.core.config:_buffered_log:210 - Determined ACTUAL_PROJECT_ROOT for database paths: /Users/macbook-dev/Documents/GitHub/tldw_server2
2026-09-16 23:48:08.747 | INFO     | tldw_Server_API.app.core.config:_buffered_log:210 - Early loading environment variables from: /Users/macbook-dev/Documents/GitHub/tldw_server2/tldw_Server_API/Config_Files/.env
2026-09-16 23:48:08.751 | INFO     | tldw_Server_API.app.core.config:_buffered_log:210 - Early loading environment variables from: /Users/macbook-dev/Documents/GitHub/tldw_server2/tldw_Server_API/Config_Files/.ENV
2026-09-16 23:48:08.755 | DEBUG    | tldw_Server_API.app.core.config:_buffered_log:210 - load_and_log_configs(): Loading and logging configurations...
2026-09-16 23:48:08.755 | INFO     | tldw_Server_API.app.core.config:_buffered_log:210 - Loading environment variables from: /Users/macbook-dev/Documents/GitHub/tldw_server2/tldw_Server_API/Config_Files/.env
2026-09-16 23:48:08.759 | INFO     | tldw_Server_API.app.core.config:_buffered_log:210 - Loading environment variables from: /Users/macbook-dev/Documents/GitHub/tldw_server2/tldw_Server_API/Config_Files/.ENV
2026-09-16 23:48:08.764 | INFO     | tldw_Server_API.app.core.config:_buffered_log:210 - Attempting to load comprehensive config from: /Users/macbook-dev/Documents/GitHub/tldw_server2/tldw_Server_API/Config_Files/config.txt
2026-09-16 23:48:08.766 | INFO     | tldw_Server_API.app.core.config:_buffered_log:210 - load_comprehensive_config(): Sections found in config: ['Setup', 'UI', 'Server', 'Files', 'Image-Generation', 'ACP', 'WORKSPACES', 'ACP-WORKSPACE', 'ACP-SANDBOX', 'Audit', 'Processing', 'Media-Processing', 'Chat-Dictionaries', 'Chat-Module', 'Chat-Commands', 'Chat-Templating', 'Character-Chat', 'Settings', 'Auto-Save', 'Prompts', 'Database', 'Chunking', 'Visual-RAG', 'AuthNZ', 'Streaming', 'HTTP', 'Egress', 'Embeddings', 'Claims', 'ClaimsMonitoring', 'RAG', 'Search-Agent', 'ResourceGovernor', 'Jobs', 'SlidesStandaloneHtml', 'Diarization', 'API', 'MLX', 'Local-API', 'LlamaCpp', 'STT-Settings', 'external_providers', 'TTS-Settings', 'VibeVoice', 'Audio-Quota', 'API-Routes', 'Search-Engines', 'Web-Scraper', 'Logging', 'Moderation', 'Redis', 'Web-Scraping', 'personalization', 'persona', 'persona.rbac']
2026-09-16 23:48:08.768 | INFO     | tldw_Server_API.app.core.config:_buffered_log:210 - Ensured main SQLite database directory exists: /Users/macbook-dev/Documents/GitHub/tldw_server2/Databases
2026-09-16 23:48:08.768 | INFO     | tldw_Server_API.app.core.config:_buffered_log:210 - Ensured user data base directory exists: Databases/user_databases
2026-09-16 23:48:08.768 | WARNING  | tldw_Server_API.app.core.DB_Management.db_path_utils:resolve_user_db_base_dir:491 - USER_DB_BASE_DIR not configured in tests, using isolated fallback: /private/var/folders/sn/m80n2j152t9gw3w8qwk2nykh0000gn/T/tldw_user_databases_test/default-06a2956a
2026-09-16 23:48:08.768 | INFO     | tldw_Server_API.app.core.DB_Management.ChaChaNotes_DB:__init__:7657 - Initializing CharactersRAGDB for path: /private/var/folders/sn/m80n2j152t9gw3w8qwk2nykh0000gn/T/pytest-of-macbook-dev/pytest-625/test_keyword_mutation_and_sear4/2/ChaChaNotes.db [Client ID: 2] (backend=postgresql)
2026-09-16 23:48:10.095 | DEBUG    | tldw_Server_API.app.core.DB_Management.ChaChaNotes_DB:__init__:7664 - CharactersRAGDB initialization completed successfully for /private/var/folders/sn/m80n2j152t9gw3w8qwk2nykh0000gn/T/pytest-of-macbook-dev/pytest-625/test_keyword_mutation_and_sear4/2/ChaChaNotes.db
2026-09-16 23:48:10.096 | WARNING  | tldw_Server_API.app.core.DB_Management.db_path_utils:resolve_user_db_base_dir:491 - USER_DB_BASE_DIR not configured in tests, using isolated fallback: /private/var/folders/sn/m80n2j152t9gw3w8qwk2nykh0000gn/T/tldw_user_databases_test/default-06a2956a
2026-09-16 23:48:10.096 | INFO     | tldw_Server_API.app.core.DB_Management.ChaChaNotes_DB:__init__:7657 - Initializing CharactersRAGDB for path: /private/var/folders/sn/m80n2j152t9gw3w8qwk2nykh0000gn/T/pytest-of-macbook-dev/pytest-625/test_keyword_mutation_and_sear4/3/ChaChaNotes.db [Client ID: 3] (backend=postgresql)
2026-09-16 23:48:10.248 | DEBUG    | tldw_Server_API.app.core.DB_Management.ChaChaNotes_DB:__init__:7664 - CharactersRAGDB initialization completed successfully for /private/var/folders/sn/m80n2j152t9gw3w8qwk2nykh0000gn/T/pytest-of-macbook-dev/pytest-625/test_keyword_mutation_and_sear4/3/ChaChaNotes.db
2026-09-16 23:48:10.250 | DEBUG    | tldw_Server_API.app.core.DB_Management.ChaChaNotes_DB:_get_connection_for_state:8036 - Acquired backend connection (postgresql) for thread 8346099072
2026-09-16 23:48:10.252 | INFO     | tldw_Server_API.app.core.DB_Management.chacha.note_store:_execute:124 - Added note 'Alice private Citrine' with ID: d3a7b66e-9ba7-4f4c-870b-368111f8e677.
2026-09-16 23:48:10.254 | INFO     | tldw_Server_API.app.core.DB_Management.chacha.note_store:_execute:124 - Added note 'Alice deleted Citrine' with ID: 1a42070b-cbad-4572-b460-389e68c3096e.
2026-09-16 23:48:10.257 | INFO     | tldw_Server_API.app.core.DB_Management.chacha.note_store:soft_delete_note:2221 - Soft-deleted note ID 1a42070b-cbad-4572-b460-389e68c3096e (was v1), new version 2.
2026-09-16 23:48:10.262 | DEBUG    | tldw_Server_API.app.core.DB_Management.ChaChaNotes_DB:_get_connection_for_state:8036 - Acquired backend connection (postgresql) for thread 8346099072
2026-09-16 23:48:10.265 | INFO     | tldw_Server_API.app.core.DB_Management.chacha.note_store:_execute:124 - Added note 'Bob private Indigo' with ID: 6fa9bde1-dbbf-4543-9171-7737a0801a84.
2026-09-16 23:48:10.265 | DEBUG    | tldw_Server_API.app.core.DB_Management.ChaChaNotes_DB:close_connection:8110 - Returned backend connection (postgresql) for thread 8346099072.
2026-09-16 23:48:10.265 | DEBUG    | tldw_Server_API.app.core.DB_Management.ChaChaNotes_DB:close_connection:8110 - Returned backend connection (postgresql) for thread 8346099072.
----------------------------- Captured stderr call -----------------------------
2026-09-16 23:48:10.267 | DEBUG    | tldw_Server_API.app.core.DB_Management.ChaChaNotes_DB:_get_connection_for_state:8036 - Acquired backend connection (postgresql) for thread 8346099072
2026-09-16 23:48:10.268 | INFO     | tldw_Server_API.app.core.DB_Management.ChaChaNotes_DB:_add_generic_item:32615 - Added chacha_keywords 'Foreign sequence spacer' with ID: 1.
2026-09-16 23:48:10.269 | INFO     | tldw_Server_API.app.core.DB_Management.ChaChaNotes_DB:_add_generic_item:32615 - Added chacha_keywords 'Amber-private' with ID: 2.
2026-09-16 23:48:10.272 | DEBUG    | tldw_Server_API.app.core.DB_Management.ChaChaNotes_DB:_get_connection_for_state:8036 - Acquired backend connection (postgresql) for thread 8346099072
2026-09-16 23:48:10.273 | INFO     | tldw_Server_API.app.core.DB_Management.ChaChaNotes_DB:_add_generic_item:32615 - Added chacha_keywords 'Indigo-owned' with ID: 3.
2026-09-16 23:48:10.273 | DEBUG    | tldw_Server_API.app.core.DB_Management.ChaChaNotes_DB:execute_query:8286 - Executing SQL (script=False, backend=postgresql): SELECT * FROM chacha_keywords WHERE id = ? AND deleted = 0... Params: (2,)...
2026-09-16 23:48:10.274 | INFO     | tldw_Server_API.app.core.DB_Management.ChaChaNotes_DB:_soft_delete_generic_item:32943 - Soft-deleted keywords ID 2 (was version 1), new version 2.
--------------------------- Captured stderr teardown ---------------------------
2026-09-16 23:48:10.277 | DEBUG    | tldw_Server_API.app.core.DB_Management.ChaChaNotes_DB:close_connection:8110 - Returned backend connection (postgresql) for thread 8346099072.
2026-09-16 23:48:10.277 | DEBUG    | tldw_Server_API.app.core.DB_Management.ChaChaNotes_DB:close_connection:8110 - Returned backend connection (postgresql) for thread 8346099072.
2026-09-16 23:48:10.292 | INFO     | tldw_Server_API.app.api.v1.API_Deps.ChaCha_Notes_DB_Deps:close_all_chacha_db_instances:876 - Closing all cached ChaChaNotesDB instances (0)...
2026-09-16 23:48:10.293 | INFO     | tldw_Server_API.app.api.v1.API_Deps.ChaCha_Notes_DB_Deps:close_all_chacha_db_instances:892 - All ChaChaNotesDB instances closed and cache cleared.
2026-09-16 23:48:10.293 | INFO     | tldw_Server_API.app.api.v1.API_Deps.ChaCha_Notes_DB_Deps:close_all_chacha_db_instances:876 - Closing all cached ChaChaNotesDB instances (0)...
2026-09-16 23:48:10.293 | INFO     | tldw_Server_API.app.api.v1.API_Deps.ChaCha_Notes_DB_Deps:close_all_chacha_db_instances:892 - All ChaChaNotesDB instances closed and cache cleared.
________ test_keyword_mutation_and_search_owner_scope[postgres-search] _________
tldw_Server_API/tests/DB_Management/test_note_shared_owner_contract.py:249: in test_keyword_mutation_and_search_owner_scope
    assert f.bob.search_keywords("Amber" if operation == "search" else "Amber-private") == []
E   AssertionError: assert [{'client_id'...'id': 2, ...}] == []
E
E     Left contains one more item: {'client_id': '2', 'created_at': datetime.datetime(2026, 9, 17, 6, 48, 14, 194000, tzinfo=zoneinfo.ZoneInfo(key='Etc/UTC')), 'deleted': False, 'id': 2, ...}
E     Use -v to get more diff
---------------------------- Captured stderr setup -----------------------------
2026-09-16 23:48:12.725 | INFO     | tldw_Server_API.app.core.DB_Management.backends.factory:create_backend:392 - Creating postgresql backend
2026-09-16 23:48:12.726 | INFO     | tldw_Server_API.app.core.config:_buffered_log:210 - Determined ACTUAL_PROJECT_ROOT for database paths: /Users/macbook-dev/Documents/GitHub/tldw_server2
2026-09-16 23:48:12.726 | INFO     | tldw_Server_API.app.core.config:_buffered_log:210 - Early loading environment variables from: /Users/macbook-dev/Documents/GitHub/tldw_server2/tldw_Server_API/Config_Files/.env
2026-09-16 23:48:12.730 | INFO     | tldw_Server_API.app.core.config:_buffered_log:210 - Early loading environment variables from: /Users/macbook-dev/Documents/GitHub/tldw_server2/tldw_Server_API/Config_Files/.ENV
2026-09-16 23:48:12.734 | DEBUG    | tldw_Server_API.app.core.config:_buffered_log:210 - load_and_log_configs(): Loading and logging configurations...
2026-09-16 23:48:12.735 | INFO     | tldw_Server_API.app.core.config:_buffered_log:210 - Loading environment variables from: /Users/macbook-dev/Documents/GitHub/tldw_server2/tldw_Server_API/Config_Files/.env
2026-09-16 23:48:12.739 | INFO     | tldw_Server_API.app.core.config:_buffered_log:210 - Loading environment variables from: /Users/macbook-dev/Documents/GitHub/tldw_server2/tldw_Server_API/Config_Files/.ENV
2026-09-16 23:48:12.744 | INFO     | tldw_Server_API.app.core.config:_buffered_log:210 - Attempting to load comprehensive config from: /Users/macbook-dev/Documents/GitHub/tldw_server2/tldw_Server_API/Config_Files/config.txt
2026-09-16 23:48:12.745 | INFO     | tldw_Server_API.app.core.config:_buffered_log:210 - load_comprehensive_config(): Sections found in config: ['Setup', 'UI', 'Server', 'Files', 'Image-Generation', 'ACP', 'WORKSPACES', 'ACP-WORKSPACE', 'ACP-SANDBOX', 'Audit', 'Processing', 'Media-Processing', 'Chat-Dictionaries', 'Chat-Module', 'Chat-Commands', 'Chat-Templating', 'Character-Chat', 'Settings', 'Auto-Save', 'Prompts', 'Database', 'Chunking', 'Visual-RAG', 'AuthNZ', 'Streaming', 'HTTP', 'Egress', 'Embeddings', 'Claims', 'ClaimsMonitoring', 'RAG', 'Search-Agent', 'ResourceGovernor', 'Jobs', 'SlidesStandaloneHtml', 'Diarization', 'API', 'MLX', 'Local-API', 'LlamaCpp', 'STT-Settings', 'external_providers', 'TTS-Settings', 'VibeVoice', 'Audio-Quota', 'API-Routes', 'Search-Engines', 'Web-Scraper', 'Logging', 'Moderation', 'Redis', 'Web-Scraping', 'personalization', 'persona', 'persona.rbac']
2026-09-16 23:48:12.747 | INFO     | tldw_Server_API.app.core.config:_buffered_log:210 - Ensured main SQLite database directory exists: /Users/macbook-dev/Documents/GitHub/tldw_server2/Databases
2026-09-16 23:48:12.747 | INFO     | tldw_Server_API.app.core.config:_buffered_log:210 - Ensured user data base directory exists: Databases/user_databases
2026-09-16 23:48:12.748 | WARNING  | tldw_Server_API.app.core.DB_Management.db_path_utils:resolve_user_db_base_dir:491 - USER_DB_BASE_DIR not configured in tests, using isolated fallback: /private/var/folders/sn/m80n2j152t9gw3w8qwk2nykh0000gn/T/tldw_user_databases_test/default-06a2956a
2026-09-16 23:48:12.748 | INFO     | tldw_Server_API.app.core.DB_Management.ChaChaNotes_DB:__init__:7657 - Initializing CharactersRAGDB for path: /private/var/folders/sn/m80n2j152t9gw3w8qwk2nykh0000gn/T/pytest-of-macbook-dev/pytest-625/test_keyword_mutation_and_sear5/2/ChaChaNotes.db [Client ID: 2] (backend=postgresql)
2026-09-16 23:48:14.035 | DEBUG    | tldw_Server_API.app.core.DB_Management.ChaChaNotes_DB:__init__:7664 - CharactersRAGDB initialization completed successfully for /private/var/folders/sn/m80n2j152t9gw3w8qwk2nykh0000gn/T/pytest-of-macbook-dev/pytest-625/test_keyword_mutation_and_sear5/2/ChaChaNotes.db
2026-09-16 23:48:14.035 | WARNING  | tldw_Server_API.app.core.DB_Management.db_path_utils:resolve_user_db_base_dir:491 - USER_DB_BASE_DIR not configured in tests, using isolated fallback: /private/var/folders/sn/m80n2j152t9gw3w8qwk2nykh0000gn/T/tldw_user_databases_test/default-06a2956a
2026-09-16 23:48:14.035 | INFO     | tldw_Server_API.app.core.DB_Management.ChaChaNotes_DB:__init__:7657 - Initializing CharactersRAGDB for path: /private/var/folders/sn/m80n2j152t9gw3w8qwk2nykh0000gn/T/pytest-of-macbook-dev/pytest-625/test_keyword_mutation_and_sear5/3/ChaChaNotes.db [Client ID: 3] (backend=postgresql)
2026-09-16 23:48:14.176 | DEBUG    | tldw_Server_API.app.core.DB_Management.ChaChaNotes_DB:__init__:7664 - CharactersRAGDB initialization completed successfully for /private/var/folders/sn/m80n2j152t9gw3w8qwk2nykh0000gn/T/pytest-of-macbook-dev/pytest-625/test_keyword_mutation_and_sear5/3/ChaChaNotes.db
2026-09-16 23:48:14.177 | DEBUG    | tldw_Server_API.app.core.DB_Management.ChaChaNotes_DB:_get_connection_for_state:8036 - Acquired backend connection (postgresql) for thread 8346099072
2026-09-16 23:48:14.179 | INFO     | tldw_Server_API.app.core.DB_Management.chacha.note_store:_execute:124 - Added note 'Alice private Citrine' with ID: 7808317e-2085-4b44-a527-676bd1476ebc.
2026-09-16 23:48:14.181 | INFO     | tldw_Server_API.app.core.DB_Management.chacha.note_store:_execute:124 - Added note 'Alice deleted Citrine' with ID: 554eb5c1-bb62-4686-a58d-b15a9bd1c39f.
2026-09-16 23:48:14.183 | INFO     | tldw_Server_API.app.core.DB_Management.chacha.note_store:soft_delete_note:2221 - Soft-deleted note ID 554eb5c1-bb62-4686-a58d-b15a9bd1c39f (was v1), new version 2.
2026-09-16 23:48:14.188 | DEBUG    | tldw_Server_API.app.core.DB_Management.ChaChaNotes_DB:_get_connection_for_state:8036 - Acquired backend connection (postgresql) for thread 8346099072
2026-09-16 23:48:14.191 | INFO     | tldw_Server_API.app.core.DB_Management.chacha.note_store:_execute:124 - Added note 'Bob private Indigo' with ID: 9b7b568b-110a-4ba7-9b1c-f2bf99e1c4fa.
2026-09-16 23:48:14.191 | DEBUG    | tldw_Server_API.app.core.DB_Management.ChaChaNotes_DB:close_connection:8110 - Returned backend connection (postgresql) for thread 8346099072.
2026-09-16 23:48:14.191 | DEBUG    | tldw_Server_API.app.core.DB_Management.ChaChaNotes_DB:close_connection:8110 - Returned backend connection (postgresql) for thread 8346099072.
----------------------------- Captured stderr call -----------------------------
2026-09-16 23:48:14.193 | DEBUG    | tldw_Server_API.app.core.DB_Management.ChaChaNotes_DB:_get_connection_for_state:8036 - Acquired backend connection (postgresql) for thread 8346099072
2026-09-16 23:48:14.194 | INFO     | tldw_Server_API.app.core.DB_Management.ChaChaNotes_DB:_add_generic_item:32615 - Added chacha_keywords 'Foreign sequence spacer' with ID: 1.
2026-09-16 23:48:14.195 | INFO     | tldw_Server_API.app.core.DB_Management.ChaChaNotes_DB:_add_generic_item:32615 - Added chacha_keywords 'Amber-private' with ID: 2.
2026-09-16 23:48:14.197 | DEBUG    | tldw_Server_API.app.core.DB_Management.ChaChaNotes_DB:_get_connection_for_state:8036 - Acquired backend connection (postgresql) for thread 8346099072
2026-09-16 23:48:14.198 | INFO     | tldw_Server_API.app.core.DB_Management.ChaChaNotes_DB:_add_generic_item:32615 - Added chacha_keywords 'Indigo-owned' with ID: 3.
2026-09-16 23:48:14.199 | DEBUG    | tldw_Server_API.app.core.DB_Management.ChaChaNotes_DB:execute_query:8286 - Executing SQL (script=False, backend=postgresql): SELECT * FROM chacha_keywords WHERE id = ? AND deleted = 0... Params: (2,)...
2026-09-16 23:48:14.199 | DEBUG    | tldw_Server_API.app.core.DB_Management.ChaChaNotes_DB:execute_query:8286 - Executing SQL (script=False, backend=postgresql):
                        SELECT k.*, ts_rank(k.keywords_fts_tsv, to_tsquery('english', ?)) AS rank
                        FROM chacha_keywords k
                        WHERE k.deleted = FALSE
                          AND k.keywords_fts_tsv @@ to_tsquery('english', ?)
                        ORDER... Params: ('Amber', 'Amber', 10)...
--------------------------- Captured stderr teardown ---------------------------
2026-09-16 23:48:14.203 | DEBUG    | tldw_Server_API.app.core.DB_Management.ChaChaNotes_DB:close_connection:8110 - Returned backend connection (postgresql) for thread 8346099072.
2026-09-16 23:48:14.203 | DEBUG    | tldw_Server_API.app.core.DB_Management.ChaChaNotes_DB:close_connection:8110 - Returned backend connection (postgresql) for thread 8346099072.
2026-09-16 23:48:14.218 | INFO     | tldw_Server_API.app.api.v1.API_Deps.ChaCha_Notes_DB_Deps:close_all_chacha_db_instances:876 - Closing all cached ChaChaNotesDB instances (0)...
2026-09-16 23:48:14.218 | INFO     | tldw_Server_API.app.api.v1.API_Deps.ChaCha_Notes_DB_Deps:close_all_chacha_db_instances:892 - All ChaChaNotesDB instances closed and cache cleared.
2026-09-16 23:48:14.219 | INFO     | tldw_Server_API.app.api.v1.API_Deps.ChaCha_Notes_DB_Deps:close_all_chacha_db_instances:876 - Closing all cached ChaChaNotesDB instances (0)...
2026-09-16 23:48:14.219 | INFO     | tldw_Server_API.app.api.v1.API_Deps.ChaCha_Notes_DB_Deps:close_all_chacha_db_instances:892 - All ChaChaNotesDB instances closed and cache cleared.
_________________ test_collection_owner_scope[postgres-delete] _________________
tldw_Server_API/tests/DB_Management/test_note_shared_owner_contract.py:285: in test_collection_owner_scope
    with pytest.raises((ConflictError, CharactersRAGDBError)):
E   Failed: DID NOT RAISE any of (<class 'tldw_Server_API.app.core.DB_Management.ChaChaNotes_DB.ConflictError'>, <class 'tldw_Server_API.app.core.DB_Management.ChaChaNotes_DB.CharactersRAGDBError'>)
---------------------------- Captured stderr setup -----------------------------
2026-09-16 23:48:14.236 | INFO     | tldw_Server_API.app.core.DB_Management.backends.factory:create_backend:392 - Creating postgresql backend
2026-09-16 23:48:14.237 | INFO     | tldw_Server_API.app.core.config:_buffered_log:210 - Determined ACTUAL_PROJECT_ROOT for database paths: /Users/macbook-dev/Documents/GitHub/tldw_server2
2026-09-16 23:48:14.237 | INFO     | tldw_Server_API.app.core.config:_buffered_log:210 - Early loading environment variables from: /Users/macbook-dev/Documents/GitHub/tldw_server2/tldw_Server_API/Config_Files/.env
2026-09-16 23:48:14.241 | INFO     | tldw_Server_API.app.core.config:_buffered_log:210 - Early loading environment variables from: /Users/macbook-dev/Documents/GitHub/tldw_server2/tldw_Server_API/Config_Files/.ENV
2026-09-16 23:48:14.246 | DEBUG    | tldw_Server_API.app.core.config:_buffered_log:210 - load_and_log_configs(): Loading and logging configurations...
2026-09-16 23:48:14.246 | INFO     | tldw_Server_API.app.core.config:_buffered_log:210 - Loading environment variables from: /Users/macbook-dev/Documents/GitHub/tldw_server2/tldw_Server_API/Config_Files/.env
2026-09-16 23:48:14.250 | INFO     | tldw_Server_API.app.core.config:_buffered_log:210 - Loading environment variables from: /Users/macbook-dev/Documents/GitHub/tldw_server2/tldw_Server_API/Config_Files/.ENV
2026-09-16 23:48:14.255 | INFO     | tldw_Server_API.app.core.config:_buffered_log:210 - Attempting to load comprehensive config from: /Users/macbook-dev/Documents/GitHub/tldw_server2/tldw_Server_API/Config_Files/config.txt
2026-09-16 23:48:14.257 | INFO     | tldw_Server_API.app.core.config:_buffered_log:210 - load_comprehensive_config(): Sections found in config: ['Setup', 'UI', 'Server', 'Files', 'Image-Generation', 'ACP', 'WORKSPACES', 'ACP-WORKSPACE', 'ACP-SANDBOX', 'Audit', 'Processing', 'Media-Processing', 'Chat-Dictionaries', 'Chat-Module', 'Chat-Commands', 'Chat-Templating', 'Character-Chat', 'Settings', 'Auto-Save', 'Prompts', 'Database', 'Chunking', 'Visual-RAG', 'AuthNZ', 'Streaming', 'HTTP', 'Egress', 'Embeddings', 'Claims', 'ClaimsMonitoring', 'RAG', 'Search-Agent', 'ResourceGovernor', 'Jobs', 'SlidesStandaloneHtml', 'Diarization', 'API', 'MLX', 'Local-API', 'LlamaCpp', 'STT-Settings', 'external_providers', 'TTS-Settings', 'VibeVoice', 'Audio-Quota', 'API-Routes', 'Search-Engines', 'Web-Scraper', 'Logging', 'Moderation', 'Redis', 'Web-Scraping', 'personalization', 'persona', 'persona.rbac']
2026-09-16 23:48:14.259 | INFO     | tldw_Server_API.app.core.config:_buffered_log:210 - Ensured main SQLite database directory exists: /Users/macbook-dev/Documents/GitHub/tldw_server2/Databases
2026-09-16 23:48:14.259 | INFO     | tldw_Server_API.app.core.config:_buffered_log:210 - Ensured user data base directory exists: Databases/user_databases
2026-09-16 23:48:14.259 | WARNING  | tldw_Server_API.app.core.DB_Management.db_path_utils:resolve_user_db_base_dir:491 - USER_DB_BASE_DIR not configured in tests, using isolated fallback: /private/var/folders/sn/m80n2j152t9gw3w8qwk2nykh0000gn/T/tldw_user_databases_test/default-06a2956a
2026-09-16 23:48:14.260 | INFO     | tldw_Server_API.app.core.DB_Management.ChaChaNotes_DB:__init__:7657 - Initializing CharactersRAGDB for path: /private/var/folders/sn/m80n2j152t9gw3w8qwk2nykh0000gn/T/pytest-of-macbook-dev/pytest-625/test_collection_owner_scope_po4/2/ChaChaNotes.db [Client ID: 2] (backend=postgresql)
2026-09-16 23:48:15.529 | DEBUG    | tldw_Server_API.app.core.DB_Management.ChaChaNotes_DB:__init__:7664 - CharactersRAGDB initialization completed successfully for /private/var/folders/sn/m80n2j152t9gw3w8qwk2nykh0000gn/T/pytest-of-macbook-dev/pytest-625/test_collection_owner_scope_po4/2/ChaChaNotes.db
2026-09-16 23:48:15.530 | WARNING  | tldw_Server_API.app.core.DB_Management.db_path_utils:resolve_user_db_base_dir:491 - USER_DB_BASE_DIR not configured in tests, using isolated fallback: /private/var/folders/sn/m80n2j152t9gw3w8qwk2nykh0000gn/T/tldw_user_databases_test/default-06a2956a
2026-09-16 23:48:15.530 | INFO     | tldw_Server_API.app.core.DB_Management.ChaChaNotes_DB:__init__:7657 - Initializing CharactersRAGDB for path: /private/var/folders/sn/m80n2j152t9gw3w8qwk2nykh0000gn/T/pytest-of-macbook-dev/pytest-625/test_collection_owner_scope_po4/3/ChaChaNotes.db [Client ID: 3] (backend=postgresql)
2026-09-16 23:48:15.673 | DEBUG    | tldw_Server_API.app.core.DB_Management.ChaChaNotes_DB:__init__:7664 - CharactersRAGDB initialization completed successfully for /private/var/folders/sn/m80n2j152t9gw3w8qwk2nykh0000gn/T/pytest-of-macbook-dev/pytest-625/test_collection_owner_scope_po4/3/ChaChaNotes.db
2026-09-16 23:48:15.674 | DEBUG    | tldw_Server_API.app.core.DB_Management.ChaChaNotes_DB:_get_connection_for_state:8036 - Acquired backend connection (postgresql) for thread 8346099072
2026-09-16 23:48:15.676 | INFO     | tldw_Server_API.app.core.DB_Management.chacha.note_store:_execute:124 - Added note 'Alice private Citrine' with ID: f060a2b1-7721-4137-b704-9d0db549e13d.
2026-09-16 23:48:15.677 | INFO     | tldw_Server_API.app.core.DB_Management.chacha.note_store:_execute:124 - Added note 'Alice deleted Citrine' with ID: 59f142ed-bcbd-488e-86d5-16f2440e5a74.
2026-09-16 23:48:15.680 | INFO     | tldw_Server_API.app.core.DB_Management.chacha.note_store:soft_delete_note:2221 - Soft-deleted note ID 59f142ed-bcbd-488e-86d5-16f2440e5a74 (was v1), new version 2.
2026-09-16 23:48:15.685 | DEBUG    | tldw_Server_API.app.core.DB_Management.ChaChaNotes_DB:_get_connection_for_state:8036 - Acquired backend connection (postgresql) for thread 8346099072
2026-09-16 23:48:15.688 | INFO     | tldw_Server_API.app.core.DB_Management.chacha.note_store:_execute:124 - Added note 'Bob private Indigo' with ID: 028f0c4e-a18a-4d1f-be99-ee4d8f74132e.
2026-09-16 23:48:15.688 | DEBUG    | tldw_Server_API.app.core.DB_Management.ChaChaNotes_DB:close_connection:8110 - Returned backend connection (postgresql) for thread 8346099072.
2026-09-16 23:48:15.688 | DEBUG    | tldw_Server_API.app.core.DB_Management.ChaChaNotes_DB:close_connection:8110 - Returned backend connection (postgresql) for thread 8346099072.
----------------------------- Captured stderr call -----------------------------
2026-09-16 23:48:15.690 | DEBUG    | tldw_Server_API.app.core.DB_Management.ChaChaNotes_DB:_get_connection_for_state:8036 - Acquired backend connection (postgresql) for thread 8346099072
2026-09-16 23:48:15.691 | INFO     | tldw_Server_API.app.core.DB_Management.ChaChaNotes_DB:_add_generic_item:32615 - Added keyword_collections 'Collection sequence spacer' with ID: 1.
2026-09-16 23:48:15.692 | INFO     | tldw_Server_API.app.core.DB_Management.ChaChaNotes_DB:_add_generic_item:32615 - Added keyword_collections 'Amber private collection' with ID: 2.
2026-09-16 23:48:15.694 | DEBUG    | tldw_Server_API.app.core.DB_Management.ChaChaNotes_DB:_get_connection_for_state:8036 - Acquired backend connection (postgresql) for thread 8346099072
2026-09-16 23:48:15.695 | INFO     | tldw_Server_API.app.core.DB_Management.ChaChaNotes_DB:_add_generic_item:32615 - Added keyword_collections 'Indigo own collection' with ID: 3.
2026-09-16 23:48:15.695 | DEBUG    | tldw_Server_API.app.core.DB_Management.ChaChaNotes_DB:execute_query:8286 - Executing SQL (script=False, backend=postgresql): SELECT * FROM keyword_collections WHERE id = ? AND deleted = 0... Params: (2,)...
2026-09-16 23:48:15.697 | INFO     | tldw_Server_API.app.core.DB_Management.ChaChaNotes_DB:_soft_delete_generic_item:32943 - Soft-deleted keyword_collections ID 2 (was version 1), new version 2.
--------------------------- Captured stderr teardown ---------------------------
2026-09-16 23:48:15.700 | DEBUG    | tldw_Server_API.app.core.DB_Management.ChaChaNotes_DB:close_connection:8110 - Returned backend connection (postgresql) for thread 8346099072.
2026-09-16 23:48:15.700 | DEBUG    | tldw_Server_API.app.core.DB_Management.ChaChaNotes_DB:close_connection:8110 - Returned backend connection (postgresql) for thread 8346099072.
2026-09-16 23:48:15.714 | INFO     | tldw_Server_API.app.api.v1.API_Deps.ChaCha_Notes_DB_Deps:close_all_chacha_db_instances:876 - Closing all cached ChaChaNotesDB instances (0)...
2026-09-16 23:48:15.715 | INFO     | tldw_Server_API.app.api.v1.API_Deps.ChaCha_Notes_DB_Deps:close_all_chacha_db_instances:892 - All ChaChaNotesDB instances closed and cache cleared.
2026-09-16 23:48:15.715 | INFO     | tldw_Server_API.app.api.v1.API_Deps.ChaCha_Notes_DB_Deps:close_all_chacha_db_instances:876 - Closing all cached ChaChaNotesDB instances (0)...
2026-09-16 23:48:15.715 | INFO     | tldw_Server_API.app.api.v1.API_Deps.ChaCha_Notes_DB_Deps:close_all_chacha_db_instances:892 - All ChaChaNotesDB instances closed and cache cleared.
_________________ test_collection_owner_scope[postgres-detail] _________________
tldw_Server_API/tests/DB_Management/test_note_shared_owner_contract.py:277: in test_collection_owner_scope
    assert f.bob.get_keyword_collection_by_id(foreign) is None
E   AssertionError: assert {'client_id': '2', 'created_at': datetime.datetime(2026, 9, 17, 6, 48, 22, 112000, tzinfo=zoneinfo.ZoneInfo(key='Etc/UTC')), 'deleted': False, 'id': 2, ...} is None
E    +  where {'client_id': '2', 'created_at': datetime.datetime(2026, 9, 17, 6, 48, 22, 112000, tzinfo=zoneinfo.ZoneInfo(key='Etc/UTC')), 'deleted': False, 'id': 2, ...} = get_keyword_collection_by_id(2)
E    +    where get_keyword_collection_by_id = <tldw_Server_API.app.core.DB_Management.ChaChaNotes_DB.CharactersRAGDB object at 0x111535090>.get_keyword_collection_by_id
E    +      where <tldw_Server_API.app.core.DB_Management.ChaChaNotes_DB.CharactersRAGDB object at 0x111535090> = namespace(alice=<tldw_Server_API.app.core.DB_Management.ChaChaNotes_DB.CharactersRAGDB object at 0x1114afc50>, bob=<tl...71-4cdf-86e3-dab14849c8fc', deleted='3a627b78-821f-4410-86d3-538b62c9aa7c', own='8803e80c-86cf-4ac9-8ec4-1743fd3ddbef').bob
---------------------------- Captured stderr setup -----------------------------
2026-09-16 23:48:20.595 | INFO     | tldw_Server_API.app.core.DB_Management.backends.factory:create_backend:392 - Creating postgresql backend
2026-09-16 23:48:20.595 | INFO     | tldw_Server_API.app.core.config:_buffered_log:210 - Determined ACTUAL_PROJECT_ROOT for database paths: /Users/macbook-dev/Documents/GitHub/tldw_server2
2026-09-16 23:48:20.595 | INFO     | tldw_Server_API.app.core.config:_buffered_log:210 - Early loading environment variables from: /Users/macbook-dev/Documents/GitHub/tldw_server2/tldw_Server_API/Config_Files/.env
2026-09-16 23:48:20.600 | INFO     | tldw_Server_API.app.core.config:_buffered_log:210 - Early loading environment variables from: /Users/macbook-dev/Documents/GitHub/tldw_server2/tldw_Server_API/Config_Files/.ENV
2026-09-16 23:48:20.604 | DEBUG    | tldw_Server_API.app.core.config:_buffered_log:210 - load_and_log_configs(): Loading and logging configurations...
2026-09-16 23:48:20.604 | INFO     | tldw_Server_API.app.core.config:_buffered_log:210 - Loading environment variables from: /Users/macbook-dev/Documents/GitHub/tldw_server2/tldw_Server_API/Config_Files/.env
2026-09-16 23:48:20.608 | INFO     | tldw_Server_API.app.core.config:_buffered_log:210 - Loading environment variables from: /Users/macbook-dev/Documents/GitHub/tldw_server2/tldw_Server_API/Config_Files/.ENV
2026-09-16 23:48:20.613 | INFO     | tldw_Server_API.app.core.config:_buffered_log:210 - Attempting to load comprehensive config from: /Users/macbook-dev/Documents/GitHub/tldw_server2/tldw_Server_API/Config_Files/config.txt
2026-09-16 23:48:20.615 | INFO     | tldw_Server_API.app.core.config:_buffered_log:210 - load_comprehensive_config(): Sections found in config: ['Setup', 'UI', 'Server', 'Files', 'Image-Generation', 'ACP', 'WORKSPACES', 'ACP-WORKSPACE', 'ACP-SANDBOX', 'Audit', 'Processing', 'Media-Processing', 'Chat-Dictionaries', 'Chat-Module', 'Chat-Commands', 'Chat-Templating', 'Character-Chat', 'Settings', 'Auto-Save', 'Prompts', 'Database', 'Chunking', 'Visual-RAG', 'AuthNZ', 'Streaming', 'HTTP', 'Egress', 'Embeddings', 'Claims', 'ClaimsMonitoring', 'RAG', 'Search-Agent', 'ResourceGovernor', 'Jobs', 'SlidesStandaloneHtml', 'Diarization', 'API', 'MLX', 'Local-API', 'LlamaCpp', 'STT-Settings', 'external_providers', 'TTS-Settings', 'VibeVoice', 'Audio-Quota', 'API-Routes', 'Search-Engines', 'Web-Scraper', 'Logging', 'Moderation', 'Redis', 'Web-Scraping', 'personalization', 'persona', 'persona.rbac']
2026-09-16 23:48:20.617 | INFO     | tldw_Server_API.app.core.config:_buffered_log:210 - Ensured main SQLite database directory exists: /Users/macbook-dev/Documents/GitHub/tldw_server2/Databases
2026-09-16 23:48:20.617 | INFO     | tldw_Server_API.app.core.config:_buffered_log:210 - Ensured user data base directory exists: Databases/user_databases
2026-09-16 23:48:20.617 | WARNING  | tldw_Server_API.app.core.DB_Management.db_path_utils:resolve_user_db_base_dir:491 - USER_DB_BASE_DIR not configured in tests, using isolated fallback: /private/var/folders/sn/m80n2j152t9gw3w8qwk2nykh0000gn/T/tldw_user_databases_test/default-06a2956a
2026-09-16 23:48:20.617 | INFO     | tldw_Server_API.app.core.DB_Management.ChaChaNotes_DB:__init__:7657 - Initializing CharactersRAGDB for path: /private/var/folders/sn/m80n2j152t9gw3w8qwk2nykh0000gn/T/pytest-of-macbook-dev/pytest-625/test_collection_owner_scope_po5/2/ChaChaNotes.db [Client ID: 2] (backend=postgresql)
2026-09-16 23:48:21.940 | DEBUG    | tldw_Server_API.app.core.DB_Management.ChaChaNotes_DB:__init__:7664 - CharactersRAGDB initialization completed successfully for /private/var/folders/sn/m80n2j152t9gw3w8qwk2nykh0000gn/T/pytest-of-macbook-dev/pytest-625/test_collection_owner_scope_po5/2/ChaChaNotes.db
2026-09-16 23:48:21.941 | WARNING  | tldw_Server_API.app.core.DB_Management.db_path_utils:resolve_user_db_base_dir:491 - USER_DB_BASE_DIR not configured in tests, using isolated fallback: /private/var/folders/sn/m80n2j152t9gw3w8qwk2nykh0000gn/T/tldw_user_databases_test/default-06a2956a
2026-09-16 23:48:21.941 | INFO     | tldw_Server_API.app.core.DB_Management.ChaChaNotes_DB:__init__:7657 - Initializing CharactersRAGDB for path: /private/var/folders/sn/m80n2j152t9gw3w8qwk2nykh0000gn/T/pytest-of-macbook-dev/pytest-625/test_collection_owner_scope_po5/3/ChaChaNotes.db [Client ID: 3] (backend=postgresql)
2026-09-16 23:48:22.092 | DEBUG    | tldw_Server_API.app.core.DB_Management.ChaChaNotes_DB:__init__:7664 - CharactersRAGDB initialization completed successfully for /private/var/folders/sn/m80n2j152t9gw3w8qwk2nykh0000gn/T/pytest-of-macbook-dev/pytest-625/test_collection_owner_scope_po5/3/ChaChaNotes.db
2026-09-16 23:48:22.095 | DEBUG    | tldw_Server_API.app.core.DB_Management.ChaChaNotes_DB:_get_connection_for_state:8036 - Acquired backend connection (postgresql) for thread 8346099072
2026-09-16 23:48:22.097 | INFO     | tldw_Server_API.app.core.DB_Management.chacha.note_store:_execute:124 - Added note 'Alice private Citrine' with ID: 6432942f-4271-4cdf-86e3-dab14849c8fc.
2026-09-16 23:48:22.098 | INFO     | tldw_Server_API.app.core.DB_Management.chacha.note_store:_execute:124 - Added note 'Alice deleted Citrine' with ID: 3a627b78-821f-4410-86d3-538b62c9aa7c.
2026-09-16 23:48:22.101 | INFO     | tldw_Server_API.app.core.DB_Management.chacha.note_store:soft_delete_note:2221 - Soft-deleted note ID 3a627b78-821f-4410-86d3-538b62c9aa7c (was v1), new version 2.
2026-09-16 23:48:22.106 | DEBUG    | tldw_Server_API.app.core.DB_Management.ChaChaNotes_DB:_get_connection_for_state:8036 - Acquired backend connection (postgresql) for thread 8346099072
2026-09-16 23:48:22.109 | INFO     | tldw_Server_API.app.core.DB_Management.chacha.note_store:_execute:124 - Added note 'Bob private Indigo' with ID: 8803e80c-86cf-4ac9-8ec4-1743fd3ddbef.
2026-09-16 23:48:22.109 | DEBUG    | tldw_Server_API.app.core.DB_Management.ChaChaNotes_DB:close_connection:8110 - Returned backend connection (postgresql) for thread 8346099072.
2026-09-16 23:48:22.109 | DEBUG    | tldw_Server_API.app.core.DB_Management.ChaChaNotes_DB:close_connection:8110 - Returned backend connection (postgresql) for thread 8346099072.
----------------------------- Captured stderr call -----------------------------
2026-09-16 23:48:22.111 | DEBUG    | tldw_Server_API.app.core.DB_Management.ChaChaNotes_DB:_get_connection_for_state:8036 - Acquired backend connection (postgresql) for thread 8346099072
2026-09-16 23:48:22.112 | INFO     | tldw_Server_API.app.core.DB_Management.ChaChaNotes_DB:_add_generic_item:32615 - Added keyword_collections 'Collection sequence spacer' with ID: 1.
2026-09-16 23:48:22.113 | INFO     | tldw_Server_API.app.core.DB_Management.ChaChaNotes_DB:_add_generic_item:32615 - Added keyword_collections 'Amber private collection' with ID: 2.
2026-09-16 23:48:22.116 | DEBUG    | tldw_Server_API.app.core.DB_Management.ChaChaNotes_DB:_get_connection_for_state:8036 - Acquired backend connection (postgresql) for thread 8346099072
2026-09-16 23:48:22.117 | INFO     | tldw_Server_API.app.core.DB_Management.ChaChaNotes_DB:_add_generic_item:32615 - Added keyword_collections 'Indigo own collection' with ID: 3.
2026-09-16 23:48:22.117 | DEBUG    | tldw_Server_API.app.core.DB_Management.ChaChaNotes_DB:execute_query:8286 - Executing SQL (script=False, backend=postgresql): SELECT * FROM keyword_collections WHERE id = ? AND deleted = 0... Params: (2,)...
2026-09-16 23:48:22.117 | DEBUG    | tldw_Server_API.app.core.DB_Management.ChaChaNotes_DB:execute_query:8286 - Executing SQL (script=False, backend=postgresql): SELECT * FROM keyword_collections WHERE id = ? AND deleted = 0... Params: (2,)...
--------------------------- Captured stderr teardown ---------------------------
2026-09-16 23:48:22.121 | DEBUG    | tldw_Server_API.app.core.DB_Management.ChaChaNotes_DB:close_connection:8110 - Returned backend connection (postgresql) for thread 8346099072.
2026-09-16 23:48:22.121 | DEBUG    | tldw_Server_API.app.core.DB_Management.ChaChaNotes_DB:close_connection:8110 - Returned backend connection (postgresql) for thread 8346099072.
2026-09-16 23:48:22.138 | INFO     | tldw_Server_API.app.api.v1.API_Deps.ChaCha_Notes_DB_Deps:close_all_chacha_db_instances:876 - Closing all cached ChaChaNotesDB instances (0)...
2026-09-16 23:48:22.138 | INFO     | tldw_Server_API.app.api.v1.API_Deps.ChaCha_Notes_DB_Deps:close_all_chacha_db_instances:892 - All ChaChaNotesDB instances closed and cache cleared.
2026-09-16 23:48:22.138 | INFO     | tldw_Server_API.app.api.v1.API_Deps.ChaCha_Notes_DB_Deps:close_all_chacha_db_instances:876 - Closing all cached ChaChaNotesDB instances (0)...
2026-09-16 23:48:22.138 | INFO     | tldw_Server_API.app.api.v1.API_Deps.ChaCha_Notes_DB_Deps:close_all_chacha_db_instances:892 - All ChaChaNotesDB instances closed and cache cleared.
_________ test_keyword_mutation_and_search_owner_scope[postgres-count] _________
tldw_Server_API/tests/DB_Management/test_note_shared_owner_contract.py:247: in test_keyword_mutation_and_search_owner_scope
    assert f.bob.count_keywords() == 1
E   AssertionError: assert 3 == 1
E    +  where 3 = count_keywords()
E    +    where count_keywords = <tldw_Server_API.app.core.DB_Management.ChaChaNotes_DB.CharactersRAGDB object at 0x111735fd0>.count_keywords
E    +      where <tldw_Server_API.app.core.DB_Management.ChaChaNotes_DB.CharactersRAGDB object at 0x111735fd0> = namespace(alice=<tldw_Server_API.app.core.DB_Management.ChaChaNotes_DB.CharactersRAGDB object at 0x111534a10>, bob=<tl...6f-410a-8f8f-a84e3e774798', deleted='97450c67-7061-4d81-a120-8504f82ee031', own='f6f03e08-9104-41eb-a524-d3b2cca6d6c3').bob
---------------------------- Captured stderr setup -----------------------------
2026-09-16 23:48:27.097 | INFO     | tldw_Server_API.app.core.DB_Management.backends.factory:create_backend:392 - Creating postgresql backend
2026-09-16 23:48:27.097 | INFO     | tldw_Server_API.app.core.config:_buffered_log:210 - Determined ACTUAL_PROJECT_ROOT for database paths: /Users/macbook-dev/Documents/GitHub/tldw_server2
2026-09-16 23:48:27.098 | INFO     | tldw_Server_API.app.core.config:_buffered_log:210 - Early loading environment variables from: /Users/macbook-dev/Documents/GitHub/tldw_server2/tldw_Server_API/Config_Files/.env
2026-09-16 23:48:27.102 | INFO     | tldw_Server_API.app.core.config:_buffered_log:210 - Early loading environment variables from: /Users/macbook-dev/Documents/GitHub/tldw_server2/tldw_Server_API/Config_Files/.ENV
2026-09-16 23:48:27.106 | DEBUG    | tldw_Server_API.app.core.config:_buffered_log:210 - load_and_log_configs(): Loading and logging configurations...
2026-09-16 23:48:27.106 | INFO     | tldw_Server_API.app.core.config:_buffered_log:210 - Loading environment variables from: /Users/macbook-dev/Documents/GitHub/tldw_server2/tldw_Server_API/Config_Files/.env
2026-09-16 23:48:27.111 | INFO     | tldw_Server_API.app.core.config:_buffered_log:210 - Loading environment variables from: /Users/macbook-dev/Documents/GitHub/tldw_server2/tldw_Server_API/Config_Files/.ENV
2026-09-16 23:48:27.115 | INFO     | tldw_Server_API.app.core.config:_buffered_log:210 - Attempting to load comprehensive config from: /Users/macbook-dev/Documents/GitHub/tldw_server2/tldw_Server_API/Config_Files/config.txt
2026-09-16 23:48:27.117 | INFO     | tldw_Server_API.app.core.config:_buffered_log:210 - load_comprehensive_config(): Sections found in config: ['Setup', 'UI', 'Server', 'Files', 'Image-Generation', 'ACP', 'WORKSPACES', 'ACP-WORKSPACE', 'ACP-SANDBOX', 'Audit', 'Processing', 'Media-Processing', 'Chat-Dictionaries', 'Chat-Module', 'Chat-Commands', 'Chat-Templating', 'Character-Chat', 'Settings', 'Auto-Save', 'Prompts', 'Database', 'Chunking', 'Visual-RAG', 'AuthNZ', 'Streaming', 'HTTP', 'Egress', 'Embeddings', 'Claims', 'ClaimsMonitoring', 'RAG', 'Search-Agent', 'ResourceGovernor', 'Jobs', 'SlidesStandaloneHtml', 'Diarization', 'API', 'MLX', 'Local-API', 'LlamaCpp', 'STT-Settings', 'external_providers', 'TTS-Settings', 'VibeVoice', 'Audio-Quota', 'API-Routes', 'Search-Engines', 'Web-Scraper', 'Logging', 'Moderation', 'Redis', 'Web-Scraping', 'personalization', 'persona', 'persona.rbac']
2026-09-16 23:48:27.119 | INFO     | tldw_Server_API.app.core.config:_buffered_log:210 - Ensured main SQLite database directory exists: /Users/macbook-dev/Documents/GitHub/tldw_server2/Databases
2026-09-16 23:48:27.119 | INFO     | tldw_Server_API.app.core.config:_buffered_log:210 - Ensured user data base directory exists: Databases/user_databases
2026-09-16 23:48:27.120 | WARNING  | tldw_Server_API.app.core.DB_Management.db_path_utils:resolve_user_db_base_dir:491 - USER_DB_BASE_DIR not configured in tests, using isolated fallback: /private/var/folders/sn/m80n2j152t9gw3w8qwk2nykh0000gn/T/tldw_user_databases_test/default-06a2956a
2026-09-16 23:48:27.120 | INFO     | tldw_Server_API.app.core.DB_Management.ChaChaNotes_DB:__init__:7657 - Initializing CharactersRAGDB for path: /private/var/folders/sn/m80n2j152t9gw3w8qwk2nykh0000gn/T/pytest-of-macbook-dev/pytest-625/test_keyword_mutation_and_sear9/2/ChaChaNotes.db [Client ID: 2] (backend=postgresql)
2026-09-16 23:48:28.404 | DEBUG    | tldw_Server_API.app.core.DB_Management.ChaChaNotes_DB:__init__:7664 - CharactersRAGDB initialization completed successfully for /private/var/folders/sn/m80n2j152t9gw3w8qwk2nykh0000gn/T/pytest-of-macbook-dev/pytest-625/test_keyword_mutation_and_sear9/2/ChaChaNotes.db
2026-09-16 23:48:28.404 | WARNING  | tldw_Server_API.app.core.DB_Management.db_path_utils:resolve_user_db_base_dir:491 - USER_DB_BASE_DIR not configured in tests, using isolated fallback: /private/var/folders/sn/m80n2j152t9gw3w8qwk2nykh0000gn/T/tldw_user_databases_test/default-06a2956a
2026-09-16 23:48:28.405 | INFO     | tldw_Server_API.app.core.DB_Management.ChaChaNotes_DB:__init__:7657 - Initializing CharactersRAGDB for path: /private/var/folders/sn/m80n2j152t9gw3w8qwk2nykh0000gn/T/pytest-of-macbook-dev/pytest-625/test_keyword_mutation_and_sear9/3/ChaChaNotes.db [Client ID: 3] (backend=postgresql)
2026-09-16 23:48:28.553 | DEBUG    | tldw_Server_API.app.core.DB_Management.ChaChaNotes_DB:__init__:7664 - CharactersRAGDB initialization completed successfully for /private/var/folders/sn/m80n2j152t9gw3w8qwk2nykh0000gn/T/pytest-of-macbook-dev/pytest-625/test_keyword_mutation_and_sear9/3/ChaChaNotes.db
2026-09-16 23:48:28.554 | DEBUG    | tldw_Server_API.app.core.DB_Management.ChaChaNotes_DB:_get_connection_for_state:8036 - Acquired backend connection (postgresql) for thread 8346099072
2026-09-16 23:48:28.556 | INFO     | tldw_Server_API.app.core.DB_Management.chacha.note_store:_execute:124 - Added note 'Alice private Citrine' with ID: 7666b350-df6f-410a-8f8f-a84e3e774798.
2026-09-16 23:48:28.558 | INFO     | tldw_Server_API.app.core.DB_Management.chacha.note_store:_execute:124 - Added note 'Alice deleted Citrine' with ID: 97450c67-7061-4d81-a120-8504f82ee031.
2026-09-16 23:48:28.560 | INFO     | tldw_Server_API.app.core.DB_Management.chacha.note_store:soft_delete_note:2221 - Soft-deleted note ID 97450c67-7061-4d81-a120-8504f82ee031 (was v1), new version 2.
2026-09-16 23:48:28.566 | DEBUG    | tldw_Server_API.app.core.DB_Management.ChaChaNotes_DB:_get_connection_for_state:8036 - Acquired backend connection (postgresql) for thread 8346099072
2026-09-16 23:48:28.569 | INFO     | tldw_Server_API.app.core.DB_Management.chacha.note_store:_execute:124 - Added note 'Bob private Indigo' with ID: f6f03e08-9104-41eb-a524-d3b2cca6d6c3.
2026-09-16 23:48:28.569 | DEBUG    | tldw_Server_API.app.core.DB_Management.ChaChaNotes_DB:close_connection:8110 - Returned backend connection (postgresql) for thread 8346099072.
2026-09-16 23:48:28.569 | DEBUG    | tldw_Server_API.app.core.DB_Management.ChaChaNotes_DB:close_connection:8110 - Returned backend connection (postgresql) for thread 8346099072.
----------------------------- Captured stderr call -----------------------------
2026-09-16 23:48:28.571 | DEBUG    | tldw_Server_API.app.core.DB_Management.ChaChaNotes_DB:_get_connection_for_state:8036 - Acquired backend connection (postgresql) for thread 8346099072
2026-09-16 23:48:28.572 | INFO     | tldw_Server_API.app.core.DB_Management.ChaChaNotes_DB:_add_generic_item:32615 - Added chacha_keywords 'Foreign sequence spacer' with ID: 1.
2026-09-16 23:48:28.573 | INFO     | tldw_Server_API.app.core.DB_Management.ChaChaNotes_DB:_add_generic_item:32615 - Added chacha_keywords 'Amber-private' with ID: 2.
2026-09-16 23:48:28.575 | DEBUG    | tldw_Server_API.app.core.DB_Management.ChaChaNotes_DB:_get_connection_for_state:8036 - Acquired backend connection (postgresql) for thread 8346099072
2026-09-16 23:48:28.576 | INFO     | tldw_Server_API.app.core.DB_Management.ChaChaNotes_DB:_add_generic_item:32615 - Added chacha_keywords 'Indigo-owned' with ID: 3.
2026-09-16 23:48:28.576 | DEBUG    | tldw_Server_API.app.core.DB_Management.ChaChaNotes_DB:execute_query:8286 - Executing SQL (script=False, backend=postgresql): SELECT * FROM chacha_keywords WHERE id = ? AND deleted = 0... Params: (2,)...
2026-09-16 23:48:28.577 | DEBUG    | tldw_Server_API.app.core.DB_Management.ChaChaNotes_DB:execute_query:8286 - Executing SQL (script=False, backend=postgresql): SELECT COUNT(*) AS cnt FROM chacha_keywords WHERE deleted = FALSE... Params: None...
--------------------------- Captured stderr teardown ---------------------------
2026-09-16 23:48:28.580 | DEBUG    | tldw_Server_API.app.core.DB_Management.ChaChaNotes_DB:close_connection:8110 - Returned backend connection (postgresql) for thread 8346099072.
2026-09-16 23:48:28.580 | DEBUG    | tldw_Server_API.app.core.DB_Management.ChaChaNotes_DB:close_connection:8110 - Returned backend connection (postgresql) for thread 8346099072.
2026-09-16 23:48:28.595 | INFO     | tldw_Server_API.app.api.v1.API_Deps.ChaCha_Notes_DB_Deps:close_all_chacha_db_instances:876 - Closing all cached ChaChaNotesDB instances (0)...
2026-09-16 23:48:28.595 | INFO     | tldw_Server_API.app.api.v1.API_Deps.ChaCha_Notes_DB_Deps:close_all_chacha_db_instances:892 - All ChaChaNotesDB instances closed and cache cleared.
2026-09-16 23:48:28.595 | INFO     | tldw_Server_API.app.api.v1.API_Deps.ChaCha_Notes_DB_Deps:close_all_chacha_db_instances:876 - Closing all cached ChaChaNotesDB instances (0)...
2026-09-16 23:48:28.595 | INFO     | tldw_Server_API.app.api.v1.API_Deps.ChaCha_Notes_DB_Deps:close_all_chacha_db_instances:892 - All ChaChaNotesDB instances closed and cache cleared.
_ test_graph_and_keyword_note_queries_are_owner_scoped[postgres-matching-count] _
tldw_Server_API/tests/DB_Management/test_note_shared_owner_contract.py:321: in test_graph_and_keyword_note_queries_are_owner_scoped
    assert f.bob.count_notes_matching("Citrine") == 0
E   AssertionError: assert 1 == 0
E    +  where 1 = count_notes_matching('Citrine')
E    +    where count_notes_matching = <tldw_Server_API.app.core.DB_Management.ChaChaNotes_DB.CharactersRAGDB object at 0x1115c2b90>.count_notes_matching
E    +      where <tldw_Server_API.app.core.DB_Management.ChaChaNotes_DB.CharactersRAGDB object at 0x1115c2b90> = namespace(alice=<tldw_Server_API.app.core.DB_Management.ChaChaNotes_DB.CharactersRAGDB object at 0x112493490>, bob=<tl...ec-40da-aa10-747480fd7f4f', deleted='30bd8fc4-cb90-48e0-9113-66c1d3c8396d', own='a50edeec-9004-4b30-ae7c-67bed0dd2323').bob
---------------------------- Captured stderr setup -----------------------------
2026-09-16 23:48:33.492 | INFO     | tldw_Server_API.app.core.DB_Management.backends.factory:create_backend:392 - Creating postgresql backend
2026-09-16 23:48:33.492 | INFO     | tldw_Server_API.app.core.config:_buffered_log:210 - Determined ACTUAL_PROJECT_ROOT for database paths: /Users/macbook-dev/Documents/GitHub/tldw_server2
2026-09-16 23:48:33.493 | INFO     | tldw_Server_API.app.core.config:_buffered_log:210 - Early loading environment variables from: /Users/macbook-dev/Documents/GitHub/tldw_server2/tldw_Server_API/Config_Files/.env
2026-09-16 23:48:33.497 | INFO     | tldw_Server_API.app.core.config:_buffered_log:210 - Early loading environment variables from: /Users/macbook-dev/Documents/GitHub/tldw_server2/tldw_Server_API/Config_Files/.ENV
2026-09-16 23:48:33.502 | DEBUG    | tldw_Server_API.app.core.config:_buffered_log:210 - load_and_log_configs(): Loading and logging configurations...
2026-09-16 23:48:33.503 | INFO     | tldw_Server_API.app.core.config:_buffered_log:210 - Loading environment variables from: /Users/macbook-dev/Documents/GitHub/tldw_server2/tldw_Server_API/Config_Files/.env
2026-09-16 23:48:33.507 | INFO     | tldw_Server_API.app.core.config:_buffered_log:210 - Loading environment variables from: /Users/macbook-dev/Documents/GitHub/tldw_server2/tldw_Server_API/Config_Files/.ENV
2026-09-16 23:48:33.512 | INFO     | tldw_Server_API.app.core.config:_buffered_log:210 - Attempting to load comprehensive config from: /Users/macbook-dev/Documents/GitHub/tldw_server2/tldw_Server_API/Config_Files/config.txt
2026-09-16 23:48:33.515 | INFO     | tldw_Server_API.app.core.config:_buffered_log:210 - load_comprehensive_config(): Sections found in config: ['Setup', 'UI', 'Server', 'Files', 'Image-Generation', 'ACP', 'WORKSPACES', 'ACP-WORKSPACE', 'ACP-SANDBOX', 'Audit', 'Processing', 'Media-Processing', 'Chat-Dictionaries', 'Chat-Module', 'Chat-Commands', 'Chat-Templating', 'Character-Chat', 'Settings', 'Auto-Save', 'Prompts', 'Database', 'Chunking', 'Visual-RAG', 'AuthNZ', 'Streaming', 'HTTP', 'Egress', 'Embeddings', 'Claims', 'ClaimsMonitoring', 'RAG', 'Search-Agent', 'ResourceGovernor', 'Jobs', 'SlidesStandaloneHtml', 'Diarization', 'API', 'MLX', 'Local-API', 'LlamaCpp', 'STT-Settings', 'external_providers', 'TTS-Settings', 'VibeVoice', 'Audio-Quota', 'API-Routes', 'Search-Engines', 'Web-Scraper', 'Logging', 'Moderation', 'Redis', 'Web-Scraping', 'personalization', 'persona', 'persona.rbac']
2026-09-16 23:48:33.517 | INFO     | tldw_Server_API.app.core.config:_buffered_log:210 - Ensured main SQLite database directory exists: /Users/macbook-dev/Documents/GitHub/tldw_server2/Databases
2026-09-16 23:48:33.517 | INFO     | tldw_Server_API.app.core.config:_buffered_log:210 - Ensured user data base directory exists: Databases/user_databases
2026-09-16 23:48:33.517 | WARNING  | tldw_Server_API.app.core.DB_Management.db_path_utils:resolve_user_db_base_dir:491 - USER_DB_BASE_DIR not configured in tests, using isolated fallback: /private/var/folders/sn/m80n2j152t9gw3w8qwk2nykh0000gn/T/tldw_user_databases_test/default-06a2956a
2026-09-16 23:48:33.517 | INFO     | tldw_Server_API.app.core.DB_Management.ChaChaNotes_DB:__init__:7657 - Initializing CharactersRAGDB for path: /private/var/folders/sn/m80n2j152t9gw3w8qwk2nykh0000gn/T/pytest-of-macbook-dev/pytest-625/test_graph_and_keyword_note_qu9/2/ChaChaNotes.db [Client ID: 2] (backend=postgresql)
2026-09-16 23:48:34.887 | DEBUG    | tldw_Server_API.app.core.DB_Management.ChaChaNotes_DB:__init__:7664 - CharactersRAGDB initialization completed successfully for /private/var/folders/sn/m80n2j152t9gw3w8qwk2nykh0000gn/T/pytest-of-macbook-dev/pytest-625/test_graph_and_keyword_note_qu9/2/ChaChaNotes.db
2026-09-16 23:48:34.887 | WARNING  | tldw_Server_API.app.core.DB_Management.db_path_utils:resolve_user_db_base_dir:491 - USER_DB_BASE_DIR not configured in tests, using isolated fallback: /private/var/folders/sn/m80n2j152t9gw3w8qwk2nykh0000gn/T/tldw_user_databases_test/default-06a2956a
2026-09-16 23:48:34.887 | INFO     | tldw_Server_API.app.core.DB_Management.ChaChaNotes_DB:__init__:7657 - Initializing CharactersRAGDB for path: /private/var/folders/sn/m80n2j152t9gw3w8qwk2nykh0000gn/T/pytest-of-macbook-dev/pytest-625/test_graph_and_keyword_note_qu9/3/ChaChaNotes.db [Client ID: 3] (backend=postgresql)
2026-09-16 23:48:35.030 | DEBUG    | tldw_Server_API.app.core.DB_Management.ChaChaNotes_DB:__init__:7664 - CharactersRAGDB initialization completed successfully for /private/var/folders/sn/m80n2j152t9gw3w8qwk2nykh0000gn/T/pytest-of-macbook-dev/pytest-625/test_graph_and_keyword_note_qu9/3/ChaChaNotes.db
2026-09-16 23:48:35.031 | DEBUG    | tldw_Server_API.app.core.DB_Management.ChaChaNotes_DB:_get_connection_for_state:8036 - Acquired backend connection (postgresql) for thread 8346099072
2026-09-16 23:48:35.033 | INFO     | tldw_Server_API.app.core.DB_Management.chacha.note_store:_execute:124 - Added note 'Alice private Citrine' with ID: 3cfc4f64-1dec-40da-aa10-747480fd7f4f.
2026-09-16 23:48:35.035 | INFO     | tldw_Server_API.app.core.DB_Management.chacha.note_store:_execute:124 - Added note 'Alice deleted Citrine' with ID: 30bd8fc4-cb90-48e0-9113-66c1d3c8396d.
2026-09-16 23:48:35.037 | INFO     | tldw_Server_API.app.core.DB_Management.chacha.note_store:soft_delete_note:2221 - Soft-deleted note ID 30bd8fc4-cb90-48e0-9113-66c1d3c8396d (was v1), new version 2.
2026-09-16 23:48:35.042 | DEBUG    | tldw_Server_API.app.core.DB_Management.ChaChaNotes_DB:_get_connection_for_state:8036 - Acquired backend connection (postgresql) for thread 8346099072
2026-09-16 23:48:35.045 | INFO     | tldw_Server_API.app.core.DB_Management.chacha.note_store:_execute:124 - Added note 'Bob private Indigo' with ID: a50edeec-9004-4b30-ae7c-67bed0dd2323.
2026-09-16 23:48:35.045 | DEBUG    | tldw_Server_API.app.core.DB_Management.ChaChaNotes_DB:close_connection:8110 - Returned backend connection (postgresql) for thread 8346099072.
2026-09-16 23:48:35.045 | DEBUG    | tldw_Server_API.app.core.DB_Management.ChaChaNotes_DB:close_connection:8110 - Returned backend connection (postgresql) for thread 8346099072.
----------------------------- Captured stderr call -----------------------------
2026-09-16 23:48:35.047 | DEBUG    | tldw_Server_API.app.core.DB_Management.ChaChaNotes_DB:_get_connection_for_state:8036 - Acquired backend connection (postgresql) for thread 8346099072
2026-09-16 23:48:35.048 | INFO     | tldw_Server_API.app.core.DB_Management.ChaChaNotes_DB:_add_generic_item:32615 - Added chacha_keywords 'Graph spacer' with ID: 1.
2026-09-16 23:48:35.049 | INFO     | tldw_Server_API.app.core.DB_Management.ChaChaNotes_DB:_add_generic_item:32615 - Added chacha_keywords 'ambertag' with ID: 2.
2026-09-16 23:48:35.051 | DEBUG    | tldw_Server_API.app.core.DB_Management.ChaChaNotes_DB:_get_connection_for_state:8036 - Acquired backend connection (postgresql) for thread 8346099072
2026-09-16 23:48:35.052 | INFO     | tldw_Server_API.app.core.DB_Management.ChaChaNotes_DB:_add_generic_item:32615 - Added chacha_keywords 'indigotag' with ID: 3.
2026-09-16 23:48:35.056 | DEBUG    | tldw_Server_API.app.core.DB_Management.ChaChaNotes_DB:_manage_link:34345 - Logged sync event for note_keywords: create on 3cfc4f64-1dec-40da-aa10-747480fd7f4f_2
2026-09-16 23:48:35.056 | INFO     | tldw_Server_API.app.core.DB_Management.ChaChaNotes_DB:_manage_link:34347 - Linked note_keywords: note_id=3cfc4f64-1dec-40da-aa10-747480fd7f4f, keyword_id=2. Rows affected: 1
2026-09-16 23:48:35.059 | DEBUG    | tldw_Server_API.app.core.DB_Management.ChaChaNotes_DB:_manage_link:34345 - Logged sync event for note_keywords: create on a50edeec-9004-4b30-ae7c-67bed0dd2323_3
2026-09-16 23:48:35.059 | INFO     | tldw_Server_API.app.core.DB_Management.ChaChaNotes_DB:_manage_link:34347 - Linked note_keywords: note_id=a50edeec-9004-4b30-ae7c-67bed0dd2323, keyword_id=3. Rows affected: 1
2026-09-16 23:48:35.059 | DEBUG    | tldw_Server_API.app.core.DB_Management.ChaChaNotes_DB:execute_query:8286 - Executing SQL (script=False, backend=postgresql):
                SELECT COUNT(*) AS cnt
                FROM notes n
                WHERE n.deleted = FALSE
                  AND n.notes_fts_tsv @@ to_tsquery('english', ?)
            ... Params: ('Citrine',)...
--------------------------- Captured stderr teardown ---------------------------
2026-09-16 23:48:35.063 | DEBUG    | tldw_Server_API.app.core.DB_Management.ChaChaNotes_DB:close_connection:8110 - Returned backend connection (postgresql) for thread 8346099072.
2026-09-16 23:48:35.063 | DEBUG    | tldw_Server_API.app.core.DB_Management.ChaChaNotes_DB:close_connection:8110 - Returned backend connection (postgresql) for thread 8346099072.
2026-09-16 23:48:35.078 | INFO     | tldw_Server_API.app.api.v1.API_Deps.ChaCha_Notes_DB_Deps:close_all_chacha_db_instances:876 - Closing all cached ChaChaNotesDB instances (0)...
2026-09-16 23:48:35.078 | INFO     | tldw_Server_API.app.api.v1.API_Deps.ChaCha_Notes_DB_Deps:close_all_chacha_db_instances:892 - All ChaChaNotesDB instances closed and cache cleared.
2026-09-16 23:48:35.078 | INFO     | tldw_Server_API.app.api.v1.API_Deps.ChaCha_Notes_DB_Deps:close_all_chacha_db_instances:876 - Closing all cached ChaChaNotesDB instances (0)...
2026-09-16 23:48:35.078 | INFO     | tldw_Server_API.app.api.v1.API_Deps.ChaCha_Notes_DB_Deps:close_all_chacha_db_instances:892 - All ChaChaNotesDB instances closed and cache cleared.
________ test_keyword_mutation_and_search_owner_scope[postgres-rename] _________
tldw_Server_API/tests/DB_Management/test_note_shared_owner_contract.py:251: in test_keyword_mutation_and_search_owner_scope
    with pytest.raises((ConflictError, CharactersRAGDBError)):
E   Failed: DID NOT RAISE any of (<class 'tldw_Server_API.app.core.DB_Management.ChaChaNotes_DB.ConflictError'>, <class 'tldw_Server_API.app.core.DB_Management.ChaChaNotes_DB.CharactersRAGDBError'>)
---------------------------- Captured stderr setup -----------------------------
2026-09-16 23:48:37.546 | INFO     | tldw_Server_API.app.core.DB_Management.backends.factory:create_backend:392 - Creating postgresql backend
2026-09-16 23:48:37.546 | INFO     | tldw_Server_API.app.core.config:_buffered_log:210 - Determined ACTUAL_PROJECT_ROOT for database paths: /Users/macbook-dev/Documents/GitHub/tldw_server2
2026-09-16 23:48:37.546 | INFO     | tldw_Server_API.app.core.config:_buffered_log:210 - Early loading environment variables from: /Users/macbook-dev/Documents/GitHub/tldw_server2/tldw_Server_API/Config_Files/.env
2026-09-16 23:48:37.551 | INFO     | tldw_Server_API.app.core.config:_buffered_log:210 - Early loading environment variables from: /Users/macbook-dev/Documents/GitHub/tldw_server2/tldw_Server_API/Config_Files/.ENV
2026-09-16 23:48:37.555 | DEBUG    | tldw_Server_API.app.core.config:_buffered_log:210 - load_and_log_configs(): Loading and logging configurations...
2026-09-16 23:48:37.556 | INFO     | tldw_Server_API.app.core.config:_buffered_log:210 - Loading environment variables from: /Users/macbook-dev/Documents/GitHub/tldw_server2/tldw_Server_API/Config_Files/.env
2026-09-16 23:48:37.560 | INFO     | tldw_Server_API.app.core.config:_buffered_log:210 - Loading environment variables from: /Users/macbook-dev/Documents/GitHub/tldw_server2/tldw_Server_API/Config_Files/.ENV
2026-09-16 23:48:37.565 | INFO     | tldw_Server_API.app.core.config:_buffered_log:210 - Attempting to load comprehensive config from: /Users/macbook-dev/Documents/GitHub/tldw_server2/tldw_Server_API/Config_Files/config.txt
2026-09-16 23:48:37.567 | INFO     | tldw_Server_API.app.core.config:_buffered_log:210 - load_comprehensive_config(): Sections found in config: ['Setup', 'UI', 'Server', 'Files', 'Image-Generation', 'ACP', 'WORKSPACES', 'ACP-WORKSPACE', 'ACP-SANDBOX', 'Audit', 'Processing', 'Media-Processing', 'Chat-Dictionaries', 'Chat-Module', 'Chat-Commands', 'Chat-Templating', 'Character-Chat', 'Settings', 'Auto-Save', 'Prompts', 'Database', 'Chunking', 'Visual-RAG', 'AuthNZ', 'Streaming', 'HTTP', 'Egress', 'Embeddings', 'Claims', 'ClaimsMonitoring', 'RAG', 'Search-Agent', 'ResourceGovernor', 'Jobs', 'SlidesStandaloneHtml', 'Diarization', 'API', 'MLX', 'Local-API', 'LlamaCpp', 'STT-Settings', 'external_providers', 'TTS-Settings', 'VibeVoice', 'Audio-Quota', 'API-Routes', 'Search-Engines', 'Web-Scraper', 'Logging', 'Moderation', 'Redis', 'Web-Scraping', 'personalization', 'persona', 'persona.rbac']
2026-09-16 23:48:37.569 | INFO     | tldw_Server_API.app.core.config:_buffered_log:210 - Ensured main SQLite database directory exists: /Users/macbook-dev/Documents/GitHub/tldw_server2/Databases
2026-09-16 23:48:37.569 | INFO     | tldw_Server_API.app.core.config:_buffered_log:210 - Ensured user data base directory exists: Databases/user_databases
2026-09-16 23:48:37.570 | WARNING  | tldw_Server_API.app.core.DB_Management.db_path_utils:resolve_user_db_base_dir:491 - USER_DB_BASE_DIR not configured in tests, using isolated fallback: /private/var/folders/sn/m80n2j152t9gw3w8qwk2nykh0000gn/T/tldw_user_databases_test/default-06a2956a
2026-09-16 23:48:37.570 | INFO     | tldw_Server_API.app.core.DB_Management.ChaChaNotes_DB:__init__:7657 - Initializing CharactersRAGDB for path: /private/var/folders/sn/m80n2j152t9gw3w8qwk2nykh0000gn/T/pytest-of-macbook-dev/pytest-625/test_keyword_mutation_and_sear12/2/ChaChaNotes.db [Client ID: 2] (backend=postgresql)
2026-09-16 23:48:39.042 | DEBUG    | tldw_Server_API.app.core.DB_Management.ChaChaNotes_DB:__init__:7664 - CharactersRAGDB initialization completed successfully for /private/var/folders/sn/m80n2j152t9gw3w8qwk2nykh0000gn/T/pytest-of-macbook-dev/pytest-625/test_keyword_mutation_and_sear12/2/ChaChaNotes.db
2026-09-16 23:48:39.043 | WARNING  | tldw_Server_API.app.core.DB_Management.db_path_utils:resolve_user_db_base_dir:491 - USER_DB_BASE_DIR not configured in tests, using isolated fallback: /private/var/folders/sn/m80n2j152t9gw3w8qwk2nykh0000gn/T/tldw_user_databases_test/default-06a2956a
2026-09-16 23:48:39.043 | INFO     | tldw_Server_API.app.core.DB_Management.ChaChaNotes_DB:__init__:7657 - Initializing CharactersRAGDB for path: /private/var/folders/sn/m80n2j152t9gw3w8qwk2nykh0000gn/T/pytest-of-macbook-dev/pytest-625/test_keyword_mutation_and_sear12/3/ChaChaNotes.db [Client ID: 3] (backend=postgresql)
2026-09-16 23:48:39.191 | DEBUG    | tldw_Server_API.app.core.DB_Management.ChaChaNotes_DB:__init__:7664 - CharactersRAGDB initialization completed successfully for /private/var/folders/sn/m80n2j152t9gw3w8qwk2nykh0000gn/T/pytest-of-macbook-dev/pytest-625/test_keyword_mutation_and_sear12/3/ChaChaNotes.db
2026-09-16 23:48:39.192 | DEBUG    | tldw_Server_API.app.core.DB_Management.ChaChaNotes_DB:_get_connection_for_state:8036 - Acquired backend connection (postgresql) for thread 8346099072
2026-09-16 23:48:39.194 | INFO     | tldw_Server_API.app.core.DB_Management.chacha.note_store:_execute:124 - Added note 'Alice private Citrine' with ID: 4222824c-ce96-44c1-9f68-1c0773c42df3.
2026-09-16 23:48:39.196 | INFO     | tldw_Server_API.app.core.DB_Management.chacha.note_store:_execute:124 - Added note 'Alice deleted Citrine' with ID: 64fb13af-8b31-4e97-8e3f-0e7fe9d8da35.
2026-09-16 23:48:39.198 | INFO     | tldw_Server_API.app.core.DB_Management.chacha.note_store:soft_delete_note:2221 - Soft-deleted note ID 64fb13af-8b31-4e97-8e3f-0e7fe9d8da35 (was v1), new version 2.
2026-09-16 23:48:39.203 | DEBUG    | tldw_Server_API.app.core.DB_Management.ChaChaNotes_DB:_get_connection_for_state:8036 - Acquired backend connection (postgresql) for thread 8346099072
2026-09-16 23:48:39.206 | INFO     | tldw_Server_API.app.core.DB_Management.chacha.note_store:_execute:124 - Added note 'Bob private Indigo' with ID: 825c9771-7802-472a-9414-a11a7dd17e82.
2026-09-16 23:48:39.206 | DEBUG    | tldw_Server_API.app.core.DB_Management.ChaChaNotes_DB:close_connection:8110 - Returned backend connection (postgresql) for thread 8346099072.
2026-09-16 23:48:39.206 | DEBUG    | tldw_Server_API.app.core.DB_Management.ChaChaNotes_DB:close_connection:8110 - Returned backend connection (postgresql) for thread 8346099072.
----------------------------- Captured stderr call -----------------------------
2026-09-16 23:48:39.208 | DEBUG    | tldw_Server_API.app.core.DB_Management.ChaChaNotes_DB:_get_connection_for_state:8036 - Acquired backend connection (postgresql) for thread 8346099072
2026-09-16 23:48:39.209 | INFO     | tldw_Server_API.app.core.DB_Management.ChaChaNotes_DB:_add_generic_item:32615 - Added chacha_keywords 'Foreign sequence spacer' with ID: 1.
2026-09-16 23:48:39.210 | INFO     | tldw_Server_API.app.core.DB_Management.ChaChaNotes_DB:_add_generic_item:32615 - Added chacha_keywords 'Amber-private' with ID: 2.
2026-09-16 23:48:39.212 | DEBUG    | tldw_Server_API.app.core.DB_Management.ChaChaNotes_DB:_get_connection_for_state:8036 - Acquired backend connection (postgresql) for thread 8346099072
2026-09-16 23:48:39.213 | INFO     | tldw_Server_API.app.core.DB_Management.ChaChaNotes_DB:_add_generic_item:32615 - Added chacha_keywords 'Indigo-owned' with ID: 3.
2026-09-16 23:48:39.214 | DEBUG    | tldw_Server_API.app.core.DB_Management.ChaChaNotes_DB:execute_query:8286 - Executing SQL (script=False, backend=postgresql): SELECT * FROM chacha_keywords WHERE id = ? AND deleted = 0... Params: (2,)...
--------------------------- Captured stderr teardown ---------------------------
2026-09-16 23:48:39.218 | DEBUG    | tldw_Server_API.app.core.DB_Management.ChaChaNotes_DB:close_connection:8110 - Returned backend connection (postgresql) for thread 8346099072.
2026-09-16 23:48:39.218 | DEBUG    | tldw_Server_API.app.core.DB_Management.ChaChaNotes_DB:close_connection:8110 - Returned backend connection (postgresql) for thread 8346099072.
2026-09-16 23:48:39.233 | INFO     | tldw_Server_API.app.api.v1.API_Deps.ChaCha_Notes_DB_Deps:close_all_chacha_db_instances:876 - Closing all cached ChaChaNotesDB instances (0)...
2026-09-16 23:48:39.233 | INFO     | tldw_Server_API.app.api.v1.API_Deps.ChaCha_Notes_DB_Deps:close_all_chacha_db_instances:892 - All ChaChaNotesDB instances closed and cache cleared.
2026-09-16 23:48:39.234 | INFO     | tldw_Server_API.app.api.v1.API_Deps.ChaCha_Notes_DB_Deps:close_all_chacha_db_instances:876 - Closing all cached ChaChaNotesDB instances (0)...
2026-09-16 23:48:39.234 | INFO     | tldw_Server_API.app.api.v1.API_Deps.ChaCha_Notes_DB_Deps:close_all_chacha_db_instances:892 - All ChaChaNotesDB instances closed and cache cleared.
_ test_graph_and_keyword_note_queries_are_owner_scoped[postgres-keyword-count] _
tldw_Server_API/tests/DB_Management/test_note_shared_owner_contract.py:319: in test_graph_and_keyword_note_queries_are_owner_scoped
    assert f.bob.get_note_counts_for_keywords([foreign, own]).get(foreign, 0) == 0
E   AssertionError: assert 1 == 0
E    +  where 1 = <built-in method get of dict object at 0x111709640>(2, 0)
E    +    where <built-in method get of dict object at 0x111709640> = {2: 1, 3: 1}.get
E    +      where {2: 1, 3: 1} = get_note_counts_for_keywords([2, 3])
E    +        where get_note_counts_for_keywords = <tldw_Server_API.app.core.DB_Management.ChaChaNotes_DB.CharactersRAGDB object at 0x1117ae250>.get_note_counts_for_keywords
E    +          where <tldw_Server_API.app.core.DB_Management.ChaChaNotes_DB.CharactersRAGDB object at 0x1117ae250> = namespace(alice=<tldw_Server_API.app.core.DB_Management.ChaChaNotes_DB.CharactersRAGDB object at 0x11143f990>, bob=<tl...e0-40c7-b345-cd500ae370f4', deleted='3140bd35-27c0-46fb-97fd-c13d369770ce', own='a026b129-1397-4ebc-b379-3f5c0ba984c2').bob
---------------------------- Captured stderr setup -----------------------------
2026-09-16 23:48:39.252 | INFO     | tldw_Server_API.app.core.DB_Management.backends.factory:create_backend:392 - Creating postgresql backend
2026-09-16 23:48:39.252 | INFO     | tldw_Server_API.app.core.config:_buffered_log:210 - Determined ACTUAL_PROJECT_ROOT for database paths: /Users/macbook-dev/Documents/GitHub/tldw_server2
2026-09-16 23:48:39.252 | INFO     | tldw_Server_API.app.core.config:_buffered_log:210 - Early loading environment variables from: /Users/macbook-dev/Documents/GitHub/tldw_server2/tldw_Server_API/Config_Files/.env
2026-09-16 23:48:39.257 | INFO     | tldw_Server_API.app.core.config:_buffered_log:210 - Early loading environment variables from: /Users/macbook-dev/Documents/GitHub/tldw_server2/tldw_Server_API/Config_Files/.ENV
2026-09-16 23:48:39.261 | DEBUG    | tldw_Server_API.app.core.config:_buffered_log:210 - load_and_log_configs(): Loading and logging configurations...
2026-09-16 23:48:39.262 | INFO     | tldw_Server_API.app.core.config:_buffered_log:210 - Loading environment variables from: /Users/macbook-dev/Documents/GitHub/tldw_server2/tldw_Server_API/Config_Files/.env
2026-09-16 23:48:39.266 | INFO     | tldw_Server_API.app.core.config:_buffered_log:210 - Loading environment variables from: /Users/macbook-dev/Documents/GitHub/tldw_server2/tldw_Server_API/Config_Files/.ENV
2026-09-16 23:48:39.270 | INFO     | tldw_Server_API.app.core.config:_buffered_log:210 - Attempting to load comprehensive config from: /Users/macbook-dev/Documents/GitHub/tldw_server2/tldw_Server_API/Config_Files/config.txt
2026-09-16 23:48:39.272 | INFO     | tldw_Server_API.app.core.config:_buffered_log:210 - load_comprehensive_config(): Sections found in config: ['Setup', 'UI', 'Server', 'Files', 'Image-Generation', 'ACP', 'WORKSPACES', 'ACP-WORKSPACE', 'ACP-SANDBOX', 'Audit', 'Processing', 'Media-Processing', 'Chat-Dictionaries', 'Chat-Module', 'Chat-Commands', 'Chat-Templating', 'Character-Chat', 'Settings', 'Auto-Save', 'Prompts', 'Database', 'Chunking', 'Visual-RAG', 'AuthNZ', 'Streaming', 'HTTP', 'Egress', 'Embeddings', 'Claims', 'ClaimsMonitoring', 'RAG', 'Search-Agent', 'ResourceGovernor', 'Jobs', 'SlidesStandaloneHtml', 'Diarization', 'API', 'MLX', 'Local-API', 'LlamaCpp', 'STT-Settings', 'external_providers', 'TTS-Settings', 'VibeVoice', 'Audio-Quota', 'API-Routes', 'Search-Engines', 'Web-Scraper', 'Logging', 'Moderation', 'Redis', 'Web-Scraping', 'personalization', 'persona', 'persona.rbac']
2026-09-16 23:48:39.274 | INFO     | tldw_Server_API.app.core.config:_buffered_log:210 - Ensured main SQLite database directory exists: /Users/macbook-dev/Documents/GitHub/tldw_server2/Databases
2026-09-16 23:48:39.274 | INFO     | tldw_Server_API.app.core.config:_buffered_log:210 - Ensured user data base directory exists: Databases/user_databases
2026-09-16 23:48:39.275 | WARNING  | tldw_Server_API.app.core.DB_Management.db_path_utils:resolve_user_db_base_dir:491 - USER_DB_BASE_DIR not configured in tests, using isolated fallback: /private/var/folders/sn/m80n2j152t9gw3w8qwk2nykh0000gn/T/tldw_user_databases_test/default-06a2956a
2026-09-16 23:48:39.275 | INFO     | tldw_Server_API.app.core.DB_Management.ChaChaNotes_DB:__init__:7657 - Initializing CharactersRAGDB for path: /private/var/folders/sn/m80n2j152t9gw3w8qwk2nykh0000gn/T/pytest-of-macbook-dev/pytest-625/test_graph_and_keyword_note_qu10/2/ChaChaNotes.db [Client ID: 2] (backend=postgresql)
2026-09-16 23:48:40.653 | DEBUG    | tldw_Server_API.app.core.DB_Management.ChaChaNotes_DB:__init__:7664 - CharactersRAGDB initialization completed successfully for /private/var/folders/sn/m80n2j152t9gw3w8qwk2nykh0000gn/T/pytest-of-macbook-dev/pytest-625/test_graph_and_keyword_note_qu10/2/ChaChaNotes.db
2026-09-16 23:48:40.653 | WARNING  | tldw_Server_API.app.core.DB_Management.db_path_utils:resolve_user_db_base_dir:491 - USER_DB_BASE_DIR not configured in tests, using isolated fallback: /private/var/folders/sn/m80n2j152t9gw3w8qwk2nykh0000gn/T/tldw_user_databases_test/default-06a2956a
2026-09-16 23:48:40.654 | INFO     | tldw_Server_API.app.core.DB_Management.ChaChaNotes_DB:__init__:7657 - Initializing CharactersRAGDB for path: /private/var/folders/sn/m80n2j152t9gw3w8qwk2nykh0000gn/T/pytest-of-macbook-dev/pytest-625/test_graph_and_keyword_note_qu10/3/ChaChaNotes.db [Client ID: 3] (backend=postgresql)
2026-09-16 23:48:40.799 | DEBUG    | tldw_Server_API.app.core.DB_Management.ChaChaNotes_DB:__init__:7664 - CharactersRAGDB initialization completed successfully for /private/var/folders/sn/m80n2j152t9gw3w8qwk2nykh0000gn/T/pytest-of-macbook-dev/pytest-625/test_graph_and_keyword_note_qu10/3/ChaChaNotes.db
2026-09-16 23:48:40.801 | DEBUG    | tldw_Server_API.app.core.DB_Management.ChaChaNotes_DB:_get_connection_for_state:8036 - Acquired backend connection (postgresql) for thread 8346099072
2026-09-16 23:48:40.803 | INFO     | tldw_Server_API.app.core.DB_Management.chacha.note_store:_execute:124 - Added note 'Alice private Citrine' with ID: 2f959bad-46e0-40c7-b345-cd500ae370f4.
2026-09-16 23:48:40.804 | INFO     | tldw_Server_API.app.core.DB_Management.chacha.note_store:_execute:124 - Added note 'Alice deleted Citrine' with ID: 3140bd35-27c0-46fb-97fd-c13d369770ce.
2026-09-16 23:48:40.807 | INFO     | tldw_Server_API.app.core.DB_Management.chacha.note_store:soft_delete_note:2221 - Soft-deleted note ID 3140bd35-27c0-46fb-97fd-c13d369770ce (was v1), new version 2.
2026-09-16 23:48:40.811 | DEBUG    | tldw_Server_API.app.core.DB_Management.ChaChaNotes_DB:_get_connection_for_state:8036 - Acquired backend connection (postgresql) for thread 8346099072
2026-09-16 23:48:40.814 | INFO     | tldw_Server_API.app.core.DB_Management.chacha.note_store:_execute:124 - Added note 'Bob private Indigo' with ID: a026b129-1397-4ebc-b379-3f5c0ba984c2.
2026-09-16 23:48:40.814 | DEBUG    | tldw_Server_API.app.core.DB_Management.ChaChaNotes_DB:close_connection:8110 - Returned backend connection (postgresql) for thread 8346099072.
2026-09-16 23:48:40.815 | DEBUG    | tldw_Server_API.app.core.DB_Management.ChaChaNotes_DB:close_connection:8110 - Returned backend connection (postgresql) for thread 8346099072.
----------------------------- Captured stderr call -----------------------------
2026-09-16 23:48:40.816 | DEBUG    | tldw_Server_API.app.core.DB_Management.ChaChaNotes_DB:_get_connection_for_state:8036 - Acquired backend connection (postgresql) for thread 8346099072
2026-09-16 23:48:40.817 | INFO     | tldw_Server_API.app.core.DB_Management.ChaChaNotes_DB:_add_generic_item:32615 - Added chacha_keywords 'Graph spacer' with ID: 1.
2026-09-16 23:48:40.819 | INFO     | tldw_Server_API.app.core.DB_Management.ChaChaNotes_DB:_add_generic_item:32615 - Added chacha_keywords 'ambertag' with ID: 2.
2026-09-16 23:48:40.821 | DEBUG    | tldw_Server_API.app.core.DB_Management.ChaChaNotes_DB:_get_connection_for_state:8036 - Acquired backend connection (postgresql) for thread 8346099072
2026-09-16 23:48:40.822 | INFO     | tldw_Server_API.app.core.DB_Management.ChaChaNotes_DB:_add_generic_item:32615 - Added chacha_keywords 'indigotag' with ID: 3.
2026-09-16 23:48:40.825 | DEBUG    | tldw_Server_API.app.core.DB_Management.ChaChaNotes_DB:_manage_link:34345 - Logged sync event for note_keywords: create on 2f959bad-46e0-40c7-b345-cd500ae370f4_2
2026-09-16 23:48:40.826 | INFO     | tldw_Server_API.app.core.DB_Management.ChaChaNotes_DB:_manage_link:34347 - Linked note_keywords: note_id=2f959bad-46e0-40c7-b345-cd500ae370f4, keyword_id=2. Rows affected: 1
2026-09-16 23:48:40.828 | DEBUG    | tldw_Server_API.app.core.DB_Management.ChaChaNotes_DB:_manage_link:34345 - Logged sync event for note_keywords: create on a026b129-1397-4ebc-b379-3f5c0ba984c2_3
2026-09-16 23:48:40.829 | INFO     | tldw_Server_API.app.core.DB_Management.ChaChaNotes_DB:_manage_link:34347 - Linked note_keywords: note_id=a026b129-1397-4ebc-b379-3f5c0ba984c2, keyword_id=3. Rows affected: 1
2026-09-16 23:48:40.829 | DEBUG    | tldw_Server_API.app.core.DB_Management.ChaChaNotes_DB:execute_query:8286 - Executing SQL (script=False, backend=postgresql):
            SELECT nk.keyword_id AS keyword_id, COUNT(DISTINCT nk.note_id) AS note_count
            FROM note_keywords nk
            JOIN notes n ON n.id = nk.note_id
            JOIN chacha_keywords k ON k.id = nk.keyword_id
            WHERE n.deleted = FALSE
              AND k.deleted = FALSE... Params: (2, 3)...
--------------------------- Captured stderr teardown ---------------------------
2026-09-16 23:48:40.832 | DEBUG    | tldw_Server_API.app.core.DB_Management.ChaChaNotes_DB:close_connection:8110 - Returned backend connection (postgresql) for thread 8346099072.
2026-09-16 23:48:40.832 | DEBUG    | tldw_Server_API.app.core.DB_Management.ChaChaNotes_DB:close_connection:8110 - Returned backend connection (postgresql) for thread 8346099072.
2026-09-16 23:48:40.848 | INFO     | tldw_Server_API.app.api.v1.API_Deps.ChaCha_Notes_DB_Deps:close_all_chacha_db_instances:876 - Closing all cached ChaChaNotesDB instances (0)...
2026-09-16 23:48:40.848 | INFO     | tldw_Server_API.app.api.v1.API_Deps.ChaCha_Notes_DB_Deps:close_all_chacha_db_instances:892 - All ChaChaNotesDB instances closed and cache cleared.
2026-09-16 23:48:40.848 | INFO     | tldw_Server_API.app.api.v1.API_Deps.ChaCha_Notes_DB_Deps:close_all_chacha_db_instances:876 - Closing all cached ChaChaNotesDB instances (0)...
2026-09-16 23:48:40.848 | INFO     | tldw_Server_API.app.api.v1.API_Deps.ChaCha_Notes_DB_Deps:close_all_chacha_db_instances:892 - All ChaChaNotesDB instances closed and cache cleared.
__________________ test_collection_owner_scope[postgres-name] __________________
tldw_Server_API/tests/DB_Management/test_note_shared_owner_contract.py:279: in test_collection_owner_scope
    assert f.bob.get_keyword_collection_by_name("Amber private collection") is None
E   AssertionError: assert {'client_id': '2', 'created_at': datetime.datetime(2026, 9, 17, 6, 48, 42, 359000, tzinfo=zoneinfo.ZoneInfo(key='Etc/UTC')), 'deleted': False, 'id': 2, ...} is None
E    +  where {'client_id': '2', 'created_at': datetime.datetime(2026, 9, 17, 6, 48, 42, 359000, tzinfo=zoneinfo.ZoneInfo(key='Etc/UTC')), 'deleted': False, 'id': 2, ...} = get_keyword_collection_by_name('Amber private collection')
E    +    where get_keyword_collection_by_name = <tldw_Server_API.app.core.DB_Management.ChaChaNotes_DB.CharactersRAGDB object at 0x1104876d0>.get_keyword_collection_by_name
E    +      where <tldw_Server_API.app.core.DB_Management.ChaChaNotes_DB.CharactersRAGDB object at 0x1104876d0> = namespace(alice=<tldw_Server_API.app.core.DB_Management.ChaChaNotes_DB.CharactersRAGDB object at 0x1109b4550>, bob=<tl...2e-46c8-937e-d41dc525480c', deleted='d26e29f2-9a91-4dd8-9ac6-661b80d3c190', own='b2f097ef-4e19-4525-b147-0448863d23a5').bob
---------------------------- Captured stderr setup -----------------------------
2026-09-16 23:48:40.864 | INFO     | tldw_Server_API.app.core.DB_Management.backends.factory:create_backend:392 - Creating postgresql backend
2026-09-16 23:48:40.865 | INFO     | tldw_Server_API.app.core.config:_buffered_log:210 - Determined ACTUAL_PROJECT_ROOT for database paths: /Users/macbook-dev/Documents/GitHub/tldw_server2
2026-09-16 23:48:40.865 | INFO     | tldw_Server_API.app.core.config:_buffered_log:210 - Early loading environment variables from: /Users/macbook-dev/Documents/GitHub/tldw_server2/tldw_Server_API/Config_Files/.env
2026-09-16 23:48:40.869 | INFO     | tldw_Server_API.app.core.config:_buffered_log:210 - Early loading environment variables from: /Users/macbook-dev/Documents/GitHub/tldw_server2/tldw_Server_API/Config_Files/.ENV
2026-09-16 23:48:40.873 | DEBUG    | tldw_Server_API.app.core.config:_buffered_log:210 - load_and_log_configs(): Loading and logging configurations...
2026-09-16 23:48:40.874 | INFO     | tldw_Server_API.app.core.config:_buffered_log:210 - Loading environment variables from: /Users/macbook-dev/Documents/GitHub/tldw_server2/tldw_Server_API/Config_Files/.env
2026-09-16 23:48:40.879 | INFO     | tldw_Server_API.app.core.config:_buffered_log:210 - Loading environment variables from: /Users/macbook-dev/Documents/GitHub/tldw_server2/tldw_Server_API/Config_Files/.ENV
2026-09-16 23:48:40.883 | INFO     | tldw_Server_API.app.core.config:_buffered_log:210 - Attempting to load comprehensive config from: /Users/macbook-dev/Documents/GitHub/tldw_server2/tldw_Server_API/Config_Files/config.txt
2026-09-16 23:48:40.885 | INFO     | tldw_Server_API.app.core.config:_buffered_log:210 - load_comprehensive_config(): Sections found in config: ['Setup', 'UI', 'Server', 'Files', 'Image-Generation', 'ACP', 'WORKSPACES', 'ACP-WORKSPACE', 'ACP-SANDBOX', 'Audit', 'Processing', 'Media-Processing', 'Chat-Dictionaries', 'Chat-Module', 'Chat-Commands', 'Chat-Templating', 'Character-Chat', 'Settings', 'Auto-Save', 'Prompts', 'Database', 'Chunking', 'Visual-RAG', 'AuthNZ', 'Streaming', 'HTTP', 'Egress', 'Embeddings', 'Claims', 'ClaimsMonitoring', 'RAG', 'Search-Agent', 'ResourceGovernor', 'Jobs', 'SlidesStandaloneHtml', 'Diarization', 'API', 'MLX', 'Local-API', 'LlamaCpp', 'STT-Settings', 'external_providers', 'TTS-Settings', 'VibeVoice', 'Audio-Quota', 'API-Routes', 'Search-Engines', 'Web-Scraper', 'Logging', 'Moderation', 'Redis', 'Web-Scraping', 'personalization', 'persona', 'persona.rbac']
2026-09-16 23:48:40.887 | INFO     | tldw_Server_API.app.core.config:_buffered_log:210 - Ensured main SQLite database directory exists: /Users/macbook-dev/Documents/GitHub/tldw_server2/Databases
2026-09-16 23:48:40.887 | INFO     | tldw_Server_API.app.core.config:_buffered_log:210 - Ensured user data base directory exists: Databases/user_databases
2026-09-16 23:48:40.887 | WARNING  | tldw_Server_API.app.core.DB_Management.db_path_utils:resolve_user_db_base_dir:491 - USER_DB_BASE_DIR not configured in tests, using isolated fallback: /private/var/folders/sn/m80n2j152t9gw3w8qwk2nykh0000gn/T/tldw_user_databases_test/default-06a2956a
2026-09-16 23:48:40.887 | INFO     | tldw_Server_API.app.core.DB_Management.ChaChaNotes_DB:__init__:7657 - Initializing CharactersRAGDB for path: /private/var/folders/sn/m80n2j152t9gw3w8qwk2nykh0000gn/T/pytest-of-macbook-dev/pytest-625/test_collection_owner_scope_po6/2/ChaChaNotes.db [Client ID: 2] (backend=postgresql)
2026-09-16 23:48:42.188 | DEBUG    | tldw_Server_API.app.core.DB_Management.ChaChaNotes_DB:__init__:7664 - CharactersRAGDB initialization completed successfully for /private/var/folders/sn/m80n2j152t9gw3w8qwk2nykh0000gn/T/pytest-of-macbook-dev/pytest-625/test_collection_owner_scope_po6/2/ChaChaNotes.db
2026-09-16 23:48:42.189 | WARNING  | tldw_Server_API.app.core.DB_Management.db_path_utils:resolve_user_db_base_dir:491 - USER_DB_BASE_DIR not configured in tests, using isolated fallback: /private/var/folders/sn/m80n2j152t9gw3w8qwk2nykh0000gn/T/tldw_user_databases_test/default-06a2956a
2026-09-16 23:48:42.189 | INFO     | tldw_Server_API.app.core.DB_Management.ChaChaNotes_DB:__init__:7657 - Initializing CharactersRAGDB for path: /private/var/folders/sn/m80n2j152t9gw3w8qwk2nykh0000gn/T/pytest-of-macbook-dev/pytest-625/test_collection_owner_scope_po6/3/ChaChaNotes.db [Client ID: 3] (backend=postgresql)
2026-09-16 23:48:42.340 | DEBUG    | tldw_Server_API.app.core.DB_Management.ChaChaNotes_DB:__init__:7664 - CharactersRAGDB initialization completed successfully for /private/var/folders/sn/m80n2j152t9gw3w8qwk2nykh0000gn/T/pytest-of-macbook-dev/pytest-625/test_collection_owner_scope_po6/3/ChaChaNotes.db
2026-09-16 23:48:42.342 | DEBUG    | tldw_Server_API.app.core.DB_Management.ChaChaNotes_DB:_get_connection_for_state:8036 - Acquired backend connection (postgresql) for thread 8346099072
2026-09-16 23:48:42.344 | INFO     | tldw_Server_API.app.core.DB_Management.chacha.note_store:_execute:124 - Added note 'Alice private Citrine' with ID: e7dd68cd-d82e-46c8-937e-d41dc525480c.
2026-09-16 23:48:42.345 | INFO     | tldw_Server_API.app.core.DB_Management.chacha.note_store:_execute:124 - Added note 'Alice deleted Citrine' with ID: d26e29f2-9a91-4dd8-9ac6-661b80d3c190.
2026-09-16 23:48:42.348 | INFO     | tldw_Server_API.app.core.DB_Management.chacha.note_store:soft_delete_note:2221 - Soft-deleted note ID d26e29f2-9a91-4dd8-9ac6-661b80d3c190 (was v1), new version 2.
2026-09-16 23:48:42.353 | DEBUG    | tldw_Server_API.app.core.DB_Management.ChaChaNotes_DB:_get_connection_for_state:8036 - Acquired backend connection (postgresql) for thread 8346099072
2026-09-16 23:48:42.355 | INFO     | tldw_Server_API.app.core.DB_Management.chacha.note_store:_execute:124 - Added note 'Bob private Indigo' with ID: b2f097ef-4e19-4525-b147-0448863d23a5.
2026-09-16 23:48:42.356 | DEBUG    | tldw_Server_API.app.core.DB_Management.ChaChaNotes_DB:close_connection:8110 - Returned backend connection (postgresql) for thread 8346099072.
2026-09-16 23:48:42.356 | DEBUG    | tldw_Server_API.app.core.DB_Management.ChaChaNotes_DB:close_connection:8110 - Returned backend connection (postgresql) for thread 8346099072.
----------------------------- Captured stderr call -----------------------------
2026-09-16 23:48:42.358 | DEBUG    | tldw_Server_API.app.core.DB_Management.ChaChaNotes_DB:_get_connection_for_state:8036 - Acquired backend connection (postgresql) for thread 8346099072
2026-09-16 23:48:42.359 | INFO     | tldw_Server_API.app.core.DB_Management.ChaChaNotes_DB:_add_generic_item:32615 - Added keyword_collections 'Collection sequence spacer' with ID: 1.
2026-09-16 23:48:42.360 | INFO     | tldw_Server_API.app.core.DB_Management.ChaChaNotes_DB:_add_generic_item:32615 - Added keyword_collections 'Amber private collection' with ID: 2.
2026-09-16 23:48:42.362 | DEBUG    | tldw_Server_API.app.core.DB_Management.ChaChaNotes_DB:_get_connection_for_state:8036 - Acquired backend connection (postgresql) for thread 8346099072
2026-09-16 23:48:42.363 | INFO     | tldw_Server_API.app.core.DB_Management.ChaChaNotes_DB:_add_generic_item:32615 - Added keyword_collections 'Indigo own collection' with ID: 3.
2026-09-16 23:48:42.363 | DEBUG    | tldw_Server_API.app.core.DB_Management.ChaChaNotes_DB:execute_query:8286 - Executing SQL (script=False, backend=postgresql): SELECT * FROM keyword_collections WHERE id = ? AND deleted = 0... Params: (2,)...
2026-09-16 23:48:42.364 | DEBUG    | tldw_Server_API.app.core.DB_Management.ChaChaNotes_DB:execute_query:8286 - Executing SQL (script=False, backend=postgresql): SELECT * FROM keyword_collections WHERE name = ? AND deleted = 0... Params: ('Amber private collection',)...
--------------------------- Captured stderr teardown ---------------------------
2026-09-16 23:48:42.367 | DEBUG    | tldw_Server_API.app.core.DB_Management.ChaChaNotes_DB:close_connection:8110 - Returned backend connection (postgresql) for thread 8346099072.
2026-09-16 23:48:42.367 | DEBUG    | tldw_Server_API.app.core.DB_Management.ChaChaNotes_DB:close_connection:8110 - Returned backend connection (postgresql) for thread 8346099072.
2026-09-16 23:48:42.382 | INFO     | tldw_Server_API.app.api.v1.API_Deps.ChaCha_Notes_DB_Deps:close_all_chacha_db_instances:876 - Closing all cached ChaChaNotesDB instances (0)...
2026-09-16 23:48:42.382 | INFO     | tldw_Server_API.app.api.v1.API_Deps.ChaCha_Notes_DB_Deps:close_all_chacha_db_instances:892 - All ChaChaNotesDB instances closed and cache cleared.
2026-09-16 23:48:42.382 | INFO     | tldw_Server_API.app.api.v1.API_Deps.ChaCha_Notes_DB_Deps:close_all_chacha_db_instances:876 - Closing all cached ChaChaNotesDB instances (0)...
2026-09-16 23:48:42.383 | INFO     | tldw_Server_API.app.api.v1.API_Deps.ChaCha_Notes_DB_Deps:close_all_chacha_db_instances:892 - All ChaChaNotesDB instances closed and cache cleared.
______________ test_collection_owner_scope[sqlite-parent-create] _______________
tldw_Server_API/tests/DB_Management/test_note_shared_owner_contract.py:285: in test_collection_owner_scope
    with pytest.raises((ConflictError, CharactersRAGDBError)):
E   Failed: DID NOT RAISE any of (<class 'tldw_Server_API.app.core.DB_Management.ChaChaNotes_DB.ConflictError'>, <class 'tldw_Server_API.app.core.DB_Management.ChaChaNotes_DB.CharactersRAGDBError'>)
---------------------------- Captured stderr setup -----------------------------
2026-09-16 23:48:44.830 | INFO     | tldw_Server_API.app.core.config:_buffered_log:210 - Determined ACTUAL_PROJECT_ROOT for database paths: /Users/macbook-dev/Documents/GitHub/tldw_server2
2026-09-16 23:48:44.830 | INFO     | tldw_Server_API.app.core.config:_buffered_log:210 - Early loading environment variables from: /Users/macbook-dev/Documents/GitHub/tldw_server2/tldw_Server_API/Config_Files/.env
2026-09-16 23:48:44.834 | INFO     | tldw_Server_API.app.core.config:_buffered_log:210 - Early loading environment variables from: /Users/macbook-dev/Documents/GitHub/tldw_server2/tldw_Server_API/Config_Files/.ENV
2026-09-16 23:48:44.838 | DEBUG    | tldw_Server_API.app.core.config:_buffered_log:210 - load_and_log_configs(): Loading and logging configurations...
2026-09-16 23:48:44.839 | INFO     | tldw_Server_API.app.core.config:_buffered_log:210 - Loading environment variables from: /Users/macbook-dev/Documents/GitHub/tldw_server2/tldw_Server_API/Config_Files/.env
2026-09-16 23:48:44.843 | INFO     | tldw_Server_API.app.core.config:_buffered_log:210 - Loading environment variables from: /Users/macbook-dev/Documents/GitHub/tldw_server2/tldw_Server_API/Config_Files/.ENV
2026-09-16 23:48:44.847 | INFO     | tldw_Server_API.app.core.config:_buffered_log:210 - Attempting to load comprehensive config from: /Users/macbook-dev/Documents/GitHub/tldw_server2/tldw_Server_API/Config_Files/config.txt
2026-09-16 23:48:44.849 | INFO     | tldw_Server_API.app.core.config:_buffered_log:210 - load_comprehensive_config(): Sections found in config: ['Setup', 'UI', 'Server', 'Files', 'Image-Generation', 'ACP', 'WORKSPACES', 'ACP-WORKSPACE', 'ACP-SANDBOX', 'Audit', 'Processing', 'Media-Processing', 'Chat-Dictionaries', 'Chat-Module', 'Chat-Commands', 'Chat-Templating', 'Character-Chat', 'Settings', 'Auto-Save', 'Prompts', 'Database', 'Chunking', 'Visual-RAG', 'AuthNZ', 'Streaming', 'HTTP', 'Egress', 'Embeddings', 'Claims', 'ClaimsMonitoring', 'RAG', 'Search-Agent', 'ResourceGovernor', 'Jobs', 'SlidesStandaloneHtml', 'Diarization', 'API', 'MLX', 'Local-API', 'LlamaCpp', 'STT-Settings', 'external_providers', 'TTS-Settings', 'VibeVoice', 'Audio-Quota', 'API-Routes', 'Search-Engines', 'Web-Scraper', 'Logging', 'Moderation', 'Redis', 'Web-Scraping', 'personalization', 'persona', 'persona.rbac']
2026-09-16 23:48:44.851 | INFO     | tldw_Server_API.app.core.config:_buffered_log:210 - Ensured main SQLite database directory exists: /Users/macbook-dev/Documents/GitHub/tldw_server2/Databases
2026-09-16 23:48:44.851 | INFO     | tldw_Server_API.app.core.config:_buffered_log:210 - Ensured user data base directory exists: Databases/user_databases
2026-09-16 23:48:44.851 | WARNING  | tldw_Server_API.app.core.DB_Management.db_path_utils:resolve_user_db_base_dir:491 - USER_DB_BASE_DIR not configured in tests, using isolated fallback: /private/var/folders/sn/m80n2j152t9gw3w8qwk2nykh0000gn/T/tldw_user_databases_test/default-06a2956a
2026-09-16 23:48:44.852 | WARNING  | tldw_Server_API.app.core.DB_Management.db_path_utils:resolve_user_db_base_dir:491 - USER_DB_BASE_DIR not configured in tests, using isolated fallback: /private/var/folders/sn/m80n2j152t9gw3w8qwk2nykh0000gn/T/tldw_user_databases_test/default-06a2956a
2026-09-16 23:48:44.852 | INFO     | tldw_Server_API.app.core.DB_Management.ChaChaNotes_DB:__init__:7657 - Initializing CharactersRAGDB for path: /private/var/folders/sn/m80n2j152t9gw3w8qwk2nykh0000gn/T/pytest-of-macbook-dev/pytest-625/test_collection_owner_scope_sq7/2/ChaChaNotes.db [Client ID: 2] (backend=sqlite)
2026-09-16 23:48:44.852 | DEBUG    | tldw_Server_API.app.core.DB_Management.ChaChaNotes_DB:_get_connection_for_state:8015 - Opened/Reopened SQLite connection to /private/var/folders/sn/m80n2j152t9gw3w8qwk2nykh0000gn/T/pytest-of-macbook-dev/pytest-625/test_collection_owner_scope_sq7/2/ChaChaNotes.db for thread 8346099072
2026-09-16 23:48:44.853 | DEBUG    | tldw_Server_API.app.core.DB_Management.ChaChaNotes_DB:__enter__:45022 - Transaction started (outermost) on thread 8346099072.
2026-09-16 23:48:44.853 | INFO     | tldw_Server_API.app.core.DB_Management.ChaChaNotes_DB:_initialize_schema_sqlite:20341 - Checking DB schema 'rag_char_chat_schema'. Current version: 0. Code supports: 67
2026-09-16 23:48:44.853 | INFO     | tldw_Server_API.app.core.DB_Management.ChaChaNotes_DB:_apply_schema_v4:8715 - Applying schema Version 4 for 'rag_char_chat_schema' to DB: /private/var/folders/sn/m80n2j152t9gw3w8qwk2nykh0000gn/T/pytest-of-macbook-dev/pytest-625/test_collection_owner_scope_sq7/2/ChaChaNotes.db...
2026-09-16 23:48:44.858 | DEBUG    | tldw_Server_API.app.core.DB_Management.ChaChaNotes_DB:_apply_schema_v4:8719 - [rag_char_chat_schema V4] Full schema script executed.
2026-09-16 23:48:44.858 | INFO     | tldw_Server_API.app.core.DB_Management.ChaChaNotes_DB:_apply_schema_v4:8725 - [rag_char_chat_schema V4] Schema 4 applied and version confirmed for DB: /private/var/folders/sn/m80n2j152t9gw3w8qwk2nykh0000gn/T/pytest-of-macbook-dev/pytest-625/test_collection_owner_scope_sq7/2/ChaChaNotes.db.
2026-09-16 23:48:44.858 | INFO     | tldw_Server_API.app.core.DB_Management.ChaChaNotes_DB:_migrate_from_v4_to_v5:8772 - Migrating 'rag_char_chat_schema' schema from V4 to V5 for DB: /private/var/folders/sn/m80n2j152t9gw3w8qwk2nykh0000gn/T/pytest-of-macbook-dev/pytest-625/test_collection_owner_scope_sq7/2/ChaChaNotes.db...
2026-09-16 23:48:44.861 | INFO     | tldw_Server_API.app.core.DB_Management.ChaChaNotes_DB:_migrate_from_v4_to_v5:8779 - [rag_char_chat_schema] Migration to V5 completed.
2026-09-16 23:48:44.861 | INFO     | tldw_Server_API.app.core.DB_Management.ChaChaNotes_DB:_migrate_from_v5_to_v6:8793 - Migrating 'rag_char_chat_schema' schema from V5 to V6 for DB: /private/var/folders/sn/m80n2j152t9gw3w8qwk2nykh0000gn/T/pytest-of-macbook-dev/pytest-625/test_collection_owner_scope_sq7/2/ChaChaNotes.db...
2026-09-16 23:48:44.863 | INFO     | tldw_Server_API.app.core.DB_Management.ChaChaNotes_DB:_migrate_from_v5_to_v6:8800 - [rag_char_chat_schema] Migration to V6 completed.
2026-09-16 23:48:44.863 | INFO     | tldw_Server_API.app.core.DB_Management.ChaChaNotes_DB:_migrate_from_v6_to_v7:8812 - Migrating 'rag_char_chat_schema' schema from V6 to V7 for DB: /private/var/folders/sn/m80n2j152t9gw3w8qwk2nykh0000gn/T/pytest-of-macbook-dev/pytest-625/test_collection_owner_scope_sq7/2/ChaChaNotes.db...
2026-09-16 23:48:44.864 | INFO     | tldw_Server_API.app.core.DB_Management.ChaChaNotes_DB:_migrate_from_v6_to_v7:8819 - [rag_char_chat_schema] Migration to V7 completed.
2026-09-16 23:48:44.864 | INFO     | tldw_Server_API.app.core.DB_Management.ChaChaNotes_DB:_migrate_from_v7_to_v8:8831 - Migrating 'rag_char_chat_schema' schema from V7 to V8 for DB: /private/var/folders/sn/m80n2j152t9gw3w8qwk2nykh0000gn/T/pytest-of-macbook-dev/pytest-625/test_collection_owner_scope_sq7/2/ChaChaNotes.db...
2026-09-16 23:48:44.865 | INFO     | tldw_Server_API.app.core.DB_Management.ChaChaNotes_DB:_migrate_from_v7_to_v8:8838 - [rag_char_chat_schema] Migration to V8 completed.
2026-09-16 23:48:44.865 | INFO     | tldw_Server_API.app.core.DB_Management.ChaChaNotes_DB:_migrate_from_v8_to_v9:8850 - Migrating 'rag_char_chat_schema' schema from V8 to V9 for DB: /private/var/folders/sn/m80n2j152t9gw3w8qwk2nykh0000gn/T/pytest-of-macbook-dev/pytest-625/test_collection_owner_scope_sq7/2/ChaChaNotes.db...
2026-09-16 23:48:44.865 | INFO     | tldw_Server_API.app.core.DB_Management.ChaChaNotes_DB:_migrate_from_v8_to_v9:8857 - [rag_char_chat_schema] Migration to V9 completed.
2026-09-16 23:48:44.865 | INFO     | tldw_Server_API.app.core.DB_Management.ChaChaNotes_DB:_migrate_from_v9_to_v10:8869 - Migrating 'rag_char_chat_schema' schema from V9 to V10 for DB: /private/var/folders/sn/m80n2j152t9gw3w8qwk2nykh0000gn/T/pytest-of-macbook-dev/pytest-625/test_collection_owner_scope_sq7/2/ChaChaNotes.db...
2026-09-16 23:48:44.873 | INFO     | tldw_Server_API.app.core.DB_Management.ChaChaNotes_DB:_migrate_from_v9_to_v10:8877 - [rag_char_chat_schema] Migration to V10 completed.
2026-09-16 23:48:44.873 | INFO     | tldw_Server_API.app.core.DB_Management.ChaChaNotes_DB:_migrate_from_v10_to_v11:8889 - Migrating 'rag_char_chat_schema' schema from V10 to V11 for DB: /private/var/folders/sn/m80n2j152t9gw3w8qwk2nykh0000gn/T/pytest-of-macbook-dev/pytest-625/test_collection_owner_scope_sq7/2/ChaChaNotes.db...
2026-09-16 23:48:44.879 | INFO     | tldw_Server_API.app.core.DB_Management.ChaChaNotes_DB:_migrate_from_v10_to_v11:8908 - [rag_char_chat_schema] Migration to V11 completed.
2026-09-16 23:48:44.879 | INFO     | tldw_Server_API.app.core.DB_Management.ChaChaNotes_DB:_migrate_from_v11_to_v12:8920 - Migrating 'rag_char_chat_schema' schema from V11 to V12 for DB: /private/var/folders/sn/m80n2j152t9gw3w8qwk2nykh0000gn/T/pytest-of-macbook-dev/pytest-625/test_collection_owner_scope_sq7/2/ChaChaNotes.db...
2026-09-16 23:48:44.880 | INFO     | tldw_Server_API.app.core.DB_Management.ChaChaNotes_DB:_migrate_from_v11_to_v12:8928 - [rag_char_chat_schema] Migration to V12 completed.
2026-09-16 23:48:44.880 | INFO     | tldw_Server_API.app.core.DB_Management.ChaChaNotes_DB:_migrate_from_v12_to_v13:8940 - Migrating 'rag_char_chat_schema' schema from V12 to V13 for DB: /private/var/folders/sn/m80n2j152t9gw3w8qwk2nykh0000gn/T/pytest-of-macbook-dev/pytest-625/test_collection_owner_scope_sq7/2/ChaChaNotes.db...
2026-09-16 23:48:44.880 | INFO     | tldw_Server_API.app.core.DB_Management.ChaChaNotes_DB:_migrate_from_v12_to_v13:8948 - [rag_char_chat_schema] Migration to V13 completed.
2026-09-16 23:48:44.880 | INFO     | tldw_Server_API.app.core.DB_Management.ChaChaNotes_DB:_migrate_from_v13_to_v14:8960 - Migrating 'rag_char_chat_schema' schema from V13 to V14 for DB: /private/var/folders/sn/m80n2j152t9gw3w8qwk2nykh0000gn/T/pytest-of-macbook-dev/pytest-625/test_collection_owner_scope_sq7/2/ChaChaNotes.db...
2026-09-16 23:48:44.887 | INFO     | tldw_Server_API.app.core.DB_Management.ChaChaNotes_DB:_migrate_from_v13_to_v14:9026 - [rag_char_chat_schema] Migration to V14 completed.
2026-09-16 23:48:44.887 | INFO     | tldw_Server_API.app.core.DB_Management.ChaChaNotes_DB:_migrate_from_v14_to_v15:9038 - Migrating 'rag_char_chat_schema' schema from V14 to V15 for DB: /private/var/folders/sn/m80n2j152t9gw3w8qwk2nykh0000gn/T/pytest-of-macbook-dev/pytest-625/test_collection_owner_scope_sq7/2/ChaChaNotes.db...
2026-09-16 23:48:44.889 | INFO     | tldw_Server_API.app.core.DB_Management.ChaChaNotes_DB:_migrate_from_v14_to_v15:9046 - [rag_char_chat_schema] Migration to V15 completed.
2026-09-16 23:48:44.889 | INFO     | tldw_Server_API.app.core.DB_Management.ChaChaNotes_DB:_migrate_from_v15_to_v16:9058 - Migrating 'rag_char_chat_schema' schema from V15 to V16 for DB: /private/var/folders/sn/m80n2j152t9gw3w8qwk2nykh0000gn/T/pytest-of-macbook-dev/pytest-625/test_collection_owner_scope_sq7/2/ChaChaNotes.db...
2026-09-16 23:48:44.890 | INFO     | tldw_Server_API.app.core.DB_Management.ChaChaNotes_DB:_migrate_from_v15_to_v16:9066 - [rag_char_chat_schema] Migration to V16 completed.
2026-09-16 23:48:44.890 | INFO     | tldw_Server_API.app.core.DB_Management.ChaChaNotes_DB:_migrate_from_v16_to_v17:9078 - Migrating 'rag_char_chat_schema' schema from V16 to V17 for DB: /private/var/folders/sn/m80n2j152t9gw3w8qwk2nykh0000gn/T/pytest-of-macbook-dev/pytest-625/test_collection_owner_scope_sq7/2/ChaChaNotes.db...
2026-09-16 23:48:44.890 | INFO     | tldw_Server_API.app.core.DB_Management.ChaChaNotes_DB:_migrate_from_v16_to_v17:9105 - [rag_char_chat_schema] Migration to V17 completed.
2026-09-16 23:48:44.890 | INFO     | tldw_Server_API.app.core.DB_Management.ChaChaNotes_DB:_migrate_from_v17_to_v18:9117 - Migrating 'rag_char_chat_schema' schema from V17 to V18 for DB: /private/var/folders/sn/m80n2j152t9gw3w8qwk2nykh0000gn/T/pytest-of-macbook-dev/pytest-625/test_collection_owner_scope_sq7/2/ChaChaNotes.db...
2026-09-16 23:48:44.891 | INFO     | tldw_Server_API.app.core.DB_Management.ChaChaNotes_DB:_migrate_from_v17_to_v18:9125 - [rag_char_chat_schema] Migration to V18 completed.
2026-09-16 23:48:44.891 | INFO     | tldw_Server_API.app.core.DB_Management.ChaChaNotes_DB:_migrate_from_v18_to_v19:9137 - Migrating 'rag_char_chat_schema' schema from V18 to V19 for DB: /private/var/folders/sn/m80n2j152t9gw3w8qwk2nykh0000gn/T/pytest-of-macbook-dev/pytest-625/test_collection_owner_scope_sq7/2/ChaChaNotes.db...
2026-09-16 23:48:44.891 | INFO     | tldw_Server_API.app.core.DB_Management.ChaChaNotes_DB:_migrate_from_v18_to_v19:9145 - [rag_char_chat_schema] Migration to V19 completed.
2026-09-16 23:48:44.891 | INFO     | tldw_Server_API.app.core.DB_Management.ChaChaNotes_DB:_migrate_from_v19_to_v20:9157 - Migrating 'rag_char_chat_schema' schema from V19 to V20 for DB: /private/var/folders/sn/m80n2j152t9gw3w8qwk2nykh0000gn/T/pytest-of-macbook-dev/pytest-625/test_collection_owner_scope_sq7/2/ChaChaNotes.db...
2026-09-16 23:48:44.891 | INFO     | tldw_Server_API.app.core.DB_Management.ChaChaNotes_DB:_migrate_from_v19_to_v20:9165 - [rag_char_chat_schema] Migration to V20 completed.
2026-09-16 23:48:44.891 | INFO     | tldw_Server_API.app.core.DB_Management.ChaChaNotes_DB:_migrate_from_v20_to_v21:9177 - Migrating 'rag_char_chat_schema' schema from V20 to V21 for DB: /private/var/folders/sn/m80n2j152t9gw3w8qwk2nykh0000gn/T/pytest-of-macbook-dev/pytest-625/test_collection_owner_scope_sq7/2/ChaChaNotes.db...
2026-09-16 23:48:44.891 | INFO     | tldw_Server_API.app.core.DB_Management.ChaChaNotes_DB:_migrate_from_v20_to_v21:9185 - [rag_char_chat_schema] Migration to V21 completed.
2026-09-16 23:48:44.891 | INFO     | tldw_Server_API.app.core.DB_Management.ChaChaNotes_DB:_migrate_from_v21_to_v22:9197 - Migrating 'rag_char_chat_schema' schema from V21 to V22 for DB: /private/var/folders/sn/m80n2j152t9gw3w8qwk2nykh0000gn/T/pytest-of-macbook-dev/pytest-625/test_collection_owner_scope_sq7/2/ChaChaNotes.db...
2026-09-16 23:48:44.892 | INFO     | tldw_Server_API.app.core.DB_Management.ChaChaNotes_DB:_migrate_from_v21_to_v22:9205 - [rag_char_chat_schema] Migration to V22 completed.
2026-09-16 23:48:44.892 | INFO     | tldw_Server_API.app.core.DB_Management.ChaChaNotes_DB:_migrate_from_v22_to_v23:9217 - Migrating 'rag_char_chat_schema' schema from V22 to V23 for DB: /private/var/folders/sn/m80n2j152t9gw3w8qwk2nykh0000gn/T/pytest-of-macbook-dev/pytest-625/test_collection_owner_scope_sq7/2/ChaChaNotes.db...
2026-09-16 23:48:44.900 | INFO     | tldw_Server_API.app.core.DB_Management.ChaChaNotes_DB:_migrate_from_v22_to_v23:9225 - [rag_char_chat_schema] Migration to V23 completed.
2026-09-16 23:48:44.900 | INFO     | tldw_Server_API.app.core.DB_Management.ChaChaNotes_DB:_migrate_from_v23_to_v24:9237 - Migrating 'rag_char_chat_schema' schema from V23 to V24 for DB: /private/var/folders/sn/m80n2j152t9gw3w8qwk2nykh0000gn/T/pytest-of-macbook-dev/pytest-625/test_collection_owner_scope_sq7/2/ChaChaNotes.db...
2026-09-16 23:48:44.908 | INFO     | tldw_Server_API.app.core.DB_Management.ChaChaNotes_DB:_migrate_from_v23_to_v24:9245 - [rag_char_chat_schema] Migration to V24 completed.
2026-09-16 23:48:44.908 | INFO     | tldw_Server_API.app.core.DB_Management.ChaChaNotes_DB:_migrate_from_v24_to_v25:9257 - Migrating 'rag_char_chat_schema' schema from V24 to V25 for DB: /private/var/folders/sn/m80n2j152t9gw3w8qwk2nykh0000gn/T/pytest-of-macbook-dev/pytest-625/test_collection_owner_scope_sq7/2/ChaChaNotes.db...
2026-09-16 23:48:44.913 | INFO     | tldw_Server_API.app.core.DB_Management.ChaChaNotes_DB:_migrate_from_v24_to_v25:9283 - [rag_char_chat_schema] Migration to V25 completed.
2026-09-16 23:48:44.913 | INFO     | tldw_Server_API.app.core.DB_Management.ChaChaNotes_DB:_migrate_from_v25_to_v26:9295 - Migrating 'rag_char_chat_schema' schema from V25 to V26 for DB: /private/var/folders/sn/m80n2j152t9gw3w8qwk2nykh0000gn/T/pytest-of-macbook-dev/pytest-625/test_collection_owner_scope_sq7/2/ChaChaNotes.db...
2026-09-16 23:48:44.916 | INFO     | tldw_Server_API.app.core.DB_Management.ChaChaNotes_DB:_migrate_from_v25_to_v26:9303 - [rag_char_chat_schema] Migration to V26 completed.
2026-09-16 23:48:44.916 | INFO     | tldw_Server_API.app.core.DB_Management.ChaChaNotes_DB:_migrate_from_v26_to_v27:9315 - Migrating 'rag_char_chat_schema' schema from V26 to V27 for DB: /private/var/folders/sn/m80n2j152t9gw3w8qwk2nykh0000gn/T/pytest-of-macbook-dev/pytest-625/test_collection_owner_scope_sq7/2/ChaChaNotes.db...
2026-09-16 23:48:44.920 | INFO     | tldw_Server_API.app.core.DB_Management.ChaChaNotes_DB:_migrate_from_v26_to_v27:9343 - [rag_char_chat_schema] Migration to V27 completed.
2026-09-16 23:48:44.920 | INFO     | tldw_Server_API.app.core.DB_Management.ChaChaNotes_DB:_migrate_from_v27_to_v28:9355 - Migrating 'rag_char_chat_schema' schema from V27 to V28 for DB: /private/var/folders/sn/m80n2j152t9gw3w8qwk2nykh0000gn/T/pytest-of-macbook-dev/pytest-625/test_collection_owner_scope_sq7/2/ChaChaNotes.db...
2026-09-16 23:48:44.922 | INFO     | tldw_Server_API.app.core.DB_Management.ChaChaNotes_DB:_migrate_from_v27_to_v28:9376 - [rag_char_chat_schema] Migration to V28 completed.
2026-09-16 23:48:44.922 | INFO     | tldw_Server_API.app.core.DB_Management.ChaChaNotes_DB:_migrate_from_v28_to_v29:9388 - Migrating 'rag_char_chat_schema' schema from V28 to V29 for DB: /private/var/folders/sn/m80n2j152t9gw3w8qwk2nykh0000gn/T/pytest-of-macbook-dev/pytest-625/test_collection_owner_scope_sq7/2/ChaChaNotes.db...
2026-09-16 23:48:44.922 | INFO     | tldw_Server_API.app.core.DB_Management.ChaChaNotes_DB:_migrate_from_v28_to_v29:9396 - [rag_char_chat_schema] Migration to V29 completed.
2026-09-16 23:48:44.922 | INFO     | tldw_Server_API.app.core.DB_Management.ChaChaNotes_DB:_migrate_from_v29_to_v30:9408 - Migrating 'rag_char_chat_schema' schema from V29 to V30 for DB: /private/var/folders/sn/m80n2j152t9gw3w8qwk2nykh0000gn/T/pytest-of-macbook-dev/pytest-625/test_collection_owner_scope_sq7/2/ChaChaNotes.db...
2026-09-16 23:48:44.924 | INFO     | tldw_Server_API.app.core.DB_Management.ChaChaNotes_DB:_migrate_from_v29_to_v30:9426 - [rag_char_chat_schema] Migration to V30 completed.
2026-09-16 23:48:44.924 | INFO     | tldw_Server_API.app.core.DB_Management.ChaChaNotes_DB:_migrate_from_v30_to_v31:9438 - Migrating 'rag_char_chat_schema' schema from V30 to V31 for DB: /private/var/folders/sn/m80n2j152t9gw3w8qwk2nykh0000gn/T/pytest-of-macbook-dev/pytest-625/test_collection_owner_scope_sq7/2/ChaChaNotes.db...
2026-09-16 23:48:44.930 | INFO     | tldw_Server_API.app.core.DB_Management.ChaChaNotes_DB:_migrate_from_v30_to_v31:9460 - [rag_char_chat_schema] Migration to V31 completed.
2026-09-16 23:48:44.930 | INFO     | tldw_Server_API.app.core.DB_Management.ChaChaNotes_DB:_migrate_from_v31_to_v32:9472 - Migrating 'rag_char_chat_schema' schema from V31 to V32 for DB: /private/var/folders/sn/m80n2j152t9gw3w8qwk2nykh0000gn/T/pytest-of-macbook-dev/pytest-625/test_collection_owner_scope_sq7/2/ChaChaNotes.db...
2026-09-16 23:48:44.936 | INFO     | tldw_Server_API.app.core.DB_Management.ChaChaNotes_DB:_migrate_from_v31_to_v32:9516 - [rag_char_chat_schema] Migration to V32 completed.
2026-09-16 23:48:44.936 | INFO     | tldw_Server_API.app.core.DB_Management.ChaChaNotes_DB:_migrate_from_v32_to_v33:9528 - Migrating 'rag_char_chat_schema' schema from V32 to V33 for DB: /private/var/folders/sn/m80n2j152t9gw3w8qwk2nykh0000gn/T/pytest-of-macbook-dev/pytest-625/test_collection_owner_scope_sq7/2/ChaChaNotes.db...
2026-09-16 23:48:44.936 | INFO     | tldw_Server_API.app.core.DB_Management.ChaChaNotes_DB:_migrate_from_v32_to_v33:9536 - [rag_char_chat_schema] Migration to V33 completed.
2026-09-16 23:48:44.936 | INFO     | tldw_Server_API.app.core.DB_Management.ChaChaNotes_DB:_migrate_from_v33_to_v34:9548 - Migrating 'rag_char_chat_schema' schema from V33 to V34 for DB: /private/var/folders/sn/m80n2j152t9gw3w8qwk2nykh0000gn/T/pytest-of-macbook-dev/pytest-625/test_collection_owner_scope_sq7/2/ChaChaNotes.db...
2026-09-16 23:48:44.938 | INFO     | tldw_Server_API.app.core.DB_Management.ChaChaNotes_DB:_migrate_from_v33_to_v34:9568 - [rag_char_chat_schema] Migration to V34 completed.
2026-09-16 23:48:44.938 | INFO     | tldw_Server_API.app.core.DB_Management.ChaChaNotes_DB:_migrate_from_v34_to_v35:9580 - Migrating 'rag_char_chat_schema' schema from V34 to V35 for DB: /private/var/folders/sn/m80n2j152t9gw3w8qwk2nykh0000gn/T/pytest-of-macbook-dev/pytest-625/test_collection_owner_scope_sq7/2/ChaChaNotes.db...
2026-09-16 23:48:44.940 | INFO     | tldw_Server_API.app.core.DB_Management.ChaChaNotes_DB:_migrate_from_v34_to_v35:9600 - [rag_char_chat_schema] Migration to V35 completed.
2026-09-16 23:48:44.940 | INFO     | tldw_Server_API.app.core.DB_Management.ChaChaNotes_DB:_migrate_from_v35_to_v36:9612 - Migrating 'rag_char_chat_schema' schema from V35 to V36 for DB: /private/var/folders/sn/m80n2j152t9gw3w8qwk2nykh0000gn/T/pytest-of-macbook-dev/pytest-625/test_collection_owner_scope_sq7/2/ChaChaNotes.db...
2026-09-16 23:48:44.944 | INFO     | tldw_Server_API.app.core.DB_Management.ChaChaNotes_DB:_migrate_from_v35_to_v36:9663 - [rag_char_chat_schema] Migration to V36 completed.
2026-09-16 23:48:44.944 | INFO     | tldw_Server_API.app.core.DB_Management.ChaChaNotes_DB:_migrate_from_v36_to_v37:9675 - Migrating 'rag_char_chat_schema' schema from V36 to V37 for DB: /private/var/folders/sn/m80n2j152t9gw3w8qwk2nykh0000gn/T/pytest-of-macbook-dev/pytest-625/test_collection_owner_scope_sq7/2/ChaChaNotes.db...
2026-09-16 23:48:44.997 | INFO     | tldw_Server_API.app.core.DB_Management.ChaChaNotes_DB:_migrate_from_v36_to_v37:9686 - [rag_char_chat_schema] Migration to V37 completed.
2026-09-16 23:48:44.998 | INFO     | tldw_Server_API.app.core.DB_Management.ChaChaNotes_DB:_migrate_from_v37_to_v38:9698 - Migrating 'rag_char_chat_schema' schema from V37 to V38 for DB: /private/var/folders/sn/m80n2j152t9gw3w8qwk2nykh0000gn/T/pytest-of-macbook-dev/pytest-625/test_collection_owner_scope_sq7/2/ChaChaNotes.db...
2026-09-16 23:48:44.998 | INFO     | tldw_Server_API.app.core.DB_Management.ChaChaNotes_DB:_migrate_from_v37_to_v38:9707 - [rag_char_chat_schema] Migration to V38 completed.
2026-09-16 23:48:44.998 | INFO     | tldw_Server_API.app.core.DB_Management.ChaChaNotes_DB:_migrate_from_v38_to_v39:9719 - Migrating 'rag_char_chat_schema' schema from V38 to V39 for DB: /private/var/folders/sn/m80n2j152t9gw3w8qwk2nykh0000gn/T/pytest-of-macbook-dev/pytest-625/test_collection_owner_scope_sq7/2/ChaChaNotes.db...
2026-09-16 23:48:45.001 | INFO     | tldw_Server_API.app.core.DB_Management.ChaChaNotes_DB:_migrate_from_v38_to_v39:9728 - [rag_char_chat_schema] Migration to V39 completed.
2026-09-16 23:48:45.001 | INFO     | tldw_Server_API.app.core.DB_Management.ChaChaNotes_DB:_migrate_from_v39_to_v40:9740 - Migrating 'rag_char_chat_schema' schema from V39 to V40 for DB: /private/var/folders/sn/m80n2j152t9gw3w8qwk2nykh0000gn/T/pytest-of-macbook-dev/pytest-625/test_collection_owner_scope_sq7/2/ChaChaNotes.db...
2026-09-16 23:48:45.001 | INFO     | tldw_Server_API.app.core.DB_Management.ChaChaNotes_DB:_migrate_from_v39_to_v40:9748 - [rag_char_chat_schema] Migration to V40 completed.
2026-09-16 23:48:45.001 | INFO     | tldw_Server_API.app.core.DB_Management.ChaChaNotes_DB:_migrate_from_v40_to_v41:9760 - Migrating 'rag_char_chat_schema' schema from V40 to V41 for DB: /private/var/folders/sn/m80n2j152t9gw3w8qwk2nykh0000gn/T/pytest-of-macbook-dev/pytest-625/test_collection_owner_scope_sq7/2/ChaChaNotes.db...
2026-09-16 23:48:45.004 | INFO     | tldw_Server_API.app.core.DB_Management.ChaChaNotes_DB:_migrate_from_v40_to_v41:9768 - [rag_char_chat_schema] Migration to V41 completed.
2026-09-16 23:48:45.004 | INFO     | tldw_Server_API.app.core.DB_Management.ChaChaNotes_DB:_migrate_from_v41_to_v42:9780 - Migrating 'rag_char_chat_schema' schema from V41 to V42 for DB: /private/var/folders/sn/m80n2j152t9gw3w8qwk2nykh0000gn/T/pytest-of-macbook-dev/pytest-625/test_collection_owner_scope_sq7/2/ChaChaNotes.db...
2026-09-16 23:48:45.009 | INFO     | tldw_Server_API.app.core.DB_Management.ChaChaNotes_DB:_migrate_from_v41_to_v42:9788 - [rag_char_chat_schema] Migration to V42 completed.
2026-09-16 23:48:45.010 | INFO     | tldw_Server_API.app.core.DB_Management.ChaChaNotes_DB:_migrate_from_v42_to_v43:9800 - Migrating 'rag_char_chat_schema' schema from V42 to V43 for DB: /private/var/folders/sn/m80n2j152t9gw3w8qwk2nykh0000gn/T/pytest-of-macbook-dev/pytest-625/test_collection_owner_scope_sq7/2/ChaChaNotes.db...
2026-09-16 23:48:45.011 | INFO     | tldw_Server_API.app.core.DB_Management.ChaChaNotes_DB:_migrate_from_v42_to_v43:9808 - [rag_char_chat_schema] Migration to V43 completed.
2026-09-16 23:48:45.011 | INFO     | tldw_Server_API.app.core.DB_Management.ChaChaNotes_DB:_migrate_from_v43_to_v44:9820 - Migrating 'rag_char_chat_schema' schema from V43 to V44 for DB: /private/var/folders/sn/m80n2j152t9gw3w8qwk2nykh0000gn/T/pytest-of-macbook-dev/pytest-625/test_collection_owner_scope_sq7/2/ChaChaNotes.db...
2026-09-16 23:48:45.012 | INFO     | tldw_Server_API.app.core.DB_Management.ChaChaNotes_DB:_migrate_from_v43_to_v44:9841 - [rag_char_chat_schema] Migration to V44 completed.
2026-09-16 23:48:45.012 | INFO     | tldw_Server_API.app.core.DB_Management.ChaChaNotes_DB:_migrate_from_v44_to_v45:9853 - Migrating 'rag_char_chat_schema' schema from V44 to V45 for DB: /private/var/folders/sn/m80n2j152t9gw3w8qwk2nykh0000gn/T/pytest-of-macbook-dev/pytest-625/test_collection_owner_scope_sq7/2/ChaChaNotes.db...
2026-09-16 23:48:45.020 | INFO     | tldw_Server_API.app.core.DB_Management.ChaChaNotes_DB:_migrate_from_v44_to_v45:9862 - [rag_char_chat_schema] Migration to V45 completed.
2026-09-16 23:48:45.020 | INFO     | tldw_Server_API.app.core.DB_Management.ChaChaNotes_DB:_migrate_from_v45_to_v46:9874 - Migrating 'rag_char_chat_schema' schema from V45 to V46 for DB: /private/var/folders/sn/m80n2j152t9gw3w8qwk2nykh0000gn/T/pytest-of-macbook-dev/pytest-625/test_collection_owner_scope_sq7/2/ChaChaNotes.db...
2026-09-16 23:48:45.021 | INFO     | tldw_Server_API.app.core.DB_Management.ChaChaNotes_DB:_migrate_from_v45_to_v46:9882 - [rag_char_chat_schema] Migration to V46 completed.
2026-09-16 23:48:45.021 | INFO     | tldw_Server_API.app.core.DB_Management.ChaChaNotes_DB:_migrate_from_v46_to_v47:9894 - Migrating 'rag_char_chat_schema' schema from V46 to V47 for DB: /private/var/folders/sn/m80n2j152t9gw3w8qwk2nykh0000gn/T/pytest-of-macbook-dev/pytest-625/test_collection_owner_scope_sq7/2/ChaChaNotes.db...
2026-09-16 23:48:45.025 | INFO     | tldw_Server_API.app.core.DB_Management.ChaChaNotes_DB:_migrate_from_v46_to_v47:9909 - [rag_char_chat_schema] Migration to V47 completed.
2026-09-16 23:48:45.025 | INFO     | tldw_Server_API.app.core.DB_Management.ChaChaNotes_DB:_migrate_from_v47_to_v48:9921 - Migrating 'rag_char_chat_schema' schema from V47 to V48 for DB: /private/var/folders/sn/m80n2j152t9gw3w8qwk2nykh0000gn/T/pytest-of-macbook-dev/pytest-625/test_collection_owner_scope_sq7/2/ChaChaNotes.db...
2026-09-16 23:48:45.027 | INFO     | tldw_Server_API.app.core.DB_Management.ChaChaNotes_DB:_migrate_from_v47_to_v48:9929 - [rag_char_chat_schema] Migration to V48 completed.
2026-09-16 23:48:45.027 | INFO     | tldw_Server_API.app.core.DB_Management.ChaChaNotes_DB:_migrate_from_v48_to_v49:9941 - Migrating 'rag_char_chat_schema' schema from V48 to V49 for DB: /private/var/folders/sn/m80n2j152t9gw3w8qwk2nykh0000gn/T/pytest-of-macbook-dev/pytest-625/test_collection_owner_scope_sq7/2/ChaChaNotes.db...
2026-09-16 23:48:45.027 | INFO     | tldw_Server_API.app.core.DB_Management.ChaChaNotes_DB:_migrate_from_v48_to_v49:9950 - [rag_char_chat_schema] Migration to V49 completed.
2026-09-16 23:48:45.027 | INFO     | tldw_Server_API.app.core.DB_Management.ChaChaNotes_DB:_migrate_from_v49_to_v50:9962 - Migrating 'rag_char_chat_schema' schema from V49 to V50 for DB: /private/var/folders/sn/m80n2j152t9gw3w8qwk2nykh0000gn/T/pytest-of-macbook-dev/pytest-625/test_collection_owner_scope_sq7/2/ChaChaNotes.db...
2026-09-16 23:48:45.027 | INFO     | tldw_Server_API.app.core.DB_Management.ChaChaNotes_DB:_migrate_from_v49_to_v50:9971 - [rag_char_chat_schema] Migration to V50 completed.
2026-09-16 23:48:45.027 | INFO     | tldw_Server_API.app.core.DB_Management.ChaChaNotes_DB:_migrate_from_v50_to_v51:9983 - Migrating 'rag_char_chat_schema' schema from V50 to V51 for DB: /private/var/folders/sn/m80n2j152t9gw3w8qwk2nykh0000gn/T/pytest-of-macbook-dev/pytest-625/test_collection_owner_scope_sq7/2/ChaChaNotes.db...
2026-09-16 23:48:45.028 | INFO     | tldw_Server_API.app.core.DB_Management.ChaChaNotes_DB:_migrate_from_v50_to_v51:9999 - [rag_char_chat_schema] Migration to V51 completed.
2026-09-16 23:48:45.028 | INFO     | tldw_Server_API.app.core.DB_Management.ChaChaNotes_DB:_migrate_from_v51_to_v52:10011 - Migrating 'rag_char_chat_schema' schema from V51 to V52 for DB: /private/var/folders/sn/m80n2j152t9gw3w8qwk2nykh0000gn/T/pytest-of-macbook-dev/pytest-625/test_collection_owner_scope_sq7/2/ChaChaNotes.db...
2026-09-16 23:48:45.031 | INFO     | tldw_Server_API.app.core.DB_Management.ChaChaNotes_DB:_migrate_from_v51_to_v52:10023 - [rag_char_chat_schema] Migration to V52 completed.
2026-09-16 23:48:45.031 | INFO     | tldw_Server_API.app.core.DB_Management.ChaChaNotes_DB:_migrate_from_v52_to_v53:10037 - Migrating 'rag_char_chat_schema' schema from V52 to V53 for DB: /private/var/folders/sn/m80n2j152t9gw3w8qwk2nykh0000gn/T/pytest-of-macbook-dev/pytest-625/test_collection_owner_scope_sq7/2/ChaChaNotes.db...
2026-09-16 23:48:45.039 | INFO     | tldw_Server_API.app.core.DB_Management.ChaChaNotes_DB:_migrate_from_v52_to_v53:10050 - [rag_char_chat_schema] Migration to V53 completed.
2026-09-16 23:48:45.039 | INFO     | tldw_Server_API.app.core.DB_Management.ChaChaNotes_DB:_migrate_from_v53_to_v54:10064 - Migrating 'rag_char_chat_schema' schema from V53 to V54 for DB: /private/var/folders/sn/m80n2j152t9gw3w8qwk2nykh0000gn/T/pytest-of-macbook-dev/pytest-625/test_collection_owner_scope_sq7/2/ChaChaNotes.db...
2026-09-16 23:48:45.040 | INFO     | tldw_Server_API.app.core.DB_Management.ChaChaNotes_DB:_migrate_from_v53_to_v54:10076 - [rag_char_chat_schema] Migration to V54 completed.
2026-09-16 23:48:45.040 | INFO     | tldw_Server_API.app.core.DB_Management.ChaChaNotes_DB:_migrate_from_v54_to_v55:10090 - Migrating 'rag_char_chat_schema' schema from V54 to V55 for DB: /private/var/folders/sn/m80n2j152t9gw3w8qwk2nykh0000gn/T/pytest-of-macbook-dev/pytest-625/test_collection_owner_scope_sq7/2/ChaChaNotes.db...
2026-09-16 23:48:45.042 | INFO     | tldw_Server_API.app.core.DB_Management.ChaChaNotes_DB:_migrate_from_v54_to_v55:10168 - [rag_char_chat_schema] Migration to V55 completed.
2026-09-16 23:48:45.042 | INFO     | tldw_Server_API.app.core.DB_Management.ChaChaNotes_DB:_migrate_from_v55_to_v56:10272 - Migrating 'rag_char_chat_schema' schema from V55 to V56 for DB: /private/var/folders/sn/m80n2j152t9gw3w8qwk2nykh0000gn/T/pytest-of-macbook-dev/pytest-625/test_collection_owner_scope_sq7/2/ChaChaNotes.db...
2026-09-16 23:48:45.316 | INFO     | tldw_Server_API.app.core.DB_Management.ChaChaNotes_DB:_migrate_from_v64_to_v65:17796 - Migrating 'rag_char_chat_schema' schema from V64 to V65 for DB: /private/var/folders/sn/m80n2j152t9gw3w8qwk2nykh0000gn/T/pytest-of-macbook-dev/pytest-625/test_collection_owner_scope_sq7/2/ChaChaNotes.db...
2026-09-16 23:48:45.327 | INFO     | tldw_Server_API.app.core.DB_Management.ChaChaNotes_DB:_migrate_from_v64_to_v65:17813 - [rag_char_chat_schema] Migration to V65 completed.
2026-09-16 23:48:45.425 | WARNING  | tldw_Server_API.app.core.DB_Management.ChaChaNotes_DB:_self_heal_character_cards_fts_sqlite:24822 - character_cards_fts out of sync (active=1 indexed=0); rebuilding.
2026-09-16 23:48:45.425 | INFO     | tldw_Server_API.app.core.DB_Management.ChaChaNotes_DB:_initialize_schema_sqlite:21121 - Database schema 'rag_char_chat_schema' successfully initialized/migrated to version 67.
2026-09-16 23:48:45.425 | DEBUG    | tldw_Server_API.app.core.DB_Management.ChaChaNotes_DB:__exit__:45050 - Transaction (outermost) committed successfully on thread 8346099072.
2026-09-16 23:48:45.425 | DEBUG    | tldw_Server_API.app.core.DB_Management.ChaChaNotes_DB:execute_query:8286 - Executing SQL (script=False, backend=sqlite):
                CREATE TABLE IF NOT EXISTS message_metadata(
                  message_id TEXT PRIMARY KEY REFERENCES messages(id) ON DELETE CASCADE,
                  tool_calls_json TEXT,
                  extra_json TEXT,
                  last_modified DATETIME NOT NULL DEFAULT CURRENT_TIMESTAM... Params: None...
2026-09-16 23:48:45.425 | DEBUG    | tldw_Server_API.app.core.DB_Management.ChaChaNotes_DB:execute_query:8313 - Committed directly by execute_query.
2026-09-16 23:48:45.425 | DEBUG    | tldw_Server_API.app.core.DB_Management.ChaChaNotes_DB:execute_query:8286 - Executing SQL (script=False, backend=sqlite):
                CREATE TABLE IF NOT EXISTS persona_live_voice_session_summaries(
                  id INTEGER PRIMARY KEY AUTOINCREMENT,
                  user_id INTEGER NOT NULL,
                  persona_id TEXT NOT NULL,
                  session_id TEXT NOT NULL,
                  created_at D... Params: None...
2026-09-16 23:48:45.426 | DEBUG    | tldw_Server_API.app.core.DB_Management.ChaChaNotes_DB:execute_query:8313 - Committed directly by execute_query.
2026-09-16 23:48:45.426 | DEBUG    | tldw_Server_API.app.core.DB_Management.ChaChaNotes_DB:execute_query:8286 - Executing SQL (script=False, backend=sqlite):
                CREATE INDEX IF NOT EXISTS idx_persona_live_voice_session_summaries_persona_time
                ON persona_live_voice_session_summaries(persona_id, started_at, updated_at)
                ... Params: None...
2026-09-16 23:48:45.426 | DEBUG    | tldw_Server_API.app.core.DB_Management.ChaChaNotes_DB:execute_query:8313 - Committed directly by execute_query.
2026-09-16 23:48:45.426 | DEBUG    | tldw_Server_API.app.core.DB_Management.ChaChaNotes_DB:execute_query:8286 - Executing SQL (script=False, backend=sqlite):
                CREATE TABLE IF NOT EXISTS conversation_settings(
                  conversation_id TEXT PRIMARY KEY REFERENCES conversations(id) ON DELETE CASCADE,
                  settings_json TEXT NOT NULL,
                  settings_version INTEGER NOT NULL DEFAULT 1 CHECK(settings_version >=... Params: None...
2026-09-16 23:48:45.426 | DEBUG    | tldw_Server_API.app.core.DB_Management.ChaChaNotes_DB:execute_query:8313 - Committed directly by execute_query.
2026-09-16 23:48:45.426 | DEBUG    | tldw_Server_API.app.core.DB_Management.ChaChaNotes_DB:__init__:7664 - CharactersRAGDB initialization completed successfully for /private/var/folders/sn/m80n2j152t9gw3w8qwk2nykh0000gn/T/pytest-of-macbook-dev/pytest-625/test_collection_owner_scope_sq7/2/ChaChaNotes.db
2026-09-16 23:48:45.427 | WARNING  | tldw_Server_API.app.core.DB_Management.db_path_utils:resolve_user_db_base_dir:491 - USER_DB_BASE_DIR not configured in tests, using isolated fallback: /private/var/folders/sn/m80n2j152t9gw3w8qwk2nykh0000gn/T/tldw_user_databases_test/default-06a2956a
2026-09-16 23:48:45.427 | WARNING  | tldw_Server_API.app.core.DB_Management.db_path_utils:resolve_user_db_base_dir:491 - USER_DB_BASE_DIR not configured in tests, using isolated fallback: /private/var/folders/sn/m80n2j152t9gw3w8qwk2nykh0000gn/T/tldw_user_databases_test/default-06a2956a
2026-09-16 23:48:45.427 | INFO     | tldw_Server_API.app.core.DB_Management.ChaChaNotes_DB:__init__:7657 - Initializing CharactersRAGDB for path: /private/var/folders/sn/m80n2j152t9gw3w8qwk2nykh0000gn/T/pytest-of-macbook-dev/pytest-625/test_collection_owner_scope_sq7/3/ChaChaNotes.db [Client ID: 3] (backend=sqlite)
2026-09-16 23:48:45.428 | DEBUG    | tldw_Server_API.app.core.DB_Management.ChaChaNotes_DB:_get_connection_for_state:8015 - Opened/Reopened SQLite connection to /private/var/folders/sn/m80n2j152t9gw3w8qwk2nykh0000gn/T/pytest-of-macbook-dev/pytest-625/test_collection_owner_scope_sq7/3/ChaChaNotes.db for thread 8346099072
2026-09-16 23:48:45.428 | DEBUG    | tldw_Server_API.app.core.DB_Management.ChaChaNotes_DB:__enter__:45022 - Transaction started (outermost) on thread 8346099072.
2026-09-16 23:48:45.428 | INFO     | tldw_Server_API.app.core.DB_Management.ChaChaNotes_DB:_initialize_schema_sqlite:20341 - Checking DB schema 'rag_char_chat_schema'. Current version: 0. Code supports: 67
2026-09-16 23:48:45.428 | INFO     | tldw_Server_API.app.core.DB_Management.ChaChaNotes_DB:_apply_schema_v4:8715 - Applying schema Version 4 for 'rag_char_chat_schema' to DB: /private/var/folders/sn/m80n2j152t9gw3w8qwk2nykh0000gn/T/pytest-of-macbook-dev/pytest-625/test_collection_owner_scope_sq7/3/ChaChaNotes.db...
2026-09-16 23:48:45.434 | DEBUG    | tldw_Server_API.app.core.DB_Management.ChaChaNotes_DB:_apply_schema_v4:8719 - [rag_char_chat_schema V4] Full schema script executed.
2026-09-16 23:48:45.434 | INFO     | tldw_Server_API.app.core.DB_Management.ChaChaNotes_DB:_apply_schema_v4:8725 - [rag_char_chat_schema V4] Schema 4 applied and version confirmed for DB: /private/var/folders/sn/m80n2j152t9gw3w8qwk2nykh0000gn/T/pytest-of-macbook-dev/pytest-625/test_collection_owner_scope_sq7/3/ChaChaNotes.db.
2026-09-16 23:48:45.434 | INFO     | tldw_Server_API.app.core.DB_Management.ChaChaNotes_DB:_migrate_from_v4_to_v5:8772 - Migrating 'rag_char_chat_schema' schema from V4 to V5 for DB: /private/var/folders/sn/m80n2j152t9gw3w8qwk2nykh0000gn/T/pytest-of-macbook-dev/pytest-625/test_collection_owner_scope_sq7/3/ChaChaNotes.db...
2026-09-16 23:48:45.436 | INFO     | tldw_Server_API.app.core.DB_Management.ChaChaNotes_DB:_migrate_from_v4_to_v5:8779 - [rag_char_chat_schema] Migration to V5 completed.
2026-09-16 23:48:45.436 | INFO     | tldw_Server_API.app.core.DB_Management.ChaChaNotes_DB:_migrate_from_v5_to_v6:8793 - Migrating 'rag_char_chat_schema' schema from V5 to V6 for DB: /private/var/folders/sn/m80n2j152t9gw3w8qwk2nykh0000gn/T/pytest-of-macbook-dev/pytest-625/test_collection_owner_scope_sq7/3/ChaChaNotes.db...
2026-09-16 23:48:45.439 | INFO     | tldw_Server_API.app.core.DB_Management.ChaChaNotes_DB:_migrate_from_v5_to_v6:8800 - [rag_char_chat_schema] Migration to V6 completed.
2026-09-16 23:48:45.439 | INFO     | tldw_Server_API.app.core.DB_Management.ChaChaNotes_DB:_migrate_from_v6_to_v7:8812 - Migrating 'rag_char_chat_schema' schema from V6 to V7 for DB: /private/var/folders/sn/m80n2j152t9gw3w8qwk2nykh0000gn/T/pytest-of-macbook-dev/pytest-625/test_collection_owner_scope_sq7/3/ChaChaNotes.db...
2026-09-16 23:48:45.440 | INFO     | tldw_Server_API.app.core.DB_Management.ChaChaNotes_DB:_migrate_from_v6_to_v7:8819 - [rag_char_chat_schema] Migration to V7 completed.
2026-09-16 23:48:45.440 | INFO     | tldw_Server_API.app.core.DB_Management.ChaChaNotes_DB:_migrate_from_v7_to_v8:8831 - Migrating 'rag_char_chat_schema' schema from V7 to V8 for DB: /private/var/folders/sn/m80n2j152t9gw3w8qwk2nykh0000gn/T/pytest-of-macbook-dev/pytest-625/test_collection_owner_scope_sq7/3/ChaChaNotes.db...
2026-09-16 23:48:45.440 | INFO     | tldw_Server_API.app.core.DB_Management.ChaChaNotes_DB:_migrate_from_v7_to_v8:8838 - [rag_char_chat_schema] Migration to V8 completed.
2026-09-16 23:48:45.440 | INFO     | tldw_Server_API.app.core.DB_Management.ChaChaNotes_DB:_migrate_from_v8_to_v9:8850 - Migrating 'rag_char_chat_schema' schema from V8 to V9 for DB: /private/var/folders/sn/m80n2j152t9gw3w8qwk2nykh0000gn/T/pytest-of-macbook-dev/pytest-625/test_collection_owner_scope_sq7/3/ChaChaNotes.db...
2026-09-16 23:48:45.440 | INFO     | tldw_Server_API.app.core.DB_Management.ChaChaNotes_DB:_migrate_from_v8_to_v9:8857 - [rag_char_chat_schema] Migration to V9 completed.
2026-09-16 23:48:45.440 | INFO     | tldw_Server_API.app.core.DB_Management.ChaChaNotes_DB:_migrate_from_v9_to_v10:8869 - Migrating 'rag_char_chat_schema' schema from V9 to V10 for DB: /private/var/folders/sn/m80n2j152t9gw3w8qwk2nykh0000gn/T/pytest-of-macbook-dev/pytest-625/test_collection_owner_scope_sq7/3/ChaChaNotes.db...
2026-09-16 23:48:45.449 | INFO     | tldw_Server_API.app.core.DB_Management.ChaChaNotes_DB:_migrate_from_v9_to_v10:8877 - [rag_char_chat_schema] Migration to V10 completed.
2026-09-16 23:48:45.449 | INFO     | tldw_Server_API.app.core.DB_Management.ChaChaNotes_DB:_migrate_from_v10_to_v11:8889 - Migrating 'rag_char_chat_schema' schema from V10 to V11 for DB: /private/var/folders/sn/m80n2j152t9gw3w8qwk2nykh0000gn/T/pytest-of-macbook-dev/pytest-625/test_collection_owner_scope_sq7/3/ChaChaNotes.db...
2026-09-16 23:48:45.455 | INFO     | tldw_Server_API.app.core.DB_Management.ChaChaNotes_DB:_migrate_from_v10_to_v11:8908 - [rag_char_chat_schema] Migration to V11 completed.
2026-09-16 23:48:45.455 | INFO     | tldw_Server_API.app.core.DB_Management.ChaChaNotes_DB:_migrate_from_v11_to_v12:8920 - Migrating 'rag_char_chat_schema' schema from V11 to V12 for DB: /private/var/folders/sn/m80n2j152t9gw3w8qwk2nykh0000gn/T/pytest-of-macbook-dev/pytest-625/test_collection_owner_scope_sq7/3/ChaChaNotes.db...
2026-09-16 23:48:45.456 | INFO     | tldw_Server_API.app.core.DB_Management.ChaChaNotes_DB:_migrate_from_v11_to_v12:8928 - [rag_char_chat_schema] Migration to V12 completed.
2026-09-16 23:48:45.456 | INFO     | tldw_Server_API.app.core.DB_Management.ChaChaNotes_DB:_migrate_from_v12_to_v13:8940 - Migrating 'rag_char_chat_schema' schema from V12 to V13 for DB: /private/var/folders/sn/m80n2j152t9gw3w8qwk2nykh0000gn/T/pytest-of-macbook-dev/pytest-625/test_collection_owner_scope_sq7/3/ChaChaNotes.db...
2026-09-16 23:48:45.456 | INFO     | tldw_Server_API.app.core.DB_Management.ChaChaNotes_DB:_migrate_from_v12_to_v13:8948 - [rag_char_chat_schema] Migration to V13 completed.
2026-09-16 23:48:45.456 | INFO     | tldw_Server_API.app.core.DB_Management.ChaChaNotes_DB:_migrate_from_v13_to_v14:8960 - Migrating 'rag_char_chat_schema' schema from V13 to V14 for DB: /private/var/folders/sn/m80n2j152t9gw3w8qwk2nykh0000gn/T/pytest-of-macbook-dev/pytest-625/test_collection_owner_scope_sq7/3/ChaChaNotes.db...
2026-09-16 23:48:45.463 | INFO     | tldw_Server_API.app.core.DB_Management.ChaChaNotes_DB:_migrate_from_v13_to_v14:9026 - [rag_char_chat_schema] Migration to V14 completed.
2026-09-16 23:48:45.463 | INFO     | tldw_Server_API.app.core.DB_Management.ChaChaNotes_DB:_migrate_from_v14_to_v15:9038 - Migrating 'rag_char_chat_schema' schema from V14 to V15 for DB: /private/var/folders/sn/m80n2j152t9gw3w8qwk2nykh0000gn/T/pytest-of-macbook-dev/pytest-625/test_collection_owner_scope_sq7/3/ChaChaNotes.db...
2026-09-16 23:48:45.465 | INFO     | tldw_Server_API.app.core.DB_Management.ChaChaNotes_DB:_migrate_from_v14_to_v15:9046 - [rag_char_chat_schema] Migration to V15 completed.
2026-09-16 23:48:45.466 | INFO     | tldw_Server_API.app.core.DB_Management.ChaChaNotes_DB:_migrate_from_v15_to_v16:9058 - Migrating 'rag_char_chat_schema' schema from V15 to V16 for DB: /private/var/folders/sn/m80n2j152t9gw3w8qwk2nykh0000gn/T/pytest-of-macbook-dev/pytest-625/test_collection_owner_scope_sq7/3/ChaChaNotes.db...
2026-09-16 23:48:45.466 | INFO     | tldw_Server_API.app.core.DB_Management.ChaChaNotes_DB:_migrate_from_v15_to_v16:9066 - [rag_char_chat_schema] Migration to V16 completed.
2026-09-16 23:48:45.466 | INFO     | tldw_Server_API.app.core.DB_Management.ChaChaNotes_DB:_migrate_from_v16_to_v17:9078 - Migrating 'rag_char_chat_schema' schema from V16 to V17 for DB: /private/var/folders/sn/m80n2j152t9gw3w8qwk2nykh0000gn/T/pytest-of-macbook-dev/pytest-625/test_collection_owner_scope_sq7/3/ChaChaNotes.db...
2026-09-16 23:48:45.466 | INFO     | tldw_Server_API.app.core.DB_Management.ChaChaNotes_DB:_migrate_from_v16_to_v17:9105 - [rag_char_chat_schema] Migration to V17 completed.
2026-09-16 23:48:45.466 | INFO     | tldw_Server_API.app.core.DB_Management.ChaChaNotes_DB:_migrate_from_v17_to_v18:9117 - Migrating 'rag_char_chat_schema' schema from V17 to V18 for DB: /private/var/folders/sn/m80n2j152t9gw3w8qwk2nykh0000gn/T/pytest-of-macbook-dev/pytest-625/test_collection_owner_scope_sq7/3/ChaChaNotes.db...
2026-09-16 23:48:45.467 | INFO     | tldw_Server_API.app.core.DB_Management.ChaChaNotes_DB:_migrate_from_v17_to_v18:9125 - [rag_char_chat_schema] Migration to V18 completed.
2026-09-16 23:48:45.467 | INFO     | tldw_Server_API.app.core.DB_Management.ChaChaNotes_DB:_migrate_from_v18_to_v19:9137 - Migrating 'rag_char_chat_schema' schema from V18 to V19 for DB: /private/var/folders/sn/m80n2j152t9gw3w8qwk2nykh0000gn/T/pytest-of-macbook-dev/pytest-625/test_collection_owner_scope_sq7/3/ChaChaNotes.db...
2026-09-16 23:48:45.467 | INFO     | tldw_Server_API.app.core.DB_Management.ChaChaNotes_DB:_migrate_from_v18_to_v19:9145 - [rag_char_chat_schema] Migration to V19 completed.
2026-09-16 23:48:45.467 | INFO     | tldw_Server_API.app.core.DB_Management.ChaChaNotes_DB:_migrate_from_v19_to_v20:9157 - Migrating 'rag_char_chat_schema' schema from V19 to V20 for DB: /private/var/folders/sn/m80n2j152t9gw3w8qwk2nykh0000gn/T/pytest-of-macbook-dev/pytest-625/test_collection_owner_scope_sq7/3/ChaChaNotes.db...
2026-09-16 23:48:45.468 | INFO     | tldw_Server_API.app.core.DB_Management.ChaChaNotes_DB:_migrate_from_v19_to_v20:9165 - [rag_char_chat_schema] Migration to V20 completed.
2026-09-16 23:48:45.468 | INFO     | tldw_Server_API.app.core.DB_Management.ChaChaNotes_DB:_migrate_from_v20_to_v21:9177 - Migrating 'rag_char_chat_schema' schema from V20 to V21 for DB: /private/var/folders/sn/m80n2j152t9gw3w8qwk2nykh0000gn/T/pytest-of-macbook-dev/pytest-625/test_collection_owner_scope_sq7/3/ChaChaNotes.db...
2026-09-16 23:48:45.468 | INFO     | tldw_Server_API.app.core.DB_Management.ChaChaNotes_DB:_migrate_from_v20_to_v21:9185 - [rag_char_chat_schema] Migration to V21 completed.
2026-09-16 23:48:45.468 | INFO     | tldw_Server_API.app.core.DB_Management.ChaChaNotes_DB:_migrate_from_v21_to_v22:9197 - Migrating 'rag_char_chat_schema' schema from V21 to V22 for DB: /private/var/folders/sn/m80n2j152t9gw3w8qwk2nykh0000gn/T/pytest-of-macbook-dev/pytest-625/test_collection_owner_scope_sq7/3/ChaChaNotes.db...
2026-09-16 23:48:45.469 | INFO     | tldw_Server_API.app.core.DB_Management.ChaChaNotes_DB:_migrate_from_v21_to_v22:9205 - [rag_char_chat_schema] Migration to V22 completed.
2026-09-16 23:48:45.469 | INFO     | tldw_Server_API.app.core.DB_Management.ChaChaNotes_DB:_migrate_from_v22_to_v23:9217 - Migrating 'rag_char_chat_schema' schema from V22 to V23 for DB: /private/var/folders/sn/m80n2j152t9gw3w8qwk2nykh0000gn/T/pytest-of-macbook-dev/pytest-625/test_collection_owner_scope_sq7/3/ChaChaNotes.db...
2026-09-16 23:48:45.477 | INFO     | tldw_Server_API.app.core.DB_Management.ChaChaNotes_DB:_migrate_from_v22_to_v23:9225 - [rag_char_chat_schema] Migration to V23 completed.
2026-09-16 23:48:45.477 | INFO     | tldw_Server_API.app.core.DB_Management.ChaChaNotes_DB:_migrate_from_v23_to_v24:9237 - Migrating 'rag_char_chat_schema' schema from V23 to V24 for DB: /private/var/folders/sn/m80n2j152t9gw3w8qwk2nykh0000gn/T/pytest-of-macbook-dev/pytest-625/test_collection_owner_scope_sq7/3/ChaChaNotes.db...
2026-09-16 23:48:45.485 | INFO     | tldw_Server_API.app.core.DB_Management.ChaChaNotes_DB:_migrate_from_v23_to_v24:9245 - [rag_char_chat_schema] Migration to V24 completed.
2026-09-16 23:48:45.485 | INFO     | tldw_Server_API.app.core.DB_Management.ChaChaNotes_DB:_migrate_from_v24_to_v25:9257 - Migrating 'rag_char_chat_schema' schema from V24 to V25 for DB: /private/var/folders/sn/m80n2j152t9gw3w8qwk2nykh0000gn/T/pytest-of-macbook-dev/pytest-625/test_collection_owner_scope_sq7/3/ChaChaNotes.db...
2026-09-16 23:48:45.490 | INFO     | tldw_Server_API.app.core.DB_Management.ChaChaNotes_DB:_migrate_from_v24_to_v25:9283 - [rag_char_chat_schema] Migration to V25 completed.
2026-09-16 23:48:45.490 | INFO     | tldw_Server_API.app.core.DB_Management.ChaChaNotes_DB:_migrate_from_v25_to_v26:9295 - Migrating 'rag_char_chat_schema' schema from V25 to V26 for DB: /private/var/folders/sn/m80n2j152t9gw3w8qwk2nykh0000gn/T/pytest-of-macbook-dev/pytest-625/test_collection_owner_scope_sq7/3/ChaChaNotes.db...
2026-09-16 23:48:45.493 | INFO     | tldw_Server_API.app.core.DB_Management.ChaChaNotes_DB:_migrate_from_v25_to_v26:9303 - [rag_char_chat_schema] Migration to V26 completed.
2026-09-16 23:48:45.494 | INFO     | tldw_Server_API.app.core.DB_Management.ChaChaNotes_DB:_migrate_from_v26_to_v27:9315 - Migrating 'rag_char_chat_schema' schema from V26 to V27 for DB: /private/var/folders/sn/m80n2j152t9gw3w8qwk2nykh0000gn/T/pytest-of-macbook-dev/pytest-625/test_collection_owner_scope_sq7/3/ChaChaNotes.db...
2026-09-16 23:48:45.497 | INFO     | tldw_Server_API.app.core.DB_Management.ChaChaNotes_DB:_migrate_from_v26_to_v27:9343 - [rag_char_chat_schema] Migration to V27 completed.
2026-09-16 23:48:45.498 | INFO     | tldw_Server_API.app.core.DB_Management.ChaChaNotes_DB:_migrate_from_v27_to_v28:9355 - Migrating 'rag_char_chat_schema' schema from V27 to V28 for DB: /private/var/folders/sn/m80n2j152t9gw3w8qwk2nykh0000gn/T/pytest-of-macbook-dev/pytest-625/test_collection_owner_scope_sq7/3/ChaChaNotes.db...
2026-09-16 23:48:45.500 | INFO     | tldw_Server_API.app.core.DB_Management.ChaChaNotes_DB:_migrate_from_v27_to_v28:9376 - [rag_char_chat_schema] Migration to V28 completed.
2026-09-16 23:48:45.500 | INFO     | tldw_Server_API.app.core.DB_Management.ChaChaNotes_DB:_migrate_from_v28_to_v29:9388 - Migrating 'rag_char_chat_schema' schema from V28 to V29 for DB: /private/var/folders/sn/m80n2j152t9gw3w8qwk2nykh0000gn/T/pytest-of-macbook-dev/pytest-625/test_collection_owner_scope_sq7/3/ChaChaNotes.db...
2026-09-16 23:48:45.500 | INFO     | tldw_Server_API.app.core.DB_Management.ChaChaNotes_DB:_migrate_from_v28_to_v29:9396 - [rag_char_chat_schema] Migration to V29 completed.
2026-09-16 23:48:45.500 | INFO     | tldw_Server_API.app.core.DB_Management.ChaChaNotes_DB:_migrate_from_v29_to_v30:9408 - Migrating 'rag_char_chat_schema' schema from V29 to V30 for DB: /private/var/folders/sn/m80n2j152t9gw3w8qwk2nykh0000gn/T/pytest-of-macbook-dev/pytest-625/test_collection_owner_scope_sq7/3/ChaChaNotes.db...
2026-09-16 23:48:45.502 | INFO     | tldw_Server_API.app.core.DB_Management.ChaChaNotes_DB:_migrate_from_v29_to_v30:9426 - [rag_char_chat_schema] Migration to V30 completed.
2026-09-16 23:48:45.502 | INFO     | tldw_Server_API.app.core.DB_Management.ChaChaNotes_DB:_migrate_from_v30_to_v31:9438 - Migrating 'rag_char_chat_schema' schema from V30 to V31 for DB: /private/var/folders/sn/m80n2j152t9gw3w8qwk2nykh0000gn/T/pytest-of-macbook-dev/pytest-625/test_collection_owner_scope_sq7/3/ChaChaNotes.db...
2026-09-16 23:48:45.507 | INFO     | tldw_Server_API.app.core.DB_Management.ChaChaNotes_DB:_migrate_from_v30_to_v31:9460 - [rag_char_chat_schema] Migration to V31 completed.
2026-09-16 23:48:45.508 | INFO     | tldw_Server_API.app.core.DB_Management.ChaChaNotes_DB:_migrate_from_v31_to_v32:9472 - Migrating 'rag_char_chat_schema' schema from V31 to V32 for DB: /private/var/folders/sn/m80n2j152t9gw3w8qwk2nykh0000gn/T/pytest-of-macbook-dev/pytest-625/test_collection_owner_scope_sq7/3/ChaChaNotes.db...
2026-09-16 23:48:45.514 | INFO     | tldw_Server_API.app.core.DB_Management.ChaChaNotes_DB:_migrate_from_v31_to_v32:9516 - [rag_char_chat_schema] Migration to V32 completed.
2026-09-16 23:48:45.514 | INFO     | tldw_Server_API.app.core.DB_Management.ChaChaNotes_DB:_migrate_from_v32_to_v33:9528 - Migrating 'rag_char_chat_schema' schema from V32 to V33 for DB: /private/var/folders/sn/m80n2j152t9gw3w8qwk2nykh0000gn/T/pytest-of-macbook-dev/pytest-625/test_collection_owner_scope_sq7/3/ChaChaNotes.db...
2026-09-16 23:48:45.514 | INFO     | tldw_Server_API.app.core.DB_Management.ChaChaNotes_DB:_migrate_from_v32_to_v33:9536 - [rag_char_chat_schema] Migration to V33 completed.
2026-09-16 23:48:45.514 | INFO     | tldw_Server_API.app.core.DB_Management.ChaChaNotes_DB:_migrate_from_v33_to_v34:9548 - Migrating 'rag_char_chat_schema' schema from V33 to V34 for DB: /private/var/folders/sn/m80n2j152t9gw3w8qwk2nykh0000gn/T/pytest-of-macbook-dev/pytest-625/test_collection_owner_scope_sq7/3/ChaChaNotes.db...
2026-09-16 23:48:45.516 | INFO     | tldw_Server_API.app.core.DB_Management.ChaChaNotes_DB:_migrate_from_v33_to_v34:9568 - [rag_char_chat_schema] Migration to V34 completed.
2026-09-16 23:48:45.516 | INFO     | tldw_Server_API.app.core.DB_Management.ChaChaNotes_DB:_migrate_from_v34_to_v35:9580 - Migrating 'rag_char_chat_schema' schema from V34 to V35 for DB: /private/var/folders/sn/m80n2j152t9gw3w8qwk2nykh0000gn/T/pytest-of-macbook-dev/pytest-625/test_collection_owner_scope_sq7/3/ChaChaNotes.db...
2026-09-16 23:48:45.518 | INFO     | tldw_Server_API.app.core.DB_Management.ChaChaNotes_DB:_migrate_from_v34_to_v35:9600 - [rag_char_chat_schema] Migration to V35 completed.
2026-09-16 23:48:45.518 | INFO     | tldw_Server_API.app.core.DB_Management.ChaChaNotes_DB:_migrate_from_v35_to_v36:9612 - Migrating 'rag_char_chat_schema' schema from V35 to V36 for DB: /private/var/folders/sn/m80n2j152t9gw3w8qwk2nykh0000gn/T/pytest-of-macbook-dev/pytest-625/test_collection_owner_scope_sq7/3/ChaChaNotes.db...
2026-09-16 23:48:45.522 | INFO     | tldw_Server_API.app.core.DB_Management.ChaChaNotes_DB:_migrate_from_v35_to_v36:9663 - [rag_char_chat_schema] Migration to V36 completed.
2026-09-16 23:48:45.522 | INFO     | tldw_Server_API.app.core.DB_Management.ChaChaNotes_DB:_migrate_from_v36_to_v37:9675 - Migrating 'rag_char_chat_schema' schema from V36 to V37 for DB: /private/var/folders/sn/m80n2j152t9gw3w8qwk2nykh0000gn/T/pytest-of-macbook-dev/pytest-625/test_collection_owner_scope_sq7/3/ChaChaNotes.db...
2026-09-16 23:48:45.574 | INFO     | tldw_Server_API.app.core.DB_Management.ChaChaNotes_DB:_migrate_from_v36_to_v37:9686 - [rag_char_chat_schema] Migration to V37 completed.
2026-09-16 23:48:45.574 | INFO     | tldw_Server_API.app.core.DB_Management.ChaChaNotes_DB:_migrate_from_v37_to_v38:9698 - Migrating 'rag_char_chat_schema' schema from V37 to V38 for DB: /private/var/folders/sn/m80n2j152t9gw3w8qwk2nykh0000gn/T/pytest-of-macbook-dev/pytest-625/test_collection_owner_scope_sq7/3/ChaChaNotes.db...
2026-09-16 23:48:45.575 | INFO     | tldw_Server_API.app.core.DB_Management.ChaChaNotes_DB:_migrate_from_v37_to_v38:9707 - [rag_char_chat_schema] Migration to V38 completed.
2026-09-16 23:48:45.575 | INFO     | tldw_Server_API.app.core.DB_Management.ChaChaNotes_DB:_migrate_from_v38_to_v39:9719 - Migrating 'rag_char_chat_schema' schema from V38 to V39 for DB: /private/var/folders/sn/m80n2j152t9gw3w8qwk2nykh0000gn/T/pytest-of-macbook-dev/pytest-625/test_collection_owner_scope_sq7/3/ChaChaNotes.db...
2026-09-16 23:48:45.577 | INFO     | tldw_Server_API.app.core.DB_Management.ChaChaNotes_DB:_migrate_from_v38_to_v39:9728 - [rag_char_chat_schema] Migration to V39 completed.
2026-09-16 23:48:45.577 | INFO     | tldw_Server_API.app.core.DB_Management.ChaChaNotes_DB:_migrate_from_v39_to_v40:9740 - Migrating 'rag_char_chat_schema' schema from V39 to V40 for DB: /private/var/folders/sn/m80n2j152t9gw3w8qwk2nykh0000gn/T/pytest-of-macbook-dev/pytest-625/test_collection_owner_scope_sq7/3/ChaChaNotes.db...
2026-09-16 23:48:45.577 | INFO     | tldw_Server_API.app.core.DB_Management.ChaChaNotes_DB:_migrate_from_v39_to_v40:9748 - [rag_char_chat_schema] Migration to V40 completed.
2026-09-16 23:48:45.577 | INFO     | tldw_Server_API.app.core.DB_Management.ChaChaNotes_DB:_migrate_from_v40_to_v41:9760 - Migrating 'rag_char_chat_schema' schema from V40 to V41 for DB: /private/var/folders/sn/m80n2j152t9gw3w8qwk2nykh0000gn/T/pytest-of-macbook-dev/pytest-625/test_collection_owner_scope_sq7/3/ChaChaNotes.db...
2026-09-16 23:48:45.581 | INFO     | tldw_Server_API.app.core.DB_Management.ChaChaNotes_DB:_migrate_from_v40_to_v41:9768 - [rag_char_chat_schema] Migration to V41 completed.
2026-09-16 23:48:45.581 | INFO     | tldw_Server_API.app.core.DB_Management.ChaChaNotes_DB:_migrate_from_v41_to_v42:9780 - Migrating 'rag_char_chat_schema' schema from V41 to V42 for DB: /private/var/folders/sn/m80n2j152t9gw3w8qwk2nykh0000gn/T/pytest-of-macbook-dev/pytest-625/test_collection_owner_scope_sq7/3/ChaChaNotes.db...
2026-09-16 23:48:45.586 | INFO     | tldw_Server_API.app.core.DB_Management.ChaChaNotes_DB:_migrate_from_v41_to_v42:9788 - [rag_char_chat_schema] Migration to V42 completed.
2026-09-16 23:48:45.586 | INFO     | tldw_Server_API.app.core.DB_Management.ChaChaNotes_DB:_migrate_from_v42_to_v43:9800 - Migrating 'rag_char_chat_schema' schema from V42 to V43 for DB: /private/var/folders/sn/m80n2j152t9gw3w8qwk2nykh0000gn/T/pytest-of-macbook-dev/pytest-625/test_collection_owner_scope_sq7/3/ChaChaNotes.db...
2026-09-16 23:48:45.587 | INFO     | tldw_Server_API.app.core.DB_Management.ChaChaNotes_DB:_migrate_from_v42_to_v43:9808 - [rag_char_chat_schema] Migration to V43 completed.
2026-09-16 23:48:45.587 | INFO     | tldw_Server_API.app.core.DB_Management.ChaChaNotes_DB:_migrate_from_v43_to_v44:9820 - Migrating 'rag_char_chat_schema' schema from V43 to V44 for DB: /private/var/folders/sn/m80n2j152t9gw3w8qwk2nykh0000gn/T/pytest-of-macbook-dev/pytest-625/test_collection_owner_scope_sq7/3/ChaChaNotes.db...
2026-09-16 23:48:45.588 | INFO     | tldw_Server_API.app.core.DB_Management.ChaChaNotes_DB:_migrate_from_v43_to_v44:9841 - [rag_char_chat_schema] Migration to V44 completed.
2026-09-16 23:48:45.588 | INFO     | tldw_Server_API.app.core.DB_Management.ChaChaNotes_DB:_migrate_from_v44_to_v45:9853 - Migrating 'rag_char_chat_schema' schema from V44 to V45 for DB: /private/var/folders/sn/m80n2j152t9gw3w8qwk2nykh0000gn/T/pytest-of-macbook-dev/pytest-625/test_collection_owner_scope_sq7/3/ChaChaNotes.db...
2026-09-16 23:48:45.596 | INFO     | tldw_Server_API.app.core.DB_Management.ChaChaNotes_DB:_migrate_from_v44_to_v45:9862 - [rag_char_chat_schema] Migration to V45 completed.
2026-09-16 23:48:45.596 | INFO     | tldw_Server_API.app.core.DB_Management.ChaChaNotes_DB:_migrate_from_v45_to_v46:9874 - Migrating 'rag_char_chat_schema' schema from V45 to V46 for DB: /private/var/folders/sn/m80n2j152t9gw3w8qwk2nykh0000gn/T/pytest-of-macbook-dev/pytest-625/test_collection_owner_scope_sq7/3/ChaChaNotes.db...
2026-09-16 23:48:45.597 | INFO     | tldw_Server_API.app.core.DB_Management.ChaChaNotes_DB:_migrate_from_v45_to_v46:9882 - [rag_char_chat_schema] Migration to V46 completed.
2026-09-16 23:48:45.597 | INFO     | tldw_Server_API.app.core.DB_Management.ChaChaNotes_DB:_migrate_from_v46_to_v47:9894 - Migrating 'rag_char_chat_schema' schema from V46 to V47 for DB: /private/var/folders/sn/m80n2j152t9gw3w8qwk2nykh0000gn/T/pytest-of-macbook-dev/pytest-625/test_collection_owner_scope_sq7/3/ChaChaNotes.db...
2026-09-16 23:48:45.601 | INFO     | tldw_Server_API.app.core.DB_Management.ChaChaNotes_DB:_migrate_from_v46_to_v47:9909 - [rag_char_chat_schema] Migration to V47 completed.
2026-09-16 23:48:45.601 | INFO     | tldw_Server_API.app.core.DB_Management.ChaChaNotes_DB:_migrate_from_v47_to_v48:9921 - Migrating 'rag_char_chat_schema' schema from V47 to V48 for DB: /private/var/folders/sn/m80n2j152t9gw3w8qwk2nykh0000gn/T/pytest-of-macbook-dev/pytest-625/test_collection_owner_scope_sq7/3/ChaChaNotes.db...
2026-09-16 23:48:45.603 | INFO     | tldw_Server_API.app.core.DB_Management.ChaChaNotes_DB:_migrate_from_v47_to_v48:9929 - [rag_char_chat_schema] Migration to V48 completed.
2026-09-16 23:48:45.603 | INFO     | tldw_Server_API.app.core.DB_Management.ChaChaNotes_DB:_migrate_from_v48_to_v49:9941 - Migrating 'rag_char_chat_schema' schema from V48 to V49 for DB: /private/var/folders/sn/m80n2j152t9gw3w8qwk2nykh0000gn/T/pytest-of-macbook-dev/pytest-625/test_collection_owner_scope_sq7/3/ChaChaNotes.db...
2026-09-16 23:48:45.603 | INFO     | tldw_Server_API.app.core.DB_Management.ChaChaNotes_DB:_migrate_from_v48_to_v49:9950 - [rag_char_chat_schema] Migration to V49 completed.
2026-09-16 23:48:45.603 | INFO     | tldw_Server_API.app.core.DB_Management.ChaChaNotes_DB:_migrate_from_v49_to_v50:9962 - Migrating 'rag_char_chat_schema' schema from V49 to V50 for DB: /private/var/folders/sn/m80n2j152t9gw3w8qwk2nykh0000gn/T/pytest-of-macbook-dev/pytest-625/test_collection_owner_scope_sq7/3/ChaChaNotes.db...
2026-09-16 23:48:45.603 | INFO     | tldw_Server_API.app.core.DB_Management.ChaChaNotes_DB:_migrate_from_v49_to_v50:9971 - [rag_char_chat_schema] Migration to V50 completed.
2026-09-16 23:48:45.603 | INFO     | tldw_Server_API.app.core.DB_Management.ChaChaNotes_DB:_migrate_from_v50_to_v51:9983 - Migrating 'rag_char_chat_schema' schema from V50 to V51 for DB: /private/var/folders/sn/m80n2j152t9gw3w8qwk2nykh0000gn/T/pytest-of-macbook-dev/pytest-625/test_collection_owner_scope_sq7/3/ChaChaNotes.db...
2026-09-16 23:48:45.604 | INFO     | tldw_Server_API.app.core.DB_Management.ChaChaNotes_DB:_migrate_from_v50_to_v51:9999 - [rag_char_chat_schema] Migration to V51 completed.
2026-09-16 23:48:45.604 | INFO     | tldw_Server_API.app.core.DB_Management.ChaChaNotes_DB:_migrate_from_v51_to_v52:10011 - Migrating 'rag_char_chat_schema' schema from V51 to V52 for DB: /private/var/folders/sn/m80n2j152t9gw3w8qwk2nykh0000gn/T/pytest-of-macbook-dev/pytest-625/test_collection_owner_scope_sq7/3/ChaChaNotes.db...
2026-09-16 23:48:45.607 | INFO     | tldw_Server_API.app.core.DB_Management.ChaChaNotes_DB:_migrate_from_v51_to_v52:10023 - [rag_char_chat_schema] Migration to V52 completed.
2026-09-16 23:48:45.607 | INFO     | tldw_Server_API.app.core.DB_Management.ChaChaNotes_DB:_migrate_from_v52_to_v53:10037 - Migrating 'rag_char_chat_schema' schema from V52 to V53 for DB: /private/var/folders/sn/m80n2j152t9gw3w8qwk2nykh0000gn/T/pytest-of-macbook-dev/pytest-625/test_collection_owner_scope_sq7/3/ChaChaNotes.db...
2026-09-16 23:48:45.615 | INFO     | tldw_Server_API.app.core.DB_Management.ChaChaNotes_DB:_migrate_from_v52_to_v53:10050 - [rag_char_chat_schema] Migration to V53 completed.
2026-09-16 23:48:45.615 | INFO     | tldw_Server_API.app.core.DB_Management.ChaChaNotes_DB:_migrate_from_v53_to_v54:10064 - Migrating 'rag_char_chat_schema' schema from V53 to V54 for DB: /private/var/folders/sn/m80n2j152t9gw3w8qwk2nykh0000gn/T/pytest-of-macbook-dev/pytest-625/test_collection_owner_scope_sq7/3/ChaChaNotes.db...
2026-09-16 23:48:45.616 | INFO     | tldw_Server_API.app.core.DB_Management.ChaChaNotes_DB:_migrate_from_v53_to_v54:10076 - [rag_char_chat_schema] Migration to V54 completed.
2026-09-16 23:48:45.616 | INFO     | tldw_Server_API.app.core.DB_Management.ChaChaNotes_DB:_migrate_from_v54_to_v55:10090 - Migrating 'rag_char_chat_schema' schema from V54 to V55 for DB: /private/var/folders/sn/m80n2j152t9gw3w8qwk2nykh0000gn/T/pytest-of-macbook-dev/pytest-625/test_collection_owner_scope_sq7/3/ChaChaNotes.db...
2026-09-16 23:48:45.618 | INFO     | tldw_Server_API.app.core.DB_Management.ChaChaNotes_DB:_migrate_from_v54_to_v55:10168 - [rag_char_chat_schema] Migration to V55 completed.
2026-09-16 23:48:45.618 | INFO     | tldw_Server_API.app.core.DB_Management.ChaChaNotes_DB:_migrate_from_v55_to_v56:10272 - Migrating 'rag_char_chat_schema' schema from V55 to V56 for DB: /private/var/folders/sn/m80n2j152t9gw3w8qwk2nykh0000gn/T/pytest-of-macbook-dev/pytest-625/test_collection_owner_scope_sq7/3/ChaChaNotes.db...
2026-09-16 23:48:45.893 | INFO     | tldw_Server_API.app.core.DB_Management.ChaChaNotes_DB:_migrate_from_v64_to_v65:17796 - Migrating 'rag_char_chat_schema' schema from V64 to V65 for DB: /private/var/folders/sn/m80n2j152t9gw3w8qwk2nykh0000gn/T/pytest-of-macbook-dev/pytest-625/test_collection_owner_scope_sq7/3/ChaChaNotes.db...
2026-09-16 23:48:45.904 | INFO     | tldw_Server_API.app.core.DB_Management.ChaChaNotes_DB:_migrate_from_v64_to_v65:17813 - [rag_char_chat_schema] Migration to V65 completed.
2026-09-16 23:48:46.003 | WARNING  | tldw_Server_API.app.core.DB_Management.ChaChaNotes_DB:_self_heal_character_cards_fts_sqlite:24822 - character_cards_fts out of sync (active=1 indexed=0); rebuilding.
2026-09-16 23:48:46.004 | INFO     | tldw_Server_API.app.core.DB_Management.ChaChaNotes_DB:_initialize_schema_sqlite:21121 - Database schema 'rag_char_chat_schema' successfully initialized/migrated to version 67.
2026-09-16 23:48:46.004 | DEBUG    | tldw_Server_API.app.core.DB_Management.ChaChaNotes_DB:__exit__:45050 - Transaction (outermost) committed successfully on thread 8346099072.
2026-09-16 23:48:46.004 | DEBUG    | tldw_Server_API.app.core.DB_Management.ChaChaNotes_DB:execute_query:8286 - Executing SQL (script=False, backend=sqlite):
                CREATE TABLE IF NOT EXISTS message_metadata(
                  message_id TEXT PRIMARY KEY REFERENCES messages(id) ON DELETE CASCADE,
                  tool_calls_json TEXT,
                  extra_json TEXT,
                  last_modified DATETIME NOT NULL DEFAULT CURRENT_TIMESTAM... Params: None...
2026-09-16 23:48:46.004 | DEBUG    | tldw_Server_API.app.core.DB_Management.ChaChaNotes_DB:execute_query:8313 - Committed directly by execute_query.
2026-09-16 23:48:46.004 | DEBUG    | tldw_Server_API.app.core.DB_Management.ChaChaNotes_DB:execute_query:8286 - Executing SQL (script=False, backend=sqlite):
                CREATE TABLE IF NOT EXISTS persona_live_voice_session_summaries(
                  id INTEGER PRIMARY KEY AUTOINCREMENT,
                  user_id INTEGER NOT NULL,
                  persona_id TEXT NOT NULL,
                  session_id TEXT NOT NULL,
                  created_at D... Params: None...
2026-09-16 23:48:46.005 | DEBUG    | tldw_Server_API.app.core.DB_Management.ChaChaNotes_DB:execute_query:8313 - Committed directly by execute_query.
2026-09-16 23:48:46.005 | DEBUG    | tldw_Server_API.app.core.DB_Management.ChaChaNotes_DB:execute_query:8286 - Executing SQL (script=False, backend=sqlite):
                CREATE INDEX IF NOT EXISTS idx_persona_live_voice_session_summaries_persona_time
                ON persona_live_voice_session_summaries(persona_id, started_at, updated_at)
                ... Params: None...
2026-09-16 23:48:46.005 | DEBUG    | tldw_Server_API.app.core.DB_Management.ChaChaNotes_DB:execute_query:8313 - Committed directly by execute_query.
2026-09-16 23:48:46.005 | DEBUG    | tldw_Server_API.app.core.DB_Management.ChaChaNotes_DB:execute_query:8286 - Executing SQL (script=False, backend=sqlite):
                CREATE TABLE IF NOT EXISTS conversation_settings(
                  conversation_id TEXT PRIMARY KEY REFERENCES conversations(id) ON DELETE CASCADE,
                  settings_json TEXT NOT NULL,
                  settings_version INTEGER NOT NULL DEFAULT 1 CHECK(settings_version >=... Params: None...
2026-09-16 23:48:46.005 | DEBUG    | tldw_Server_API.app.core.DB_Management.ChaChaNotes_DB:execute_query:8313 - Committed directly by execute_query.
2026-09-16 23:48:46.005 | DEBUG    | tldw_Server_API.app.core.DB_Management.ChaChaNotes_DB:__init__:7664 - CharactersRAGDB initialization completed successfully for /private/var/folders/sn/m80n2j152t9gw3w8qwk2nykh0000gn/T/pytest-of-macbook-dev/pytest-625/test_collection_owner_scope_sq7/3/ChaChaNotes.db
2026-09-16 23:48:46.005 | DEBUG    | tldw_Server_API.app.core.DB_Management.ChaChaNotes_DB:__enter__:45022 - Transaction started (outermost) on thread 8346099072.
2026-09-16 23:48:46.006 | INFO     | tldw_Server_API.app.core.DB_Management.chacha.note_store:_execute:124 - Added note 'Alice private Citrine' with ID: da1f1d70-897a-45d5-97b4-b4980a7e92c0.
2026-09-16 23:48:46.006 | DEBUG    | tldw_Server_API.app.core.DB_Management.ChaChaNotes_DB:__exit__:45050 - Transaction (outermost) committed successfully on thread 8346099072.
2026-09-16 23:48:46.006 | DEBUG    | tldw_Server_API.app.core.DB_Management.ChaChaNotes_DB:__enter__:45022 - Transaction started (outermost) on thread 8346099072.
2026-09-16 23:48:46.006 | INFO     | tldw_Server_API.app.core.DB_Management.chacha.note_store:_execute:124 - Added note 'Alice deleted Citrine' with ID: 5f9c7920-326d-4a14-9924-6a53036d20db.
2026-09-16 23:48:46.006 | DEBUG    | tldw_Server_API.app.core.DB_Management.ChaChaNotes_DB:__exit__:45050 - Transaction (outermost) committed successfully on thread 8346099072.
2026-09-16 23:48:46.006 | DEBUG    | tldw_Server_API.app.core.DB_Management.ChaChaNotes_DB:__enter__:45022 - Transaction started (outermost) on thread 8346099072.
2026-09-16 23:48:46.007 | INFO     | tldw_Server_API.app.core.DB_Management.chacha.note_store:soft_delete_note:2221 - Soft-deleted note ID 5f9c7920-326d-4a14-9924-6a53036d20db (was v1), new version 2.
2026-09-16 23:48:46.008 | DEBUG    | tldw_Server_API.app.core.DB_Management.ChaChaNotes_DB:__exit__:45050 - Transaction (outermost) committed successfully on thread 8346099072.
2026-09-16 23:48:46.008 | DEBUG    | tldw_Server_API.app.core.DB_Management.ChaChaNotes_DB:__enter__:45022 - Transaction started (outermost) on thread 8346099072.
2026-09-16 23:48:46.008 | INFO     | tldw_Server_API.app.core.DB_Management.chacha.note_store:_execute:124 - Added note 'Bob private Indigo' with ID: f0f34406-a077-4a2c-8c42-5292a1f66d70.
2026-09-16 23:48:46.008 | DEBUG    | tldw_Server_API.app.core.DB_Management.ChaChaNotes_DB:__exit__:45050 - Transaction (outermost) committed successfully on thread 8346099072.
2026-09-16 23:48:46.008 | DEBUG    | tldw_Server_API.app.core.DB_Management.ChaChaNotes_DB:close_connection:8092 - Attempting WAL checkpoint (TRUNCATE) before closing /private/var/folders/sn/m80n2j152t9gw3w8qwk2nykh0000gn/T/pytest-of-macbook-dev/pytest-625/test_collection_owner_scope_sq7/2/ChaChaNotes.db on thread 8346099072.
2026-09-16 23:48:46.009 | DEBUG    | tldw_Server_API.app.core.DB_Management.ChaChaNotes_DB:close_connection:8098 - WAL checkpoint TRUNCATE executed for /private/var/folders/sn/m80n2j152t9gw3w8qwk2nykh0000gn/T/pytest-of-macbook-dev/pytest-625/test_collection_owner_scope_sq7/2/ChaChaNotes.db.
2026-09-16 23:48:46.010 | DEBUG    | tldw_Server_API.app.core.DB_Management.ChaChaNotes_DB:close_connection:8103 - Closed SQLite connection for thread 8346099072 to /private/var/folders/sn/m80n2j152t9gw3w8qwk2nykh0000gn/T/pytest-of-macbook-dev/pytest-625/test_collection_owner_scope_sq7/2/ChaChaNotes.db.
2026-09-16 23:48:46.010 | DEBUG    | tldw_Server_API.app.core.DB_Management.ChaChaNotes_DB:close_connection:8092 - Attempting WAL checkpoint (TRUNCATE) before closing /private/var/folders/sn/m80n2j152t9gw3w8qwk2nykh0000gn/T/pytest-of-macbook-dev/pytest-625/test_collection_owner_scope_sq7/3/ChaChaNotes.db on thread 8346099072.
2026-09-16 23:48:46.011 | DEBUG    | tldw_Server_API.app.core.DB_Management.ChaChaNotes_DB:close_connection:8098 - WAL checkpoint TRUNCATE executed for /private/var/folders/sn/m80n2j152t9gw3w8qwk2nykh0000gn/T/pytest-of-macbook-dev/pytest-625/test_collection_owner_scope_sq7/3/ChaChaNotes.db.
2026-09-16 23:48:46.012 | DEBUG    | tldw_Server_API.app.core.DB_Management.ChaChaNotes_DB:close_connection:8103 - Closed SQLite connection for thread 8346099072 to /private/var/folders/sn/m80n2j152t9gw3w8qwk2nykh0000gn/T/pytest-of-macbook-dev/pytest-625/test_collection_owner_scope_sq7/3/ChaChaNotes.db.
----------------------------- Captured stderr call -----------------------------
2026-09-16 23:48:46.018 | DEBUG    | tldw_Server_API.app.core.DB_Management.ChaChaNotes_DB:_get_connection_for_state:8015 - Opened/Reopened SQLite connection to /private/var/folders/sn/m80n2j152t9gw3w8qwk2nykh0000gn/T/pytest-of-macbook-dev/pytest-625/test_collection_owner_scope_sq7/2/ChaChaNotes.db for thread 8346099072
2026-09-16 23:48:46.018 | DEBUG    | tldw_Server_API.app.core.DB_Management.ChaChaNotes_DB:__enter__:45022 - Transaction started (outermost) on thread 8346099072.
2026-09-16 23:48:46.019 | INFO     | tldw_Server_API.app.core.DB_Management.ChaChaNotes_DB:_add_generic_item:32615 - Added keyword_collections 'Collection sequence spacer' with ID: 1.
2026-09-16 23:48:46.019 | DEBUG    | tldw_Server_API.app.core.DB_Management.ChaChaNotes_DB:__exit__:45050 - Transaction (outermost) committed successfully on thread 8346099072.
2026-09-16 23:48:46.019 | DEBUG    | tldw_Server_API.app.core.DB_Management.ChaChaNotes_DB:__enter__:45022 - Transaction started (outermost) on thread 8346099072.
2026-09-16 23:48:46.019 | INFO     | tldw_Server_API.app.core.DB_Management.ChaChaNotes_DB:_add_generic_item:32615 - Added keyword_collections 'Amber private collection' with ID: 2.
2026-09-16 23:48:46.019 | DEBUG    | tldw_Server_API.app.core.DB_Management.ChaChaNotes_DB:__exit__:45050 - Transaction (outermost) committed successfully on thread 8346099072.
2026-09-16 23:48:46.025 | DEBUG    | tldw_Server_API.app.core.DB_Management.ChaChaNotes_DB:_get_connection_for_state:8015 - Opened/Reopened SQLite connection to /private/var/folders/sn/m80n2j152t9gw3w8qwk2nykh0000gn/T/pytest-of-macbook-dev/pytest-625/test_collection_owner_scope_sq7/3/ChaChaNotes.db for thread 8346099072
2026-09-16 23:48:46.025 | DEBUG    | tldw_Server_API.app.core.DB_Management.ChaChaNotes_DB:__enter__:45022 - Transaction started (outermost) on thread 8346099072.
2026-09-16 23:48:46.026 | INFO     | tldw_Server_API.app.core.DB_Management.ChaChaNotes_DB:_add_generic_item:32615 - Added keyword_collections 'Indigo own collection' with ID: 1.
2026-09-16 23:48:46.026 | DEBUG    | tldw_Server_API.app.core.DB_Management.ChaChaNotes_DB:__exit__:45050 - Transaction (outermost) committed successfully on thread 8346099072.
2026-09-16 23:48:46.026 | DEBUG    | tldw_Server_API.app.core.DB_Management.ChaChaNotes_DB:execute_query:8286 - Executing SQL (script=False, backend=sqlite): SELECT * FROM keyword_collections WHERE id = ? AND deleted = 0... Params: (2,)...
2026-09-16 23:48:46.026 | DEBUG    | tldw_Server_API.app.core.DB_Management.ChaChaNotes_DB:__enter__:45022 - Transaction started (outermost) on thread 8346099072.
2026-09-16 23:48:46.026 | INFO     | tldw_Server_API.app.core.DB_Management.ChaChaNotes_DB:_add_generic_item:32615 - Added keyword_collections 'Wrong parent child' with ID: 2.
2026-09-16 23:48:46.027 | DEBUG    | tldw_Server_API.app.core.DB_Management.ChaChaNotes_DB:__exit__:45050 - Transaction (outermost) committed successfully on thread 8346099072.
--------------------------- Captured stderr teardown ---------------------------
2026-09-16 23:48:46.030 | DEBUG    | tldw_Server_API.app.core.DB_Management.ChaChaNotes_DB:close_connection:8092 - Attempting WAL checkpoint (TRUNCATE) before closing /private/var/folders/sn/m80n2j152t9gw3w8qwk2nykh0000gn/T/pytest-of-macbook-dev/pytest-625/test_collection_owner_scope_sq7/2/ChaChaNotes.db on thread 8346099072.
2026-09-16 23:48:46.030 | DEBUG    | tldw_Server_API.app.core.DB_Management.ChaChaNotes_DB:close_connection:8098 - WAL checkpoint TRUNCATE executed for /private/var/folders/sn/m80n2j152t9gw3w8qwk2nykh0000gn/T/pytest-of-macbook-dev/pytest-625/test_collection_owner_scope_sq7/2/ChaChaNotes.db.
2026-09-16 23:48:46.031 | DEBUG    | tldw_Server_API.app.core.DB_Management.ChaChaNotes_DB:close_connection:8103 - Closed SQLite connection for thread 8346099072 to /private/var/folders/sn/m80n2j152t9gw3w8qwk2nykh0000gn/T/pytest-of-macbook-dev/pytest-625/test_collection_owner_scope_sq7/2/ChaChaNotes.db.
2026-09-16 23:48:46.031 | DEBUG    | tldw_Server_API.app.core.DB_Management.ChaChaNotes_DB:close_connection:8092 - Attempting WAL checkpoint (TRUNCATE) before closing /private/var/folders/sn/m80n2j152t9gw3w8qwk2nykh0000gn/T/pytest-of-macbook-dev/pytest-625/test_collection_owner_scope_sq7/3/ChaChaNotes.db on thread 8346099072.
2026-09-16 23:48:46.031 | DEBUG    | tldw_Server_API.app.core.DB_Management.ChaChaNotes_DB:close_connection:8098 - WAL checkpoint TRUNCATE executed for /private/var/folders/sn/m80n2j152t9gw3w8qwk2nykh0000gn/T/pytest-of-macbook-dev/pytest-625/test_collection_owner_scope_sq7/3/ChaChaNotes.db.
2026-09-16 23:48:46.032 | DEBUG    | tldw_Server_API.app.core.DB_Management.ChaChaNotes_DB:close_connection:8103 - Closed SQLite connection for thread 8346099072 to /private/var/folders/sn/m80n2j152t9gw3w8qwk2nykh0000gn/T/pytest-of-macbook-dev/pytest-625/test_collection_owner_scope_sq7/3/ChaChaNotes.db.
2026-09-16 23:48:46.032 | INFO     | tldw_Server_API.app.api.v1.API_Deps.ChaCha_Notes_DB_Deps:close_all_chacha_db_instances:876 - Closing all cached ChaChaNotesDB instances (0)...
2026-09-16 23:48:46.032 | INFO     | tldw_Server_API.app.api.v1.API_Deps.ChaCha_Notes_DB_Deps:close_all_chacha_db_instances:892 - All ChaChaNotesDB instances closed and cache cleared.
2026-09-16 23:48:46.032 | INFO     | tldw_Server_API.app.api.v1.API_Deps.ChaCha_Notes_DB_Deps:close_all_chacha_db_instances:876 - Closing all cached ChaChaNotesDB instances (0)...
2026-09-16 23:48:46.033 | INFO     | tldw_Server_API.app.api.v1.API_Deps.ChaCha_Notes_DB_Deps:close_all_chacha_db_instances:892 - All ChaChaNotesDB instances closed and cache cleared.
_________________ test_collection_owner_scope[postgres-count] __________________
tldw_Server_API/tests/DB_Management/test_note_shared_owner_contract.py:281: in test_collection_owner_scope
    assert f.bob.count_keyword_collections() == 1
E   AssertionError: assert 3 == 1
E    +  where 3 = count_keyword_collections()
E    +    where count_keyword_collections = <tldw_Server_API.app.core.DB_Management.ChaChaNotes_DB.CharactersRAGDB object at 0x1107ff8d0>.count_keyword_collections
E    +      where <tldw_Server_API.app.core.DB_Management.ChaChaNotes_DB.CharactersRAGDB object at 0x1107ff8d0> = namespace(alice=<tldw_Server_API.app.core.DB_Management.ChaChaNotes_DB.CharactersRAGDB object at 0x1109586d0>, bob=<tl...3a-4fa5-b2e6-fb498fd67c36', deleted='f0b935b9-3cbf-48e1-a4d7-0f14f2b24e74', own='dfd53bbb-3774-4671-9414-0779db1db32d').bob
---------------------------- Captured stderr setup -----------------------------
2026-09-16 23:48:47.277 | INFO     | tldw_Server_API.app.core.DB_Management.backends.factory:create_backend:392 - Creating postgresql backend
2026-09-16 23:48:47.278 | INFO     | tldw_Server_API.app.core.config:_buffered_log:210 - Determined ACTUAL_PROJECT_ROOT for database paths: /Users/macbook-dev/Documents/GitHub/tldw_server2
2026-09-16 23:48:47.278 | INFO     | tldw_Server_API.app.core.config:_buffered_log:210 - Early loading environment variables from: /Users/macbook-dev/Documents/GitHub/tldw_server2/tldw_Server_API/Config_Files/.env
2026-09-16 23:48:47.282 | INFO     | tldw_Server_API.app.core.config:_buffered_log:210 - Early loading environment variables from: /Users/macbook-dev/Documents/GitHub/tldw_server2/tldw_Server_API/Config_Files/.ENV
2026-09-16 23:48:47.286 | DEBUG    | tldw_Server_API.app.core.config:_buffered_log:210 - load_and_log_configs(): Loading and logging configurations...
2026-09-16 23:48:47.287 | INFO     | tldw_Server_API.app.core.config:_buffered_log:210 - Loading environment variables from: /Users/macbook-dev/Documents/GitHub/tldw_server2/tldw_Server_API/Config_Files/.env
2026-09-16 23:48:47.291 | INFO     | tldw_Server_API.app.core.config:_buffered_log:210 - Loading environment variables from: /Users/macbook-dev/Documents/GitHub/tldw_server2/tldw_Server_API/Config_Files/.ENV
2026-09-16 23:48:47.296 | INFO     | tldw_Server_API.app.core.config:_buffered_log:210 - Attempting to load comprehensive config from: /Users/macbook-dev/Documents/GitHub/tldw_server2/tldw_Server_API/Config_Files/config.txt
2026-09-16 23:48:47.297 | INFO     | tldw_Server_API.app.core.config:_buffered_log:210 - load_comprehensive_config(): Sections found in config: ['Setup', 'UI', 'Server', 'Files', 'Image-Generation', 'ACP', 'WORKSPACES', 'ACP-WORKSPACE', 'ACP-SANDBOX', 'Audit', 'Processing', 'Media-Processing', 'Chat-Dictionaries', 'Chat-Module', 'Chat-Commands', 'Chat-Templating', 'Character-Chat', 'Settings', 'Auto-Save', 'Prompts', 'Database', 'Chunking', 'Visual-RAG', 'AuthNZ', 'Streaming', 'HTTP', 'Egress', 'Embeddings', 'Claims', 'ClaimsMonitoring', 'RAG', 'Search-Agent', 'ResourceGovernor', 'Jobs', 'SlidesStandaloneHtml', 'Diarization', 'API', 'MLX', 'Local-API', 'LlamaCpp', 'STT-Settings', 'external_providers', 'TTS-Settings', 'VibeVoice', 'Audio-Quota', 'API-Routes', 'Search-Engines', 'Web-Scraper', 'Logging', 'Moderation', 'Redis', 'Web-Scraping', 'personalization', 'persona', 'persona.rbac']
2026-09-16 23:48:47.299 | INFO     | tldw_Server_API.app.core.config:_buffered_log:210 - Ensured main SQLite database directory exists: /Users/macbook-dev/Documents/GitHub/tldw_server2/Databases
2026-09-16 23:48:47.299 | INFO     | tldw_Server_API.app.core.config:_buffered_log:210 - Ensured user data base directory exists: Databases/user_databases
2026-09-16 23:48:47.300 | WARNING  | tldw_Server_API.app.core.DB_Management.db_path_utils:resolve_user_db_base_dir:491 - USER_DB_BASE_DIR not configured in tests, using isolated fallback: /private/var/folders/sn/m80n2j152t9gw3w8qwk2nykh0000gn/T/tldw_user_databases_test/default-06a2956a
2026-09-16 23:48:47.300 | INFO     | tldw_Server_API.app.core.DB_Management.ChaChaNotes_DB:__init__:7657 - Initializing CharactersRAGDB for path: /private/var/folders/sn/m80n2j152t9gw3w8qwk2nykh0000gn/T/pytest-of-macbook-dev/pytest-625/test_collection_owner_scope_po7/2/ChaChaNotes.db [Client ID: 2] (backend=postgresql)
2026-09-16 23:48:48.582 | DEBUG    | tldw_Server_API.app.core.DB_Management.ChaChaNotes_DB:__init__:7664 - CharactersRAGDB initialization completed successfully for /private/var/folders/sn/m80n2j152t9gw3w8qwk2nykh0000gn/T/pytest-of-macbook-dev/pytest-625/test_collection_owner_scope_po7/2/ChaChaNotes.db
2026-09-16 23:48:48.582 | WARNING  | tldw_Server_API.app.core.DB_Management.db_path_utils:resolve_user_db_base_dir:491 - USER_DB_BASE_DIR not configured in tests, using isolated fallback: /private/var/folders/sn/m80n2j152t9gw3w8qwk2nykh0000gn/T/tldw_user_databases_test/default-06a2956a
2026-09-16 23:48:48.583 | INFO     | tldw_Server_API.app.core.DB_Management.ChaChaNotes_DB:__init__:7657 - Initializing CharactersRAGDB for path: /private/var/folders/sn/m80n2j152t9gw3w8qwk2nykh0000gn/T/pytest-of-macbook-dev/pytest-625/test_collection_owner_scope_po7/3/ChaChaNotes.db [Client ID: 3] (backend=postgresql)
2026-09-16 23:48:48.726 | DEBUG    | tldw_Server_API.app.core.DB_Management.ChaChaNotes_DB:__init__:7664 - CharactersRAGDB initialization completed successfully for /private/var/folders/sn/m80n2j152t9gw3w8qwk2nykh0000gn/T/pytest-of-macbook-dev/pytest-625/test_collection_owner_scope_po7/3/ChaChaNotes.db
2026-09-16 23:48:48.728 | DEBUG    | tldw_Server_API.app.core.DB_Management.ChaChaNotes_DB:_get_connection_for_state:8036 - Acquired backend connection (postgresql) for thread 8346099072
2026-09-16 23:48:48.730 | INFO     | tldw_Server_API.app.core.DB_Management.chacha.note_store:_execute:124 - Added note 'Alice private Citrine' with ID: dab72e30-bf3a-4fa5-b2e6-fb498fd67c36.
2026-09-16 23:48:48.732 | INFO     | tldw_Server_API.app.core.DB_Management.chacha.note_store:_execute:124 - Added note 'Alice deleted Citrine' with ID: f0b935b9-3cbf-48e1-a4d7-0f14f2b24e74.
2026-09-16 23:48:48.734 | INFO     | tldw_Server_API.app.core.DB_Management.chacha.note_store:soft_delete_note:2221 - Soft-deleted note ID f0b935b9-3cbf-48e1-a4d7-0f14f2b24e74 (was v1), new version 2.
2026-09-16 23:48:48.739 | DEBUG    | tldw_Server_API.app.core.DB_Management.ChaChaNotes_DB:_get_connection_for_state:8036 - Acquired backend connection (postgresql) for thread 8346099072
2026-09-16 23:48:48.742 | INFO     | tldw_Server_API.app.core.DB_Management.chacha.note_store:_execute:124 - Added note 'Bob private Indigo' with ID: dfd53bbb-3774-4671-9414-0779db1db32d.
2026-09-16 23:48:48.742 | DEBUG    | tldw_Server_API.app.core.DB_Management.ChaChaNotes_DB:close_connection:8110 - Returned backend connection (postgresql) for thread 8346099072.
2026-09-16 23:48:48.742 | DEBUG    | tldw_Server_API.app.core.DB_Management.ChaChaNotes_DB:close_connection:8110 - Returned backend connection (postgresql) for thread 8346099072.
----------------------------- Captured stderr call -----------------------------
2026-09-16 23:48:48.744 | DEBUG    | tldw_Server_API.app.core.DB_Management.ChaChaNotes_DB:_get_connection_for_state:8036 - Acquired backend connection (postgresql) for thread 8346099072
2026-09-16 23:48:48.745 | INFO     | tldw_Server_API.app.core.DB_Management.ChaChaNotes_DB:_add_generic_item:32615 - Added keyword_collections 'Collection sequence spacer' with ID: 1.
2026-09-16 23:48:48.746 | INFO     | tldw_Server_API.app.core.DB_Management.ChaChaNotes_DB:_add_generic_item:32615 - Added keyword_collections 'Amber private collection' with ID: 2.
2026-09-16 23:48:48.748 | DEBUG    | tldw_Server_API.app.core.DB_Management.ChaChaNotes_DB:_get_connection_for_state:8036 - Acquired backend connection (postgresql) for thread 8346099072
2026-09-16 23:48:48.749 | INFO     | tldw_Server_API.app.core.DB_Management.ChaChaNotes_DB:_add_generic_item:32615 - Added keyword_collections 'Indigo own collection' with ID: 3.
2026-09-16 23:48:48.750 | DEBUG    | tldw_Server_API.app.core.DB_Management.ChaChaNotes_DB:execute_query:8286 - Executing SQL (script=False, backend=postgresql): SELECT * FROM keyword_collections WHERE id = ? AND deleted = 0... Params: (2,)...
2026-09-16 23:48:48.750 | DEBUG    | tldw_Server_API.app.core.DB_Management.ChaChaNotes_DB:execute_query:8286 - Executing SQL (script=False, backend=postgresql): SELECT COUNT(*) AS cnt FROM keyword_collections WHERE deleted = FALSE... Params: None...
--------------------------- Captured stderr teardown ---------------------------
2026-09-16 23:48:48.754 | DEBUG    | tldw_Server_API.app.core.DB_Management.ChaChaNotes_DB:close_connection:8110 - Returned backend connection (postgresql) for thread 8346099072.
2026-09-16 23:48:48.754 | DEBUG    | tldw_Server_API.app.core.DB_Management.ChaChaNotes_DB:close_connection:8110 - Returned backend connection (postgresql) for thread 8346099072.
2026-09-16 23:48:48.771 | INFO     | tldw_Server_API.app.api.v1.API_Deps.ChaCha_Notes_DB_Deps:close_all_chacha_db_instances:876 - Closing all cached ChaChaNotesDB instances (0)...
2026-09-16 23:48:48.771 | INFO     | tldw_Server_API.app.api.v1.API_Deps.ChaCha_Notes_DB_Deps:close_all_chacha_db_instances:892 - All ChaChaNotesDB instances closed and cache cleared.
2026-09-16 23:48:48.771 | INFO     | tldw_Server_API.app.api.v1.API_Deps.ChaCha_Notes_DB_Deps:close_all_chacha_db_instances:876 - Closing all cached ChaChaNotesDB instances (0)...
2026-09-16 23:48:48.772 | INFO     | tldw_Server_API.app.api.v1.API_Deps.ChaCha_Notes_DB_Deps:close_all_chacha_db_instances:892 - All ChaChaNotesDB instances closed and cache cleared.
_ test_graph_and_keyword_note_queries_are_owner_scoped[postgres-keyword-notes] _
tldw_Server_API/tests/DB_Management/test_note_shared_owner_contract.py:317: in test_graph_and_keyword_note_queries_are_owner_scoped
    assert f.bob.get_notes_for_keyword(foreign) == []
E   AssertionError: assert [{'client_id'.../UTC')), ...}] == []
E
E     Left contains one more item: {'client_id': '2', 'content': 'Private amber research fixture', 'conversation_id': None, 'created_at': datetime.datetime(2026, 9, 17, 6, 48, 50, 218000, tzinfo=zoneinfo.ZoneInfo(key='Etc/UTC')), ...}
E     Use -v to get more diff
---------------------------- Captured stderr setup -----------------------------
2026-09-16 23:48:48.789 | INFO     | tldw_Server_API.app.core.DB_Management.backends.factory:create_backend:392 - Creating postgresql backend
2026-09-16 23:48:48.789 | INFO     | tldw_Server_API.app.core.config:_buffered_log:210 - Determined ACTUAL_PROJECT_ROOT for database paths: /Users/macbook-dev/Documents/GitHub/tldw_server2
2026-09-16 23:48:48.790 | INFO     | tldw_Server_API.app.core.config:_buffered_log:210 - Early loading environment variables from: /Users/macbook-dev/Documents/GitHub/tldw_server2/tldw_Server_API/Config_Files/.env
2026-09-16 23:48:48.794 | INFO     | tldw_Server_API.app.core.config:_buffered_log:210 - Early loading environment variables from: /Users/macbook-dev/Documents/GitHub/tldw_server2/tldw_Server_API/Config_Files/.ENV
2026-09-16 23:48:48.798 | DEBUG    | tldw_Server_API.app.core.config:_buffered_log:210 - load_and_log_configs(): Loading and logging configurations...
2026-09-16 23:48:48.799 | INFO     | tldw_Server_API.app.core.config:_buffered_log:210 - Loading environment variables from: /Users/macbook-dev/Documents/GitHub/tldw_server2/tldw_Server_API/Config_Files/.env
2026-09-16 23:48:48.803 | INFO     | tldw_Server_API.app.core.config:_buffered_log:210 - Loading environment variables from: /Users/macbook-dev/Documents/GitHub/tldw_server2/tldw_Server_API/Config_Files/.ENV
2026-09-16 23:48:48.807 | INFO     | tldw_Server_API.app.core.config:_buffered_log:210 - Attempting to load comprehensive config from: /Users/macbook-dev/Documents/GitHub/tldw_server2/tldw_Server_API/Config_Files/config.txt
2026-09-16 23:48:48.809 | INFO     | tldw_Server_API.app.core.config:_buffered_log:210 - load_comprehensive_config(): Sections found in config: ['Setup', 'UI', 'Server', 'Files', 'Image-Generation', 'ACP', 'WORKSPACES', 'ACP-WORKSPACE', 'ACP-SANDBOX', 'Audit', 'Processing', 'Media-Processing', 'Chat-Dictionaries', 'Chat-Module', 'Chat-Commands', 'Chat-Templating', 'Character-Chat', 'Settings', 'Auto-Save', 'Prompts', 'Database', 'Chunking', 'Visual-RAG', 'AuthNZ', 'Streaming', 'HTTP', 'Egress', 'Embeddings', 'Claims', 'ClaimsMonitoring', 'RAG', 'Search-Agent', 'ResourceGovernor', 'Jobs', 'SlidesStandaloneHtml', 'Diarization', 'API', 'MLX', 'Local-API', 'LlamaCpp', 'STT-Settings', 'external_providers', 'TTS-Settings', 'VibeVoice', 'Audio-Quota', 'API-Routes', 'Search-Engines', 'Web-Scraper', 'Logging', 'Moderation', 'Redis', 'Web-Scraping', 'personalization', 'persona', 'persona.rbac']
2026-09-16 23:48:48.811 | INFO     | tldw_Server_API.app.core.config:_buffered_log:210 - Ensured main SQLite database directory exists: /Users/macbook-dev/Documents/GitHub/tldw_server2/Databases
2026-09-16 23:48:48.811 | INFO     | tldw_Server_API.app.core.config:_buffered_log:210 - Ensured user data base directory exists: Databases/user_databases
2026-09-16 23:48:48.812 | WARNING  | tldw_Server_API.app.core.DB_Management.db_path_utils:resolve_user_db_base_dir:491 - USER_DB_BASE_DIR not configured in tests, using isolated fallback: /private/var/folders/sn/m80n2j152t9gw3w8qwk2nykh0000gn/T/tldw_user_databases_test/default-06a2956a
2026-09-16 23:48:48.812 | INFO     | tldw_Server_API.app.core.DB_Management.ChaChaNotes_DB:__init__:7657 - Initializing CharactersRAGDB for path: /private/var/folders/sn/m80n2j152t9gw3w8qwk2nykh0000gn/T/pytest-of-macbook-dev/pytest-625/test_graph_and_keyword_note_qu13/2/ChaChaNotes.db [Client ID: 2] (backend=postgresql)
2026-09-16 23:48:50.076 | DEBUG    | tldw_Server_API.app.core.DB_Management.ChaChaNotes_DB:__init__:7664 - CharactersRAGDB initialization completed successfully for /private/var/folders/sn/m80n2j152t9gw3w8qwk2nykh0000gn/T/pytest-of-macbook-dev/pytest-625/test_graph_and_keyword_note_qu13/2/ChaChaNotes.db
2026-09-16 23:48:50.077 | WARNING  | tldw_Server_API.app.core.DB_Management.db_path_utils:resolve_user_db_base_dir:491 - USER_DB_BASE_DIR not configured in tests, using isolated fallback: /private/var/folders/sn/m80n2j152t9gw3w8qwk2nykh0000gn/T/tldw_user_databases_test/default-06a2956a
2026-09-16 23:48:50.077 | INFO     | tldw_Server_API.app.core.DB_Management.ChaChaNotes_DB:__init__:7657 - Initializing CharactersRAGDB for path: /private/var/folders/sn/m80n2j152t9gw3w8qwk2nykh0000gn/T/pytest-of-macbook-dev/pytest-625/test_graph_and_keyword_note_qu13/3/ChaChaNotes.db [Client ID: 3] (backend=postgresql)
2026-09-16 23:48:50.218 | DEBUG    | tldw_Server_API.app.core.DB_Management.ChaChaNotes_DB:__init__:7664 - CharactersRAGDB initialization completed successfully for /private/var/folders/sn/m80n2j152t9gw3w8qwk2nykh0000gn/T/pytest-of-macbook-dev/pytest-625/test_graph_and_keyword_note_qu13/3/ChaChaNotes.db
2026-09-16 23:48:50.219 | DEBUG    | tldw_Server_API.app.core.DB_Management.ChaChaNotes_DB:_get_connection_for_state:8036 - Acquired backend connection (postgresql) for thread 8346099072
2026-09-16 23:48:50.221 | INFO     | tldw_Server_API.app.core.DB_Management.chacha.note_store:_execute:124 - Added note 'Alice private Citrine' with ID: 7c1aca53-dd6c-43a0-b8ad-cd3e0aff6064.
2026-09-16 23:48:50.223 | INFO     | tldw_Server_API.app.core.DB_Management.chacha.note_store:_execute:124 - Added note 'Alice deleted Citrine' with ID: 9a6a029e-d68f-4fba-a3c2-fa91d5252000.
2026-09-16 23:48:50.225 | INFO     | tldw_Server_API.app.core.DB_Management.chacha.note_store:soft_delete_note:2221 - Soft-deleted note ID 9a6a029e-d68f-4fba-a3c2-fa91d5252000 (was v1), new version 2.
2026-09-16 23:48:50.230 | DEBUG    | tldw_Server_API.app.core.DB_Management.ChaChaNotes_DB:_get_connection_for_state:8036 - Acquired backend connection (postgresql) for thread 8346099072
2026-09-16 23:48:50.233 | INFO     | tldw_Server_API.app.core.DB_Management.chacha.note_store:_execute:124 - Added note 'Bob private Indigo' with ID: abc3291f-d7e4-43ba-bd59-64e4100bd513.
2026-09-16 23:48:50.233 | DEBUG    | tldw_Server_API.app.core.DB_Management.ChaChaNotes_DB:close_connection:8110 - Returned backend connection (postgresql) for thread 8346099072.
2026-09-16 23:48:50.233 | DEBUG    | tldw_Server_API.app.core.DB_Management.ChaChaNotes_DB:close_connection:8110 - Returned backend connection (postgresql) for thread 8346099072.2026-09-16 23:48:50.295 | INFO     | tldw_Server_API.app.core.config:_buffered_log:210 - Determined ACTUAL_PROJECT_ROOT for database paths: /Users/macbook-dev/Documents/GitHub/tldw_server2
2026-09-16 23:48:50.295 | INFO     | tldw_Server_API.app.core.config:_buffered_log:210 - Early loading environment variables from: /Users/macbook-dev/Documents/GitHub/tldw_server2/tldw_Server_API/Config_Files/.env
2026-09-16 23:48:50.299 | INFO     | tldw_Server_API.app.core.config:_buffered_log:210 - Early loading environment variables from: /Users/macbook-dev/Documents/GitHub/tldw_server2/tldw_Server_API/Config_Files/.ENV
2026-09-16 23:48:50.304 | DEBUG    | tldw_Server_API.app.core.config:_buffered_log:210 - load_and_log_configs(): Loading and logging configurations...
2026-09-16 23:48:50.304 | INFO     | tldw_Server_API.app.core.config:_buffered_log:210 - Loading environment variables from: /Users/macbook-dev/Documents/GitHub/tldw_server2/tldw_Server_API/Config_Files/.env
2026-09-16 23:48:50.308 | INFO     | tldw_Server_API.app.core.config:_buffered_log:210 - Loading environment variables from: /Users/macbook-dev/Documents/GitHub/tldw_server2/tldw_Server_API/Config_Files/.ENV
2026-09-16 23:48:50.312 | INFO     | tldw_Server_API.app.core.config:_buffered_log:210 - Attempting to load comprehensive config from: /Users/macbook-dev/Documents/GitHub/tldw_server2/tldw_Server_API/Config_Files/config.txt
2026-09-16 23:48:50.314 | INFO     | tldw_Server_API.app.core.config:_buffered_log:210 - load_comprehensive_config(): Sections found in config: ['Setup', 'UI', 'Server', 'Files', 'Image-Generation', 'ACP', 'WORKSPACES', 'ACP-WORKSPACE', 'ACP-SANDBOX', 'Audit', 'Processing', 'Media-Processing', 'Chat-Dictionaries', 'Chat-Module', 'Chat-Commands', 'Chat-Templating', 'Character-Chat', 'Settings', 'Auto-Save', 'Prompts', 'Database', 'Chunking', 'Visual-RAG', 'AuthNZ', 'Streaming', 'HTTP', 'Egress', 'Embeddings', 'Claims', 'ClaimsMonitoring', 'RAG', 'Search-Agent', 'ResourceGovernor', 'Jobs', 'SlidesStandaloneHtml', 'Diarization', 'API', 'MLX', 'Local-API', 'LlamaCpp', 'STT-Settings', 'external_providers', 'TTS-Settings', 'VibeVoice', 'Audio-Quota', 'API-Routes', 'Search-Engines', 'Web-Scraper', 'Logging', 'Moderation', 'Redis', 'Web-Scraping', 'personalization', 'persona', 'persona.rbac']
2026-09-16 23:48:50.317 | INFO     | tldw_Server_API.app.core.config:_buffered_log:210 - Ensured main SQLite database directory exists: /Users/macbook-dev/Documents/GitHub/tldw_server2/Databases
2026-09-16 23:48:50.317 | INFO     | tldw_Server_API.app.core.config:_buffered_log:210 - Ensured user data base directory exists: Databases/user_databases
2026-09-16 23:48:50.317 | INFO     | tldw_Server_API.app.api.v1.API_Deps.Audit_DB_Deps:<module>:532 - Using cachetools.LRUCache for audit service instances (maxsize=20).
2026-09-16 23:48:50.317 | INFO     | tldw_Server_API.app.api.v1.API_Deps.Audit_DB_Deps:shutdown_all_audit_services:1034 - Shutting down audit services for 0 instances...
2026-09-16 23:48:50.317 | INFO     | tldw_Server_API.app.api.v1.API_Deps.Audit_DB_Deps:shutdown_all_audit_services:1091 - All audit services shut down successfully.
2026-09-16 23:48:50.328 | DEBUG    | tldw_Server_API.app.core.AuthNZ.settings:_ensure_jwt_secret:899 - Single-user mode - skipping JWT secret initialization
2026-09-16 23:48:50.328 | WARNING  | tldw_Server_API.app.core.AuthNZ.settings:_validate_api_key:1013 - SINGLE_USER_API_KEY uses a legacy format; generate a new server-generated key for improved security.
2026-09-16 23:48:50.328 | INFO     | tldw_Server_API.app.core.AuthNZ.settings:get_settings:1588 - Settings initialized - Auth mode: single_user, profile=local-single-user
2026-09-16 23:48:50.329 | INFO     | tldw_Server_API.app.core.AuthNZ.db_config:_detect_backend:83 - Detected database backend: sqlite
2026-09-16 23:48:50.439 | DEBUG    | tldw_Server_API.app.core.config:_buffered_log:210 - load_and_log_configs(): Loading and logging configurations...
2026-09-16 23:48:50.445 | DEBUG    | tldw_Server_API.app.core.config:_buffered_log:210 - load_and_log_configs(): Loading and logging configurations...
2026-09-16 23:48:50.485 | INFO     | tldw_Server_API.app.core.Chat.prompt_template_manager:<module>:201 - Prompt templates directory: /Users/macbook-dev/Documents/GitHub/tldw_server2/tldw_Server_API/app/core/Chat/prompt_templates
2026-09-16 23:48:50.485 | INFO     | tldw_Server_API.app.core.Chat.prompt_template_manager:<module>:202 - Available templates found: []
2026-09-16 23:48:50.554 | DEBUG    | tldw_Server_API.app.core.Scheduler.base.registry:decorator:81 - Registered task handler: watchlist_run
2026-09-16 23:48:50.554 | DEBUG    | tldw_Server_API.app.core.Scheduler.base.registry:decorator:81 - Registered task handler: watchlists_enrich_output
2026-09-16 23:48:50.554 | DEBUG    | tldw_Server_API.app.core.Scheduler.base.registry:decorator:81 - Registered task handler: watchlists_deliver_briefing
2026-09-16 23:48:50.554 | DEBUG    | tldw_Server_API.app.core.Scheduler.base.registry:decorator:81 - Registered task handler: acp_run
2026-09-16 23:48:50.555 | DEBUG    | tldw_Server_API.app.core.Scheduler.base.registry:decorator:81 - Registered task handler: workflow_run
2026-09-16 23:48:50.555 | WARNING  | tldw_Server_API.app.core.DB_Management.db_path_utils:resolve_user_db_base_dir:491 - USER_DB_BASE_DIR not configured in tests, using isolated fallback: /private/var/folders/sn/m80n2j152t9gw3w8qwk2nykh0000gn/T/tldw_user_databases_test/default-06a2956a
2026-09-16 23:48:50.555 | DEBUG    | tldw_Server_API.app.core.DB_Management.backends.factory:_get_or_create_shared_sqlite_backend:325 - Creating sqlite backend for /private/var/folders/sn/m80n2j152t9gw3w8qwk2nykh0000gn/T/tldw_user_databases_test/default-06a2956a/1/workflows/workflows_scheduler.db
2026-09-16 23:48:50.556 | INFO     | tldw_Server_API.app.core.DB_Management.Workflows_Scheduler_DB:__init__:210 - WorkflowsSchedulerDB using SQLite path: /private/var/folders/sn/m80n2j152t9gw3w8qwk2nykh0000gn/T/tldw_user_databases_test/default-06a2956a/1/workflows/workflows_scheduler.db
2026-09-16 23:48:50.556 | INFO     | tldw_Server_API.app.services.workflows_scheduler:stop:183 - Workflows recurring scheduler stopped
2026-09-16 23:48:50.557 | INFO     | tldw_Server_API.app.api.v1.API_Deps.ChaCha_Notes_DB_Deps:close_all_chacha_db_instances:876 - Closing all cached ChaChaNotesDB instances (0)...
2026-09-16 23:48:50.557 | INFO     | tldw_Server_API.app.api.v1.API_Deps.ChaCha_Notes_DB_Deps:close_all_chacha_db_instances:892 - All ChaChaNotesDB instances closed and cache cleared.
2026-09-16 23:48:50.562 | INFO     | tldw_Server_API.app.api.v1.API_Deps.DB_Deps:<module>:57 - Using LRUCache for user DB instances (maxsize=100).
2026-09-16 23:48:50.693 | DEBUG    | tldw_Server_API.app.core.Metrics.metrics_manager:register_metric:1885 - Registered metric: chunker_cache_get_total
2026-09-16 23:48:50.693 | DEBUG    | tldw_Server_API.app.core.Metrics.metrics_manager:register_metric:1885 - Registered metric: chunker_cache_put_total
2026-09-16 23:48:50.693 | DEBUG    | tldw_Server_API.app.core.Metrics.metrics_manager:register_metric:1885 - Registered metric: chunker_process_total
2026-09-16 23:48:50.693 | DEBUG    | tldw_Server_API.app.core.Metrics.metrics_manager:register_metric:1885 - Registered metric: chunker_frontmatter_duration_seconds
2026-09-16 23:48:50.693 | DEBUG    | tldw_Server_API.app.core.Metrics.metrics_manager:register_metric:1885 - Registered metric: chunker_header_extract_seconds
2026-09-16 23:48:50.693 | DEBUG    | tldw_Server_API.app.core.Metrics.metrics_manager:register_metric:1885 - Registered metric: chunker_chunking_duration_seconds
2026-09-16 23:48:50.693 | DEBUG    | tldw_Server_API.app.core.Metrics.metrics_manager:register_metric:1885 - Registered metric: chunker_normalization_seconds
2026-09-16 23:48:50.693 | DEBUG    | tldw_Server_API.app.core.Metrics.metrics_manager:register_metric:1885 - Registered metric: chunker_last_chunk_count
2026-09-16 23:48:50.693 | DEBUG    | tldw_Server_API.app.core.Metrics.metrics_manager:register_metric:1885 - Registered metric: chunker_output_bytes
2026-09-16 23:48:50.693 | DEBUG    | tldw_Server_API.app.core.Metrics.metrics_manager:register_metric:1885 - Registered metric: chunker_input_bytes
2026-09-16 23:48:50.694 | DEBUG    | tldw_Server_API.app.core.Metrics.metrics_manager:register_metric:1885 - Registered metric: chunker_process_total_seconds
2026-09-16 23:48:50.694 | DEBUG    | tldw_Server_API.app.core.config:_buffered_log:210 - load_and_log_configs(): Loading and logging configurations...
2026-09-16 23:48:50.695 | DEBUG    | tldw_Server_API.app.core.config:_buffered_log:210 - load_and_log_configs(): Loading and logging configurations...

----------------------------- Captured stderr call -----------------------------
2026-09-16 23:48:50.235 | DEBUG    | tldw_Server_API.app.core.DB_Management.ChaChaNotes_DB:_get_connection_for_state:8036 - Acquired backend connection (postgresql) for thread 8346099072
2026-09-16 23:48:50.236 | INFO     | tldw_Server_API.app.core.DB_Management.ChaChaNotes_DB:_add_generic_item:32615 - Added chacha_keywords 'Graph spacer' with ID: 1.
2026-09-16 23:48:50.237 | INFO     | tldw_Server_API.app.core.DB_Management.ChaChaNotes_DB:_add_generic_item:32615 - Added chacha_keywords 'ambertag' with ID: 2.
2026-09-16 23:48:50.240 | DEBUG    | tldw_Server_API.app.core.DB_Management.ChaChaNotes_DB:_get_connection_for_state:8036 - Acquired backend connection (postgresql) for thread 8346099072
2026-09-16 23:48:50.241 | INFO     | tldw_Server_API.app.core.DB_Management.ChaChaNotes_DB:_add_generic_item:32615 - Added chacha_keywords 'indigotag' with ID: 3.
2026-09-16 23:48:50.245 | DEBUG    | tldw_Server_API.app.core.DB_Management.ChaChaNotes_DB:_manage_link:34345 - Logged sync event for note_keywords: create on 7c1aca53-dd6c-43a0-b8ad-cd3e0aff6064_2
2026-09-16 23:48:50.245 | INFO     | tldw_Server_API.app.core.DB_Management.ChaChaNotes_DB:_manage_link:34347 - Linked note_keywords: note_id=7c1aca53-dd6c-43a0-b8ad-cd3e0aff6064, keyword_id=2. Rows affected: 1
2026-09-16 23:48:50.248 | DEBUG    | tldw_Server_API.app.core.DB_Management.ChaChaNotes_DB:_manage_link:34345 - Logged sync event for note_keywords: create on abc3291f-d7e4-43ba-bd59-64e4100bd513_3
2026-09-16 23:48:50.248 | INFO     | tldw_Server_API.app.core.DB_Management.ChaChaNotes_DB:_manage_link:34347 - Linked note_keywords: note_id=abc3291f-d7e4-43ba-bd59-64e4100bd513, keyword_id=3. Rows affected: 1
2026-09-16 23:48:50.248 | DEBUG    | tldw_Server_API.app.core.DB_Management.ChaChaNotes_DB:execute_query:8286 - Executing SQL (script=False, backend=postgresql):
                SELECT n.*                 FROM notes n                          JOIN note_keywords nk ON n.id = nk.note_id
                WHERE nk.keyword_id = ?                   AND n.deleted = FALSE
                ORDER BY n.last_modified DESC LIMIT ?                 OFFSET ?                 ... Params: (2, 50, 0)...
--------------------------- Captured stderr teardown ---------------------------
2026-09-16 23:48:50.252 | DEBUG    | tldw_Server_API.app.core.DB_Management.ChaChaNotes_DB:close_connection:8110 - Returned backend connection (postgresql) for thread 8346099072.
2026-09-16 23:48:50.252 | DEBUG    | tldw_Server_API.app.core.DB_Management.ChaChaNotes_DB:close_connection:8110 - Returned backend connection (postgresql) for thread 8346099072.
2026-09-16 23:48:50.268 | INFO     | tldw_Server_API.app.api.v1.API_Deps.ChaCha_Notes_DB_Deps:close_all_chacha_db_instances:876 - Closing all cached ChaChaNotesDB instances (0)...
2026-09-16 23:48:50.268 | INFO     | tldw_Server_API.app.api.v1.API_Deps.ChaCha_Notes_DB_Deps:close_all_chacha_db_instances:892 - All ChaChaNotesDB instances closed and cache cleared.
2026-09-16 23:48:50.268 | INFO     | tldw_Server_API.app.api.v1.API_Deps.ChaCha_Notes_DB_Deps:close_all_chacha_db_instances:876 - Closing all cached ChaChaNotesDB instances (0)...
2026-09-16 23:48:50.268 | INFO     | tldw_Server_API.app.api.v1.API_Deps.ChaCha_Notes_DB_Deps:close_all_chacha_db_instances:892 - All ChaChaNotesDB instances closed and cache cleared.
=========================== short test summary info ============================
FAILED tldw_Server_API/tests/DB_Management/test_note_shared_owner_contract.py::test_owned_organization_reuse_and_transaction_controls[postgres-same-name]
FAILED tldw_Server_API/tests/DB_Management/test_note_shared_owner_contract.py::test_owned_organization_reuse_and_transaction_controls[postgres-restore]
FAILED tldw_Server_API/tests/DB_Management/test_note_shared_owner_contract.py::test_graph_and_keyword_note_queries_are_owner_scoped[postgres-seeds]
FAILED tldw_Server_API/tests/DB_Management/test_note_shared_owner_contract.py::test_keyword_mutation_and_search_owner_scope[postgres-punctuation-search]
FAILED tldw_Server_API/tests/DB_Management/test_note_shared_owner_contract.py::test_graph_and_keyword_note_queries_are_owner_scoped[postgres-tag-count]
FAILED tldw_Server_API/tests/DB_Management/test_note_shared_owner_contract.py::test_graph_and_keyword_note_queries_are_owner_scoped[postgres-user-count]
FAILED tldw_Server_API/tests/DB_Management/test_note_shared_owner_contract.py::test_keyword_mutation_and_search_owner_scope[postgres-merge-source]
FAILED tldw_Server_API/tests/DB_Management/test_note_shared_owner_contract.py::test_collection_owner_scope[postgres-parent-create]
FAILED tldw_Server_API/tests/DB_Management/test_note_shared_owner_contract.py::test_graph_and_keyword_note_queries_are_owner_scoped[postgres-tag-seeds]
FAILED tldw_Server_API/tests/DB_Management/test_note_shared_owner_contract.py::test_collection_owner_scope[postgres-parent-update]
FAILED tldw_Server_API/tests/DB_Management/test_note_shared_owner_contract.py::test_collection_owner_scope[postgres-update]
FAILED tldw_Server_API/tests/DB_Management/test_note_shared_owner_contract.py::test_keyword_mutation_and_search_owner_scope[postgres-merge-target]
FAILED tldw_Server_API/tests/DB_Management/test_note_shared_owner_contract.py::test_collection_owner_scope[postgres-search]
FAILED tldw_Server_API/tests/DB_Management/test_note_shared_owner_contract.py::test_keyword_mutation_and_search_owner_scope[postgres-delete]
FAILED tldw_Server_API/tests/DB_Management/test_note_shared_owner_contract.py::test_keyword_mutation_and_search_owner_scope[postgres-search]
FAILED tldw_Server_API/tests/DB_Management/test_note_shared_owner_contract.py::test_collection_owner_scope[postgres-delete]
FAILED tldw_Server_API/tests/DB_Management/test_note_shared_owner_contract.py::test_collection_owner_scope[postgres-detail]
FAILED tldw_Server_API/tests/DB_Management/test_note_shared_owner_contract.py::test_keyword_mutation_and_search_owner_scope[postgres-count]
FAILED tldw_Server_API/tests/DB_Management/test_note_shared_owner_contract.py::test_graph_and_keyword_note_queries_are_owner_scoped[postgres-matching-count]
FAILED tldw_Server_API/tests/DB_Management/test_note_shared_owner_contract.py::test_keyword_mutation_and_search_owner_scope[postgres-rename]
FAILED tldw_Server_API/tests/DB_Management/test_note_shared_owner_contract.py::test_graph_and_keyword_note_queries_are_owner_scoped[postgres-keyword-count]
FAILED tldw_Server_API/tests/DB_Management/test_note_shared_owner_contract.py::test_collection_owner_scope[postgres-name]
FAILED tldw_Server_API/tests/DB_Management/test_note_shared_owner_contract.py::test_collection_owner_scope[sqlite-parent-create]
FAILED tldw_Server_API/tests/DB_Management/test_note_shared_owner_contract.py::test_collection_owner_scope[postgres-count]
FAILED tldw_Server_API/tests/DB_Management/test_note_shared_owner_contract.py::test_graph_and_keyword_note_queries_are_owner_scoped[postgres-keyword-notes]
===== 25 failed, 25 passed, 52 deselected, 4 warnings in 72.96s (0:01:12) ======
