============================= test session starts ==============================
platform darwin -- Python 3.11.13, pytest-8.4.1, pluggy-1.6.0
benchmark: 5.2.3 (defaults: timer=time.perf_counter disable_gc=False min_rounds=5 min_time=0.000005 max_time=1.0 calibration_precision=10 warmup=False warmup_iterations=100000)
Using --randomly-seed=2623196921
rootdir: /Users/macbook-dev/Documents/GitHub/tldw_server2
configfile: pyproject.toml
plugins: anyio-4.12.1, benchmark-5.2.3, locust-2.43.3, asyncio-1.1.0, xdist-3.8.0, split-0.11.0, timeout-2.4.0, randomly-4.1.0, hypothesis-6.138.2, cov-6.2.1, mock-3.14.1
asyncio: mode=Mode.AUTO, asyncio_default_fixture_loop_scope=function, asyncio_default_test_loop_scope=function
timeout: 300.0s
timeout method: thread
timeout func_only: False
collected 34 items

tldw_Server_API/tests/DB_Management/test_persona_default_profile_backends.py F [  2%]
FFF.FFF.FFF.FFFF......FFF..FFFF.F                                        [100%]

=================================== FAILURES ===================================
__________________ test_foreign_legacy_default_is_not_reused ___________________
tldw_Server_API/app/core/DB_Management/ChaChaNotes_DB.py:8306: in execute_query
    cursor.execute(prepared_query, prepared_params or ())
tldw_Server_API/app/core/DB_Management/ChaChaNotes_DB.py:506: in guarded
    return method(self, *args, **kwargs)
           ^^^^^^^^^^^^^^^^^^^^^^^^^^^^^
tldw_Server_API/app/core/DB_Management/ChaChaNotes_DB.py:536: in execute
    self._result = self._backend.execute(
tldw_Server_API/app/core/DB_Management/backends/postgresql_backend.py:1099: in execute
    raise UniqueConstraintError("PostgreSQL query execution failed")
E   tldw_Server_API.app.core.DB_Management.backends.base.UniqueConstraintError: PostgreSQL query execution failed

The above exception was the direct cause of the following exception:
tldw_Server_API/tests/DB_Management/test_persona_default_profile_backends.py:123: in test_foreign_legacy_default_is_not_reused
    result = endpoint._ensure_default_persona_profile(pg_db, user_id="2")
             ^^^^^^^^^^^^^^^^^^^^^^^^^^^^^^^^^^^^^^^^^^^^^^^^^^^^^^^^^^^^
tldw_Server_API/app/api/v1/endpoints/persona.py:3165: in _ensure_default_persona_profile
    _ = db.create_persona_profile(
tldw_Server_API/app/core/DB_Management/ChaChaNotes_DB.py:44599: in _delegated
    return getattr(getattr(self, store_attr), method_name)(*args, **kwargs)
           ^^^^^^^^^^^^^^^^^^^^^^^^^^^^^^^^^^^^^^^^^^^^^^^^^^^^^^^^^^^^^^^^
tldw_Server_API/app/core/DB_Management/chacha/persona_state_store.py:1746: in create_persona_profile
    self.execute_query(query, params, commit=True)
tldw_Server_API/app/core/DB_Management/ChaChaNotes_DB.py:492: in guarded
    return method(self, *args, **kwargs)
           ^^^^^^^^^^^^^^^^^^^^^^^^^^^^^
tldw_Server_API/app/core/DB_Management/ChaChaNotes_DB.py:8360: in execute_query
    raise CharactersRAGDBError(f"Query execution failed: {exc}") from exc  # noqa: TRY003
    ^^^^^^^^^^^^^^^^^^^^^^^^^^^^^^^^^^^^^^^^^^^^^^^^^^^^^^^^^^^^^^^^^^^^^
E   tldw_Server_API.app.core.DB_Management.ChaChaNotes_DB.CharactersRAGDBError: Query execution failed: PostgreSQL query execution failed
---------------------------- Captured stderr setup -----------------------------
2026-09-16 23:22:58.592 | WARNING  | tldw_Server_API.app.core.DB_Management.db_path_utils:resolve_user_db_base_dir:491 - USER_DB_BASE_DIR not configured in tests, using isolated fallback: /private/var/folders/sn/m80n2j152t9gw3w8qwk2nykh0000gn/T/tldw_user_databases_test/default-13eac527
2026-09-16 23:22:58.592 | DEBUG    | tldw_Server_API.app.core.DB_Management.db_path_utils:get_user_base_directory:534 - Created user directory: /private/var/folders/sn/m80n2j152t9gw3w8qwk2nykh0000gn/T/tldw_user_databases_test/default-13eac527/1
2026-09-16 23:22:58.593 | WARNING  | tldw_Server_API.app.core.DB_Management.db_path_utils:resolve_user_db_base_dir:491 - USER_DB_BASE_DIR not configured in tests, using isolated fallback: /private/var/folders/sn/m80n2j152t9gw3w8qwk2nykh0000gn/T/tldw_user_databases_test/default-13eac527
2026-09-16 23:22:58.593 | WARNING  | tldw_Server_API.app.core.DB_Management.db_path_utils:resolve_user_db_base_dir:491 - USER_DB_BASE_DIR not configured in tests, using isolated fallback: /private/var/folders/sn/m80n2j152t9gw3w8qwk2nykh0000gn/T/tldw_user_databases_test/default-13eac527
2026-09-16 23:22:58.593 | WARNING  | tldw_Server_API.app.core.DB_Management.db_path_utils:resolve_user_db_base_dir:491 - USER_DB_BASE_DIR not configured in tests, using isolated fallback: /private/var/folders/sn/m80n2j152t9gw3w8qwk2nykh0000gn/T/tldw_user_databases_test/default-13eac527
2026-09-16 23:22:58.628 | INFO     | tldw_Server_API.app.core.DB_Management.backends.factory:create_backend:392 - Creating postgresql backend
2026-09-16 23:22:58.628 | WARNING  | tldw_Server_API.app.core.DB_Management.db_path_utils:resolve_user_db_base_dir:491 - USER_DB_BASE_DIR not configured in tests, using isolated fallback: /private/var/folders/sn/m80n2j152t9gw3w8qwk2nykh0000gn/T/tldw_user_databases_test/default-13eac527
2026-09-16 23:22:58.644 | INFO     | tldw_Server_API.app.core.DB_Management.ChaChaNotes_DB:__init__:7657 - Initializing CharactersRAGDB for path: /private/var/folders/sn/m80n2j152t9gw3w8qwk2nykh0000gn/T/pytest-of-macbook-dev/pytest-597/test_foreign_legacy_default_is0/default-profile.db [Client ID: 2] (backend=postgresql)
2026-09-16 23:22:59.965 | DEBUG    | tldw_Server_API.app.core.DB_Management.ChaChaNotes_DB:__init__:7664 - CharactersRAGDB initialization completed successfully for /private/var/folders/sn/m80n2j152t9gw3w8qwk2nykh0000gn/T/pytest-of-macbook-dev/pytest-597/test_foreign_legacy_default_is0/default-profile.db
----------------------------- Captured stderr call -----------------------------
2026-09-16 23:22:59.966 | DEBUG    | tldw_Server_API.app.core.DB_Management.ChaChaNotes_DB:_get_connection_for_state:8036 - Acquired backend connection (postgresql) for thread 8346099072
2026-09-16 23:22:59.967 | DEBUG    | tldw_Server_API.app.core.DB_Management.ChaChaNotes_DB:execute_query:8286 - Executing SQL (script=False, backend=postgresql): INSERT INTO persona_profiles(id, user_id, name, character_card_id, origin_character_id, origin_character_name, origin_character_snapshot_at, mode, system_prompt, voice_defaults_json, setup_json, is_active, use_persona_state_context_default, created_at, last_modified, deleted, version) VALUES (?, ?, ... Params: ('research_assistant', '3', 'Research Assistant', None, None, None, None, 'session_scoped', 'Foreign', None, None, True, True, '2026-09-17T06:22:59.965Z', '2026-09-17T06:22:59.965Z', False, 1)...
2026-09-16 23:22:59.968 | DEBUG    | tldw_Server_API.app.core.DB_Management.ChaChaNotes_DB:execute_query:8286 - Executing SQL (script=False, backend=postgresql): SELECT * FROM persona_profiles WHERE id = ? AND user_id = ? AND deleted = 0... Params: ('research_assistant', '2')...
2026-09-16 23:22:59.969 | DEBUG    | tldw_Server_API.app.core.DB_Management.ChaChaNotes_DB:execute_query:8286 - Executing SQL (script=False, backend=postgresql): INSERT INTO persona_profiles(id, user_id, name, character_card_id, origin_character_id, origin_character_name, origin_character_snapshot_at, mode, system_prompt, voice_defaults_json, setup_json, is_active, use_persona_state_context_default, created_at, last_modified, deleted, version) VALUES (?, ?, ... Params: ('research_assistant', '2', 'Research Assistant', None, None, None, None, 'session_scoped', 'Helps ingest, search, and summarize content', None, None, True, True, '2026-09-17T06:22:59.969Z', '2026-09-...
2026-09-16 23:22:59.969 | ERROR    | tldw_Server_API.app.core.DB_Management.backends.postgresql_backend:execute:1089 - PostgreSQL query execution failed
2026-09-16 23:22:59.969 | ERROR    | tldw_Server_API.app.core.DB_Management.ChaChaNotes_DB:execute_query:8354 - Backend query execution failed (postgresql): PostgreSQL query execution failed
--------------------------- Captured stderr teardown ---------------------------
2026-09-16 23:23:00.728 | DEBUG    | tldw_Server_API.app.core.DB_Management.ChaChaNotes_DB:close_connection:8110 - Returned backend connection (postgresql) for thread 8346099072.
2026-09-16 23:23:00.749 | INFO     | tldw_Server_API.app.api.v1.API_Deps.ChaCha_Notes_DB_Deps:close_all_chacha_db_instances:876 - Closing all cached ChaChaNotesDB instances (0)...
2026-09-16 23:23:00.749 | INFO     | tldw_Server_API.app.api.v1.API_Deps.ChaCha_Notes_DB_Deps:close_all_chacha_db_instances:892 - All ChaChaNotesDB instances closed and cache cleared.
2026-09-16 23:23:00.750 | INFO     | tldw_Server_API.app.core.config:_buffered_log:210 - Loading environment variables from: /Users/macbook-dev/Documents/GitHub/tldw_server2/tldw_Server_API/Config_Files/.env
2026-09-16 23:23:00.754 | INFO     | tldw_Server_API.app.core.config:_buffered_log:210 - Loading environment variables from: /Users/macbook-dev/Documents/GitHub/tldw_server2/tldw_Server_API/Config_Files/.ENV
2026-09-16 23:23:00.758 | INFO     | tldw_Server_API.app.core.config:_buffered_log:210 - Attempting to load comprehensive config from: /Users/macbook-dev/Documents/GitHub/tldw_server2/tldw_Server_API/Config_Files/config.txt
2026-09-16 23:23:00.760 | INFO     | tldw_Server_API.app.core.config:_buffered_log:210 - load_comprehensive_config(): Sections found in config: ['Setup', 'UI', 'Server', 'Files', 'Image-Generation', 'ACP', 'WORKSPACES', 'ACP-WORKSPACE', 'ACP-SANDBOX', 'Audit', 'Processing', 'Media-Processing', 'Chat-Dictionaries', 'Chat-Module', 'Chat-Commands', 'Chat-Templating', 'Character-Chat', 'Settings', 'Auto-Save', 'Prompts', 'Database', 'Chunking', 'Visual-RAG', 'AuthNZ', 'Streaming', 'HTTP', 'Egress', 'Embeddings', 'Claims', 'ClaimsMonitoring', 'RAG', 'Search-Agent', 'ResourceGovernor', 'Jobs', 'SlidesStandaloneHtml', 'Diarization', 'API', 'MLX', 'Local-API', 'LlamaCpp', 'STT-Settings', 'external_providers', 'TTS-Settings', 'VibeVoice', 'Audio-Quota', 'API-Routes', 'Search-Engines', 'Web-Scraper', 'Logging', 'Moderation', 'Redis', 'Web-Scraping', 'personalization', 'persona', 'persona.rbac']
2026-09-16 23:23:00.762 | INFO     | tldw_Server_API.app.api.v1.API_Deps.ChaCha_Notes_DB_Deps:close_all_chacha_db_instances:876 - Closing all cached ChaChaNotesDB instances (0)...
2026-09-16 23:23:00.762 | INFO     | tldw_Server_API.app.api.v1.API_Deps.ChaCha_Notes_DB_Deps:close_all_chacha_db_instances:892 - All ChaChaNotesDB instances closed and cache cleared.
_____ test_unexpected_profile_insert_failure_is_rolled_back_and_propagated _____
tldw_Server_API/tests/DB_Management/test_persona_default_profile_backends.py:221: in test_unexpected_profile_insert_failure_is_rolled_back_and_propagated
    assert pg_db.get_connection().info.transaction_status.name == "IDLE"
E   AssertionError: assert 'INERROR' == 'IDLE'
E
E     - IDLE
E     + INERROR
---------------------------- Captured stderr setup -----------------------------
2026-09-16 23:23:00.782 | INFO     | tldw_Server_API.app.core.DB_Management.backends.factory:create_backend:392 - Creating postgresql backend
2026-09-16 23:23:00.782 | INFO     | tldw_Server_API.app.core.config:_buffered_log:210 - Determined ACTUAL_PROJECT_ROOT for database paths: /Users/macbook-dev/Documents/GitHub/tldw_server2
2026-09-16 23:23:00.783 | INFO     | tldw_Server_API.app.core.config:_buffered_log:210 - Early loading environment variables from: /Users/macbook-dev/Documents/GitHub/tldw_server2/tldw_Server_API/Config_Files/.env
2026-09-16 23:23:00.787 | INFO     | tldw_Server_API.app.core.config:_buffered_log:210 - Early loading environment variables from: /Users/macbook-dev/Documents/GitHub/tldw_server2/tldw_Server_API/Config_Files/.ENV
2026-09-16 23:23:00.792 | DEBUG    | tldw_Server_API.app.core.config:_buffered_log:210 - load_and_log_configs(): Loading and logging configurations...
2026-09-16 23:23:00.794 | INFO     | tldw_Server_API.app.core.config:_buffered_log:210 - Ensured main SQLite database directory exists: /Users/macbook-dev/Documents/GitHub/tldw_server2/Databases
2026-09-16 23:23:00.794 | INFO     | tldw_Server_API.app.core.config:_buffered_log:210 - Ensured user data base directory exists: Databases/user_databases
2026-09-16 23:23:00.794 | WARNING  | tldw_Server_API.app.core.DB_Management.db_path_utils:resolve_user_db_base_dir:491 - USER_DB_BASE_DIR not configured in tests, using isolated fallback: /private/var/folders/sn/m80n2j152t9gw3w8qwk2nykh0000gn/T/tldw_user_databases_test/default-13eac527
2026-09-16 23:23:00.794 | INFO     | tldw_Server_API.app.core.DB_Management.ChaChaNotes_DB:__init__:7657 - Initializing CharactersRAGDB for path: /private/var/folders/sn/m80n2j152t9gw3w8qwk2nykh0000gn/T/pytest-of-macbook-dev/pytest-597/test_unexpected_profile_insert0/default-profile.db [Client ID: 2] (backend=postgresql)
2026-09-16 23:23:02.137 | DEBUG    | tldw_Server_API.app.core.DB_Management.ChaChaNotes_DB:__init__:7664 - CharactersRAGDB initialization completed successfully for /private/var/folders/sn/m80n2j152t9gw3w8qwk2nykh0000gn/T/pytest-of-macbook-dev/pytest-597/test_unexpected_profile_insert0/default-profile.db
----------------------------- Captured stderr call -----------------------------
2026-09-16 23:23:02.139 | DEBUG    | tldw_Server_API.app.core.DB_Management.ChaChaNotes_DB:_get_connection_for_state:8036 - Acquired backend connection (postgresql) for thread 8346099072
2026-09-16 23:23:02.139 | DEBUG    | tldw_Server_API.app.core.DB_Management.ChaChaNotes_DB:execute_query:8286 - Executing SQL (script=False, backend=postgresql): INSERT INTO persona_profiles(id, user_id, name, character_card_id, origin_character_id, origin_character_name, origin_character_snapshot_at, mode, system_prompt, voice_defaults_json, setup_json, is_active, use_persona_state_context_default, created_at, last_modified, deleted, version) VALUES (?, ?, ... Params: ('bad-time', '2', 'Bad time', None, None, None, None, 'session_scoped', None, None, None, True, True, 'not-a-timestamp', '2026-09-17T06:23:02.138Z', False, 1)...
2026-09-16 23:23:02.140 | ERROR    | tldw_Server_API.app.core.DB_Management.backends.postgresql_backend:execute:1089 - PostgreSQL query execution failed
2026-09-16 23:23:02.140 | ERROR    | tldw_Server_API.app.core.DB_Management.ChaChaNotes_DB:execute_query:8354 - Backend query execution failed (postgresql): PostgreSQL query execution failed
--------------------------- Captured stderr teardown ---------------------------
2026-09-16 23:23:02.143 | DEBUG    | tldw_Server_API.app.core.DB_Management.ChaChaNotes_DB:close_connection:8110 - Returned backend connection (postgresql) for thread 8346099072.
2026-09-16 23:23:02.159 | INFO     | tldw_Server_API.app.api.v1.API_Deps.ChaCha_Notes_DB_Deps:close_all_chacha_db_instances:876 - Closing all cached ChaChaNotesDB instances (0)...
2026-09-16 23:23:02.159 | INFO     | tldw_Server_API.app.api.v1.API_Deps.ChaCha_Notes_DB_Deps:close_all_chacha_db_instances:892 - All ChaChaNotesDB instances closed and cache cleared.
2026-09-16 23:23:02.159 | INFO     | tldw_Server_API.app.api.v1.API_Deps.ChaCha_Notes_DB_Deps:close_all_chacha_db_instances:876 - Closing all cached ChaChaNotesDB instances (0)...
2026-09-16 23:23:02.159 | INFO     | tldw_Server_API.app.api.v1.API_Deps.ChaCha_Notes_DB_Deps:close_all_chacha_db_instances:892 - All ChaChaNotesDB instances closed and cache cleared.
___ test_profile_insert_preserves_caller_transaction_and_rollback[False-raw] ___
tldw_Server_API/tests/DB_Management/test_persona_default_profile_backends.py:211: in test_profile_insert_preserves_caller_transaction_and_rollback
    operation()
tldw_Server_API/tests/DB_Management/test_persona_default_profile_backends.py:192: in operation
    assert conn.info.transaction_status.name == "INTRANS"
E   AssertionError: assert 'IDLE' == 'INTRANS'
E
E     - INTRANS
E     + IDLE
---------------------------- Captured stderr setup -----------------------------
2026-09-16 23:23:02.177 | INFO     | tldw_Server_API.app.core.DB_Management.backends.factory:create_backend:392 - Creating postgresql backend
2026-09-16 23:23:02.177 | INFO     | tldw_Server_API.app.core.config:_buffered_log:210 - Determined ACTUAL_PROJECT_ROOT for database paths: /Users/macbook-dev/Documents/GitHub/tldw_server2
2026-09-16 23:23:02.178 | INFO     | tldw_Server_API.app.core.config:_buffered_log:210 - Early loading environment variables from: /Users/macbook-dev/Documents/GitHub/tldw_server2/tldw_Server_API/Config_Files/.env
2026-09-16 23:23:02.182 | INFO     | tldw_Server_API.app.core.config:_buffered_log:210 - Early loading environment variables from: /Users/macbook-dev/Documents/GitHub/tldw_server2/tldw_Server_API/Config_Files/.ENV
2026-09-16 23:23:02.186 | DEBUG    | tldw_Server_API.app.core.config:_buffered_log:210 - load_and_log_configs(): Loading and logging configurations...
2026-09-16 23:23:02.187 | INFO     | tldw_Server_API.app.core.config:_buffered_log:210 - Loading environment variables from: /Users/macbook-dev/Documents/GitHub/tldw_server2/tldw_Server_API/Config_Files/.env
2026-09-16 23:23:02.191 | INFO     | tldw_Server_API.app.core.config:_buffered_log:210 - Loading environment variables from: /Users/macbook-dev/Documents/GitHub/tldw_server2/tldw_Server_API/Config_Files/.ENV
2026-09-16 23:23:02.195 | INFO     | tldw_Server_API.app.core.config:_buffered_log:210 - Attempting to load comprehensive config from: /Users/macbook-dev/Documents/GitHub/tldw_server2/tldw_Server_API/Config_Files/config.txt
2026-09-16 23:23:02.197 | INFO     | tldw_Server_API.app.core.config:_buffered_log:210 - load_comprehensive_config(): Sections found in config: ['Setup', 'UI', 'Server', 'Files', 'Image-Generation', 'ACP', 'WORKSPACES', 'ACP-WORKSPACE', 'ACP-SANDBOX', 'Audit', 'Processing', 'Media-Processing', 'Chat-Dictionaries', 'Chat-Module', 'Chat-Commands', 'Chat-Templating', 'Character-Chat', 'Settings', 'Auto-Save', 'Prompts', 'Database', 'Chunking', 'Visual-RAG', 'AuthNZ', 'Streaming', 'HTTP', 'Egress', 'Embeddings', 'Claims', 'ClaimsMonitoring', 'RAG', 'Search-Agent', 'ResourceGovernor', 'Jobs', 'SlidesStandaloneHtml', 'Diarization', 'API', 'MLX', 'Local-API', 'LlamaCpp', 'STT-Settings', 'external_providers', 'TTS-Settings', 'VibeVoice', 'Audio-Quota', 'API-Routes', 'Search-Engines', 'Web-Scraper', 'Logging', 'Moderation', 'Redis', 'Web-Scraping', 'personalization', 'persona', 'persona.rbac']
2026-09-16 23:23:02.199 | INFO     | tldw_Server_API.app.core.config:_buffered_log:210 - Ensured main SQLite database directory exists: /Users/macbook-dev/Documents/GitHub/tldw_server2/Databases
2026-09-16 23:23:02.199 | INFO     | tldw_Server_API.app.core.config:_buffered_log:210 - Ensured user data base directory exists: Databases/user_databases
2026-09-16 23:23:02.200 | WARNING  | tldw_Server_API.app.core.DB_Management.db_path_utils:resolve_user_db_base_dir:491 - USER_DB_BASE_DIR not configured in tests, using isolated fallback: /private/var/folders/sn/m80n2j152t9gw3w8qwk2nykh0000gn/T/tldw_user_databases_test/default-13eac527
2026-09-16 23:23:02.200 | INFO     | tldw_Server_API.app.core.DB_Management.ChaChaNotes_DB:__init__:7657 - Initializing CharactersRAGDB for path: /private/var/folders/sn/m80n2j152t9gw3w8qwk2nykh0000gn/T/pytest-of-macbook-dev/pytest-597/test_profile_insert_preserves_0/default-profile.db [Client ID: 2] (backend=postgresql)
2026-09-16 23:23:03.534 | DEBUG    | tldw_Server_API.app.core.DB_Management.ChaChaNotes_DB:__init__:7664 - CharactersRAGDB initialization completed successfully for /private/var/folders/sn/m80n2j152t9gw3w8qwk2nykh0000gn/T/pytest-of-macbook-dev/pytest-597/test_profile_insert_preserves_0/default-profile.db
----------------------------- Captured stderr call -----------------------------
2026-09-16 23:23:03.536 | DEBUG    | tldw_Server_API.app.core.DB_Management.ChaChaNotes_DB:_get_connection_for_state:8036 - Acquired backend connection (postgresql) for thread 8346099072
2026-09-16 23:23:03.536 | DEBUG    | tldw_Server_API.app.core.DB_Management.ChaChaNotes_DB:execute_query:8286 - Executing SQL (script=False, backend=postgresql): INSERT INTO persona_profiles(id, user_id, name, character_card_id, origin_character_id, origin_character_name, origin_character_snapshot_at, mode, system_prompt, voice_defaults_json, setup_json, is_active, use_persona_state_context_default, created_at, last_modified, deleted, version) VALUES (?, ?, ... Params: ('existing', '2', 'Existing', None, None, None, None, 'session_scoped', None, None, None, True, True, '2026-09-17T06:23:03.535Z', '2026-09-17T06:23:03.535Z', False, 1)...
2026-09-16 23:23:03.538 | DEBUG    | tldw_Server_API.app.core.DB_Management.ChaChaNotes_DB:execute_query:8286 - Executing SQL (script=False, backend=postgresql): UPDATE persona_profiles SET system_prompt = ? WHERE id = ?... Params: ('Pending', 'existing')...
2026-09-16 23:23:03.538 | DEBUG    | tldw_Server_API.app.core.DB_Management.ChaChaNotes_DB:execute_query:8286 - Executing SQL (script=False, backend=postgresql): INSERT INTO persona_profiles(id, user_id, name, character_card_id, origin_character_id, origin_character_name, origin_character_snapshot_at, mode, system_prompt, voice_defaults_json, setup_json, is_active, use_persona_state_context_default, created_at, last_modified, deleted, version) VALUES (?, ?, ... Params: ('created', '2', 'Created', None, None, None, None, 'session_scoped', None, None, None, True, True, '2026-09-17T06:23:03.538Z', '2026-09-17T06:23:03.538Z', False, 1)...
--------------------------- Captured stderr teardown ---------------------------
2026-09-16 23:23:03.543 | DEBUG    | tldw_Server_API.app.core.DB_Management.ChaChaNotes_DB:close_connection:8110 - Returned backend connection (postgresql) for thread 8346099072.
2026-09-16 23:23:03.562 | INFO     | tldw_Server_API.app.api.v1.API_Deps.ChaCha_Notes_DB_Deps:close_all_chacha_db_instances:876 - Closing all cached ChaChaNotesDB instances (0)...
2026-09-16 23:23:03.562 | INFO     | tldw_Server_API.app.api.v1.API_Deps.ChaCha_Notes_DB_Deps:close_all_chacha_db_instances:892 - All ChaChaNotesDB instances closed and cache cleared.
2026-09-16 23:23:03.562 | INFO     | tldw_Server_API.app.api.v1.API_Deps.ChaCha_Notes_DB_Deps:close_all_chacha_db_instances:876 - Closing all cached ChaChaNotesDB instances (0)...
2026-09-16 23:23:03.562 | INFO     | tldw_Server_API.app.api.v1.API_Deps.ChaCha_Notes_DB_Deps:close_all_chacha_db_instances:892 - All ChaChaNotesDB instances closed and cache cleared.
_ test_cold_two_owner_routes_repeat_with_owned_profiles_and_policies[postgresql-catalog] _
tldw_Server_API/tests/DB_Management/test_persona_default_profile_backends.py:77: in test_cold_two_owner_routes_repeat_with_owned_profiles_and_policies
    assert [first.status_code, again.status_code] == [200, 200]
E   assert [500, 500] == [200, 200]
E
E     At index 0 diff: 500 != 200
E     Use -v to get more diff
---------------------------- Captured stderr setup -----------------------------
2026-09-16 23:23:03.580 | INFO     | tldw_Server_API.app.core.DB_Management.backends.factory:create_backend:392 - Creating postgresql backend
2026-09-16 23:23:03.580 | INFO     | tldw_Server_API.app.core.config:_buffered_log:210 - Determined ACTUAL_PROJECT_ROOT for database paths: /Users/macbook-dev/Documents/GitHub/tldw_server2
2026-09-16 23:23:03.580 | INFO     | tldw_Server_API.app.core.config:_buffered_log:210 - Early loading environment variables from: /Users/macbook-dev/Documents/GitHub/tldw_server2/tldw_Server_API/Config_Files/.env
2026-09-16 23:23:03.585 | INFO     | tldw_Server_API.app.core.config:_buffered_log:210 - Early loading environment variables from: /Users/macbook-dev/Documents/GitHub/tldw_server2/tldw_Server_API/Config_Files/.ENV
2026-09-16 23:23:03.589 | DEBUG    | tldw_Server_API.app.core.config:_buffered_log:210 - load_and_log_configs(): Loading and logging configurations...
2026-09-16 23:23:03.589 | INFO     | tldw_Server_API.app.core.config:_buffered_log:210 - Loading environment variables from: /Users/macbook-dev/Documents/GitHub/tldw_server2/tldw_Server_API/Config_Files/.env
2026-09-16 23:23:03.594 | INFO     | tldw_Server_API.app.core.config:_buffered_log:210 - Loading environment variables from: /Users/macbook-dev/Documents/GitHub/tldw_server2/tldw_Server_API/Config_Files/.ENV
2026-09-16 23:23:03.599 | INFO     | tldw_Server_API.app.core.config:_buffered_log:210 - Attempting to load comprehensive config from: /Users/macbook-dev/Documents/GitHub/tldw_server2/tldw_Server_API/Config_Files/config.txt
2026-09-16 23:23:03.601 | INFO     | tldw_Server_API.app.core.config:_buffered_log:210 - load_comprehensive_config(): Sections found in config: ['Setup', 'UI', 'Server', 'Files', 'Image-Generation', 'ACP', 'WORKSPACES', 'ACP-WORKSPACE', 'ACP-SANDBOX', 'Audit', 'Processing', 'Media-Processing', 'Chat-Dictionaries', 'Chat-Module', 'Chat-Commands', 'Chat-Templating', 'Character-Chat', 'Settings', 'Auto-Save', 'Prompts', 'Database', 'Chunking', 'Visual-RAG', 'AuthNZ', 'Streaming', 'HTTP', 'Egress', 'Embeddings', 'Claims', 'ClaimsMonitoring', 'RAG', 'Search-Agent', 'ResourceGovernor', 'Jobs', 'SlidesStandaloneHtml', 'Diarization', 'API', 'MLX', 'Local-API', 'LlamaCpp', 'STT-Settings', 'external_providers', 'TTS-Settings', 'VibeVoice', 'Audio-Quota', 'API-Routes', 'Search-Engines', 'Web-Scraper', 'Logging', 'Moderation', 'Redis', 'Web-Scraping', 'personalization', 'persona', 'persona.rbac']
2026-09-16 23:23:03.603 | INFO     | tldw_Server_API.app.core.config:_buffered_log:210 - Ensured main SQLite database directory exists: /Users/macbook-dev/Documents/GitHub/tldw_server2/Databases
2026-09-16 23:23:03.603 | INFO     | tldw_Server_API.app.core.config:_buffered_log:210 - Ensured user data base directory exists: Databases/user_databases
2026-09-16 23:23:03.603 | WARNING  | tldw_Server_API.app.core.DB_Management.db_path_utils:resolve_user_db_base_dir:491 - USER_DB_BASE_DIR not configured in tests, using isolated fallback: /private/var/folders/sn/m80n2j152t9gw3w8qwk2nykh0000gn/T/tldw_user_databases_test/default-13eac527
2026-09-16 23:23:03.604 | INFO     | tldw_Server_API.app.core.DB_Management.ChaChaNotes_DB:__init__:7657 - Initializing CharactersRAGDB for path: /private/var/folders/sn/m80n2j152t9gw3w8qwk2nykh0000gn/T/pytest-of-macbook-dev/pytest-597/test_cold_two_owner_routes_rep0/2.db [Client ID: 2] (backend=postgresql)
2026-09-16 23:23:04.953 | DEBUG    | tldw_Server_API.app.core.DB_Management.ChaChaNotes_DB:__init__:7664 - CharactersRAGDB initialization completed successfully for /private/var/folders/sn/m80n2j152t9gw3w8qwk2nykh0000gn/T/pytest-of-macbook-dev/pytest-597/test_cold_two_owner_routes_rep0/2.db
2026-09-16 23:23:04.954 | WARNING  | tldw_Server_API.app.core.DB_Management.db_path_utils:resolve_user_db_base_dir:491 - USER_DB_BASE_DIR not configured in tests, using isolated fallback: /private/var/folders/sn/m80n2j152t9gw3w8qwk2nykh0000gn/T/tldw_user_databases_test/default-13eac527
2026-09-16 23:23:04.954 | INFO     | tldw_Server_API.app.core.DB_Management.ChaChaNotes_DB:__init__:7657 - Initializing CharactersRAGDB for path: /private/var/folders/sn/m80n2j152t9gw3w8qwk2nykh0000gn/T/pytest-of-macbook-dev/pytest-597/test_cold_two_owner_routes_rep0/3.db [Client ID: 3] (backend=postgresql)
2026-09-16 23:23:05.101 | DEBUG    | tldw_Server_API.app.core.DB_Management.ChaChaNotes_DB:__init__:7664 - CharactersRAGDB initialization completed successfully for /private/var/folders/sn/m80n2j152t9gw3w8qwk2nykh0000gn/T/pytest-of-macbook-dev/pytest-597/test_cold_two_owner_routes_rep0/3.db
----------------------------- Captured stderr call -----------------------------
2026-09-16 23:23:05.175 | DEBUG    | tldw_Server_API.app.core.DB_Management.ChaChaNotes_DB:_get_connection_for_state:8036 - Acquired backend connection (postgresql) for thread 6238105600
2026-09-16 23:23:05.175 | DEBUG    | tldw_Server_API.app.core.DB_Management.ChaChaNotes_DB:execute_query:8286 - Executing SQL (script=False, backend=postgresql): SELECT * FROM persona_profiles WHERE user_id = ? AND deleted = 0 AND is_active = 1 ORDER BY last_modified DESC, name ASC LIMIT ? OFFSET ?... Params: ('2', 200, 0)...
2026-09-16 23:23:05.176 | DEBUG    | tldw_Server_API.app.core.DB_Management.ChaChaNotes_DB:execute_query:8286 - Executing SQL (script=False, backend=postgresql): SELECT * FROM persona_profiles WHERE id = ? AND user_id = ? AND deleted = 0... Params: ('research_assistant', '2')...
2026-09-16 23:23:05.176 | DEBUG    | tldw_Server_API.app.core.DB_Management.ChaChaNotes_DB:execute_query:8286 - Executing SQL (script=False, backend=postgresql): INSERT INTO persona_profiles(id, user_id, name, character_card_id, origin_character_id, origin_character_name, origin_character_snapshot_at, mode, system_prompt, voice_defaults_json, setup_json, is_active, use_persona_state_context_default, created_at, last_modified, deleted, version) VALUES (?, ?, ... Params: ('research_assistant', '2', 'Research Assistant', None, None, None, None, 'session_scoped', 'Helps ingest, search, and summarize content', None, None, True, True, '2026-09-17T06:23:05.176Z', '2026-09-...
2026-09-16 23:23:05.178 | DEBUG    | tldw_Server_API.app.core.DB_Management.ChaChaNotes_DB:execute_query:8286 - Executing SQL (script=False, backend=postgresql): SELECT * FROM persona_profiles WHERE id = ? AND user_id = ? AND deleted = 0... Params: ('research_assistant', '2')...
2026-09-16 23:23:05.178 | DEBUG    | tldw_Server_API.app.core.DB_Management.ChaChaNotes_DB:execute_query:8286 - Executing SQL (script=False, backend=postgresql): SELECT * FROM persona_profiles WHERE id = ? AND user_id = ? AND deleted = 0... Params: ('research_assistant', '2')...
2026-09-16 23:23:05.179 | DEBUG    | tldw_Server_API.app.core.DB_Management.ChaChaNotes_DB:execute_query:8286 - Executing SQL (script=False, backend=postgresql): SELECT * FROM persona_policy_rules WHERE persona_id = ? AND user_id = ? AND deleted = 0 ORDER BY rule_kind ASC, rule_name ASC, id ASC... Params: ('research_assistant', '2')...
2026-09-16 23:23:05.181 | DEBUG    | tldw_Server_API.app.core.DB_Management.ChaChaNotes_DB:execute_query:8286 - Executing SQL (script=False, backend=postgresql): SELECT pb.* FROM persona_buddies pb JOIN persona_profiles pp   ON pp.id = pb.persona_id  AND pp.user_id = pb.user_id WHERE pb.user_id = ? AND pb.persona_id IN (?) AND (? OR pp.deleted = ?)... Params: ('2', 'research_assistant', False, False)...
2026-09-16 23:23:05.182 | DEBUG    | tldw_Server_API.app.core.DB_Management.ChaChaNotes_DB:execute_query:8286 - Executing SQL (script=False, backend=postgresql): SELECT * FROM persona_profiles WHERE id = ? AND user_id = ? AND deleted = 0... Params: ('research_assistant', '2')...
2026-09-16 23:23:05.183 | DEBUG    | tldw_Server_API.app.core.DB_Management.ChaChaNotes_DB:execute_query:8286 - Executing SQL (script=False, backend=postgresql): SELECT * FROM persona_policy_rules WHERE persona_id = ? AND user_id = ? AND deleted = 0 ORDER BY rule_kind ASC, rule_name ASC, id ASC... Params: ('research_assistant', '2')...
2026-09-16 23:23:05.184 | DEBUG    | tldw_Server_API.app.core.DB_Management.ChaChaNotes_DB:execute_query:8286 - Executing SQL (script=False, backend=postgresql): SELECT * FROM persona_profiles WHERE user_id = ? AND deleted = 0 AND is_active = 1 ORDER BY last_modified DESC, name ASC LIMIT ? OFFSET ?... Params: ('2', 200, 0)...
2026-09-16 23:23:05.185 | DEBUG    | tldw_Server_API.app.core.DB_Management.ChaChaNotes_DB:execute_query:8286 - Executing SQL (script=False, backend=postgresql): SELECT pb.* FROM persona_buddies pb JOIN persona_profiles pp   ON pp.id = pb.persona_id  AND pp.user_id = pb.user_id WHERE pb.user_id = ? AND pb.persona_id IN (?) AND (? OR pp.deleted = ?)... Params: ('2', 'research_assistant', False, False)...
2026-09-16 23:23:05.185 | DEBUG    | tldw_Server_API.app.core.DB_Management.ChaChaNotes_DB:execute_query:8286 - Executing SQL (script=False, backend=postgresql): SELECT * FROM persona_profiles WHERE id = ? AND user_id = ? AND deleted = 0... Params: ('research_assistant', '2')...
2026-09-16 23:23:05.186 | DEBUG    | tldw_Server_API.app.core.DB_Management.ChaChaNotes_DB:execute_query:8286 - Executing SQL (script=False, backend=postgresql): SELECT * FROM persona_policy_rules WHERE persona_id = ? AND user_id = ? AND deleted = 0 ORDER BY rule_kind ASC, rule_name ASC, id ASC... Params: ('research_assistant', '2')...
2026-09-16 23:23:05.187 | DEBUG    | tldw_Server_API.app.core.DB_Management.ChaChaNotes_DB:execute_query:8286 - Executing SQL (script=False, backend=postgresql): SELECT * FROM persona_profiles WHERE id = ? AND user_id = ? AND deleted = 0... Params: ('research_assistant', '2')...
2026-09-16 23:23:05.187 | DEBUG    | tldw_Server_API.app.core.DB_Management.ChaChaNotes_DB:execute_query:8286 - Executing SQL (script=False, backend=postgresql):
            SELECT pb.*
              FROM persona_buddies pb
              JOIN persona_profiles pp
                ON pp.id = pb.persona_id
               AND pp.user_id = pb.user_id
             WHERE pb.persona_id = ?
               AND pb.user_id = ?
               AND (? OR pp.deleted = ?)
  ... Params: ('research_assistant', '2', False, False)...
2026-09-16 23:23:05.193 | DEBUG    | tldw_Server_API.app.core.DB_Management.ChaChaNotes_DB:_get_connection_for_state:8036 - Acquired backend connection (postgresql) for thread 8346099072
2026-09-16 23:23:05.193 | DEBUG    | tldw_Server_API.app.core.DB_Management.ChaChaNotes_DB:execute_query:8286 - Executing SQL (script=False, backend=postgresql): SELECT * FROM persona_profiles WHERE id = ? AND user_id = ? AND deleted = 0... Params: ('research_assistant', '2')...
2026-09-16 23:23:05.195 | DEBUG    | tldw_Server_API.app.core.DB_Management.ChaChaNotes_DB:execute_query:8286 - Executing SQL (script=False, backend=postgresql): SELECT * FROM persona_profiles WHERE id = ? AND user_id = ? AND deleted = 0... Params: ('research_assistant', '2')...
2026-09-16 23:23:05.195 | DEBUG    | tldw_Server_API.app.core.DB_Management.ChaChaNotes_DB:execute_query:8286 - Executing SQL (script=False, backend=postgresql): SELECT * FROM persona_policy_rules WHERE persona_id = ? AND user_id = ? AND deleted = 0 ORDER BY rule_kind ASC, rule_name ASC, id ASC... Params: ('research_assistant', '2')...
2026-09-16 23:23:05.267 | DEBUG    | tldw_Server_API.app.core.DB_Management.ChaChaNotes_DB:_get_connection_for_state:8036 - Acquired backend connection (postgresql) for thread 6238105600
2026-09-16 23:23:05.267 | DEBUG    | tldw_Server_API.app.core.DB_Management.ChaChaNotes_DB:execute_query:8286 - Executing SQL (script=False, backend=postgresql): SELECT * FROM persona_profiles WHERE user_id = ? AND deleted = 0 AND is_active = 1 ORDER BY last_modified DESC, name ASC LIMIT ? OFFSET ?... Params: ('3', 200, 0)...
2026-09-16 23:23:05.268 | DEBUG    | tldw_Server_API.app.core.DB_Management.ChaChaNotes_DB:execute_query:8286 - Executing SQL (script=False, backend=postgresql): SELECT * FROM persona_profiles WHERE id = ? AND user_id = ? AND deleted = 0... Params: ('research_assistant', '3')...
2026-09-16 23:23:05.269 | DEBUG    | tldw_Server_API.app.core.DB_Management.ChaChaNotes_DB:execute_query:8286 - Executing SQL (script=False, backend=postgresql): INSERT INTO persona_profiles(id, user_id, name, character_card_id, origin_character_id, origin_character_name, origin_character_snapshot_at, mode, system_prompt, voice_defaults_json, setup_json, is_active, use_persona_state_context_default, created_at, last_modified, deleted, version) VALUES (?, ?, ... Params: ('research_assistant', '3', 'Research Assistant', None, None, None, None, 'session_scoped', 'Helps ingest, search, and summarize content', None, None, True, True, '2026-09-17T06:23:05.269Z', '2026-09-...
2026-09-16 23:23:05.270 | ERROR    | tldw_Server_API.app.core.DB_Management.backends.postgresql_backend:execute:1089 - PostgreSQL query execution failed
2026-09-16 23:23:05.270 | ERROR    | tldw_Server_API.app.core.DB_Management.ChaChaNotes_DB:execute_query:8354 - Backend query execution failed (postgresql): PostgreSQL query execution failed
2026-09-16 23:23:05.270 | ERROR    | tldw_Server_API.app.api.v1.endpoints.persona:_to_http_exception:1795 - Persona DB error during list persona catalog: Query execution failed: PostgreSQL query execution failed
2026-09-16 23:23:05.271 | DEBUG    | tldw_Server_API.app.core.DB_Management.ChaChaNotes_DB:execute_query:8286 - Executing SQL (script=False, backend=postgresql): SELECT * FROM persona_profiles WHERE user_id = ? AND deleted = 0 AND is_active = 1 ORDER BY last_modified DESC, name ASC LIMIT ? OFFSET ?... Params: ('3', 200, 0)...
2026-09-16 23:23:05.271 | ERROR    | tldw_Server_API.app.core.DB_Management.backends.postgresql_backend:execute:1089 - PostgreSQL query execution failed
2026-09-16 23:23:05.271 | ERROR    | tldw_Server_API.app.core.DB_Management.ChaChaNotes_DB:execute_query:8354 - Backend query execution failed (postgresql): PostgreSQL query execution failed
2026-09-16 23:23:05.271 | ERROR    | tldw_Server_API.app.api.v1.endpoints.persona:_to_http_exception:1795 - Persona DB error during list persona catalog: Query execution failed: PostgreSQL query execution failed
--------------------------- Captured stderr teardown ---------------------------
2026-09-16 23:23:05.274 | DEBUG    | tldw_Server_API.app.core.DB_Management.ChaChaNotes_DB:close_connection:8110 - Returned backend connection (postgresql) for thread 8346099072.
2026-09-16 23:23:05.291 | INFO     | tldw_Server_API.app.api.v1.API_Deps.ChaCha_Notes_DB_Deps:close_all_chacha_db_instances:876 - Closing all cached ChaChaNotesDB instances (0)...
2026-09-16 23:23:05.291 | INFO     | tldw_Server_API.app.api.v1.API_Deps.ChaCha_Notes_DB_Deps:close_all_chacha_db_instances:892 - All ChaChaNotesDB instances closed and cache cleared.
2026-09-16 23:23:05.291 | INFO     | tldw_Server_API.app.api.v1.API_Deps.ChaCha_Notes_DB_Deps:close_all_chacha_db_instances:876 - Closing all cached ChaChaNotesDB instances (0)...
2026-09-16 23:23:05.291 | INFO     | tldw_Server_API.app.api.v1.API_Deps.ChaCha_Notes_DB_Deps:close_all_chacha_db_instances:892 - All ChaChaNotesDB instances closed and cache cleared.
_ test_profile_insert_preserves_caller_transaction_and_rollback[True-implicit] _
tldw_Server_API/app/core/DB_Management/ChaChaNotes_DB.py:8306: in execute_query
    cursor.execute(prepared_query, prepared_params or ())
tldw_Server_API/app/core/DB_Management/ChaChaNotes_DB.py:506: in guarded
    return method(self, *args, **kwargs)
           ^^^^^^^^^^^^^^^^^^^^^^^^^^^^^
tldw_Server_API/app/core/DB_Management/ChaChaNotes_DB.py:536: in execute
    self._result = self._backend.execute(
tldw_Server_API/app/core/DB_Management/backends/postgresql_backend.py:1099: in execute
    raise UniqueConstraintError("PostgreSQL query execution failed")
E   tldw_Server_API.app.core.DB_Management.backends.base.UniqueConstraintError: PostgreSQL query execution failed

The above exception was the direct cause of the following exception:
tldw_Server_API/tests/DB_Management/test_persona_default_profile_backends.py:211: in test_profile_insert_preserves_caller_transaction_and_rollback
    operation()
tldw_Server_API/tests/DB_Management/test_persona_default_profile_backends.py:189: in operation
    db.create_persona_profile({"id": "existing", "user_id": "2", "name": "Duplicate"})
tldw_Server_API/app/core/DB_Management/ChaChaNotes_DB.py:44599: in _delegated
    return getattr(getattr(self, store_attr), method_name)(*args, **kwargs)
           ^^^^^^^^^^^^^^^^^^^^^^^^^^^^^^^^^^^^^^^^^^^^^^^^^^^^^^^^^^^^^^^^
tldw_Server_API/app/core/DB_Management/chacha/persona_state_store.py:1746: in create_persona_profile
    self.execute_query(query, params, commit=True)
tldw_Server_API/app/core/DB_Management/ChaChaNotes_DB.py:492: in guarded
    return method(self, *args, **kwargs)
           ^^^^^^^^^^^^^^^^^^^^^^^^^^^^^
tldw_Server_API/app/core/DB_Management/ChaChaNotes_DB.py:8360: in execute_query
    raise CharactersRAGDBError(f"Query execution failed: {exc}") from exc  # noqa: TRY003
    ^^^^^^^^^^^^^^^^^^^^^^^^^^^^^^^^^^^^^^^^^^^^^^^^^^^^^^^^^^^^^^^^^^^^^
E   tldw_Server_API.app.core.DB_Management.ChaChaNotes_DB.CharactersRAGDBError: Query execution failed: PostgreSQL query execution failed
---------------------------- Captured stderr setup -----------------------------
2026-09-16 23:23:06.834 | INFO     | tldw_Server_API.app.core.DB_Management.backends.factory:create_backend:392 - Creating postgresql backend
2026-09-16 23:23:06.835 | INFO     | tldw_Server_API.app.core.config:_buffered_log:210 - Determined ACTUAL_PROJECT_ROOT for database paths: /Users/macbook-dev/Documents/GitHub/tldw_server2
2026-09-16 23:23:06.835 | INFO     | tldw_Server_API.app.core.config:_buffered_log:210 - Early loading environment variables from: /Users/macbook-dev/Documents/GitHub/tldw_server2/tldw_Server_API/Config_Files/.env
2026-09-16 23:23:06.839 | INFO     | tldw_Server_API.app.core.config:_buffered_log:210 - Early loading environment variables from: /Users/macbook-dev/Documents/GitHub/tldw_server2/tldw_Server_API/Config_Files/.ENV
2026-09-16 23:23:06.843 | DEBUG    | tldw_Server_API.app.core.config:_buffered_log:210 - load_and_log_configs(): Loading and logging configurations...
2026-09-16 23:23:06.844 | INFO     | tldw_Server_API.app.core.config:_buffered_log:210 - Loading environment variables from: /Users/macbook-dev/Documents/GitHub/tldw_server2/tldw_Server_API/Config_Files/.env
2026-09-16 23:23:06.848 | INFO     | tldw_Server_API.app.core.config:_buffered_log:210 - Loading environment variables from: /Users/macbook-dev/Documents/GitHub/tldw_server2/tldw_Server_API/Config_Files/.ENV
2026-09-16 23:23:06.852 | INFO     | tldw_Server_API.app.core.config:_buffered_log:210 - Attempting to load comprehensive config from: /Users/macbook-dev/Documents/GitHub/tldw_server2/tldw_Server_API/Config_Files/config.txt
2026-09-16 23:23:06.854 | INFO     | tldw_Server_API.app.core.config:_buffered_log:210 - load_comprehensive_config(): Sections found in config: ['Setup', 'UI', 'Server', 'Files', 'Image-Generation', 'ACP', 'WORKSPACES', 'ACP-WORKSPACE', 'ACP-SANDBOX', 'Audit', 'Processing', 'Media-Processing', 'Chat-Dictionaries', 'Chat-Module', 'Chat-Commands', 'Chat-Templating', 'Character-Chat', 'Settings', 'Auto-Save', 'Prompts', 'Database', 'Chunking', 'Visual-RAG', 'AuthNZ', 'Streaming', 'HTTP', 'Egress', 'Embeddings', 'Claims', 'ClaimsMonitoring', 'RAG', 'Search-Agent', 'ResourceGovernor', 'Jobs', 'SlidesStandaloneHtml', 'Diarization', 'API', 'MLX', 'Local-API', 'LlamaCpp', 'STT-Settings', 'external_providers', 'TTS-Settings', 'VibeVoice', 'Audio-Quota', 'API-Routes', 'Search-Engines', 'Web-Scraper', 'Logging', 'Moderation', 'Redis', 'Web-Scraping', 'personalization', 'persona', 'persona.rbac']
2026-09-16 23:23:06.856 | INFO     | tldw_Server_API.app.core.config:_buffered_log:210 - Ensured main SQLite database directory exists: /Users/macbook-dev/Documents/GitHub/tldw_server2/Databases
2026-09-16 23:23:06.856 | INFO     | tldw_Server_API.app.core.config:_buffered_log:210 - Ensured user data base directory exists: Databases/user_databases
2026-09-16 23:23:06.857 | WARNING  | tldw_Server_API.app.core.DB_Management.db_path_utils:resolve_user_db_base_dir:491 - USER_DB_BASE_DIR not configured in tests, using isolated fallback: /private/var/folders/sn/m80n2j152t9gw3w8qwk2nykh0000gn/T/tldw_user_databases_test/default-13eac527
2026-09-16 23:23:06.857 | INFO     | tldw_Server_API.app.core.DB_Management.ChaChaNotes_DB:__init__:7657 - Initializing CharactersRAGDB for path: /private/var/folders/sn/m80n2j152t9gw3w8qwk2nykh0000gn/T/pytest-of-macbook-dev/pytest-597/test_profile_insert_preserves_1/default-profile.db [Client ID: 2] (backend=postgresql)
2026-09-16 23:23:08.183 | DEBUG    | tldw_Server_API.app.core.DB_Management.ChaChaNotes_DB:__init__:7664 - CharactersRAGDB initialization completed successfully for /private/var/folders/sn/m80n2j152t9gw3w8qwk2nykh0000gn/T/pytest-of-macbook-dev/pytest-597/test_profile_insert_preserves_1/default-profile.db
----------------------------- Captured stderr call -----------------------------
2026-09-16 23:23:08.185 | DEBUG    | tldw_Server_API.app.core.DB_Management.ChaChaNotes_DB:_get_connection_for_state:8036 - Acquired backend connection (postgresql) for thread 8346099072
2026-09-16 23:23:08.185 | DEBUG    | tldw_Server_API.app.core.DB_Management.ChaChaNotes_DB:execute_query:8286 - Executing SQL (script=False, backend=postgresql): INSERT INTO persona_profiles(id, user_id, name, character_card_id, origin_character_id, origin_character_name, origin_character_snapshot_at, mode, system_prompt, voice_defaults_json, setup_json, is_active, use_persona_state_context_default, created_at, last_modified, deleted, version) VALUES (?, ?, ... Params: ('existing', '2', 'Existing', None, None, None, None, 'session_scoped', None, None, None, True, True, '2026-09-17T06:23:08.183Z', '2026-09-17T06:23:08.183Z', False, 1)...
2026-09-16 23:23:08.186 | DEBUG    | tldw_Server_API.app.core.DB_Management.ChaChaNotes_DB:execute_query:8286 - Executing SQL (script=False, backend=postgresql): UPDATE persona_profiles SET system_prompt = ? WHERE id = ?... Params: ('Pending', 'existing')...
2026-09-16 23:23:08.186 | DEBUG    | tldw_Server_API.app.core.DB_Management.ChaChaNotes_DB:execute_query:8286 - Executing SQL (script=False, backend=postgresql): INSERT INTO persona_profiles(id, user_id, name, character_card_id, origin_character_id, origin_character_name, origin_character_snapshot_at, mode, system_prompt, voice_defaults_json, setup_json, is_active, use_persona_state_context_default, created_at, last_modified, deleted, version) VALUES (?, ?, ... Params: ('existing', '2', 'Duplicate', None, None, None, None, 'session_scoped', None, None, None, True, True, '2026-09-17T06:23:08.186Z', '2026-09-17T06:23:08.186Z', False, 1)...
2026-09-16 23:23:08.187 | ERROR    | tldw_Server_API.app.core.DB_Management.backends.postgresql_backend:execute:1089 - PostgreSQL query execution failed
2026-09-16 23:23:08.187 | ERROR    | tldw_Server_API.app.core.DB_Management.ChaChaNotes_DB:execute_query:8354 - Backend query execution failed (postgresql): PostgreSQL query execution failed
--------------------------- Captured stderr teardown ---------------------------
2026-09-16 23:23:08.833 | DEBUG    | tldw_Server_API.app.core.DB_Management.ChaChaNotes_DB:close_connection:8110 - Returned backend connection (postgresql) for thread 8346099072.
2026-09-16 23:23:08.854 | INFO     | tldw_Server_API.app.api.v1.API_Deps.ChaCha_Notes_DB_Deps:close_all_chacha_db_instances:876 - Closing all cached ChaChaNotesDB instances (0)...
2026-09-16 23:23:08.854 | INFO     | tldw_Server_API.app.api.v1.API_Deps.ChaCha_Notes_DB_Deps:close_all_chacha_db_instances:892 - All ChaChaNotesDB instances closed and cache cleared.
2026-09-16 23:23:08.854 | INFO     | tldw_Server_API.app.api.v1.API_Deps.ChaCha_Notes_DB_Deps:close_all_chacha_db_instances:876 - Closing all cached ChaChaNotesDB instances (0)...
2026-09-16 23:23:08.854 | INFO     | tldw_Server_API.app.api.v1.API_Deps.ChaCha_Notes_DB_Deps:close_all_chacha_db_instances:892 - All ChaChaNotesDB instances closed and cache cleared.
_ test_profile_insert_preserves_caller_transaction_and_rollback[False-implicit] _
tldw_Server_API/tests/DB_Management/test_persona_default_profile_backends.py:211: in test_profile_insert_preserves_caller_transaction_and_rollback
    operation()
tldw_Server_API/tests/DB_Management/test_persona_default_profile_backends.py:192: in operation
    assert conn.info.transaction_status.name == "INTRANS"
E   AssertionError: assert 'IDLE' == 'INTRANS'
E
E     - INTRANS
E     + IDLE
---------------------------- Captured stderr setup -----------------------------
2026-09-16 23:23:08.873 | INFO     | tldw_Server_API.app.core.DB_Management.backends.factory:create_backend:392 - Creating postgresql backend
2026-09-16 23:23:08.874 | INFO     | tldw_Server_API.app.core.config:_buffered_log:210 - Determined ACTUAL_PROJECT_ROOT for database paths: /Users/macbook-dev/Documents/GitHub/tldw_server2
2026-09-16 23:23:08.874 | INFO     | tldw_Server_API.app.core.config:_buffered_log:210 - Early loading environment variables from: /Users/macbook-dev/Documents/GitHub/tldw_server2/tldw_Server_API/Config_Files/.env
2026-09-16 23:23:08.879 | INFO     | tldw_Server_API.app.core.config:_buffered_log:210 - Early loading environment variables from: /Users/macbook-dev/Documents/GitHub/tldw_server2/tldw_Server_API/Config_Files/.ENV
2026-09-16 23:23:08.883 | DEBUG    | tldw_Server_API.app.core.config:_buffered_log:210 - load_and_log_configs(): Loading and logging configurations...
2026-09-16 23:23:08.884 | INFO     | tldw_Server_API.app.core.config:_buffered_log:210 - Loading environment variables from: /Users/macbook-dev/Documents/GitHub/tldw_server2/tldw_Server_API/Config_Files/.env
2026-09-16 23:23:08.888 | INFO     | tldw_Server_API.app.core.config:_buffered_log:210 - Loading environment variables from: /Users/macbook-dev/Documents/GitHub/tldw_server2/tldw_Server_API/Config_Files/.ENV
2026-09-16 23:23:08.892 | INFO     | tldw_Server_API.app.core.config:_buffered_log:210 - Attempting to load comprehensive config from: /Users/macbook-dev/Documents/GitHub/tldw_server2/tldw_Server_API/Config_Files/config.txt
2026-09-16 23:23:08.894 | INFO     | tldw_Server_API.app.core.config:_buffered_log:210 - load_comprehensive_config(): Sections found in config: ['Setup', 'UI', 'Server', 'Files', 'Image-Generation', 'ACP', 'WORKSPACES', 'ACP-WORKSPACE', 'ACP-SANDBOX', 'Audit', 'Processing', 'Media-Processing', 'Chat-Dictionaries', 'Chat-Module', 'Chat-Commands', 'Chat-Templating', 'Character-Chat', 'Settings', 'Auto-Save', 'Prompts', 'Database', 'Chunking', 'Visual-RAG', 'AuthNZ', 'Streaming', 'HTTP', 'Egress', 'Embeddings', 'Claims', 'ClaimsMonitoring', 'RAG', 'Search-Agent', 'ResourceGovernor', 'Jobs', 'SlidesStandaloneHtml', 'Diarization', 'API', 'MLX', 'Local-API', 'LlamaCpp', 'STT-Settings', 'external_providers', 'TTS-Settings', 'VibeVoice', 'Audio-Quota', 'API-Routes', 'Search-Engines', 'Web-Scraper', 'Logging', 'Moderation', 'Redis', 'Web-Scraping', 'personalization', 'persona', 'persona.rbac']
2026-09-16 23:23:08.896 | INFO     | tldw_Server_API.app.core.config:_buffered_log:210 - Ensured main SQLite database directory exists: /Users/macbook-dev/Documents/GitHub/tldw_server2/Databases
2026-09-16 23:23:08.896 | INFO     | tldw_Server_API.app.core.config:_buffered_log:210 - Ensured user data base directory exists: Databases/user_databases
2026-09-16 23:23:08.897 | WARNING  | tldw_Server_API.app.core.DB_Management.db_path_utils:resolve_user_db_base_dir:491 - USER_DB_BASE_DIR not configured in tests, using isolated fallback: /private/var/folders/sn/m80n2j152t9gw3w8qwk2nykh0000gn/T/tldw_user_databases_test/default-13eac527
2026-09-16 23:23:08.897 | INFO     | tldw_Server_API.app.core.DB_Management.ChaChaNotes_DB:__init__:7657 - Initializing CharactersRAGDB for path: /private/var/folders/sn/m80n2j152t9gw3w8qwk2nykh0000gn/T/pytest-of-macbook-dev/pytest-597/test_profile_insert_preserves_2/default-profile.db [Client ID: 2] (backend=postgresql)
2026-09-16 23:23:10.234 | DEBUG    | tldw_Server_API.app.core.DB_Management.ChaChaNotes_DB:__init__:7664 - CharactersRAGDB initialization completed successfully for /private/var/folders/sn/m80n2j152t9gw3w8qwk2nykh0000gn/T/pytest-of-macbook-dev/pytest-597/test_profile_insert_preserves_2/default-profile.db
----------------------------- Captured stderr call -----------------------------
2026-09-16 23:23:10.237 | DEBUG    | tldw_Server_API.app.core.DB_Management.ChaChaNotes_DB:_get_connection_for_state:8036 - Acquired backend connection (postgresql) for thread 8346099072
2026-09-16 23:23:10.237 | DEBUG    | tldw_Server_API.app.core.DB_Management.ChaChaNotes_DB:execute_query:8286 - Executing SQL (script=False, backend=postgresql): INSERT INTO persona_profiles(id, user_id, name, character_card_id, origin_character_id, origin_character_name, origin_character_snapshot_at, mode, system_prompt, voice_defaults_json, setup_json, is_active, use_persona_state_context_default, created_at, last_modified, deleted, version) VALUES (?, ?, ... Params: ('existing', '2', 'Existing', None, None, None, None, 'session_scoped', None, None, None, True, True, '2026-09-17T06:23:10.234Z', '2026-09-17T06:23:10.234Z', False, 1)...
2026-09-16 23:23:10.238 | DEBUG    | tldw_Server_API.app.core.DB_Management.ChaChaNotes_DB:execute_query:8286 - Executing SQL (script=False, backend=postgresql): UPDATE persona_profiles SET system_prompt = ? WHERE id = ?... Params: ('Pending', 'existing')...
2026-09-16 23:23:10.239 | DEBUG    | tldw_Server_API.app.core.DB_Management.ChaChaNotes_DB:execute_query:8286 - Executing SQL (script=False, backend=postgresql): INSERT INTO persona_profiles(id, user_id, name, character_card_id, origin_character_id, origin_character_name, origin_character_snapshot_at, mode, system_prompt, voice_defaults_json, setup_json, is_active, use_persona_state_context_default, created_at, last_modified, deleted, version) VALUES (?, ?, ... Params: ('created', '2', 'Created', None, None, None, None, 'session_scoped', None, None, None, True, True, '2026-09-17T06:23:10.239Z', '2026-09-17T06:23:10.239Z', False, 1)...
--------------------------- Captured stderr teardown ---------------------------
2026-09-16 23:23:10.243 | DEBUG    | tldw_Server_API.app.core.DB_Management.ChaChaNotes_DB:close_connection:8110 - Returned backend connection (postgresql) for thread 8346099072.
2026-09-16 23:23:10.259 | INFO     | tldw_Server_API.app.api.v1.API_Deps.ChaCha_Notes_DB_Deps:close_all_chacha_db_instances:876 - Closing all cached ChaChaNotesDB instances (0)...
2026-09-16 23:23:10.259 | INFO     | tldw_Server_API.app.api.v1.API_Deps.ChaCha_Notes_DB_Deps:close_all_chacha_db_instances:892 - All ChaChaNotesDB instances closed and cache cleared.
2026-09-16 23:23:10.259 | INFO     | tldw_Server_API.app.api.v1.API_Deps.ChaCha_Notes_DB_Deps:close_all_chacha_db_instances:876 - Closing all cached ChaChaNotesDB instances (0)...
2026-09-16 23:23:10.259 | INFO     | tldw_Server_API.app.api.v1.API_Deps.ChaCha_Notes_DB_Deps:close_all_chacha_db_instances:892 - All ChaChaNotesDB instances closed and cache cleared.
__________ test_scoped_profile_id_propagates_to_actual_session_policy __________
tldw_Server_API/tests/DB_Management/test_persona_default_profile_backends.py:227: in test_scoped_profile_id_propagates_to_actual_session_policy
    assert profile["id"] == "research_assistant:2"
E   AssertionError: assert 'research_assistant' == 'research_assistant:2'
E
E     - research_assistant:2
E     ?                   --
E     + research_assistant
---------------------------- Captured stderr setup -----------------------------
2026-09-16 23:23:10.277 | INFO     | tldw_Server_API.app.core.DB_Management.backends.factory:create_backend:392 - Creating postgresql backend
2026-09-16 23:23:10.277 | INFO     | tldw_Server_API.app.core.config:_buffered_log:210 - Determined ACTUAL_PROJECT_ROOT for database paths: /Users/macbook-dev/Documents/GitHub/tldw_server2
2026-09-16 23:23:10.277 | INFO     | tldw_Server_API.app.core.config:_buffered_log:210 - Early loading environment variables from: /Users/macbook-dev/Documents/GitHub/tldw_server2/tldw_Server_API/Config_Files/.env
2026-09-16 23:23:10.282 | INFO     | tldw_Server_API.app.core.config:_buffered_log:210 - Early loading environment variables from: /Users/macbook-dev/Documents/GitHub/tldw_server2/tldw_Server_API/Config_Files/.ENV
2026-09-16 23:23:10.286 | DEBUG    | tldw_Server_API.app.core.config:_buffered_log:210 - load_and_log_configs(): Loading and logging configurations...
2026-09-16 23:23:10.286 | INFO     | tldw_Server_API.app.core.config:_buffered_log:210 - Loading environment variables from: /Users/macbook-dev/Documents/GitHub/tldw_server2/tldw_Server_API/Config_Files/.env
2026-09-16 23:23:10.290 | INFO     | tldw_Server_API.app.core.config:_buffered_log:210 - Loading environment variables from: /Users/macbook-dev/Documents/GitHub/tldw_server2/tldw_Server_API/Config_Files/.ENV
2026-09-16 23:23:10.295 | INFO     | tldw_Server_API.app.core.config:_buffered_log:210 - Attempting to load comprehensive config from: /Users/macbook-dev/Documents/GitHub/tldw_server2/tldw_Server_API/Config_Files/config.txt
2026-09-16 23:23:10.297 | INFO     | tldw_Server_API.app.core.config:_buffered_log:210 - load_comprehensive_config(): Sections found in config: ['Setup', 'UI', 'Server', 'Files', 'Image-Generation', 'ACP', 'WORKSPACES', 'ACP-WORKSPACE', 'ACP-SANDBOX', 'Audit', 'Processing', 'Media-Processing', 'Chat-Dictionaries', 'Chat-Module', 'Chat-Commands', 'Chat-Templating', 'Character-Chat', 'Settings', 'Auto-Save', 'Prompts', 'Database', 'Chunking', 'Visual-RAG', 'AuthNZ', 'Streaming', 'HTTP', 'Egress', 'Embeddings', 'Claims', 'ClaimsMonitoring', 'RAG', 'Search-Agent', 'ResourceGovernor', 'Jobs', 'SlidesStandaloneHtml', 'Diarization', 'API', 'MLX', 'Local-API', 'LlamaCpp', 'STT-Settings', 'external_providers', 'TTS-Settings', 'VibeVoice', 'Audio-Quota', 'API-Routes', 'Search-Engines', 'Web-Scraper', 'Logging', 'Moderation', 'Redis', 'Web-Scraping', 'personalization', 'persona', 'persona.rbac']
2026-09-16 23:23:10.299 | INFO     | tldw_Server_API.app.core.config:_buffered_log:210 - Ensured main SQLite database directory exists: /Users/macbook-dev/Documents/GitHub/tldw_server2/Databases
2026-09-16 23:23:10.299 | INFO     | tldw_Server_API.app.core.config:_buffered_log:210 - Ensured user data base directory exists: Databases/user_databases
2026-09-16 23:23:10.299 | WARNING  | tldw_Server_API.app.core.DB_Management.db_path_utils:resolve_user_db_base_dir:491 - USER_DB_BASE_DIR not configured in tests, using isolated fallback: /private/var/folders/sn/m80n2j152t9gw3w8qwk2nykh0000gn/T/tldw_user_databases_test/default-13eac527
2026-09-16 23:23:10.299 | INFO     | tldw_Server_API.app.core.DB_Management.ChaChaNotes_DB:__init__:7657 - Initializing CharactersRAGDB for path: /private/var/folders/sn/m80n2j152t9gw3w8qwk2nykh0000gn/T/pytest-of-macbook-dev/pytest-597/test_scoped_profile_id_propaga0/default-profile.db [Client ID: 2] (backend=postgresql)
2026-09-16 23:23:11.604 | DEBUG    | tldw_Server_API.app.core.DB_Management.ChaChaNotes_DB:__init__:7664 - CharactersRAGDB initialization completed successfully for /private/var/folders/sn/m80n2j152t9gw3w8qwk2nykh0000gn/T/pytest-of-macbook-dev/pytest-597/test_scoped_profile_id_propaga0/default-profile.db
----------------------------- Captured stderr call -----------------------------
2026-09-16 23:23:11.606 | DEBUG    | tldw_Server_API.app.core.DB_Management.ChaChaNotes_DB:_get_connection_for_state:8036 - Acquired backend connection (postgresql) for thread 8346099072
2026-09-16 23:23:11.606 | DEBUG    | tldw_Server_API.app.core.DB_Management.ChaChaNotes_DB:execute_query:8286 - Executing SQL (script=False, backend=postgresql): SELECT * FROM persona_profiles WHERE id = ? AND user_id = ? AND deleted = 0... Params: ('research_assistant', '2')...
2026-09-16 23:23:11.607 | DEBUG    | tldw_Server_API.app.core.DB_Management.ChaChaNotes_DB:execute_query:8286 - Executing SQL (script=False, backend=postgresql): INSERT INTO persona_profiles(id, user_id, name, character_card_id, origin_character_id, origin_character_name, origin_character_snapshot_at, mode, system_prompt, voice_defaults_json, setup_json, is_active, use_persona_state_context_default, created_at, last_modified, deleted, version) VALUES (?, ?, ... Params: ('research_assistant', '2', 'Research Assistant', None, None, None, None, 'session_scoped', 'Helps ingest, search, and summarize content', None, None, True, True, '2026-09-17T06:23:11.607Z', '2026-09-...
2026-09-16 23:23:11.608 | DEBUG    | tldw_Server_API.app.core.DB_Management.ChaChaNotes_DB:execute_query:8286 - Executing SQL (script=False, backend=postgresql): SELECT * FROM persona_profiles WHERE id = ? AND user_id = ? AND deleted = 0... Params: ('research_assistant', '2')...
2026-09-16 23:23:11.608 | DEBUG    | tldw_Server_API.app.core.DB_Management.ChaChaNotes_DB:execute_query:8286 - Executing SQL (script=False, backend=postgresql): SELECT * FROM persona_profiles WHERE id = ? AND user_id = ? AND deleted = 0... Params: ('research_assistant', '2')...
2026-09-16 23:23:11.609 | DEBUG    | tldw_Server_API.app.core.DB_Management.ChaChaNotes_DB:execute_query:8286 - Executing SQL (script=False, backend=postgresql): SELECT * FROM persona_policy_rules WHERE persona_id = ? AND user_id = ? AND deleted = 0 ORDER BY rule_kind ASC, rule_name ASC, id ASC... Params: ('research_assistant', '2')...
--------------------------- Captured stderr teardown ---------------------------
2026-09-16 23:23:11.614 | DEBUG    | tldw_Server_API.app.core.DB_Management.ChaChaNotes_DB:close_connection:8110 - Returned backend connection (postgresql) for thread 8346099072.
2026-09-16 23:23:11.629 | INFO     | tldw_Server_API.app.api.v1.API_Deps.ChaCha_Notes_DB_Deps:close_all_chacha_db_instances:876 - Closing all cached ChaChaNotesDB instances (0)...
2026-09-16 23:23:11.630 | INFO     | tldw_Server_API.app.api.v1.API_Deps.ChaCha_Notes_DB_Deps:close_all_chacha_db_instances:892 - All ChaChaNotesDB instances closed and cache cleared.
2026-09-16 23:23:11.630 | INFO     | tldw_Server_API.app.api.v1.API_Deps.ChaCha_Notes_DB_Deps:close_all_chacha_db_instances:876 - Closing all cached ChaChaNotesDB instances (0)...
2026-09-16 23:23:11.630 | INFO     | tldw_Server_API.app.api.v1.API_Deps.ChaCha_Notes_DB_Deps:close_all_chacha_db_instances:892 - All ChaChaNotesDB instances closed and cache cleared.
___ test_legacy_default_tombstone_is_not_bypassed_or_resurrected[postgresql] ___
tldw_Server_API/app/core/DB_Management/ChaChaNotes_DB.py:8306: in execute_query
    cursor.execute(prepared_query, prepared_params or ())
tldw_Server_API/app/core/DB_Management/ChaChaNotes_DB.py:506: in guarded
    return method(self, *args, **kwargs)
           ^^^^^^^^^^^^^^^^^^^^^^^^^^^^^
tldw_Server_API/app/core/DB_Management/ChaChaNotes_DB.py:536: in execute
    self._result = self._backend.execute(
tldw_Server_API/app/core/DB_Management/backends/postgresql_backend.py:1099: in execute
    raise UniqueConstraintError("PostgreSQL query execution failed")
E   tldw_Server_API.app.core.DB_Management.backends.base.UniqueConstraintError: PostgreSQL query execution failed

The above exception was the direct cause of the following exception:
tldw_Server_API/tests/DB_Management/test_persona_default_profile_backends.py:108: in test_legacy_default_tombstone_is_not_bypassed_or_resurrected
    endpoint._ensure_default_persona_profile(db, user_id="2")
tldw_Server_API/app/api/v1/endpoints/persona.py:3165: in _ensure_default_persona_profile
    _ = db.create_persona_profile(
tldw_Server_API/app/core/DB_Management/ChaChaNotes_DB.py:44599: in _delegated
    return getattr(getattr(self, store_attr), method_name)(*args, **kwargs)
           ^^^^^^^^^^^^^^^^^^^^^^^^^^^^^^^^^^^^^^^^^^^^^^^^^^^^^^^^^^^^^^^^
tldw_Server_API/app/core/DB_Management/chacha/persona_state_store.py:1746: in create_persona_profile
    self.execute_query(query, params, commit=True)
tldw_Server_API/app/core/DB_Management/ChaChaNotes_DB.py:492: in guarded
    return method(self, *args, **kwargs)
           ^^^^^^^^^^^^^^^^^^^^^^^^^^^^^
tldw_Server_API/app/core/DB_Management/ChaChaNotes_DB.py:8360: in execute_query
    raise CharactersRAGDBError(f"Query execution failed: {exc}") from exc  # noqa: TRY003
    ^^^^^^^^^^^^^^^^^^^^^^^^^^^^^^^^^^^^^^^^^^^^^^^^^^^^^^^^^^^^^^^^^^^^^
E   tldw_Server_API.app.core.DB_Management.ChaChaNotes_DB.CharactersRAGDBError: Query execution failed: PostgreSQL query execution failed
---------------------------- Captured stderr setup -----------------------------
2026-09-16 23:23:13.168 | INFO     | tldw_Server_API.app.core.DB_Management.backends.factory:create_backend:392 - Creating postgresql backend
2026-09-16 23:23:13.168 | INFO     | tldw_Server_API.app.core.config:_buffered_log:210 - Determined ACTUAL_PROJECT_ROOT for database paths: /Users/macbook-dev/Documents/GitHub/tldw_server2
2026-09-16 23:23:13.169 | INFO     | tldw_Server_API.app.core.config:_buffered_log:210 - Early loading environment variables from: /Users/macbook-dev/Documents/GitHub/tldw_server2/tldw_Server_API/Config_Files/.env
2026-09-16 23:23:13.173 | INFO     | tldw_Server_API.app.core.config:_buffered_log:210 - Early loading environment variables from: /Users/macbook-dev/Documents/GitHub/tldw_server2/tldw_Server_API/Config_Files/.ENV
2026-09-16 23:23:13.177 | DEBUG    | tldw_Server_API.app.core.config:_buffered_log:210 - load_and_log_configs(): Loading and logging configurations...
2026-09-16 23:23:13.178 | INFO     | tldw_Server_API.app.core.config:_buffered_log:210 - Loading environment variables from: /Users/macbook-dev/Documents/GitHub/tldw_server2/tldw_Server_API/Config_Files/.env
2026-09-16 23:23:13.182 | INFO     | tldw_Server_API.app.core.config:_buffered_log:210 - Loading environment variables from: /Users/macbook-dev/Documents/GitHub/tldw_server2/tldw_Server_API/Config_Files/.ENV
2026-09-16 23:23:13.187 | INFO     | tldw_Server_API.app.core.config:_buffered_log:210 - Attempting to load comprehensive config from: /Users/macbook-dev/Documents/GitHub/tldw_server2/tldw_Server_API/Config_Files/config.txt
2026-09-16 23:23:13.189 | INFO     | tldw_Server_API.app.core.config:_buffered_log:210 - load_comprehensive_config(): Sections found in config: ['Setup', 'UI', 'Server', 'Files', 'Image-Generation', 'ACP', 'WORKSPACES', 'ACP-WORKSPACE', 'ACP-SANDBOX', 'Audit', 'Processing', 'Media-Processing', 'Chat-Dictionaries', 'Chat-Module', 'Chat-Commands', 'Chat-Templating', 'Character-Chat', 'Settings', 'Auto-Save', 'Prompts', 'Database', 'Chunking', 'Visual-RAG', 'AuthNZ', 'Streaming', 'HTTP', 'Egress', 'Embeddings', 'Claims', 'ClaimsMonitoring', 'RAG', 'Search-Agent', 'ResourceGovernor', 'Jobs', 'SlidesStandaloneHtml', 'Diarization', 'API', 'MLX', 'Local-API', 'LlamaCpp', 'STT-Settings', 'external_providers', 'TTS-Settings', 'VibeVoice', 'Audio-Quota', 'API-Routes', 'Search-Engines', 'Web-Scraper', 'Logging', 'Moderation', 'Redis', 'Web-Scraping', 'personalization', 'persona', 'persona.rbac']
2026-09-16 23:23:13.191 | INFO     | tldw_Server_API.app.core.config:_buffered_log:210 - Ensured main SQLite database directory exists: /Users/macbook-dev/Documents/GitHub/tldw_server2/Databases
2026-09-16 23:23:13.191 | INFO     | tldw_Server_API.app.core.config:_buffered_log:210 - Ensured user data base directory exists: Databases/user_databases
2026-09-16 23:23:13.191 | WARNING  | tldw_Server_API.app.core.DB_Management.db_path_utils:resolve_user_db_base_dir:491 - USER_DB_BASE_DIR not configured in tests, using isolated fallback: /private/var/folders/sn/m80n2j152t9gw3w8qwk2nykh0000gn/T/tldw_user_databases_test/default-13eac527
2026-09-16 23:23:13.191 | INFO     | tldw_Server_API.app.core.DB_Management.ChaChaNotes_DB:__init__:7657 - Initializing CharactersRAGDB for path: /private/var/folders/sn/m80n2j152t9gw3w8qwk2nykh0000gn/T/pytest-of-macbook-dev/pytest-597/test_legacy_default_tombstone_0/2.db [Client ID: 2] (backend=postgresql)
2026-09-16 23:23:14.526 | DEBUG    | tldw_Server_API.app.core.DB_Management.ChaChaNotes_DB:__init__:7664 - CharactersRAGDB initialization completed successfully for /private/var/folders/sn/m80n2j152t9gw3w8qwk2nykh0000gn/T/pytest-of-macbook-dev/pytest-597/test_legacy_default_tombstone_0/2.db
2026-09-16 23:23:14.527 | WARNING  | tldw_Server_API.app.core.DB_Management.db_path_utils:resolve_user_db_base_dir:491 - USER_DB_BASE_DIR not configured in tests, using isolated fallback: /private/var/folders/sn/m80n2j152t9gw3w8qwk2nykh0000gn/T/tldw_user_databases_test/default-13eac527
2026-09-16 23:23:14.527 | INFO     | tldw_Server_API.app.core.DB_Management.ChaChaNotes_DB:__init__:7657 - Initializing CharactersRAGDB for path: /private/var/folders/sn/m80n2j152t9gw3w8qwk2nykh0000gn/T/pytest-of-macbook-dev/pytest-597/test_legacy_default_tombstone_0/3.db [Client ID: 3] (backend=postgresql)
2026-09-16 23:23:14.671 | DEBUG    | tldw_Server_API.app.core.DB_Management.ChaChaNotes_DB:__init__:7664 - CharactersRAGDB initialization completed successfully for /private/var/folders/sn/m80n2j152t9gw3w8qwk2nykh0000gn/T/pytest-of-macbook-dev/pytest-597/test_legacy_default_tombstone_0/3.db
----------------------------- Captured stderr call -----------------------------
2026-09-16 23:23:14.674 | DEBUG    | tldw_Server_API.app.core.DB_Management.ChaChaNotes_DB:_get_connection_for_state:8036 - Acquired backend connection (postgresql) for thread 8346099072
2026-09-16 23:23:14.674 | DEBUG    | tldw_Server_API.app.core.DB_Management.ChaChaNotes_DB:execute_query:8286 - Executing SQL (script=False, backend=postgresql): INSERT INTO persona_profiles(id, user_id, name, character_card_id, origin_character_id, origin_character_name, origin_character_snapshot_at, mode, system_prompt, voice_defaults_json, setup_json, is_active, use_persona_state_context_default, created_at, last_modified, deleted, version) VALUES (?, ?, ... Params: ('research_assistant', '2', 'Research Assistant', None, None, None, None, 'session_scoped', None, None, None, False, True, '2026-09-17T06:23:14.671Z', '2026-09-17T06:23:14.671Z', True, 1)...
2026-09-16 23:23:14.675 | DEBUG    | tldw_Server_API.app.core.DB_Management.ChaChaNotes_DB:execute_query:8286 - Executing SQL (script=False, backend=postgresql): SELECT * FROM persona_profiles WHERE id = ? AND user_id = ? AND deleted = 0... Params: ('research_assistant', '2')...
2026-09-16 23:23:14.676 | DEBUG    | tldw_Server_API.app.core.DB_Management.ChaChaNotes_DB:execute_query:8286 - Executing SQL (script=False, backend=postgresql): INSERT INTO persona_profiles(id, user_id, name, character_card_id, origin_character_id, origin_character_name, origin_character_snapshot_at, mode, system_prompt, voice_defaults_json, setup_json, is_active, use_persona_state_context_default, created_at, last_modified, deleted, version) VALUES (?, ?, ... Params: ('research_assistant', '2', 'Research Assistant', None, None, None, None, 'session_scoped', 'Helps ingest, search, and summarize content', None, None, True, True, '2026-09-17T06:23:14.676Z', '2026-09-...
2026-09-16 23:23:14.676 | ERROR    | tldw_Server_API.app.core.DB_Management.backends.postgresql_backend:execute:1089 - PostgreSQL query execution failed
2026-09-16 23:23:14.676 | ERROR    | tldw_Server_API.app.core.DB_Management.ChaChaNotes_DB:execute_query:8354 - Backend query execution failed (postgresql): PostgreSQL query execution failed
--------------------------- Captured stderr teardown ---------------------------
2026-09-16 23:23:15.371 | DEBUG    | tldw_Server_API.app.core.DB_Management.ChaChaNotes_DB:close_connection:8110 - Returned backend connection (postgresql) for thread 8346099072.
2026-09-16 23:23:15.389 | INFO     | tldw_Server_API.app.api.v1.API_Deps.ChaCha_Notes_DB_Deps:close_all_chacha_db_instances:876 - Closing all cached ChaChaNotesDB instances (0)...
2026-09-16 23:23:15.389 | INFO     | tldw_Server_API.app.api.v1.API_Deps.ChaCha_Notes_DB_Deps:close_all_chacha_db_instances:892 - All ChaChaNotesDB instances closed and cache cleared.
2026-09-16 23:23:15.389 | INFO     | tldw_Server_API.app.api.v1.API_Deps.ChaCha_Notes_DB_Deps:close_all_chacha_db_instances:876 - Closing all cached ChaChaNotesDB instances (0)...
2026-09-16 23:23:15.389 | INFO     | tldw_Server_API.app.api.v1.API_Deps.ChaCha_Notes_DB_Deps:close_all_chacha_db_instances:892 - All ChaChaNotesDB instances closed and cache cleared.
___ test_profile_insert_preserves_caller_transaction_and_rollback[True-raw] ____
tldw_Server_API/app/core/DB_Management/ChaChaNotes_DB.py:8306: in execute_query
    cursor.execute(prepared_query, prepared_params or ())
tldw_Server_API/app/core/DB_Management/ChaChaNotes_DB.py:506: in guarded
    return method(self, *args, **kwargs)
           ^^^^^^^^^^^^^^^^^^^^^^^^^^^^^
tldw_Server_API/app/core/DB_Management/ChaChaNotes_DB.py:536: in execute
    self._result = self._backend.execute(
tldw_Server_API/app/core/DB_Management/backends/postgresql_backend.py:1099: in execute
    raise UniqueConstraintError("PostgreSQL query execution failed")
E   tldw_Server_API.app.core.DB_Management.backends.base.UniqueConstraintError: PostgreSQL query execution failed

The above exception was the direct cause of the following exception:
tldw_Server_API/tests/DB_Management/test_persona_default_profile_backends.py:211: in test_profile_insert_preserves_caller_transaction_and_rollback
    operation()
tldw_Server_API/tests/DB_Management/test_persona_default_profile_backends.py:189: in operation
    db.create_persona_profile({"id": "existing", "user_id": "2", "name": "Duplicate"})
tldw_Server_API/app/core/DB_Management/ChaChaNotes_DB.py:44599: in _delegated
    return getattr(getattr(self, store_attr), method_name)(*args, **kwargs)
           ^^^^^^^^^^^^^^^^^^^^^^^^^^^^^^^^^^^^^^^^^^^^^^^^^^^^^^^^^^^^^^^^
tldw_Server_API/app/core/DB_Management/chacha/persona_state_store.py:1746: in create_persona_profile
    self.execute_query(query, params, commit=True)
tldw_Server_API/app/core/DB_Management/ChaChaNotes_DB.py:492: in guarded
    return method(self, *args, **kwargs)
           ^^^^^^^^^^^^^^^^^^^^^^^^^^^^^
tldw_Server_API/app/core/DB_Management/ChaChaNotes_DB.py:8360: in execute_query
    raise CharactersRAGDBError(f"Query execution failed: {exc}") from exc  # noqa: TRY003
    ^^^^^^^^^^^^^^^^^^^^^^^^^^^^^^^^^^^^^^^^^^^^^^^^^^^^^^^^^^^^^^^^^^^^^
E   tldw_Server_API.app.core.DB_Management.ChaChaNotes_DB.CharactersRAGDBError: Query execution failed: PostgreSQL query execution failed
---------------------------- Captured stderr setup -----------------------------
2026-09-16 23:23:15.407 | INFO     | tldw_Server_API.app.core.DB_Management.backends.factory:create_backend:392 - Creating postgresql backend
2026-09-16 23:23:15.408 | INFO     | tldw_Server_API.app.core.config:_buffered_log:210 - Determined ACTUAL_PROJECT_ROOT for database paths: /Users/macbook-dev/Documents/GitHub/tldw_server2
2026-09-16 23:23:15.408 | INFO     | tldw_Server_API.app.core.config:_buffered_log:210 - Early loading environment variables from: /Users/macbook-dev/Documents/GitHub/tldw_server2/tldw_Server_API/Config_Files/.env
2026-09-16 23:23:15.412 | INFO     | tldw_Server_API.app.core.config:_buffered_log:210 - Early loading environment variables from: /Users/macbook-dev/Documents/GitHub/tldw_server2/tldw_Server_API/Config_Files/.ENV
2026-09-16 23:23:15.417 | DEBUG    | tldw_Server_API.app.core.config:_buffered_log:210 - load_and_log_configs(): Loading and logging configurations...
2026-09-16 23:23:15.417 | INFO     | tldw_Server_API.app.core.config:_buffered_log:210 - Loading environment variables from: /Users/macbook-dev/Documents/GitHub/tldw_server2/tldw_Server_API/Config_Files/.env
2026-09-16 23:23:15.421 | INFO     | tldw_Server_API.app.core.config:_buffered_log:210 - Loading environment variables from: /Users/macbook-dev/Documents/GitHub/tldw_server2/tldw_Server_API/Config_Files/.ENV
2026-09-16 23:23:15.426 | INFO     | tldw_Server_API.app.core.config:_buffered_log:210 - Attempting to load comprehensive config from: /Users/macbook-dev/Documents/GitHub/tldw_server2/tldw_Server_API/Config_Files/config.txt
2026-09-16 23:23:15.428 | INFO     | tldw_Server_API.app.core.config:_buffered_log:210 - load_comprehensive_config(): Sections found in config: ['Setup', 'UI', 'Server', 'Files', 'Image-Generation', 'ACP', 'WORKSPACES', 'ACP-WORKSPACE', 'ACP-SANDBOX', 'Audit', 'Processing', 'Media-Processing', 'Chat-Dictionaries', 'Chat-Module', 'Chat-Commands', 'Chat-Templating', 'Character-Chat', 'Settings', 'Auto-Save', 'Prompts', 'Database', 'Chunking', 'Visual-RAG', 'AuthNZ', 'Streaming', 'HTTP', 'Egress', 'Embeddings', 'Claims', 'ClaimsMonitoring', 'RAG', 'Search-Agent', 'ResourceGovernor', 'Jobs', 'SlidesStandaloneHtml', 'Diarization', 'API', 'MLX', 'Local-API', 'LlamaCpp', 'STT-Settings', 'external_providers', 'TTS-Settings', 'VibeVoice', 'Audio-Quota', 'API-Routes', 'Search-Engines', 'Web-Scraper', 'Logging', 'Moderation', 'Redis', 'Web-Scraping', 'personalization', 'persona', 'persona.rbac']
2026-09-16 23:23:15.430 | INFO     | tldw_Server_API.app.core.config:_buffered_log:210 - Ensured main SQLite database directory exists: /Users/macbook-dev/Documents/GitHub/tldw_server2/Databases
2026-09-16 23:23:15.430 | INFO     | tldw_Server_API.app.core.config:_buffered_log:210 - Ensured user data base directory exists: Databases/user_databases
2026-09-16 23:23:15.430 | WARNING  | tldw_Server_API.app.core.DB_Management.db_path_utils:resolve_user_db_base_dir:491 - USER_DB_BASE_DIR not configured in tests, using isolated fallback: /private/var/folders/sn/m80n2j152t9gw3w8qwk2nykh0000gn/T/tldw_user_databases_test/default-13eac527
2026-09-16 23:23:15.430 | INFO     | tldw_Server_API.app.core.DB_Management.ChaChaNotes_DB:__init__:7657 - Initializing CharactersRAGDB for path: /private/var/folders/sn/m80n2j152t9gw3w8qwk2nykh0000gn/T/pytest-of-macbook-dev/pytest-597/test_profile_insert_preserves_3/default-profile.db [Client ID: 2] (backend=postgresql)
2026-09-16 23:23:16.762 | DEBUG    | tldw_Server_API.app.core.DB_Management.ChaChaNotes_DB:__init__:7664 - CharactersRAGDB initialization completed successfully for /private/var/folders/sn/m80n2j152t9gw3w8qwk2nykh0000gn/T/pytest-of-macbook-dev/pytest-597/test_profile_insert_preserves_3/default-profile.db
----------------------------- Captured stderr call -----------------------------
2026-09-16 23:23:16.764 | DEBUG    | tldw_Server_API.app.core.DB_Management.ChaChaNotes_DB:_get_connection_for_state:8036 - Acquired backend connection (postgresql) for thread 8346099072
2026-09-16 23:23:16.764 | DEBUG    | tldw_Server_API.app.core.DB_Management.ChaChaNotes_DB:execute_query:8286 - Executing SQL (script=False, backend=postgresql): INSERT INTO persona_profiles(id, user_id, name, character_card_id, origin_character_id, origin_character_name, origin_character_snapshot_at, mode, system_prompt, voice_defaults_json, setup_json, is_active, use_persona_state_context_default, created_at, last_modified, deleted, version) VALUES (?, ?, ... Params: ('existing', '2', 'Existing', None, None, None, None, 'session_scoped', None, None, None, True, True, '2026-09-17T06:23:16.762Z', '2026-09-17T06:23:16.762Z', False, 1)...
2026-09-16 23:23:16.765 | DEBUG    | tldw_Server_API.app.core.DB_Management.ChaChaNotes_DB:execute_query:8286 - Executing SQL (script=False, backend=postgresql): UPDATE persona_profiles SET system_prompt = ? WHERE id = ?... Params: ('Pending', 'existing')...
2026-09-16 23:23:16.766 | DEBUG    | tldw_Server_API.app.core.DB_Management.ChaChaNotes_DB:execute_query:8286 - Executing SQL (script=False, backend=postgresql): INSERT INTO persona_profiles(id, user_id, name, character_card_id, origin_character_id, origin_character_name, origin_character_snapshot_at, mode, system_prompt, voice_defaults_json, setup_json, is_active, use_persona_state_context_default, created_at, last_modified, deleted, version) VALUES (?, ?, ... Params: ('existing', '2', 'Duplicate', None, None, None, None, 'session_scoped', None, None, None, True, True, '2026-09-17T06:23:16.766Z', '2026-09-17T06:23:16.766Z', False, 1)...
2026-09-16 23:23:16.767 | ERROR    | tldw_Server_API.app.core.DB_Management.backends.postgresql_backend:execute:1089 - PostgreSQL query execution failed
2026-09-16 23:23:16.767 | ERROR    | tldw_Server_API.app.core.DB_Management.ChaChaNotes_DB:execute_query:8354 - Backend query execution failed (postgresql): PostgreSQL query execution failed
--------------------------- Captured stderr teardown ---------------------------
2026-09-16 23:23:17.343 | DEBUG    | tldw_Server_API.app.core.DB_Management.ChaChaNotes_DB:close_connection:8110 - Returned backend connection (postgresql) for thread 8346099072.
2026-09-16 23:23:17.359 | INFO     | tldw_Server_API.app.api.v1.API_Deps.ChaCha_Notes_DB_Deps:close_all_chacha_db_instances:876 - Closing all cached ChaChaNotesDB instances (0)...
2026-09-16 23:23:17.359 | INFO     | tldw_Server_API.app.api.v1.API_Deps.ChaCha_Notes_DB_Deps:close_all_chacha_db_instances:892 - All ChaChaNotesDB instances closed and cache cleared.
2026-09-16 23:23:17.360 | INFO     | tldw_Server_API.app.api.v1.API_Deps.ChaCha_Notes_DB_Deps:close_all_chacha_db_instances:876 - Closing all cached ChaChaNotesDB instances (0)...
2026-09-16 23:23:17.360 | INFO     | tldw_Server_API.app.api.v1.API_Deps.ChaCha_Notes_DB_Deps:close_all_chacha_db_instances:892 - All ChaChaNotesDB instances closed and cache cleared.
_ test_profile_insert_preserves_caller_transaction_and_rollback[False-managed-empty] _
tldw_Server_API/tests/DB_Management/test_persona_default_profile_backends.py:201: in test_profile_insert_preserves_caller_transaction_and_rollback
    operation()
tldw_Server_API/tests/DB_Management/test_persona_default_profile_backends.py:192: in operation
    assert conn.info.transaction_status.name == "INTRANS"
E   AssertionError: assert 'IDLE' == 'INTRANS'
E
E     - INTRANS
E     + IDLE
---------------------------- Captured stderr setup -----------------------------
2026-09-16 23:23:17.378 | INFO     | tldw_Server_API.app.core.DB_Management.backends.factory:create_backend:392 - Creating postgresql backend
2026-09-16 23:23:17.378 | INFO     | tldw_Server_API.app.core.config:_buffered_log:210 - Determined ACTUAL_PROJECT_ROOT for database paths: /Users/macbook-dev/Documents/GitHub/tldw_server2
2026-09-16 23:23:17.378 | INFO     | tldw_Server_API.app.core.config:_buffered_log:210 - Early loading environment variables from: /Users/macbook-dev/Documents/GitHub/tldw_server2/tldw_Server_API/Config_Files/.env
2026-09-16 23:23:17.383 | INFO     | tldw_Server_API.app.core.config:_buffered_log:210 - Early loading environment variables from: /Users/macbook-dev/Documents/GitHub/tldw_server2/tldw_Server_API/Config_Files/.ENV
2026-09-16 23:23:17.387 | DEBUG    | tldw_Server_API.app.core.config:_buffered_log:210 - load_and_log_configs(): Loading and logging configurations...
2026-09-16 23:23:17.387 | INFO     | tldw_Server_API.app.core.config:_buffered_log:210 - Loading environment variables from: /Users/macbook-dev/Documents/GitHub/tldw_server2/tldw_Server_API/Config_Files/.env
2026-09-16 23:23:17.391 | INFO     | tldw_Server_API.app.core.config:_buffered_log:210 - Loading environment variables from: /Users/macbook-dev/Documents/GitHub/tldw_server2/tldw_Server_API/Config_Files/.ENV
2026-09-16 23:23:17.396 | INFO     | tldw_Server_API.app.core.config:_buffered_log:210 - Attempting to load comprehensive config from: /Users/macbook-dev/Documents/GitHub/tldw_server2/tldw_Server_API/Config_Files/config.txt
2026-09-16 23:23:17.398 | INFO     | tldw_Server_API.app.core.config:_buffered_log:210 - load_comprehensive_config(): Sections found in config: ['Setup', 'UI', 'Server', 'Files', 'Image-Generation', 'ACP', 'WORKSPACES', 'ACP-WORKSPACE', 'ACP-SANDBOX', 'Audit', 'Processing', 'Media-Processing', 'Chat-Dictionaries', 'Chat-Module', 'Chat-Commands', 'Chat-Templating', 'Character-Chat', 'Settings', 'Auto-Save', 'Prompts', 'Database', 'Chunking', 'Visual-RAG', 'AuthNZ', 'Streaming', 'HTTP', 'Egress', 'Embeddings', 'Claims', 'ClaimsMonitoring', 'RAG', 'Search-Agent', 'ResourceGovernor', 'Jobs', 'SlidesStandaloneHtml', 'Diarization', 'API', 'MLX', 'Local-API', 'LlamaCpp', 'STT-Settings', 'external_providers', 'TTS-Settings', 'VibeVoice', 'Audio-Quota', 'API-Routes', 'Search-Engines', 'Web-Scraper', 'Logging', 'Moderation', 'Redis', 'Web-Scraping', 'personalization', 'persona', 'persona.rbac']
2026-09-16 23:23:17.400 | INFO     | tldw_Server_API.app.core.config:_buffered_log:210 - Ensured main SQLite database directory exists: /Users/macbook-dev/Documents/GitHub/tldw_server2/Databases
2026-09-16 23:23:17.400 | INFO     | tldw_Server_API.app.core.config:_buffered_log:210 - Ensured user data base directory exists: Databases/user_databases
2026-09-16 23:23:17.400 | WARNING  | tldw_Server_API.app.core.DB_Management.db_path_utils:resolve_user_db_base_dir:491 - USER_DB_BASE_DIR not configured in tests, using isolated fallback: /private/var/folders/sn/m80n2j152t9gw3w8qwk2nykh0000gn/T/tldw_user_databases_test/default-13eac527
2026-09-16 23:23:17.400 | INFO     | tldw_Server_API.app.core.DB_Management.ChaChaNotes_DB:__init__:7657 - Initializing CharactersRAGDB for path: /private/var/folders/sn/m80n2j152t9gw3w8qwk2nykh0000gn/T/pytest-of-macbook-dev/pytest-597/test_profile_insert_preserves_4/default-profile.db [Client ID: 2] (backend=postgresql)
2026-09-16 23:23:18.763 | DEBUG    | tldw_Server_API.app.core.DB_Management.ChaChaNotes_DB:__init__:7664 - CharactersRAGDB initialization completed successfully for /private/var/folders/sn/m80n2j152t9gw3w8qwk2nykh0000gn/T/pytest-of-macbook-dev/pytest-597/test_profile_insert_preserves_4/default-profile.db
----------------------------- Captured stderr call -----------------------------
2026-09-16 23:23:18.765 | DEBUG    | tldw_Server_API.app.core.DB_Management.ChaChaNotes_DB:_get_connection_for_state:8036 - Acquired backend connection (postgresql) for thread 8346099072
2026-09-16 23:23:18.765 | DEBUG    | tldw_Server_API.app.core.DB_Management.ChaChaNotes_DB:execute_query:8286 - Executing SQL (script=False, backend=postgresql): INSERT INTO persona_profiles(id, user_id, name, character_card_id, origin_character_id, origin_character_name, origin_character_snapshot_at, mode, system_prompt, voice_defaults_json, setup_json, is_active, use_persona_state_context_default, created_at, last_modified, deleted, version) VALUES (?, ?, ... Params: ('existing', '2', 'Existing', None, None, None, None, 'session_scoped', None, None, None, True, True, '2026-09-17T06:23:18.764Z', '2026-09-17T06:23:18.764Z', False, 1)...
2026-09-16 23:23:18.766 | DEBUG    | tldw_Server_API.app.core.DB_Management.ChaChaNotes_DB:execute_query:8286 - Executing SQL (script=False, backend=postgresql): INSERT INTO persona_profiles(id, user_id, name, character_card_id, origin_character_id, origin_character_name, origin_character_snapshot_at, mode, system_prompt, voice_defaults_json, setup_json, is_active, use_persona_state_context_default, created_at, last_modified, deleted, version) VALUES (?, ?, ... Params: ('created', '2', 'Created', None, None, None, None, 'session_scoped', None, None, None, True, True, '2026-09-17T06:23:18.766Z', '2026-09-17T06:23:18.766Z', False, 1)...
--------------------------- Captured stderr teardown ---------------------------
2026-09-16 23:23:18.771 | DEBUG    | tldw_Server_API.app.core.DB_Management.ChaChaNotes_DB:close_connection:8110 - Returned backend connection (postgresql) for thread 8346099072.
2026-09-16 23:23:18.787 | INFO     | tldw_Server_API.app.api.v1.API_Deps.ChaCha_Notes_DB_Deps:close_all_chacha_db_instances:876 - Closing all cached ChaChaNotesDB instances (0)...
2026-09-16 23:23:18.787 | INFO     | tldw_Server_API.app.api.v1.API_Deps.ChaCha_Notes_DB_Deps:close_all_chacha_db_instances:892 - All ChaChaNotesDB instances closed and cache cleared.
2026-09-16 23:23:18.787 | INFO     | tldw_Server_API.app.api.v1.API_Deps.ChaCha_Notes_DB_Deps:close_all_chacha_db_instances:876 - Closing all cached ChaChaNotesDB instances (0)...
2026-09-16 23:23:18.787 | INFO     | tldw_Server_API.app.api.v1.API_Deps.ChaCha_Notes_DB_Deps:close_all_chacha_db_instances:892 - All ChaChaNotesDB instances closed and cache cleared.
_____ test_duplicate_profile_is_conflict_and_connection_remains_usable[id] _____
tldw_Server_API/app/core/DB_Management/ChaChaNotes_DB.py:8306: in execute_query
    cursor.execute(prepared_query, prepared_params or ())
tldw_Server_API/app/core/DB_Management/ChaChaNotes_DB.py:506: in guarded
    return method(self, *args, **kwargs)
           ^^^^^^^^^^^^^^^^^^^^^^^^^^^^^
tldw_Server_API/app/core/DB_Management/ChaChaNotes_DB.py:536: in execute
    self._result = self._backend.execute(
tldw_Server_API/app/core/DB_Management/backends/postgresql_backend.py:1099: in execute
    raise UniqueConstraintError("PostgreSQL query execution failed")
E   tldw_Server_API.app.core.DB_Management.backends.base.UniqueConstraintError: PostgreSQL query execution failed

The above exception was the direct cause of the following exception:
tldw_Server_API/tests/DB_Management/test_persona_default_profile_backends.py:171: in test_duplicate_profile_is_conflict_and_connection_remains_usable
    pg_db.create_persona_profile(data)
tldw_Server_API/app/core/DB_Management/ChaChaNotes_DB.py:44599: in _delegated
    return getattr(getattr(self, store_attr), method_name)(*args, **kwargs)
           ^^^^^^^^^^^^^^^^^^^^^^^^^^^^^^^^^^^^^^^^^^^^^^^^^^^^^^^^^^^^^^^^
tldw_Server_API/app/core/DB_Management/chacha/persona_state_store.py:1746: in create_persona_profile
    self.execute_query(query, params, commit=True)
tldw_Server_API/app/core/DB_Management/ChaChaNotes_DB.py:492: in guarded
    return method(self, *args, **kwargs)
           ^^^^^^^^^^^^^^^^^^^^^^^^^^^^^
tldw_Server_API/app/core/DB_Management/ChaChaNotes_DB.py:8360: in execute_query
    raise CharactersRAGDBError(f"Query execution failed: {exc}") from exc  # noqa: TRY003
    ^^^^^^^^^^^^^^^^^^^^^^^^^^^^^^^^^^^^^^^^^^^^^^^^^^^^^^^^^^^^^^^^^^^^^
E   tldw_Server_API.app.core.DB_Management.ChaChaNotes_DB.CharactersRAGDBError: Query execution failed: PostgreSQL query execution failed
---------------------------- Captured stderr setup -----------------------------
2026-09-16 23:23:20.321 | INFO     | tldw_Server_API.app.core.DB_Management.backends.factory:create_backend:392 - Creating postgresql backend
2026-09-16 23:23:20.322 | INFO     | tldw_Server_API.app.core.config:_buffered_log:210 - Determined ACTUAL_PROJECT_ROOT for database paths: /Users/macbook-dev/Documents/GitHub/tldw_server2
2026-09-16 23:23:20.322 | INFO     | tldw_Server_API.app.core.config:_buffered_log:210 - Early loading environment variables from: /Users/macbook-dev/Documents/GitHub/tldw_server2/tldw_Server_API/Config_Files/.env
2026-09-16 23:23:20.326 | INFO     | tldw_Server_API.app.core.config:_buffered_log:210 - Early loading environment variables from: /Users/macbook-dev/Documents/GitHub/tldw_server2/tldw_Server_API/Config_Files/.ENV
2026-09-16 23:23:20.330 | DEBUG    | tldw_Server_API.app.core.config:_buffered_log:210 - load_and_log_configs(): Loading and logging configurations...
2026-09-16 23:23:20.331 | INFO     | tldw_Server_API.app.core.config:_buffered_log:210 - Loading environment variables from: /Users/macbook-dev/Documents/GitHub/tldw_server2/tldw_Server_API/Config_Files/.env
2026-09-16 23:23:20.335 | INFO     | tldw_Server_API.app.core.config:_buffered_log:210 - Loading environment variables from: /Users/macbook-dev/Documents/GitHub/tldw_server2/tldw_Server_API/Config_Files/.ENV
2026-09-16 23:23:20.340 | INFO     | tldw_Server_API.app.core.config:_buffered_log:210 - Attempting to load comprehensive config from: /Users/macbook-dev/Documents/GitHub/tldw_server2/tldw_Server_API/Config_Files/config.txt
2026-09-16 23:23:20.342 | INFO     | tldw_Server_API.app.core.config:_buffered_log:210 - load_comprehensive_config(): Sections found in config: ['Setup', 'UI', 'Server', 'Files', 'Image-Generation', 'ACP', 'WORKSPACES', 'ACP-WORKSPACE', 'ACP-SANDBOX', 'Audit', 'Processing', 'Media-Processing', 'Chat-Dictionaries', 'Chat-Module', 'Chat-Commands', 'Chat-Templating', 'Character-Chat', 'Settings', 'Auto-Save', 'Prompts', 'Database', 'Chunking', 'Visual-RAG', 'AuthNZ', 'Streaming', 'HTTP', 'Egress', 'Embeddings', 'Claims', 'ClaimsMonitoring', 'RAG', 'Search-Agent', 'ResourceGovernor', 'Jobs', 'SlidesStandaloneHtml', 'Diarization', 'API', 'MLX', 'Local-API', 'LlamaCpp', 'STT-Settings', 'external_providers', 'TTS-Settings', 'VibeVoice', 'Audio-Quota', 'API-Routes', 'Search-Engines', 'Web-Scraper', 'Logging', 'Moderation', 'Redis', 'Web-Scraping', 'personalization', 'persona', 'persona.rbac']
2026-09-16 23:23:20.344 | INFO     | tldw_Server_API.app.core.config:_buffered_log:210 - Ensured main SQLite database directory exists: /Users/macbook-dev/Documents/GitHub/tldw_server2/Databases
2026-09-16 23:23:20.344 | INFO     | tldw_Server_API.app.core.config:_buffered_log:210 - Ensured user data base directory exists: Databases/user_databases
2026-09-16 23:23:20.344 | WARNING  | tldw_Server_API.app.core.DB_Management.db_path_utils:resolve_user_db_base_dir:491 - USER_DB_BASE_DIR not configured in tests, using isolated fallback: /private/var/folders/sn/m80n2j152t9gw3w8qwk2nykh0000gn/T/tldw_user_databases_test/default-13eac527
2026-09-16 23:23:20.345 | INFO     | tldw_Server_API.app.core.DB_Management.ChaChaNotes_DB:__init__:7657 - Initializing CharactersRAGDB for path: /private/var/folders/sn/m80n2j152t9gw3w8qwk2nykh0000gn/T/pytest-of-macbook-dev/pytest-597/test_duplicate_profile_is_conf0/default-profile.db [Client ID: 2] (backend=postgresql)
2026-09-16 23:23:21.646 | DEBUG    | tldw_Server_API.app.core.DB_Management.ChaChaNotes_DB:__init__:7664 - CharactersRAGDB initialization completed successfully for /private/var/folders/sn/m80n2j152t9gw3w8qwk2nykh0000gn/T/pytest-of-macbook-dev/pytest-597/test_duplicate_profile_is_conf0/default-profile.db
----------------------------- Captured stderr call -----------------------------
2026-09-16 23:23:21.648 | DEBUG    | tldw_Server_API.app.core.DB_Management.ChaChaNotes_DB:_get_connection_for_state:8036 - Acquired backend connection (postgresql) for thread 8346099072
2026-09-16 23:23:21.648 | DEBUG    | tldw_Server_API.app.core.DB_Management.ChaChaNotes_DB:execute_query:8286 - Executing SQL (script=False, backend=postgresql): INSERT INTO persona_profiles(id, user_id, name, character_card_id, origin_character_id, origin_character_name, origin_character_snapshot_at, mode, system_prompt, voice_defaults_json, setup_json, is_active, use_persona_state_context_default, created_at, last_modified, deleted, version) VALUES (?, ?, ... Params: ('existing', '2', 'Existing', None, None, None, None, 'session_scoped', None, None, None, True, True, '2026-09-17T06:23:21.647Z', '2026-09-17T06:23:21.647Z', False, 1)...
2026-09-16 23:23:21.649 | DEBUG    | tldw_Server_API.app.core.DB_Management.ChaChaNotes_DB:execute_query:8286 - Executing SQL (script=False, backend=postgresql): INSERT INTO persona_profiles(id, user_id, name, character_card_id, origin_character_id, origin_character_name, origin_character_snapshot_at, mode, system_prompt, voice_defaults_json, setup_json, is_active, use_persona_state_context_default, created_at, last_modified, deleted, version) VALUES (?, ?, ... Params: ('existing', '2', 'New', None, None, None, None, 'session_scoped', None, None, None, True, True, '2026-09-17T06:23:21.649Z', '2026-09-17T06:23:21.649Z', False, 1)...
2026-09-16 23:23:21.650 | ERROR    | tldw_Server_API.app.core.DB_Management.backends.postgresql_backend:execute:1089 - PostgreSQL query execution failed
2026-09-16 23:23:21.650 | ERROR    | tldw_Server_API.app.core.DB_Management.ChaChaNotes_DB:execute_query:8354 - Backend query execution failed (postgresql): PostgreSQL query execution failed
--------------------------- Captured stderr teardown ---------------------------
2026-09-16 23:23:22.177 | DEBUG    | tldw_Server_API.app.core.DB_Management.ChaChaNotes_DB:close_connection:8110 - Returned backend connection (postgresql) for thread 8346099072.
2026-09-16 23:23:22.198 | INFO     | tldw_Server_API.app.api.v1.API_Deps.ChaCha_Notes_DB_Deps:close_all_chacha_db_instances:876 - Closing all cached ChaChaNotesDB instances (0)...
2026-09-16 23:23:22.198 | INFO     | tldw_Server_API.app.api.v1.API_Deps.ChaCha_Notes_DB_Deps:close_all_chacha_db_instances:892 - All ChaChaNotesDB instances closed and cache cleared.
2026-09-16 23:23:22.198 | INFO     | tldw_Server_API.app.api.v1.API_Deps.ChaCha_Notes_DB_Deps:close_all_chacha_db_instances:876 - Closing all cached ChaChaNotesDB instances (0)...
2026-09-16 23:23:22.198 | INFO     | tldw_Server_API.app.api.v1.API_Deps.ChaCha_Notes_DB_Deps:close_all_chacha_db_instances:892 - All ChaChaNotesDB instances closed and cache cleared.
_ test_profile_insert_preserves_caller_transaction_and_rollback[True-managed-empty] _
tldw_Server_API/app/core/DB_Management/ChaChaNotes_DB.py:8306: in execute_query
    cursor.execute(prepared_query, prepared_params or ())
tldw_Server_API/app/core/DB_Management/ChaChaNotes_DB.py:506: in guarded
    return method(self, *args, **kwargs)
           ^^^^^^^^^^^^^^^^^^^^^^^^^^^^^
tldw_Server_API/app/core/DB_Management/ChaChaNotes_DB.py:536: in execute
    self._result = self._backend.execute(
tldw_Server_API/app/core/DB_Management/backends/postgresql_backend.py:1099: in execute
    raise UniqueConstraintError("PostgreSQL query execution failed")
E   tldw_Server_API.app.core.DB_Management.backends.base.UniqueConstraintError: PostgreSQL query execution failed

The above exception was the direct cause of the following exception:
tldw_Server_API/tests/DB_Management/test_persona_default_profile_backends.py:201: in test_profile_insert_preserves_caller_transaction_and_rollback
    operation()
tldw_Server_API/tests/DB_Management/test_persona_default_profile_backends.py:189: in operation
    db.create_persona_profile({"id": "existing", "user_id": "2", "name": "Duplicate"})
tldw_Server_API/app/core/DB_Management/ChaChaNotes_DB.py:44599: in _delegated
    return getattr(getattr(self, store_attr), method_name)(*args, **kwargs)
           ^^^^^^^^^^^^^^^^^^^^^^^^^^^^^^^^^^^^^^^^^^^^^^^^^^^^^^^^^^^^^^^^
tldw_Server_API/app/core/DB_Management/chacha/persona_state_store.py:1746: in create_persona_profile
    self.execute_query(query, params, commit=True)
tldw_Server_API/app/core/DB_Management/ChaChaNotes_DB.py:492: in guarded
    return method(self, *args, **kwargs)
           ^^^^^^^^^^^^^^^^^^^^^^^^^^^^^
tldw_Server_API/app/core/DB_Management/ChaChaNotes_DB.py:8360: in execute_query
    raise CharactersRAGDBError(f"Query execution failed: {exc}") from exc  # noqa: TRY003
    ^^^^^^^^^^^^^^^^^^^^^^^^^^^^^^^^^^^^^^^^^^^^^^^^^^^^^^^^^^^^^^^^^^^^^
E   tldw_Server_API.app.core.DB_Management.ChaChaNotes_DB.CharactersRAGDBError: Query execution failed: PostgreSQL query execution failed
---------------------------- Captured stderr setup -----------------------------
2026-09-16 23:23:22.217 | INFO     | tldw_Server_API.app.core.DB_Management.backends.factory:create_backend:392 - Creating postgresql backend
2026-09-16 23:23:22.218 | INFO     | tldw_Server_API.app.core.config:_buffered_log:210 - Determined ACTUAL_PROJECT_ROOT for database paths: /Users/macbook-dev/Documents/GitHub/tldw_server2
2026-09-16 23:23:22.218 | INFO     | tldw_Server_API.app.core.config:_buffered_log:210 - Early loading environment variables from: /Users/macbook-dev/Documents/GitHub/tldw_server2/tldw_Server_API/Config_Files/.env
2026-09-16 23:23:22.222 | INFO     | tldw_Server_API.app.core.config:_buffered_log:210 - Early loading environment variables from: /Users/macbook-dev/Documents/GitHub/tldw_server2/tldw_Server_API/Config_Files/.ENV
2026-09-16 23:23:22.227 | DEBUG    | tldw_Server_API.app.core.config:_buffered_log:210 - load_and_log_configs(): Loading and logging configurations...
2026-09-16 23:23:22.227 | INFO     | tldw_Server_API.app.core.config:_buffered_log:210 - Loading environment variables from: /Users/macbook-dev/Documents/GitHub/tldw_server2/tldw_Server_API/Config_Files/.env
2026-09-16 23:23:22.231 | INFO     | tldw_Server_API.app.core.config:_buffered_log:210 - Loading environment variables from: /Users/macbook-dev/Documents/GitHub/tldw_server2/tldw_Server_API/Config_Files/.ENV
2026-09-16 23:23:22.236 | INFO     | tldw_Server_API.app.core.config:_buffered_log:210 - Attempting to load comprehensive config from: /Users/macbook-dev/Documents/GitHub/tldw_server2/tldw_Server_API/Config_Files/config.txt
2026-09-16 23:23:22.238 | INFO     | tldw_Server_API.app.core.config:_buffered_log:210 - load_comprehensive_config(): Sections found in config: ['Setup', 'UI', 'Server', 'Files', 'Image-Generation', 'ACP', 'WORKSPACES', 'ACP-WORKSPACE', 'ACP-SANDBOX', 'Audit', 'Processing', 'Media-Processing', 'Chat-Dictionaries', 'Chat-Module', 'Chat-Commands', 'Chat-Templating', 'Character-Chat', 'Settings', 'Auto-Save', 'Prompts', 'Database', 'Chunking', 'Visual-RAG', 'AuthNZ', 'Streaming', 'HTTP', 'Egress', 'Embeddings', 'Claims', 'ClaimsMonitoring', 'RAG', 'Search-Agent', 'ResourceGovernor', 'Jobs', 'SlidesStandaloneHtml', 'Diarization', 'API', 'MLX', 'Local-API', 'LlamaCpp', 'STT-Settings', 'external_providers', 'TTS-Settings', 'VibeVoice', 'Audio-Quota', 'API-Routes', 'Search-Engines', 'Web-Scraper', 'Logging', 'Moderation', 'Redis', 'Web-Scraping', 'personalization', 'persona', 'persona.rbac']
2026-09-16 23:23:22.240 | INFO     | tldw_Server_API.app.core.config:_buffered_log:210 - Ensured main SQLite database directory exists: /Users/macbook-dev/Documents/GitHub/tldw_server2/Databases
2026-09-16 23:23:22.240 | INFO     | tldw_Server_API.app.core.config:_buffered_log:210 - Ensured user data base directory exists: Databases/user_databases
2026-09-16 23:23:22.240 | WARNING  | tldw_Server_API.app.core.DB_Management.db_path_utils:resolve_user_db_base_dir:491 - USER_DB_BASE_DIR not configured in tests, using isolated fallback: /private/var/folders/sn/m80n2j152t9gw3w8qwk2nykh0000gn/T/tldw_user_databases_test/default-13eac527
2026-09-16 23:23:22.240 | INFO     | tldw_Server_API.app.core.DB_Management.ChaChaNotes_DB:__init__:7657 - Initializing CharactersRAGDB for path: /private/var/folders/sn/m80n2j152t9gw3w8qwk2nykh0000gn/T/pytest-of-macbook-dev/pytest-597/test_profile_insert_preserves_5/default-profile.db [Client ID: 2] (backend=postgresql)
2026-09-16 23:23:23.554 | DEBUG    | tldw_Server_API.app.core.DB_Management.ChaChaNotes_DB:__init__:7664 - CharactersRAGDB initialization completed successfully for /private/var/folders/sn/m80n2j152t9gw3w8qwk2nykh0000gn/T/pytest-of-macbook-dev/pytest-597/test_profile_insert_preserves_5/default-profile.db
----------------------------- Captured stderr call -----------------------------
2026-09-16 23:23:23.555 | DEBUG    | tldw_Server_API.app.core.DB_Management.ChaChaNotes_DB:_get_connection_for_state:8036 - Acquired backend connection (postgresql) for thread 8346099072
2026-09-16 23:23:23.556 | DEBUG    | tldw_Server_API.app.core.DB_Management.ChaChaNotes_DB:execute_query:8286 - Executing SQL (script=False, backend=postgresql): INSERT INTO persona_profiles(id, user_id, name, character_card_id, origin_character_id, origin_character_name, origin_character_snapshot_at, mode, system_prompt, voice_defaults_json, setup_json, is_active, use_persona_state_context_default, created_at, last_modified, deleted, version) VALUES (?, ?, ... Params: ('existing', '2', 'Existing', None, None, None, None, 'session_scoped', None, None, None, True, True, '2026-09-17T06:23:23.554Z', '2026-09-17T06:23:23.554Z', False, 1)...
2026-09-16 23:23:23.557 | DEBUG    | tldw_Server_API.app.core.DB_Management.ChaChaNotes_DB:execute_query:8286 - Executing SQL (script=False, backend=postgresql): INSERT INTO persona_profiles(id, user_id, name, character_card_id, origin_character_id, origin_character_name, origin_character_snapshot_at, mode, system_prompt, voice_defaults_json, setup_json, is_active, use_persona_state_context_default, created_at, last_modified, deleted, version) VALUES (?, ?, ... Params: ('existing', '2', 'Duplicate', None, None, None, None, 'session_scoped', None, None, None, True, True, '2026-09-17T06:23:23.557Z', '2026-09-17T06:23:23.557Z', False, 1)...
2026-09-16 23:23:23.557 | ERROR    | tldw_Server_API.app.core.DB_Management.backends.postgresql_backend:execute:1089 - PostgreSQL query execution failed
2026-09-16 23:23:23.557 | ERROR    | tldw_Server_API.app.core.DB_Management.ChaChaNotes_DB:execute_query:8354 - Backend query execution failed (postgresql): PostgreSQL query execution failed
--------------------------- Captured stderr teardown ---------------------------
2026-09-16 23:23:24.151 | DEBUG    | tldw_Server_API.app.core.DB_Management.ChaChaNotes_DB:close_connection:8110 - Returned backend connection (postgresql) for thread 8346099072.
2026-09-16 23:23:24.172 | INFO     | tldw_Server_API.app.api.v1.API_Deps.ChaCha_Notes_DB_Deps:close_all_chacha_db_instances:876 - Closing all cached ChaChaNotesDB instances (0)...
2026-09-16 23:23:24.172 | INFO     | tldw_Server_API.app.api.v1.API_Deps.ChaCha_Notes_DB_Deps:close_all_chacha_db_instances:892 - All ChaChaNotesDB instances closed and cache cleared.
2026-09-16 23:23:24.172 | INFO     | tldw_Server_API.app.api.v1.API_Deps.ChaCha_Notes_DB_Deps:close_all_chacha_db_instances:876 - Closing all cached ChaChaNotesDB instances (0)...
2026-09-16 23:23:24.172 | INFO     | tldw_Server_API.app.api.v1.API_Deps.ChaCha_Notes_DB_Deps:close_all_chacha_db_instances:892 - All ChaChaNotesDB instances closed and cache cleared.
_ test_profile_insert_preserves_caller_transaction_and_rollback[False-borrowed-empty] _
tldw_Server_API/tests/DB_Management/test_persona_default_profile_backends.py:207: in test_profile_insert_preserves_caller_transaction_and_rollback
    operation()
tldw_Server_API/tests/DB_Management/test_persona_default_profile_backends.py:192: in operation
    assert conn.info.transaction_status.name == "INTRANS"
E   AssertionError: assert 'IDLE' == 'INTRANS'
E
E     - INTRANS
E     + IDLE
---------------------------- Captured stderr setup -----------------------------
2026-09-16 23:23:24.194 | INFO     | tldw_Server_API.app.core.DB_Management.backends.factory:create_backend:392 - Creating postgresql backend
2026-09-16 23:23:24.194 | INFO     | tldw_Server_API.app.core.config:_buffered_log:210 - Determined ACTUAL_PROJECT_ROOT for database paths: /Users/macbook-dev/Documents/GitHub/tldw_server2
2026-09-16 23:23:24.194 | INFO     | tldw_Server_API.app.core.config:_buffered_log:210 - Early loading environment variables from: /Users/macbook-dev/Documents/GitHub/tldw_server2/tldw_Server_API/Config_Files/.env
2026-09-16 23:23:24.199 | INFO     | tldw_Server_API.app.core.config:_buffered_log:210 - Early loading environment variables from: /Users/macbook-dev/Documents/GitHub/tldw_server2/tldw_Server_API/Config_Files/.ENV
2026-09-16 23:23:24.204 | DEBUG    | tldw_Server_API.app.core.config:_buffered_log:210 - load_and_log_configs(): Loading and logging configurations...
2026-09-16 23:23:24.204 | INFO     | tldw_Server_API.app.core.config:_buffered_log:210 - Loading environment variables from: /Users/macbook-dev/Documents/GitHub/tldw_server2/tldw_Server_API/Config_Files/.env
2026-09-16 23:23:24.209 | INFO     | tldw_Server_API.app.core.config:_buffered_log:210 - Loading environment variables from: /Users/macbook-dev/Documents/GitHub/tldw_server2/tldw_Server_API/Config_Files/.ENV
2026-09-16 23:23:24.213 | INFO     | tldw_Server_API.app.core.config:_buffered_log:210 - Attempting to load comprehensive config from: /Users/macbook-dev/Documents/GitHub/tldw_server2/tldw_Server_API/Config_Files/config.txt
2026-09-16 23:23:24.215 | INFO     | tldw_Server_API.app.core.config:_buffered_log:210 - load_comprehensive_config(): Sections found in config: ['Setup', 'UI', 'Server', 'Files', 'Image-Generation', 'ACP', 'WORKSPACES', 'ACP-WORKSPACE', 'ACP-SANDBOX', 'Audit', 'Processing', 'Media-Processing', 'Chat-Dictionaries', 'Chat-Module', 'Chat-Commands', 'Chat-Templating', 'Character-Chat', 'Settings', 'Auto-Save', 'Prompts', 'Database', 'Chunking', 'Visual-RAG', 'AuthNZ', 'Streaming', 'HTTP', 'Egress', 'Embeddings', 'Claims', 'ClaimsMonitoring', 'RAG', 'Search-Agent', 'ResourceGovernor', 'Jobs', 'SlidesStandaloneHtml', 'Diarization', 'API', 'MLX', 'Local-API', 'LlamaCpp', 'STT-Settings', 'external_providers', 'TTS-Settings', 'VibeVoice', 'Audio-Quota', 'API-Routes', 'Search-Engines', 'Web-Scraper', 'Logging', 'Moderation', 'Redis', 'Web-Scraping', 'personalization', 'persona', 'persona.rbac']
2026-09-16 23:23:24.217 | INFO     | tldw_Server_API.app.core.config:_buffered_log:210 - Ensured main SQLite database directory exists: /Users/macbook-dev/Documents/GitHub/tldw_server2/Databases
2026-09-16 23:23:24.217 | INFO     | tldw_Server_API.app.core.config:_buffered_log:210 - Ensured user data base directory exists: Databases/user_databases
2026-09-16 23:23:24.218 | WARNING  | tldw_Server_API.app.core.DB_Management.db_path_utils:resolve_user_db_base_dir:491 - USER_DB_BASE_DIR not configured in tests, using isolated fallback: /private/var/folders/sn/m80n2j152t9gw3w8qwk2nykh0000gn/T/tldw_user_databases_test/default-13eac527
2026-09-16 23:23:24.218 | INFO     | tldw_Server_API.app.core.DB_Management.ChaChaNotes_DB:__init__:7657 - Initializing CharactersRAGDB for path: /private/var/folders/sn/m80n2j152t9gw3w8qwk2nykh0000gn/T/pytest-of-macbook-dev/pytest-597/test_profile_insert_preserves_6/default-profile.db [Client ID: 2] (backend=postgresql)
2026-09-16 23:23:25.538 | DEBUG    | tldw_Server_API.app.core.DB_Management.ChaChaNotes_DB:__init__:7664 - CharactersRAGDB initialization completed successfully for /private/var/folders/sn/m80n2j152t9gw3w8qwk2nykh0000gn/T/pytest-of-macbook-dev/pytest-597/test_profile_insert_preserves_6/default-profile.db
----------------------------- Captured stderr call -----------------------------
2026-09-16 23:23:25.540 | DEBUG    | tldw_Server_API.app.core.DB_Management.ChaChaNotes_DB:_get_connection_for_state:8036 - Acquired backend connection (postgresql) for thread 8346099072
2026-09-16 23:23:25.540 | DEBUG    | tldw_Server_API.app.core.DB_Management.ChaChaNotes_DB:execute_query:8286 - Executing SQL (script=False, backend=postgresql): INSERT INTO persona_profiles(id, user_id, name, character_card_id, origin_character_id, origin_character_name, origin_character_snapshot_at, mode, system_prompt, voice_defaults_json, setup_json, is_active, use_persona_state_context_default, created_at, last_modified, deleted, version) VALUES (?, ?, ... Params: ('existing', '2', 'Existing', None, None, None, None, 'session_scoped', None, None, None, True, True, '2026-09-17T06:23:25.538Z', '2026-09-17T06:23:25.538Z', False, 1)...
2026-09-16 23:23:25.541 | DEBUG    | tldw_Server_API.app.core.DB_Management.ChaChaNotes_DB:execute_query:8286 - Executing SQL (script=False, backend=postgresql): INSERT INTO persona_profiles(id, user_id, name, character_card_id, origin_character_id, origin_character_name, origin_character_snapshot_at, mode, system_prompt, voice_defaults_json, setup_json, is_active, use_persona_state_context_default, created_at, last_modified, deleted, version) VALUES (?, ?, ... Params: ('created', '2', 'Created', None, None, None, None, 'session_scoped', None, None, None, True, True, '2026-09-17T06:23:25.541Z', '2026-09-17T06:23:25.541Z', False, 1)...
--------------------------- Captured stderr teardown ---------------------------
2026-09-16 23:23:25.545 | DEBUG    | tldw_Server_API.app.core.DB_Management.ChaChaNotes_DB:close_connection:8110 - Returned backend connection (postgresql) for thread 8346099072.
2026-09-16 23:23:25.561 | INFO     | tldw_Server_API.app.api.v1.API_Deps.ChaCha_Notes_DB_Deps:close_all_chacha_db_instances:876 - Closing all cached ChaChaNotesDB instances (0)...
2026-09-16 23:23:25.561 | INFO     | tldw_Server_API.app.api.v1.API_Deps.ChaCha_Notes_DB_Deps:close_all_chacha_db_instances:892 - All ChaChaNotesDB instances closed and cache cleared.
2026-09-16 23:23:25.561 | INFO     | tldw_Server_API.app.api.v1.API_Deps.ChaCha_Notes_DB_Deps:close_all_chacha_db_instances:876 - Closing all cached ChaChaNotesDB instances (0)...
2026-09-16 23:23:25.561 | INFO     | tldw_Server_API.app.api.v1.API_Deps.ChaCha_Notes_DB_Deps:close_all_chacha_db_instances:892 - All ChaChaNotesDB instances closed and cache cleared.
_ test_existing_owned_default_name_falls_back_without_overwriting[postgresql] __
tldw_Server_API/app/core/DB_Management/ChaChaNotes_DB.py:8306: in execute_query
    cursor.execute(prepared_query, prepared_params or ())
tldw_Server_API/app/core/DB_Management/ChaChaNotes_DB.py:506: in guarded
    return method(self, *args, **kwargs)
           ^^^^^^^^^^^^^^^^^^^^^^^^^^^^^
tldw_Server_API/app/core/DB_Management/ChaChaNotes_DB.py:536: in execute
    self._result = self._backend.execute(
tldw_Server_API/app/core/DB_Management/backends/postgresql_backend.py:1099: in execute
    raise UniqueConstraintError("PostgreSQL query execution failed")
E   tldw_Server_API.app.core.DB_Management.backends.base.UniqueConstraintError: PostgreSQL query execution failed

The above exception was the direct cause of the following exception:
tldw_Server_API/tests/DB_Management/test_persona_default_profile_backends.py:116: in test_existing_owned_default_name_falls_back_without_overwriting
    result = endpoint._ensure_default_persona_profile(db, user_id="2")
             ^^^^^^^^^^^^^^^^^^^^^^^^^^^^^^^^^^^^^^^^^^^^^^^^^^^^^^^^^
tldw_Server_API/app/api/v1/endpoints/persona.py:3165: in _ensure_default_persona_profile
    _ = db.create_persona_profile(
tldw_Server_API/app/core/DB_Management/ChaChaNotes_DB.py:44599: in _delegated
    return getattr(getattr(self, store_attr), method_name)(*args, **kwargs)
           ^^^^^^^^^^^^^^^^^^^^^^^^^^^^^^^^^^^^^^^^^^^^^^^^^^^^^^^^^^^^^^^^
tldw_Server_API/app/core/DB_Management/chacha/persona_state_store.py:1746: in create_persona_profile
    self.execute_query(query, params, commit=True)
tldw_Server_API/app/core/DB_Management/ChaChaNotes_DB.py:492: in guarded
    return method(self, *args, **kwargs)
           ^^^^^^^^^^^^^^^^^^^^^^^^^^^^^
tldw_Server_API/app/core/DB_Management/ChaChaNotes_DB.py:8360: in execute_query
    raise CharactersRAGDBError(f"Query execution failed: {exc}") from exc  # noqa: TRY003
    ^^^^^^^^^^^^^^^^^^^^^^^^^^^^^^^^^^^^^^^^^^^^^^^^^^^^^^^^^^^^^^^^^^^^^
E   tldw_Server_API.app.core.DB_Management.ChaChaNotes_DB.CharactersRAGDBError: Query execution failed: PostgreSQL query execution failed
---------------------------- Captured stderr setup -----------------------------
2026-09-16 23:23:25.579 | INFO     | tldw_Server_API.app.core.DB_Management.backends.factory:create_backend:392 - Creating postgresql backend
2026-09-16 23:23:25.580 | INFO     | tldw_Server_API.app.core.config:_buffered_log:210 - Determined ACTUAL_PROJECT_ROOT for database paths: /Users/macbook-dev/Documents/GitHub/tldw_server2
2026-09-16 23:23:25.580 | INFO     | tldw_Server_API.app.core.config:_buffered_log:210 - Early loading environment variables from: /Users/macbook-dev/Documents/GitHub/tldw_server2/tldw_Server_API/Config_Files/.env
2026-09-16 23:23:25.584 | INFO     | tldw_Server_API.app.core.config:_buffered_log:210 - Early loading environment variables from: /Users/macbook-dev/Documents/GitHub/tldw_server2/tldw_Server_API/Config_Files/.ENV
2026-09-16 23:23:25.588 | DEBUG    | tldw_Server_API.app.core.config:_buffered_log:210 - load_and_log_configs(): Loading and logging configurations...
2026-09-16 23:23:25.589 | INFO     | tldw_Server_API.app.core.config:_buffered_log:210 - Loading environment variables from: /Users/macbook-dev/Documents/GitHub/tldw_server2/tldw_Server_API/Config_Files/.env
2026-09-16 23:23:25.593 | INFO     | tldw_Server_API.app.core.config:_buffered_log:210 - Loading environment variables from: /Users/macbook-dev/Documents/GitHub/tldw_server2/tldw_Server_API/Config_Files/.ENV
2026-09-16 23:23:25.598 | INFO     | tldw_Server_API.app.core.config:_buffered_log:210 - Attempting to load comprehensive config from: /Users/macbook-dev/Documents/GitHub/tldw_server2/tldw_Server_API/Config_Files/config.txt
2026-09-16 23:23:25.600 | INFO     | tldw_Server_API.app.core.config:_buffered_log:210 - load_comprehensive_config(): Sections found in config: ['Setup', 'UI', 'Server', 'Files', 'Image-Generation', 'ACP', 'WORKSPACES', 'ACP-WORKSPACE', 'ACP-SANDBOX', 'Audit', 'Processing', 'Media-Processing', 'Chat-Dictionaries', 'Chat-Module', 'Chat-Commands', 'Chat-Templating', 'Character-Chat', 'Settings', 'Auto-Save', 'Prompts', 'Database', 'Chunking', 'Visual-RAG', 'AuthNZ', 'Streaming', 'HTTP', 'Egress', 'Embeddings', 'Claims', 'ClaimsMonitoring', 'RAG', 'Search-Agent', 'ResourceGovernor', 'Jobs', 'SlidesStandaloneHtml', 'Diarization', 'API', 'MLX', 'Local-API', 'LlamaCpp', 'STT-Settings', 'external_providers', 'TTS-Settings', 'VibeVoice', 'Audio-Quota', 'API-Routes', 'Search-Engines', 'Web-Scraper', 'Logging', 'Moderation', 'Redis', 'Web-Scraping', 'personalization', 'persona', 'persona.rbac']
2026-09-16 23:23:25.603 | INFO     | tldw_Server_API.app.core.config:_buffered_log:210 - Ensured main SQLite database directory exists: /Users/macbook-dev/Documents/GitHub/tldw_server2/Databases
2026-09-16 23:23:25.603 | INFO     | tldw_Server_API.app.core.config:_buffered_log:210 - Ensured user data base directory exists: Databases/user_databases
2026-09-16 23:23:25.603 | WARNING  | tldw_Server_API.app.core.DB_Management.db_path_utils:resolve_user_db_base_dir:491 - USER_DB_BASE_DIR not configured in tests, using isolated fallback: /private/var/folders/sn/m80n2j152t9gw3w8qwk2nykh0000gn/T/tldw_user_databases_test/default-13eac527
2026-09-16 23:23:25.603 | INFO     | tldw_Server_API.app.core.DB_Management.ChaChaNotes_DB:__init__:7657 - Initializing CharactersRAGDB for path: /private/var/folders/sn/m80n2j152t9gw3w8qwk2nykh0000gn/T/pytest-of-macbook-dev/pytest-597/test_existing_owned_default_na0/2.db [Client ID: 2] (backend=postgresql)
2026-09-16 23:23:27.106 | DEBUG    | tldw_Server_API.app.core.DB_Management.ChaChaNotes_DB:__init__:7664 - CharactersRAGDB initialization completed successfully for /private/var/folders/sn/m80n2j152t9gw3w8qwk2nykh0000gn/T/pytest-of-macbook-dev/pytest-597/test_existing_owned_default_na0/2.db
2026-09-16 23:23:27.106 | WARNING  | tldw_Server_API.app.core.DB_Management.db_path_utils:resolve_user_db_base_dir:491 - USER_DB_BASE_DIR not configured in tests, using isolated fallback: /private/var/folders/sn/m80n2j152t9gw3w8qwk2nykh0000gn/T/tldw_user_databases_test/default-13eac527
2026-09-16 23:23:27.106 | INFO     | tldw_Server_API.app.core.DB_Management.ChaChaNotes_DB:__init__:7657 - Initializing CharactersRAGDB for path: /private/var/folders/sn/m80n2j152t9gw3w8qwk2nykh0000gn/T/pytest-of-macbook-dev/pytest-597/test_existing_owned_default_na0/3.db [Client ID: 3] (backend=postgresql)
2026-09-16 23:23:27.250 | DEBUG    | tldw_Server_API.app.core.DB_Management.ChaChaNotes_DB:__init__:7664 - CharactersRAGDB initialization completed successfully for /private/var/folders/sn/m80n2j152t9gw3w8qwk2nykh0000gn/T/pytest-of-macbook-dev/pytest-597/test_existing_owned_default_na0/3.db
----------------------------- Captured stderr call -----------------------------
2026-09-16 23:23:27.251 | DEBUG    | tldw_Server_API.app.core.DB_Management.ChaChaNotes_DB:_get_connection_for_state:8036 - Acquired backend connection (postgresql) for thread 8346099072
2026-09-16 23:23:27.251 | DEBUG    | tldw_Server_API.app.core.DB_Management.ChaChaNotes_DB:execute_query:8286 - Executing SQL (script=False, backend=postgresql): INSERT INTO persona_profiles(id, user_id, name, character_card_id, origin_character_id, origin_character_name, origin_character_snapshot_at, mode, system_prompt, voice_defaults_json, setup_json, is_active, use_persona_state_context_default, created_at, last_modified, deleted, version) VALUES (?, ?, ... Params: ('custom-default', '2', 'Research Assistant', None, None, None, None, 'session_scoped', 'Custom', None, None, True, True, '2026-09-17T06:23:27.250Z', '2026-09-17T06:23:27.250Z', False, 1)...
2026-09-16 23:23:27.253 | DEBUG    | tldw_Server_API.app.core.DB_Management.ChaChaNotes_DB:execute_query:8286 - Executing SQL (script=False, backend=postgresql): SELECT * FROM persona_profiles WHERE id = ? AND user_id = ? AND deleted = 0... Params: ('research_assistant', '2')...
2026-09-16 23:23:27.253 | DEBUG    | tldw_Server_API.app.core.DB_Management.ChaChaNotes_DB:execute_query:8286 - Executing SQL (script=False, backend=postgresql): INSERT INTO persona_profiles(id, user_id, name, character_card_id, origin_character_id, origin_character_name, origin_character_snapshot_at, mode, system_prompt, voice_defaults_json, setup_json, is_active, use_persona_state_context_default, created_at, last_modified, deleted, version) VALUES (?, ?, ... Params: ('research_assistant', '2', 'Research Assistant', None, None, None, None, 'session_scoped', 'Helps ingest, search, and summarize content', None, None, True, True, '2026-09-17T06:23:27.253Z', '2026-09-...
2026-09-16 23:23:27.254 | ERROR    | tldw_Server_API.app.core.DB_Management.backends.postgresql_backend:execute:1089 - PostgreSQL query execution failed
2026-09-16 23:23:27.254 | ERROR    | tldw_Server_API.app.core.DB_Management.ChaChaNotes_DB:execute_query:8354 - Backend query execution failed (postgresql): PostgreSQL query execution failed
--------------------------- Captured stderr teardown ---------------------------
2026-09-16 23:23:27.955 | DEBUG    | tldw_Server_API.app.core.DB_Management.ChaChaNotes_DB:close_connection:8110 - Returned backend connection (postgresql) for thread 8346099072.
2026-09-16 23:23:27.975 | INFO     | tldw_Server_API.app.api.v1.API_Deps.ChaCha_Notes_DB_Deps:close_all_chacha_db_instances:876 - Closing all cached ChaChaNotesDB instances (0)...
2026-09-16 23:23:27.975 | INFO     | tldw_Server_API.app.api.v1.API_Deps.ChaCha_Notes_DB_Deps:close_all_chacha_db_instances:892 - All ChaChaNotesDB instances closed and cache cleared.
2026-09-16 23:23:27.975 | INFO     | tldw_Server_API.app.api.v1.API_Deps.ChaCha_Notes_DB_Deps:close_all_chacha_db_instances:876 - Closing all cached ChaChaNotesDB instances (0)...
2026-09-16 23:23:27.975 | INFO     | tldw_Server_API.app.api.v1.API_Deps.ChaCha_Notes_DB_Deps:close_all_chacha_db_instances:892 - All ChaChaNotesDB instances closed and cache cleared.
____________ test_foreign_scoped_id_never_becomes_an_owned_default _____________
tldw_Server_API/tests/DB_Management/test_persona_default_profile_backends.py:130: in test_foreign_scoped_id_never_becomes_an_owned_default
    with pytest.raises(ConflictError):
E   Failed: DID NOT RAISE <class 'tldw_Server_API.app.core.DB_Management.ChaChaNotes_DB.ConflictError'>
---------------------------- Captured stderr setup -----------------------------
2026-09-16 23:23:36.069 | INFO     | tldw_Server_API.app.core.DB_Management.backends.factory:create_backend:392 - Creating postgresql backend
2026-09-16 23:23:36.069 | INFO     | tldw_Server_API.app.core.config:_buffered_log:210 - Determined ACTUAL_PROJECT_ROOT for database paths: /Users/macbook-dev/Documents/GitHub/tldw_server2
2026-09-16 23:23:36.069 | INFO     | tldw_Server_API.app.core.config:_buffered_log:210 - Early loading environment variables from: /Users/macbook-dev/Documents/GitHub/tldw_server2/tldw_Server_API/Config_Files/.env
2026-09-16 23:23:36.074 | INFO     | tldw_Server_API.app.core.config:_buffered_log:210 - Early loading environment variables from: /Users/macbook-dev/Documents/GitHub/tldw_server2/tldw_Server_API/Config_Files/.ENV
2026-09-16 23:23:36.078 | DEBUG    | tldw_Server_API.app.core.config:_buffered_log:210 - load_and_log_configs(): Loading and logging configurations...
2026-09-16 23:23:36.078 | INFO     | tldw_Server_API.app.core.config:_buffered_log:210 - Loading environment variables from: /Users/macbook-dev/Documents/GitHub/tldw_server2/tldw_Server_API/Config_Files/.env
2026-09-16 23:23:36.083 | INFO     | tldw_Server_API.app.core.config:_buffered_log:210 - Loading environment variables from: /Users/macbook-dev/Documents/GitHub/tldw_server2/tldw_Server_API/Config_Files/.ENV
2026-09-16 23:23:36.087 | INFO     | tldw_Server_API.app.core.config:_buffered_log:210 - Attempting to load comprehensive config from: /Users/macbook-dev/Documents/GitHub/tldw_server2/tldw_Server_API/Config_Files/config.txt
2026-09-16 23:23:36.089 | INFO     | tldw_Server_API.app.core.config:_buffered_log:210 - load_comprehensive_config(): Sections found in config: ['Setup', 'UI', 'Server', 'Files', 'Image-Generation', 'ACP', 'WORKSPACES', 'ACP-WORKSPACE', 'ACP-SANDBOX', 'Audit', 'Processing', 'Media-Processing', 'Chat-Dictionaries', 'Chat-Module', 'Chat-Commands', 'Chat-Templating', 'Character-Chat', 'Settings', 'Auto-Save', 'Prompts', 'Database', 'Chunking', 'Visual-RAG', 'AuthNZ', 'Streaming', 'HTTP', 'Egress', 'Embeddings', 'Claims', 'ClaimsMonitoring', 'RAG', 'Search-Agent', 'ResourceGovernor', 'Jobs', 'SlidesStandaloneHtml', 'Diarization', 'API', 'MLX', 'Local-API', 'LlamaCpp', 'STT-Settings', 'external_providers', 'TTS-Settings', 'VibeVoice', 'Audio-Quota', 'API-Routes', 'Search-Engines', 'Web-Scraper', 'Logging', 'Moderation', 'Redis', 'Web-Scraping', 'personalization', 'persona', 'persona.rbac']
2026-09-16 23:23:36.091 | INFO     | tldw_Server_API.app.core.config:_buffered_log:210 - Ensured main SQLite database directory exists: /Users/macbook-dev/Documents/GitHub/tldw_server2/Databases
2026-09-16 23:23:36.091 | INFO     | tldw_Server_API.app.core.config:_buffered_log:210 - Ensured user data base directory exists: Databases/user_databases
2026-09-16 23:23:36.092 | WARNING  | tldw_Server_API.app.core.DB_Management.db_path_utils:resolve_user_db_base_dir:491 - USER_DB_BASE_DIR not configured in tests, using isolated fallback: /private/var/folders/sn/m80n2j152t9gw3w8qwk2nykh0000gn/T/tldw_user_databases_test/default-13eac527
2026-09-16 23:23:36.092 | INFO     | tldw_Server_API.app.core.DB_Management.ChaChaNotes_DB:__init__:7657 - Initializing CharactersRAGDB for path: /private/var/folders/sn/m80n2j152t9gw3w8qwk2nykh0000gn/T/pytest-of-macbook-dev/pytest-597/test_foreign_scoped_id_never_b0/default-profile.db [Client ID: 2] (backend=postgresql)
2026-09-16 23:23:37.420 | DEBUG    | tldw_Server_API.app.core.DB_Management.ChaChaNotes_DB:__init__:7664 - CharactersRAGDB initialization completed successfully for /private/var/folders/sn/m80n2j152t9gw3w8qwk2nykh0000gn/T/pytest-of-macbook-dev/pytest-597/test_foreign_scoped_id_never_b0/default-profile.db
----------------------------- Captured stderr call -----------------------------
2026-09-16 23:23:37.421 | DEBUG    | tldw_Server_API.app.core.DB_Management.ChaChaNotes_DB:_get_connection_for_state:8036 - Acquired backend connection (postgresql) for thread 8346099072
2026-09-16 23:23:37.422 | DEBUG    | tldw_Server_API.app.core.DB_Management.ChaChaNotes_DB:execute_query:8286 - Executing SQL (script=False, backend=postgresql): INSERT INTO persona_profiles(id, user_id, name, character_card_id, origin_character_id, origin_character_name, origin_character_snapshot_at, mode, system_prompt, voice_defaults_json, setup_json, is_active, use_persona_state_context_default, created_at, last_modified, deleted, version) VALUES (?, ?, ... Params: ('research_assistant:2', '3', 'Foreign', None, None, None, None, 'session_scoped', None, None, None, True, True, '2026-09-17T06:23:37.420Z', '2026-09-17T06:23:37.420Z', False, 1)...
2026-09-16 23:23:37.423 | DEBUG    | tldw_Server_API.app.core.DB_Management.ChaChaNotes_DB:execute_query:8286 - Executing SQL (script=False, backend=postgresql): SELECT * FROM persona_profiles WHERE id = ? AND user_id = ? AND deleted = 0... Params: ('research_assistant', '2')...
2026-09-16 23:23:37.423 | DEBUG    | tldw_Server_API.app.core.DB_Management.ChaChaNotes_DB:execute_query:8286 - Executing SQL (script=False, backend=postgresql): INSERT INTO persona_profiles(id, user_id, name, character_card_id, origin_character_id, origin_character_name, origin_character_snapshot_at, mode, system_prompt, voice_defaults_json, setup_json, is_active, use_persona_state_context_default, created_at, last_modified, deleted, version) VALUES (?, ?, ... Params: ('research_assistant', '2', 'Research Assistant', None, None, None, None, 'session_scoped', 'Helps ingest, search, and summarize content', None, None, True, True, '2026-09-17T06:23:37.423Z', '2026-09-...
2026-09-16 23:23:37.424 | DEBUG    | tldw_Server_API.app.core.DB_Management.ChaChaNotes_DB:execute_query:8286 - Executing SQL (script=False, backend=postgresql): SELECT * FROM persona_profiles WHERE id = ? AND user_id = ? AND deleted = 0... Params: ('research_assistant', '2')...
2026-09-16 23:23:37.425 | DEBUG    | tldw_Server_API.app.core.DB_Management.ChaChaNotes_DB:execute_query:8286 - Executing SQL (script=False, backend=postgresql): SELECT * FROM persona_profiles WHERE id = ? AND user_id = ? AND deleted = 0... Params: ('research_assistant', '2')...
2026-09-16 23:23:37.426 | DEBUG    | tldw_Server_API.app.core.DB_Management.ChaChaNotes_DB:execute_query:8286 - Executing SQL (script=False, backend=postgresql): SELECT * FROM persona_policy_rules WHERE persona_id = ? AND user_id = ? AND deleted = 0 ORDER BY rule_kind ASC, rule_name ASC, id ASC... Params: ('research_assistant', '2')...
--------------------------- Captured stderr teardown ---------------------------
2026-09-16 23:23:37.432 | DEBUG    | tldw_Server_API.app.core.DB_Management.ChaChaNotes_DB:close_connection:8110 - Returned backend connection (postgresql) for thread 8346099072.
2026-09-16 23:23:37.448 | INFO     | tldw_Server_API.app.api.v1.API_Deps.ChaCha_Notes_DB_Deps:close_all_chacha_db_instances:876 - Closing all cached ChaChaNotesDB instances (0)...
2026-09-16 23:23:37.448 | INFO     | tldw_Server_API.app.api.v1.API_Deps.ChaCha_Notes_DB_Deps:close_all_chacha_db_instances:892 - All ChaChaNotesDB instances closed and cache cleared.
2026-09-16 23:23:37.448 | INFO     | tldw_Server_API.app.api.v1.API_Deps.ChaCha_Notes_DB_Deps:close_all_chacha_db_instances:876 - Closing all cached ChaChaNotesDB instances (0)...
2026-09-16 23:23:37.448 | INFO     | tldw_Server_API.app.api.v1.API_Deps.ChaCha_Notes_DB_Deps:close_all_chacha_db_instances:892 - All ChaChaNotesDB instances closed and cache cleared.
____ test_duplicate_profile_is_conflict_and_connection_remains_usable[name] ____
tldw_Server_API/app/core/DB_Management/ChaChaNotes_DB.py:8306: in execute_query
    cursor.execute(prepared_query, prepared_params or ())
tldw_Server_API/app/core/DB_Management/ChaChaNotes_DB.py:506: in guarded
    return method(self, *args, **kwargs)
           ^^^^^^^^^^^^^^^^^^^^^^^^^^^^^
tldw_Server_API/app/core/DB_Management/ChaChaNotes_DB.py:536: in execute
    self._result = self._backend.execute(
tldw_Server_API/app/core/DB_Management/backends/postgresql_backend.py:1099: in execute
    raise UniqueConstraintError("PostgreSQL query execution failed")
E   tldw_Server_API.app.core.DB_Management.backends.base.UniqueConstraintError: PostgreSQL query execution failed

The above exception was the direct cause of the following exception:
tldw_Server_API/tests/DB_Management/test_persona_default_profile_backends.py:171: in test_duplicate_profile_is_conflict_and_connection_remains_usable
    pg_db.create_persona_profile(data)
tldw_Server_API/app/core/DB_Management/ChaChaNotes_DB.py:44599: in _delegated
    return getattr(getattr(self, store_attr), method_name)(*args, **kwargs)
           ^^^^^^^^^^^^^^^^^^^^^^^^^^^^^^^^^^^^^^^^^^^^^^^^^^^^^^^^^^^^^^^^
tldw_Server_API/app/core/DB_Management/chacha/persona_state_store.py:1746: in create_persona_profile
    self.execute_query(query, params, commit=True)
tldw_Server_API/app/core/DB_Management/ChaChaNotes_DB.py:492: in guarded
    return method(self, *args, **kwargs)
           ^^^^^^^^^^^^^^^^^^^^^^^^^^^^^
tldw_Server_API/app/core/DB_Management/ChaChaNotes_DB.py:8360: in execute_query
    raise CharactersRAGDBError(f"Query execution failed: {exc}") from exc  # noqa: TRY003
    ^^^^^^^^^^^^^^^^^^^^^^^^^^^^^^^^^^^^^^^^^^^^^^^^^^^^^^^^^^^^^^^^^^^^^
E   tldw_Server_API.app.core.DB_Management.ChaChaNotes_DB.CharactersRAGDBError: Query execution failed: PostgreSQL query execution failed
---------------------------- Captured stderr setup -----------------------------
2026-09-16 23:23:37.475 | INFO     | tldw_Server_API.app.core.DB_Management.backends.factory:create_backend:392 - Creating postgresql backend
2026-09-16 23:23:37.487 | INFO     | tldw_Server_API.app.core.config:_buffered_log:210 - Determined ACTUAL_PROJECT_ROOT for database paths: /Users/macbook-dev/Documents/GitHub/tldw_server2
2026-09-16 23:23:37.487 | INFO     | tldw_Server_API.app.core.config:_buffered_log:210 - Early loading environment variables from: /Users/macbook-dev/Documents/GitHub/tldw_server2/tldw_Server_API/Config_Files/.env
2026-09-16 23:23:37.492 | INFO     | tldw_Server_API.app.core.config:_buffered_log:210 - Early loading environment variables from: /Users/macbook-dev/Documents/GitHub/tldw_server2/tldw_Server_API/Config_Files/.ENV
2026-09-16 23:23:37.496 | DEBUG    | tldw_Server_API.app.core.config:_buffered_log:210 - load_and_log_configs(): Loading and logging configurations...
2026-09-16 23:23:37.497 | INFO     | tldw_Server_API.app.core.config:_buffered_log:210 - Loading environment variables from: /Users/macbook-dev/Documents/GitHub/tldw_server2/tldw_Server_API/Config_Files/.env
2026-09-16 23:23:37.501 | INFO     | tldw_Server_API.app.core.config:_buffered_log:210 - Loading environment variables from: /Users/macbook-dev/Documents/GitHub/tldw_server2/tldw_Server_API/Config_Files/.ENV
2026-09-16 23:23:37.506 | INFO     | tldw_Server_API.app.core.config:_buffered_log:210 - Attempting to load comprehensive config from: /Users/macbook-dev/Documents/GitHub/tldw_server2/tldw_Server_API/Config_Files/config.txt
2026-09-16 23:23:37.508 | INFO     | tldw_Server_API.app.core.config:_buffered_log:210 - load_comprehensive_config(): Sections found in config: ['Setup', 'UI', 'Server', 'Files', 'Image-Generation', 'ACP', 'WORKSPACES', 'ACP-WORKSPACE', 'ACP-SANDBOX', 'Audit', 'Processing', 'Media-Processing', 'Chat-Dictionaries', 'Chat-Module', 'Chat-Commands', 'Chat-Templating', 'Character-Chat', 'Settings', 'Auto-Save', 'Prompts', 'Database', 'Chunking', 'Visual-RAG', 'AuthNZ', 'Streaming', 'HTTP', 'Egress', 'Embeddings', 'Claims', 'ClaimsMonitoring', 'RAG', 'Search-Agent', 'ResourceGovernor', 'Jobs', 'SlidesStandaloneHtml', 'Diarization', 'API', 'MLX', 'Local-API', 'LlamaCpp', 'STT-Settings', 'external_providers', 'TTS-Settings', 'VibeVoice', 'Audio-Quota', 'API-Routes', 'Search-Engines', 'Web-Scraper', 'Logging', 'Moderation', 'Redis', 'Web-Scraping', 'personalization', 'persona', 'persona.rbac']
2026-09-16 23:23:37.510 | INFO     | tldw_Server_API.app.core.config:_buffered_log:210 - Ensured main SQLite database directory exists: /Users/macbook-dev/Documents/GitHub/tldw_server2/Databases
2026-09-16 23:23:37.510 | INFO     | tldw_Server_API.app.core.config:_buffered_log:210 - Ensured user data base directory exists: Databases/user_databases
2026-09-16 23:23:37.510 | WARNING  | tldw_Server_API.app.core.DB_Management.db_path_utils:resolve_user_db_base_dir:491 - USER_DB_BASE_DIR not configured in tests, using isolated fallback: /private/var/folders/sn/m80n2j152t9gw3w8qwk2nykh0000gn/T/tldw_user_databases_test/default-13eac527
2026-09-16 23:23:37.510 | INFO     | tldw_Server_API.app.core.DB_Management.ChaChaNotes_DB:__init__:7657 - Initializing CharactersRAGDB for path: /private/var/folders/sn/m80n2j152t9gw3w8qwk2nykh0000gn/T/pytest-of-macbook-dev/pytest-597/test_duplicate_profile_is_conf1/default-profile.db [Client ID: 2] (backend=postgresql)
2026-09-16 23:23:38.841 | DEBUG    | tldw_Server_API.app.core.DB_Management.ChaChaNotes_DB:__init__:7664 - CharactersRAGDB initialization completed successfully for /private/var/folders/sn/m80n2j152t9gw3w8qwk2nykh0000gn/T/pytest-of-macbook-dev/pytest-597/test_duplicate_profile_is_conf1/default-profile.db
----------------------------- Captured stderr call -----------------------------
2026-09-16 23:23:38.843 | DEBUG    | tldw_Server_API.app.core.DB_Management.ChaChaNotes_DB:_get_connection_for_state:8036 - Acquired backend connection (postgresql) for thread 8346099072
2026-09-16 23:23:38.843 | DEBUG    | tldw_Server_API.app.core.DB_Management.ChaChaNotes_DB:execute_query:8286 - Executing SQL (script=False, backend=postgresql): INSERT INTO persona_profiles(id, user_id, name, character_card_id, origin_character_id, origin_character_name, origin_character_snapshot_at, mode, system_prompt, voice_defaults_json, setup_json, is_active, use_persona_state_context_default, created_at, last_modified, deleted, version) VALUES (?, ?, ... Params: ('existing', '2', 'Existing', None, None, None, None, 'session_scoped', None, None, None, True, True, '2026-09-17T06:23:38.841Z', '2026-09-17T06:23:38.841Z', False, 1)...
2026-09-16 23:23:38.844 | DEBUG    | tldw_Server_API.app.core.DB_Management.ChaChaNotes_DB:execute_query:8286 - Executing SQL (script=False, backend=postgresql): INSERT INTO persona_profiles(id, user_id, name, character_card_id, origin_character_id, origin_character_name, origin_character_snapshot_at, mode, system_prompt, voice_defaults_json, setup_json, is_active, use_persona_state_context_default, created_at, last_modified, deleted, version) VALUES (?, ?, ... Params: ('new', '2', 'Existing', None, None, None, None, 'session_scoped', None, None, None, True, True, '2026-09-17T06:23:38.844Z', '2026-09-17T06:23:38.844Z', False, 1)...
2026-09-16 23:23:38.845 | ERROR    | tldw_Server_API.app.core.DB_Management.backends.postgresql_backend:execute:1089 - PostgreSQL query execution failed
2026-09-16 23:23:38.845 | ERROR    | tldw_Server_API.app.core.DB_Management.ChaChaNotes_DB:execute_query:8354 - Backend query execution failed (postgresql): PostgreSQL query execution failed
--------------------------- Captured stderr teardown ---------------------------
2026-09-16 23:23:39.440 | DEBUG    | tldw_Server_API.app.core.DB_Management.ChaChaNotes_DB:close_connection:8110 - Returned backend connection (postgresql) for thread 8346099072.
2026-09-16 23:23:39.466 | INFO     | tldw_Server_API.app.api.v1.API_Deps.ChaCha_Notes_DB_Deps:close_all_chacha_db_instances:876 - Closing all cached ChaChaNotesDB instances (0)...
2026-09-16 23:23:39.467 | INFO     | tldw_Server_API.app.api.v1.API_Deps.ChaCha_Notes_DB_Deps:close_all_chacha_db_instances:892 - All ChaChaNotesDB instances closed and cache cleared.
2026-09-16 23:23:39.467 | INFO     | tldw_Server_API.app.api.v1.API_Deps.ChaCha_Notes_DB_Deps:close_all_chacha_db_instances:876 - Closing all cached ChaChaNotesDB instances (0)...
2026-09-16 23:23:39.467 | INFO     | tldw_Server_API.app.api.v1.API_Deps.ChaCha_Notes_DB_Deps:close_all_chacha_db_instances:892 - All ChaChaNotesDB instances closed and cache cleared.
_ test_profile_insert_preserves_caller_transaction_and_rollback[True-backend-empty] _
tldw_Server_API/app/core/DB_Management/ChaChaNotes_DB.py:8306: in execute_query
    cursor.execute(prepared_query, prepared_params or ())
tldw_Server_API/app/core/DB_Management/ChaChaNotes_DB.py:506: in guarded
    return method(self, *args, **kwargs)
           ^^^^^^^^^^^^^^^^^^^^^^^^^^^^^
tldw_Server_API/app/core/DB_Management/ChaChaNotes_DB.py:536: in execute
    self._result = self._backend.execute(
tldw_Server_API/app/core/DB_Management/backends/postgresql_backend.py:1099: in execute
    raise UniqueConstraintError("PostgreSQL query execution failed")
E   tldw_Server_API.app.core.DB_Management.backends.base.UniqueConstraintError: PostgreSQL query execution failed

The above exception was the direct cause of the following exception:
tldw_Server_API/tests/DB_Management/test_persona_default_profile_backends.py:204: in test_profile_insert_preserves_caller_transaction_and_rollback
    operation()
tldw_Server_API/tests/DB_Management/test_persona_default_profile_backends.py:189: in operation
    db.create_persona_profile({"id": "existing", "user_id": "2", "name": "Duplicate"})
tldw_Server_API/app/core/DB_Management/ChaChaNotes_DB.py:44599: in _delegated
    return getattr(getattr(self, store_attr), method_name)(*args, **kwargs)
           ^^^^^^^^^^^^^^^^^^^^^^^^^^^^^^^^^^^^^^^^^^^^^^^^^^^^^^^^^^^^^^^^
tldw_Server_API/app/core/DB_Management/chacha/persona_state_store.py:1746: in create_persona_profile
    self.execute_query(query, params, commit=True)
tldw_Server_API/app/core/DB_Management/ChaChaNotes_DB.py:492: in guarded
    return method(self, *args, **kwargs)
           ^^^^^^^^^^^^^^^^^^^^^^^^^^^^^
tldw_Server_API/app/core/DB_Management/ChaChaNotes_DB.py:8360: in execute_query
    raise CharactersRAGDBError(f"Query execution failed: {exc}") from exc  # noqa: TRY003
    ^^^^^^^^^^^^^^^^^^^^^^^^^^^^^^^^^^^^^^^^^^^^^^^^^^^^^^^^^^^^^^^^^^^^^
E   tldw_Server_API.app.core.DB_Management.ChaChaNotes_DB.CharactersRAGDBError: Query execution failed: PostgreSQL query execution failed
---------------------------- Captured stderr setup -----------------------------
2026-09-16 23:23:39.489 | INFO     | tldw_Server_API.app.core.DB_Management.backends.factory:create_backend:392 - Creating postgresql backend
2026-09-16 23:23:39.490 | INFO     | tldw_Server_API.app.core.config:_buffered_log:210 - Determined ACTUAL_PROJECT_ROOT for database paths: /Users/macbook-dev/Documents/GitHub/tldw_server2
2026-09-16 23:23:39.490 | INFO     | tldw_Server_API.app.core.config:_buffered_log:210 - Early loading environment variables from: /Users/macbook-dev/Documents/GitHub/tldw_server2/tldw_Server_API/Config_Files/.env
2026-09-16 23:23:39.495 | INFO     | tldw_Server_API.app.core.config:_buffered_log:210 - Early loading environment variables from: /Users/macbook-dev/Documents/GitHub/tldw_server2/tldw_Server_API/Config_Files/.ENV
2026-09-16 23:23:39.499 | DEBUG    | tldw_Server_API.app.core.config:_buffered_log:210 - load_and_log_configs(): Loading and logging configurations...
2026-09-16 23:23:39.499 | INFO     | tldw_Server_API.app.core.config:_buffered_log:210 - Loading environment variables from: /Users/macbook-dev/Documents/GitHub/tldw_server2/tldw_Server_API/Config_Files/.env
2026-09-16 23:23:39.504 | INFO     | tldw_Server_API.app.core.config:_buffered_log:210 - Loading environment variables from: /Users/macbook-dev/Documents/GitHub/tldw_server2/tldw_Server_API/Config_Files/.ENV
2026-09-16 23:23:39.509 | INFO     | tldw_Server_API.app.core.config:_buffered_log:210 - Attempting to load comprehensive config from: /Users/macbook-dev/Documents/GitHub/tldw_server2/tldw_Server_API/Config_Files/config.txt
2026-09-16 23:23:39.511 | INFO     | tldw_Server_API.app.core.config:_buffered_log:210 - load_comprehensive_config(): Sections found in config: ['Setup', 'UI', 'Server', 'Files', 'Image-Generation', 'ACP', 'WORKSPACES', 'ACP-WORKSPACE', 'ACP-SANDBOX', 'Audit', 'Processing', 'Media-Processing', 'Chat-Dictionaries', 'Chat-Module', 'Chat-Commands', 'Chat-Templating', 'Character-Chat', 'Settings', 'Auto-Save', 'Prompts', 'Database', 'Chunking', 'Visual-RAG', 'AuthNZ', 'Streaming', 'HTTP', 'Egress', 'Embeddings', 'Claims', 'ClaimsMonitoring', 'RAG', 'Search-Agent', 'ResourceGovernor', 'Jobs', 'SlidesStandaloneHtml', 'Diarization', 'API', 'MLX', 'Local-API', 'LlamaCpp', 'STT-Settings', 'external_providers', 'TTS-Settings', 'VibeVoice', 'Audio-Quota', 'API-Routes', 'Search-Engines', 'Web-Scraper', 'Logging', 'Moderation', 'Redis', 'Web-Scraping', 'personalization', 'persona', 'persona.rbac']
2026-09-16 23:23:39.513 | INFO     | tldw_Server_API.app.core.config:_buffered_log:210 - Ensured main SQLite database directory exists: /Users/macbook-dev/Documents/GitHub/tldw_server2/Databases
2026-09-16 23:23:39.513 | INFO     | tldw_Server_API.app.core.config:_buffered_log:210 - Ensured user data base directory exists: Databases/user_databases
2026-09-16 23:23:39.513 | WARNING  | tldw_Server_API.app.core.DB_Management.db_path_utils:resolve_user_db_base_dir:491 - USER_DB_BASE_DIR not configured in tests, using isolated fallback: /private/var/folders/sn/m80n2j152t9gw3w8qwk2nykh0000gn/T/tldw_user_databases_test/default-13eac527
2026-09-16 23:23:39.513 | INFO     | tldw_Server_API.app.core.DB_Management.ChaChaNotes_DB:__init__:7657 - Initializing CharactersRAGDB for path: /private/var/folders/sn/m80n2j152t9gw3w8qwk2nykh0000gn/T/pytest-of-macbook-dev/pytest-597/test_profile_insert_preserves_7/default-profile.db [Client ID: 2] (backend=postgresql)
2026-09-16 23:23:40.862 | DEBUG    | tldw_Server_API.app.core.DB_Management.ChaChaNotes_DB:__init__:7664 - CharactersRAGDB initialization completed successfully for /private/var/folders/sn/m80n2j152t9gw3w8qwk2nykh0000gn/T/pytest-of-macbook-dev/pytest-597/test_profile_insert_preserves_7/default-profile.db
----------------------------- Captured stderr call -----------------------------
2026-09-16 23:23:40.864 | DEBUG    | tldw_Server_API.app.core.DB_Management.ChaChaNotes_DB:_get_connection_for_state:8036 - Acquired backend connection (postgresql) for thread 8346099072
2026-09-16 23:23:40.864 | DEBUG    | tldw_Server_API.app.core.DB_Management.ChaChaNotes_DB:execute_query:8286 - Executing SQL (script=False, backend=postgresql): INSERT INTO persona_profiles(id, user_id, name, character_card_id, origin_character_id, origin_character_name, origin_character_snapshot_at, mode, system_prompt, voice_defaults_json, setup_json, is_active, use_persona_state_context_default, created_at, last_modified, deleted, version) VALUES (?, ?, ... Params: ('existing', '2', 'Existing', None, None, None, None, 'session_scoped', None, None, None, True, True, '2026-09-17T06:23:40.863Z', '2026-09-17T06:23:40.863Z', False, 1)...
2026-09-16 23:23:40.865 | DEBUG    | tldw_Server_API.app.core.DB_Management.ChaChaNotes_DB:execute_query:8286 - Executing SQL (script=False, backend=postgresql): INSERT INTO persona_profiles(id, user_id, name, character_card_id, origin_character_id, origin_character_name, origin_character_snapshot_at, mode, system_prompt, voice_defaults_json, setup_json, is_active, use_persona_state_context_default, created_at, last_modified, deleted, version) VALUES (?, ?, ... Params: ('existing', '2', 'Duplicate', None, None, None, None, 'session_scoped', None, None, None, True, True, '2026-09-17T06:23:40.865Z', '2026-09-17T06:23:40.865Z', False, 1)...
2026-09-16 23:23:40.866 | ERROR    | tldw_Server_API.app.core.DB_Management.backends.postgresql_backend:execute:1089 - PostgreSQL query execution failed
2026-09-16 23:23:40.866 | ERROR    | tldw_Server_API.app.core.DB_Management.ChaChaNotes_DB:execute_query:8354 - Backend query execution failed (postgresql): PostgreSQL query execution failed
--------------------------- Captured stderr teardown ---------------------------
2026-09-16 23:23:41.459 | DEBUG    | tldw_Server_API.app.core.DB_Management.ChaChaNotes_DB:close_connection:8110 - Returned backend connection (postgresql) for thread 8346099072.
2026-09-16 23:23:41.481 | INFO     | tldw_Server_API.app.api.v1.API_Deps.ChaCha_Notes_DB_Deps:close_all_chacha_db_instances:876 - Closing all cached ChaChaNotesDB instances (0)...
2026-09-16 23:23:41.481 | INFO     | tldw_Server_API.app.api.v1.API_Deps.ChaCha_Notes_DB_Deps:close_all_chacha_db_instances:892 - All ChaChaNotesDB instances closed and cache cleared.
2026-09-16 23:23:41.481 | INFO     | tldw_Server_API.app.api.v1.API_Deps.ChaCha_Notes_DB_Deps:close_all_chacha_db_instances:876 - Closing all cached ChaChaNotesDB instances (0)...
2026-09-16 23:23:41.481 | INFO     | tldw_Server_API.app.api.v1.API_Deps.ChaCha_Notes_DB_Deps:close_all_chacha_db_instances:892 - All ChaChaNotesDB instances closed and cache cleared.
_______________ test_same_owner_raced_default_creators_converge ________________
tldw_Server_API/app/core/DB_Management/ChaChaNotes_DB.py:8306: in execute_query
    cursor.execute(prepared_query, prepared_params or ())
tldw_Server_API/app/core/DB_Management/ChaChaNotes_DB.py:506: in guarded
    return method(self, *args, **kwargs)
           ^^^^^^^^^^^^^^^^^^^^^^^^^^^^^
tldw_Server_API/app/core/DB_Management/ChaChaNotes_DB.py:536: in execute
    self._result = self._backend.execute(
tldw_Server_API/app/core/DB_Management/backends/postgresql_backend.py:1099: in execute
    raise UniqueConstraintError("PostgreSQL query execution failed")
E   tldw_Server_API.app.core.DB_Management.backends.base.UniqueConstraintError: PostgreSQL query execution failed

The above exception was the direct cause of the following exception:
tldw_Server_API/tests/DB_Management/test_persona_default_profile_backends.py:161: in test_same_owner_raced_default_creators_converge
    rows = [future.result(timeout=20) for future in futures]
           ^^^^^^^^^^^^^^^^^^^^^^^^^^^^^^^^^^^^^^^^^^^^^^^^^
tldw_Server_API/tests/DB_Management/test_persona_default_profile_backends.py:161: in <listcomp>
    rows = [future.result(timeout=20) for future in futures]
            ^^^^^^^^^^^^^^^^^^^^^^^^^
../../../.local/share/uv/python/cpython-3.11.13-macos-aarch64-none/lib/python3.11/concurrent/futures/_base.py:456: in result
    return self.__get_result()
           ^^^^^^^^^^^^^^^^^^^
../../../.local/share/uv/python/cpython-3.11.13-macos-aarch64-none/lib/python3.11/concurrent/futures/_base.py:401: in __get_result
    raise self._exception
../../../.local/share/uv/python/cpython-3.11.13-macos-aarch64-none/lib/python3.11/concurrent/futures/thread.py:58: in run
    result = self.fn(*self.args, **self.kwargs)
             ^^^^^^^^^^^^^^^^^^^^^^^^^^^^^^^^^^
tldw_Server_API/tests/DB_Management/test_persona_default_profile_backends.py:155: in ensure
    return endpoint._ensure_default_persona_profile(pg_db, user_id="2")
           ^^^^^^^^^^^^^^^^^^^^^^^^^^^^^^^^^^^^^^^^^^^^^^^^^^^^^^^^^^^^
tldw_Server_API/app/api/v1/endpoints/persona.py:3165: in _ensure_default_persona_profile
    _ = db.create_persona_profile(
tldw_Server_API/tests/DB_Management/test_persona_default_profile_backends.py:149: in raced_create
    return original(data)
           ^^^^^^^^^^^^^^
tldw_Server_API/app/core/DB_Management/ChaChaNotes_DB.py:44599: in _delegated
    return getattr(getattr(self, store_attr), method_name)(*args, **kwargs)
           ^^^^^^^^^^^^^^^^^^^^^^^^^^^^^^^^^^^^^^^^^^^^^^^^^^^^^^^^^^^^^^^^
tldw_Server_API/app/core/DB_Management/chacha/persona_state_store.py:1746: in create_persona_profile
    self.execute_query(query, params, commit=True)
tldw_Server_API/app/core/DB_Management/ChaChaNotes_DB.py:492: in guarded
    return method(self, *args, **kwargs)
           ^^^^^^^^^^^^^^^^^^^^^^^^^^^^^
tldw_Server_API/app/core/DB_Management/ChaChaNotes_DB.py:8360: in execute_query
    raise CharactersRAGDBError(f"Query execution failed: {exc}") from exc  # noqa: TRY003
    ^^^^^^^^^^^^^^^^^^^^^^^^^^^^^^^^^^^^^^^^^^^^^^^^^^^^^^^^^^^^^^^^^^^^^
E   tldw_Server_API.app.core.DB_Management.ChaChaNotes_DB.CharactersRAGDBError: Query execution failed: PostgreSQL query execution failed
---------------------------- Captured stderr setup -----------------------------
2026-09-16 23:23:43.965 | INFO     | tldw_Server_API.app.core.DB_Management.backends.factory:create_backend:392 - Creating postgresql backend
2026-09-16 23:23:43.965 | INFO     | tldw_Server_API.app.core.config:_buffered_log:210 - Determined ACTUAL_PROJECT_ROOT for database paths: /Users/macbook-dev/Documents/GitHub/tldw_server2
2026-09-16 23:23:43.966 | INFO     | tldw_Server_API.app.core.config:_buffered_log:210 - Early loading environment variables from: /Users/macbook-dev/Documents/GitHub/tldw_server2/tldw_Server_API/Config_Files/.env
2026-09-16 23:23:43.970 | INFO     | tldw_Server_API.app.core.config:_buffered_log:210 - Early loading environment variables from: /Users/macbook-dev/Documents/GitHub/tldw_server2/tldw_Server_API/Config_Files/.ENV
2026-09-16 23:23:43.974 | DEBUG    | tldw_Server_API.app.core.config:_buffered_log:210 - load_and_log_configs(): Loading and logging configurations...
2026-09-16 23:23:43.975 | INFO     | tldw_Server_API.app.core.config:_buffered_log:210 - Loading environment variables from: /Users/macbook-dev/Documents/GitHub/tldw_server2/tldw_Server_API/Config_Files/.env
2026-09-16 23:23:43.979 | INFO     | tldw_Server_API.app.core.config:_buffered_log:210 - Loading environment variables from: /Users/macbook-dev/Documents/GitHub/tldw_server2/tldw_Server_API/Config_Files/.ENV
2026-09-16 23:23:43.983 | INFO     | tldw_Server_API.app.core.config:_buffered_log:210 - Attempting to load comprehensive config from: /Users/macbook-dev/Documents/GitHub/tldw_server2/tldw_Server_API/Config_Files/config.txt
2026-09-16 23:23:43.985 | INFO     | tldw_Server_API.app.core.config:_buffered_log:210 - load_comprehensive_config(): Sections found in config: ['Setup', 'UI', 'Server', 'Files', 'Image-Generation', 'ACP', 'WORKSPACES', 'ACP-WORKSPACE', 'ACP-SANDBOX', 'Audit', 'Processing', 'Media-Processing', 'Chat-Dictionaries', 'Chat-Module', 'Chat-Commands', 'Chat-Templating', 'Character-Chat', 'Settings', 'Auto-Save', 'Prompts', 'Database', 'Chunking', 'Visual-RAG', 'AuthNZ', 'Streaming', 'HTTP', 'Egress', 'Embeddings', 'Claims', 'ClaimsMonitoring', 'RAG', 'Search-Agent', 'ResourceGovernor', 'Jobs', 'SlidesStandaloneHtml', 'Diarization', 'API', 'MLX', 'Local-API', 'LlamaCpp', 'STT-Settings', 'external_providers', 'TTS-Settings', 'VibeVoice', 'Audio-Quota', 'API-Routes', 'Search-Engines', 'Web-Scraper', 'Logging', 'Moderation', 'Redis', 'Web-Scraping', 'personalization', 'persona', 'persona.rbac']
2026-09-16 23:23:43.987 | INFO     | tldw_Server_API.app.core.config:_buffered_log:210 - Ensured main SQLite database directory exists: /Users/macbook-dev/Documents/GitHub/tldw_server2/Databases
2026-09-16 23:23:43.987 | INFO     | tldw_Server_API.app.core.config:_buffered_log:210 - Ensured user data base directory exists: Databases/user_databases
2026-09-16 23:23:43.988 | WARNING  | tldw_Server_API.app.core.DB_Management.db_path_utils:resolve_user_db_base_dir:491 - USER_DB_BASE_DIR not configured in tests, using isolated fallback: /private/var/folders/sn/m80n2j152t9gw3w8qwk2nykh0000gn/T/tldw_user_databases_test/default-13eac527
2026-09-16 23:23:43.988 | INFO     | tldw_Server_API.app.core.DB_Management.ChaChaNotes_DB:__init__:7657 - Initializing CharactersRAGDB for path: /private/var/folders/sn/m80n2j152t9gw3w8qwk2nykh0000gn/T/pytest-of-macbook-dev/pytest-597/test_same_owner_raced_default_0/default-profile.db [Client ID: 2] (backend=postgresql)
2026-09-16 23:23:45.362 | DEBUG    | tldw_Server_API.app.core.DB_Management.ChaChaNotes_DB:__init__:7664 - CharactersRAGDB initialization completed successfully for /private/var/folders/sn/m80n2j152t9gw3w8qwk2nykh0000gn/T/pytest-of-macbook-dev/pytest-597/test_same_owner_raced_default_0/default-profile.db
----------------------------- Captured stderr call -----------------------------
2026-09-16 23:23:45.364 | DEBUG    | tldw_Server_API.app.core.DB_Management.ChaChaNotes_DB:_get_connection_for_state:8036 - Acquired backend connection (postgresql) for thread 6238105600
2026-09-16 23:23:45.364 | DEBUG    | tldw_Server_API.app.core.DB_Management.ChaChaNotes_DB:execute_query:8286 - Executing SQL (script=False, backend=postgresql): SELECT * FROM persona_profiles WHERE id = ? AND user_id = ? AND deleted = 0... Params: ('research_assistant', '2')...
2026-09-16 23:23:45.367 | DEBUG    | tldw_Server_API.app.core.DB_Management.ChaChaNotes_DB:_get_connection_for_state:8036 - Acquired backend connection (postgresql) for thread 6254931968
2026-09-16 23:23:45.367 | DEBUG    | tldw_Server_API.app.core.DB_Management.ChaChaNotes_DB:execute_query:8286 - Executing SQL (script=False, backend=postgresql): SELECT * FROM persona_profiles WHERE id = ? AND user_id = ? AND deleted = 0... Params: ('research_assistant', '2')...
2026-09-16 23:23:45.368 | DEBUG    | tldw_Server_API.app.core.DB_Management.ChaChaNotes_DB:execute_query:8286 - Executing SQL (script=False, backend=postgresql): INSERT INTO persona_profiles(id, user_id, name, character_card_id, origin_character_id, origin_character_name, origin_character_snapshot_at, mode, system_prompt, voice_defaults_json, setup_json, is_active, use_persona_state_context_default, created_at, last_modified, deleted, version) VALUES (?, ?, ... Params: ('research_assistant', '2', 'Research Assistant', None, None, None, None, 'session_scoped', 'Helps ingest, search, and summarize content', None, None, True, True, '2026-09-17T06:23:45.368Z', '2026-09-...
2026-09-16 23:23:45.368 | DEBUG    | tldw_Server_API.app.core.DB_Management.ChaChaNotes_DB:execute_query:8286 - Executing SQL (script=False, backend=postgresql): INSERT INTO persona_profiles(id, user_id, name, character_card_id, origin_character_id, origin_character_name, origin_character_snapshot_at, mode, system_prompt, voice_defaults_json, setup_json, is_active, use_persona_state_context_default, created_at, last_modified, deleted, version) VALUES (?, ?, ... Params: ('research_assistant', '2', 'Research Assistant', None, None, None, None, 'session_scoped', 'Helps ingest, search, and summarize content', None, None, True, True, '2026-09-17T06:23:45.368Z', '2026-09-...
2026-09-16 23:23:45.370 | DEBUG    | tldw_Server_API.app.core.DB_Management.ChaChaNotes_DB:execute_query:8286 - Executing SQL (script=False, backend=postgresql): SELECT * FROM persona_profiles WHERE id = ? AND user_id = ? AND deleted = 0... Params: ('research_assistant', '2')...
2026-09-16 23:23:45.370 | ERROR    | tldw_Server_API.app.core.DB_Management.backends.postgresql_backend:execute:1089 - PostgreSQL query execution failed
2026-09-16 23:23:45.370 | ERROR    | tldw_Server_API.app.core.DB_Management.ChaChaNotes_DB:execute_query:8354 - Backend query execution failed (postgresql): PostgreSQL query execution failed
2026-09-16 23:23:45.370 | DEBUG    | tldw_Server_API.app.core.DB_Management.ChaChaNotes_DB:close_connection:8110 - Returned backend connection (postgresql) for thread 6238105600.
2026-09-16 23:23:45.370 | DEBUG    | tldw_Server_API.app.core.DB_Management.ChaChaNotes_DB:execute_query:8286 - Executing SQL (script=False, backend=postgresql): SELECT * FROM persona_profiles WHERE id = ? AND user_id = ? AND deleted = 0... Params: ('research_assistant', '2')...
2026-09-16 23:23:45.371 | DEBUG    | tldw_Server_API.app.core.DB_Management.ChaChaNotes_DB:execute_query:8286 - Executing SQL (script=False, backend=postgresql): SELECT * FROM persona_policy_rules WHERE persona_id = ? AND user_id = ? AND deleted = 0 ORDER BY rule_kind ASC, rule_name ASC, id ASC... Params: ('research_assistant', '2')...
2026-09-16 23:23:45.374 | DEBUG    | tldw_Server_API.app.core.DB_Management.ChaChaNotes_DB:close_connection:8110 - Returned backend connection (postgresql) for thread 6254931968.
--------------------------- Captured stderr teardown ---------------------------
2026-09-16 23:23:46.151 | INFO     | tldw_Server_API.app.api.v1.API_Deps.ChaCha_Notes_DB_Deps:close_all_chacha_db_instances:876 - Closing all cached ChaChaNotesDB instances (0)...
2026-09-16 23:23:46.151 | INFO     | tldw_Server_API.app.api.v1.API_Deps.ChaCha_Notes_DB_Deps:close_all_chacha_db_instances:892 - All ChaChaNotesDB instances closed and cache cleared.
2026-09-16 23:23:46.151 | INFO     | tldw_Server_API.app.api.v1.API_Deps.ChaCha_Notes_DB_Deps:close_all_chacha_db_instances:876 - Closing all cached ChaChaNotesDB instances (0)...
2026-09-16 23:23:46.151 | INFO     | tldw_Server_API.app.api.v1.API_Deps.ChaCha_Notes_DB_Deps:close_all_chacha_db_instances:892 - All ChaChaNotesDB instances closed and cache cleared.
_ test_profile_insert_preserves_caller_transaction_and_rollback[True-borrowed-empty] _
tldw_Server_API/app/core/DB_Management/ChaChaNotes_DB.py:8306: in execute_query
    cursor.execute(prepared_query, prepared_params or ())
tldw_Server_API/app/core/DB_Management/ChaChaNotes_DB.py:506: in guarded
    return method(self, *args, **kwargs)
           ^^^^^^^^^^^^^^^^^^^^^^^^^^^^^
tldw_Server_API/app/core/DB_Management/ChaChaNotes_DB.py:536: in execute
    self._result = self._backend.execute(
tldw_Server_API/app/core/DB_Management/backends/postgresql_backend.py:1099: in execute
    raise UniqueConstraintError("PostgreSQL query execution failed")
E   tldw_Server_API.app.core.DB_Management.backends.base.UniqueConstraintError: PostgreSQL query execution failed

The above exception was the direct cause of the following exception:
tldw_Server_API/tests/DB_Management/test_persona_default_profile_backends.py:207: in test_profile_insert_preserves_caller_transaction_and_rollback
    operation()
tldw_Server_API/tests/DB_Management/test_persona_default_profile_backends.py:189: in operation
    db.create_persona_profile({"id": "existing", "user_id": "2", "name": "Duplicate"})
tldw_Server_API/app/core/DB_Management/ChaChaNotes_DB.py:44599: in _delegated
    return getattr(getattr(self, store_attr), method_name)(*args, **kwargs)
           ^^^^^^^^^^^^^^^^^^^^^^^^^^^^^^^^^^^^^^^^^^^^^^^^^^^^^^^^^^^^^^^^
tldw_Server_API/app/core/DB_Management/chacha/persona_state_store.py:1746: in create_persona_profile
    self.execute_query(query, params, commit=True)
tldw_Server_API/app/core/DB_Management/ChaChaNotes_DB.py:492: in guarded
    return method(self, *args, **kwargs)
           ^^^^^^^^^^^^^^^^^^^^^^^^^^^^^
tldw_Server_API/app/core/DB_Management/ChaChaNotes_DB.py:8360: in execute_query
    raise CharactersRAGDBError(f"Query execution failed: {exc}") from exc  # noqa: TRY003
    ^^^^^^^^^^^^^^^^^^^^^^^^^^^^^^^^^^^^^^^^^^^^^^^^^^^^^^^^^^^^^^^^^^^^^
E   tldw_Server_API.app.core.DB_Management.ChaChaNotes_DB.CharactersRAGDBError: Query execution failed: PostgreSQL query execution failed
---------------------------- Captured stderr setup -----------------------------
2026-09-16 23:23:46.171 | INFO     | tldw_Server_API.app.core.DB_Management.backends.factory:create_backend:392 - Creating postgresql backend
2026-09-16 23:23:46.172 | INFO     | tldw_Server_API.app.core.config:_buffered_log:210 - Determined ACTUAL_PROJECT_ROOT for database paths: /Users/macbook-dev/Documents/GitHub/tldw_server2
2026-09-16 23:23:46.172 | INFO     | tldw_Server_API.app.core.config:_buffered_log:210 - Early loading environment variables from: /Users/macbook-dev/Documents/GitHub/tldw_server2/tldw_Server_API/Config_Files/.env
2026-09-16 23:23:46.177 | INFO     | tldw_Server_API.app.core.config:_buffered_log:210 - Early loading environment variables from: /Users/macbook-dev/Documents/GitHub/tldw_server2/tldw_Server_API/Config_Files/.ENV
2026-09-16 23:23:46.181 | DEBUG    | tldw_Server_API.app.core.config:_buffered_log:210 - load_and_log_configs(): Loading and logging configurations...
2026-09-16 23:23:46.181 | INFO     | tldw_Server_API.app.core.config:_buffered_log:210 - Loading environment variables from: /Users/macbook-dev/Documents/GitHub/tldw_server2/tldw_Server_API/Config_Files/.env
2026-09-16 23:23:46.186 | INFO     | tldw_Server_API.app.core.config:_buffered_log:210 - Loading environment variables from: /Users/macbook-dev/Documents/GitHub/tldw_server2/tldw_Server_API/Config_Files/.ENV
2026-09-16 23:23:46.190 | INFO     | tldw_Server_API.app.core.config:_buffered_log:210 - Attempting to load comprehensive config from: /Users/macbook-dev/Documents/GitHub/tldw_server2/tldw_Server_API/Config_Files/config.txt
2026-09-16 23:23:46.192 | INFO     | tldw_Server_API.app.core.config:_buffered_log:210 - load_comprehensive_config(): Sections found in config: ['Setup', 'UI', 'Server', 'Files', 'Image-Generation', 'ACP', 'WORKSPACES', 'ACP-WORKSPACE', 'ACP-SANDBOX', 'Audit', 'Processing', 'Media-Processing', 'Chat-Dictionaries', 'Chat-Module', 'Chat-Commands', 'Chat-Templating', 'Character-Chat', 'Settings', 'Auto-Save', 'Prompts', 'Database', 'Chunking', 'Visual-RAG', 'AuthNZ', 'Streaming', 'HTTP', 'Egress', 'Embeddings', 'Claims', 'ClaimsMonitoring', 'RAG', 'Search-Agent', 'ResourceGovernor', 'Jobs', 'SlidesStandaloneHtml', 'Diarization', 'API', 'MLX', 'Local-API', 'LlamaCpp', 'STT-Settings', 'external_providers', 'TTS-Settings', 'VibeVoice', 'Audio-Quota', 'API-Routes', 'Search-Engines', 'Web-Scraper', 'Logging', 'Moderation', 'Redis', 'Web-Scraping', 'personalization', 'persona', 'persona.rbac']
2026-09-16 23:23:46.194 | INFO     | tldw_Server_API.app.core.config:_buffered_log:210 - Ensured main SQLite database directory exists: /Users/macbook-dev/Documents/GitHub/tldw_server2/Databases
2026-09-16 23:23:46.194 | INFO     | tldw_Server_API.app.core.config:_buffered_log:210 - Ensured user data base directory exists: Databases/user_databases
2026-09-16 23:23:46.195 | WARNING  | tldw_Server_API.app.core.DB_Management.db_path_utils:resolve_user_db_base_dir:491 - USER_DB_BASE_DIR not configured in tests, using isolated fallback: /private/var/folders/sn/m80n2j152t9gw3w8qwk2nykh0000gn/T/tldw_user_databases_test/default-13eac527
2026-09-16 23:23:46.195 | INFO     | tldw_Server_API.app.core.DB_Management.ChaChaNotes_DB:__init__:7657 - Initializing CharactersRAGDB for path: /private/var/folders/sn/m80n2j152t9gw3w8qwk2nykh0000gn/T/pytest-of-macbook-dev/pytest-597/test_profile_insert_preserves_8/default-profile.db [Client ID: 2] (backend=postgresql)
2026-09-16 23:23:47.502 | DEBUG    | tldw_Server_API.app.core.DB_Management.ChaChaNotes_DB:__init__:7664 - CharactersRAGDB initialization completed successfully for /private/var/folders/sn/m80n2j152t9gw3w8qwk2nykh0000gn/T/pytest-of-macbook-dev/pytest-597/test_profile_insert_preserves_8/default-profile.db
----------------------------- Captured stderr call -----------------------------
2026-09-16 23:23:47.504 | DEBUG    | tldw_Server_API.app.core.DB_Management.ChaChaNotes_DB:_get_connection_for_state:8036 - Acquired backend connection (postgresql) for thread 8346099072
2026-09-16 23:23:47.504 | DEBUG    | tldw_Server_API.app.core.DB_Management.ChaChaNotes_DB:execute_query:8286 - Executing SQL (script=False, backend=postgresql): INSERT INTO persona_profiles(id, user_id, name, character_card_id, origin_character_id, origin_character_name, origin_character_snapshot_at, mode, system_prompt, voice_defaults_json, setup_json, is_active, use_persona_state_context_default, created_at, last_modified, deleted, version) VALUES (?, ?, ... Params: ('existing', '2', 'Existing', None, None, None, None, 'session_scoped', None, None, None, True, True, '2026-09-17T06:23:47.503Z', '2026-09-17T06:23:47.503Z', False, 1)...
2026-09-16 23:23:47.505 | DEBUG    | tldw_Server_API.app.core.DB_Management.ChaChaNotes_DB:execute_query:8286 - Executing SQL (script=False, backend=postgresql): INSERT INTO persona_profiles(id, user_id, name, character_card_id, origin_character_id, origin_character_name, origin_character_snapshot_at, mode, system_prompt, voice_defaults_json, setup_json, is_active, use_persona_state_context_default, created_at, last_modified, deleted, version) VALUES (?, ?, ... Params: ('existing', '2', 'Duplicate', None, None, None, None, 'session_scoped', None, None, None, True, True, '2026-09-17T06:23:47.505Z', '2026-09-17T06:23:47.505Z', False, 1)...
2026-09-16 23:23:47.506 | ERROR    | tldw_Server_API.app.core.DB_Management.backends.postgresql_backend:execute:1089 - PostgreSQL query execution failed
2026-09-16 23:23:47.506 | ERROR    | tldw_Server_API.app.core.DB_Management.ChaChaNotes_DB:execute_query:8354 - Backend query execution failed (postgresql): PostgreSQL query execution failed
--------------------------- Captured stderr teardown ---------------------------
2026-09-16 23:23:48.095 | DEBUG    | tldw_Server_API.app.core.DB_Management.ChaChaNotes_DB:close_connection:8110 - Returned backend connection (postgresql) for thread 8346099072.
2026-09-16 23:23:48.116 | INFO     | tldw_Server_API.app.api.v1.API_Deps.ChaCha_Notes_DB_Deps:close_all_chacha_db_instances:876 - Closing all cached ChaChaNotesDB instances (0)...
2026-09-16 23:23:48.116 | INFO     | tldw_Server_API.app.api.v1.API_Deps.ChaCha_Notes_DB_Deps:close_all_chacha_db_instances:892 - All ChaChaNotesDB instances closed and cache cleared.
2026-09-16 23:23:48.116 | INFO     | tldw_Server_API.app.api.v1.API_Deps.ChaCha_Notes_DB_Deps:close_all_chacha_db_instances:876 - Closing all cached ChaChaNotesDB instances (0)...
2026-09-16 23:23:48.116 | INFO     | tldw_Server_API.app.api.v1.API_Deps.ChaCha_Notes_DB_Deps:close_all_chacha_db_instances:892 - All ChaChaNotesDB instances closed and cache cleared.
_______________ test_scoped_default_tombstone_is_not_resurrected _______________
tldw_Server_API/app/core/DB_Management/ChaChaNotes_DB.py:8306: in execute_query
    cursor.execute(prepared_query, prepared_params or ())
tldw_Server_API/app/core/DB_Management/ChaChaNotes_DB.py:506: in guarded
    return method(self, *args, **kwargs)
           ^^^^^^^^^^^^^^^^^^^^^^^^^^^^^
tldw_Server_API/app/core/DB_Management/ChaChaNotes_DB.py:536: in execute
    self._result = self._backend.execute(
tldw_Server_API/app/core/DB_Management/backends/postgresql_backend.py:1099: in execute
    raise UniqueConstraintError("PostgreSQL query execution failed")
E   tldw_Server_API.app.core.DB_Management.backends.base.UniqueConstraintError: PostgreSQL query execution failed

The above exception was the direct cause of the following exception:
tldw_Server_API/tests/DB_Management/test_persona_default_profile_backends.py:139: in test_scoped_default_tombstone_is_not_resurrected
    endpoint._ensure_default_persona_profile(pg_db, user_id="2")
tldw_Server_API/app/api/v1/endpoints/persona.py:3165: in _ensure_default_persona_profile
    _ = db.create_persona_profile(
tldw_Server_API/app/core/DB_Management/ChaChaNotes_DB.py:44599: in _delegated
    return getattr(getattr(self, store_attr), method_name)(*args, **kwargs)
           ^^^^^^^^^^^^^^^^^^^^^^^^^^^^^^^^^^^^^^^^^^^^^^^^^^^^^^^^^^^^^^^^
tldw_Server_API/app/core/DB_Management/chacha/persona_state_store.py:1746: in create_persona_profile
    self.execute_query(query, params, commit=True)
tldw_Server_API/app/core/DB_Management/ChaChaNotes_DB.py:492: in guarded
    return method(self, *args, **kwargs)
           ^^^^^^^^^^^^^^^^^^^^^^^^^^^^^
tldw_Server_API/app/core/DB_Management/ChaChaNotes_DB.py:8360: in execute_query
    raise CharactersRAGDBError(f"Query execution failed: {exc}") from exc  # noqa: TRY003
    ^^^^^^^^^^^^^^^^^^^^^^^^^^^^^^^^^^^^^^^^^^^^^^^^^^^^^^^^^^^^^^^^^^^^^
E   tldw_Server_API.app.core.DB_Management.ChaChaNotes_DB.CharactersRAGDBError: Query execution failed: PostgreSQL query execution failed
---------------------------- Captured stderr setup -----------------------------
2026-09-16 23:23:48.136 | INFO     | tldw_Server_API.app.core.DB_Management.backends.factory:create_backend:392 - Creating postgresql backend
2026-09-16 23:23:48.136 | INFO     | tldw_Server_API.app.core.config:_buffered_log:210 - Determined ACTUAL_PROJECT_ROOT for database paths: /Users/macbook-dev/Documents/GitHub/tldw_server2
2026-09-16 23:23:48.137 | INFO     | tldw_Server_API.app.core.config:_buffered_log:210 - Early loading environment variables from: /Users/macbook-dev/Documents/GitHub/tldw_server2/tldw_Server_API/Config_Files/.env
2026-09-16 23:23:48.141 | INFO     | tldw_Server_API.app.core.config:_buffered_log:210 - Early loading environment variables from: /Users/macbook-dev/Documents/GitHub/tldw_server2/tldw_Server_API/Config_Files/.ENV
2026-09-16 23:23:48.145 | DEBUG    | tldw_Server_API.app.core.config:_buffered_log:210 - load_and_log_configs(): Loading and logging configurations...
2026-09-16 23:23:48.146 | INFO     | tldw_Server_API.app.core.config:_buffered_log:210 - Loading environment variables from: /Users/macbook-dev/Documents/GitHub/tldw_server2/tldw_Server_API/Config_Files/.env
2026-09-16 23:23:48.150 | INFO     | tldw_Server_API.app.core.config:_buffered_log:210 - Loading environment variables from: /Users/macbook-dev/Documents/GitHub/tldw_server2/tldw_Server_API/Config_Files/.ENV
2026-09-16 23:23:48.155 | INFO     | tldw_Server_API.app.core.config:_buffered_log:210 - Attempting to load comprehensive config from: /Users/macbook-dev/Documents/GitHub/tldw_server2/tldw_Server_API/Config_Files/config.txt
2026-09-16 23:23:48.156 | INFO     | tldw_Server_API.app.core.config:_buffered_log:210 - load_comprehensive_config(): Sections found in config: ['Setup', 'UI', 'Server', 'Files', 'Image-Generation', 'ACP', 'WORKSPACES', 'ACP-WORKSPACE', 'ACP-SANDBOX', 'Audit', 'Processing', 'Media-Processing', 'Chat-Dictionaries', 'Chat-Module', 'Chat-Commands', 'Chat-Templating', 'Character-Chat', 'Settings', 'Auto-Save', 'Prompts', 'Database', 'Chunking', 'Visual-RAG', 'AuthNZ', 'Streaming', 'HTTP', 'Egress', 'Embeddings', 'Claims', 'ClaimsMonitoring', 'RAG', 'Search-Agent', 'ResourceGovernor', 'Jobs', 'SlidesStandaloneHtml', 'Diarization', 'API', 'MLX', 'Local-API', 'LlamaCpp', 'STT-Settings', 'external_providers', 'TTS-Settings', 'VibeVoice', 'Audio-Quota', 'API-Routes', 'Search-Engines', 'Web-Scraper', 'Logging', 'Moderation', 'Redis', 'Web-Scraping', 'personalization', 'persona', 'persona.rbac']
2026-09-16 23:23:48.159 | INFO     | tldw_Server_API.app.core.config:_buffered_log:210 - Ensured main SQLite database directory exists: /Users/macbook-dev/Documents/GitHub/tldw_server2/Databases
2026-09-16 23:23:48.159 | INFO     | tldw_Server_API.app.core.config:_buffered_log:210 - Ensured user data base directory exists: Databases/user_databases
2026-09-16 23:23:48.159 | WARNING  | tldw_Server_API.app.core.DB_Management.db_path_utils:resolve_user_db_base_dir:491 - USER_DB_BASE_DIR not configured in tests, using isolated fallback: /private/var/folders/sn/m80n2j152t9gw3w8qwk2nykh0000gn/T/tldw_user_databases_test/default-13eac527
2026-09-16 23:23:48.159 | INFO     | tldw_Server_API.app.core.DB_Management.ChaChaNotes_DB:__init__:7657 - Initializing CharactersRAGDB for path: /private/var/folders/sn/m80n2j152t9gw3w8qwk2nykh0000gn/T/pytest-of-macbook-dev/pytest-597/test_scoped_default_tombstone_0/default-profile.db [Client ID: 2] (backend=postgresql)
2026-09-16 23:23:49.515 | DEBUG    | tldw_Server_API.app.core.DB_Management.ChaChaNotes_DB:__init__:7664 - CharactersRAGDB initialization completed successfully for /private/var/folders/sn/m80n2j152t9gw3w8qwk2nykh0000gn/T/pytest-of-macbook-dev/pytest-597/test_scoped_default_tombstone_0/default-profile.db
----------------------------- Captured stderr call -----------------------------
2026-09-16 23:23:49.517 | DEBUG    | tldw_Server_API.app.core.DB_Management.ChaChaNotes_DB:_get_connection_for_state:8036 - Acquired backend connection (postgresql) for thread 8346099072
2026-09-16 23:23:49.517 | DEBUG    | tldw_Server_API.app.core.DB_Management.ChaChaNotes_DB:execute_query:8286 - Executing SQL (script=False, backend=postgresql): INSERT INTO persona_profiles(id, user_id, name, character_card_id, origin_character_id, origin_character_name, origin_character_snapshot_at, mode, system_prompt, voice_defaults_json, setup_json, is_active, use_persona_state_context_default, created_at, last_modified, deleted, version) VALUES (?, ?, ... Params: ('research_assistant:2', '2', 'Research Assistant', None, None, None, None, 'session_scoped', None, None, None, False, True, '2026-09-17T06:23:49.516Z', '2026-09-17T06:23:49.516Z', True, 1)...
2026-09-16 23:23:49.518 | DEBUG    | tldw_Server_API.app.core.DB_Management.ChaChaNotes_DB:execute_query:8286 - Executing SQL (script=False, backend=postgresql): SELECT * FROM persona_profiles WHERE id = ? AND user_id = ? AND deleted = 0... Params: ('research_assistant', '2')...
2026-09-16 23:23:49.519 | DEBUG    | tldw_Server_API.app.core.DB_Management.ChaChaNotes_DB:execute_query:8286 - Executing SQL (script=False, backend=postgresql): INSERT INTO persona_profiles(id, user_id, name, character_card_id, origin_character_id, origin_character_name, origin_character_snapshot_at, mode, system_prompt, voice_defaults_json, setup_json, is_active, use_persona_state_context_default, created_at, last_modified, deleted, version) VALUES (?, ?, ... Params: ('research_assistant', '2', 'Research Assistant', None, None, None, None, 'session_scoped', 'Helps ingest, search, and summarize content', None, None, True, True, '2026-09-17T06:23:49.519Z', '2026-09-...
2026-09-16 23:23:49.519 | ERROR    | tldw_Server_API.app.core.DB_Management.backends.postgresql_backend:execute:1089 - PostgreSQL query execution failed
2026-09-16 23:23:49.519 | ERROR    | tldw_Server_API.app.core.DB_Management.ChaChaNotes_DB:execute_query:8354 - Backend query execution failed (postgresql): PostgreSQL query execution failed
--------------------------- Captured stderr teardown ---------------------------
2026-09-16 23:23:50.215 | DEBUG    | tldw_Server_API.app.core.DB_Management.ChaChaNotes_DB:close_connection:8110 - Returned backend connection (postgresql) for thread 8346099072.
2026-09-16 23:23:50.239 | INFO     | tldw_Server_API.app.api.v1.API_Deps.ChaCha_Notes_DB_Deps:close_all_chacha_db_instances:876 - Closing all cached ChaChaNotesDB instances (0)...
2026-09-16 23:23:50.239 | INFO     | tldw_Server_API.app.api.v1.API_Deps.ChaCha_Notes_DB_Deps:close_all_chacha_db_instances:892 - All ChaChaNotesDB instances closed and cache cleared.
2026-09-16 23:23:50.239 | INFO     | tldw_Server_API.app.api.v1.API_Deps.ChaCha_Notes_DB_Deps:close_all_chacha_db_instances:876 - Closing all cached ChaChaNotesDB instances (0)...
2026-09-16 23:23:50.239 | INFO     | tldw_Server_API.app.api.v1.API_Deps.ChaCha_Notes_DB_Deps:close_all_chacha_db_instances:892 - All ChaChaNotesDB instances closed and cache cleared.
_ test_profile_insert_preserves_caller_transaction_and_rollback[False-backend-empty] _
tldw_Server_API/tests/DB_Management/test_persona_default_profile_backends.py:204: in test_profile_insert_preserves_caller_transaction_and_rollback
    operation()
tldw_Server_API/tests/DB_Management/test_persona_default_profile_backends.py:192: in operation
    assert conn.info.transaction_status.name == "INTRANS"
E   AssertionError: assert 'IDLE' == 'INTRANS'
E
E     - INTRANS
E     + IDLE
---------------------------- Captured stderr setup -----------------------------
2026-09-16 23:23:50.259 | INFO     | tldw_Server_API.app.core.DB_Management.backends.factory:create_backend:392 - Creating postgresql backend
2026-09-16 23:23:50.259 | INFO     | tldw_Server_API.app.core.config:_buffered_log:210 - Determined ACTUAL_PROJECT_ROOT for database paths: /Users/macbook-dev/Documents/GitHub/tldw_server2
2026-09-16 23:23:50.260 | INFO     | tldw_Server_API.app.core.config:_buffered_log:210 - Early loading environment variables from: /Users/macbook-dev/Documents/GitHub/tldw_server2/tldw_Server_API/Config_Files/.env
2026-09-16 23:23:50.264 | INFO     | tldw_Server_API.app.core.config:_buffered_log:210 - Early loading environment variables from: /Users/macbook-dev/Documents/GitHub/tldw_server2/tldw_Server_API/Config_Files/.ENV
2026-09-16 23:23:50.268 | DEBUG    | tldw_Server_API.app.core.config:_buffered_log:210 - load_and_log_configs(): Loading and logging configurations...
2026-09-16 23:23:50.269 | INFO     | tldw_Server_API.app.core.config:_buffered_log:210 - Loading environment variables from: /Users/macbook-dev/Documents/GitHub/tldw_server2/tldw_Server_API/Config_Files/.env
2026-09-16 23:23:50.273 | INFO     | tldw_Server_API.app.core.config:_buffered_log:210 - Loading environment variables from: /Users/macbook-dev/Documents/GitHub/tldw_server2/tldw_Server_API/Config_Files/.ENV
2026-09-16 23:23:50.278 | INFO     | tldw_Server_API.app.core.config:_buffered_log:210 - Attempting to load comprehensive config from: /Users/macbook-dev/Documents/GitHub/tldw_server2/tldw_Server_API/Config_Files/config.txt
2026-09-16 23:23:50.280 | INFO     | tldw_Server_API.app.core.config:_buffered_log:210 - load_comprehensive_config(): Sections found in config: ['Setup', 'UI', 'Server', 'Files', 'Image-Generation', 'ACP', 'WORKSPACES', 'ACP-WORKSPACE', 'ACP-SANDBOX', 'Audit', 'Processing', 'Media-Processing', 'Chat-Dictionaries', 'Chat-Module', 'Chat-Commands', 'Chat-Templating', 'Character-Chat', 'Settings', 'Auto-Save', 'Prompts', 'Database', 'Chunking', 'Visual-RAG', 'AuthNZ', 'Streaming', 'HTTP', 'Egress', 'Embeddings', 'Claims', 'ClaimsMonitoring', 'RAG', 'Search-Agent', 'ResourceGovernor', 'Jobs', 'SlidesStandaloneHtml', 'Diarization', 'API', 'MLX', 'Local-API', 'LlamaCpp', 'STT-Settings', 'external_providers', 'TTS-Settings', 'VibeVoice', 'Audio-Quota', 'API-Routes', 'Search-Engines', 'Web-Scraper', 'Logging', 'Moderation', 'Redis', 'Web-Scraping', 'personalization', 'persona', 'persona.rbac']
2026-09-16 23:23:50.282 | INFO     | tldw_Server_API.app.core.config:_buffered_log:210 - Ensured main SQLite database directory exists: /Users/macbook-dev/Documents/GitHub/tldw_server2/Databases
2026-09-16 23:23:50.282 | INFO     | tldw_Server_API.app.core.config:_buffered_log:210 - Ensured user data base directory exists: Databases/user_databases
2026-09-16 23:23:50.283 | WARNING  | tldw_Server_API.app.core.DB_Management.db_path_utils:resolve_user_db_base_dir:491 - USER_DB_BASE_DIR not configured in tests, using isolated fallback: /private/var/folders/sn/m80n2j152t9gw3w8qwk2nykh0000gn/T/tldw_user_databases_test/default-13eac527
2026-09-16 23:23:50.283 | INFO     | tldw_Server_API.app.core.DB_Management.ChaChaNotes_DB:__init__:7657 - Initializing CharactersRAGDB for path: /private/var/folders/sn/m80n2j152t9gw3w8qwk2nykh0000gn/T/pytest-of-macbook-dev/pytest-597/test_profile_insert_preserves_9/default-profile.db [Client ID: 2] (backend=postgresql)
2026-09-16 23:23:51.618 | DEBUG    | tldw_Server_API.app.core.DB_Management.ChaChaNotes_DB:__init__:7664 - CharactersRAGDB initialization completed successfully for /private/var/folders/sn/m80n2j152t9gw3w8qwk2nykh0000gn/T/pytest-of-macbook-dev/pytest-597/test_profile_insert_preserves_9/default-profile.db
----------------------------- Captured stderr call -----------------------------
2026-09-16 23:23:51.620 | DEBUG    | tldw_Server_API.app.core.DB_Management.ChaChaNotes_DB:_get_connection_for_state:8036 - Acquired backend connection (postgresql) for thread 8346099072
2026-09-16 23:23:51.620 | DEBUG    | tldw_Server_API.app.core.DB_Management.ChaChaNotes_DB:execute_query:8286 - Executing SQL (script=False, backend=postgresql): INSERT INTO persona_profiles(id, user_id, name, character_card_id, origin_character_id, origin_character_name, origin_character_snapshot_at, mode, system_prompt, voice_defaults_json, setup_json, is_active, use_persona_state_context_default, created_at, last_modified, deleted, version) VALUES (?, ?, ... Params: ('existing', '2', 'Existing', None, None, None, None, 'session_scoped', None, None, None, True, True, '2026-09-17T06:23:51.619Z', '2026-09-17T06:23:51.619Z', False, 1)...
2026-09-16 23:23:51.621 | DEBUG    | tldw_Server_API.app.core.DB_Management.ChaChaNotes_DB:execute_query:8286 - Executing SQL (script=False, backend=postgresql): INSERT INTO persona_profiles(id, user_id, name, character_card_id, origin_character_id, origin_character_name, origin_character_snapshot_at, mode, system_prompt, voice_defaults_json, setup_json, is_active, use_persona_state_context_default, created_at, last_modified, deleted, version) VALUES (?, ?, ... Params: ('created', '2', 'Created', None, None, None, None, 'session_scoped', None, None, None, True, True, '2026-09-17T06:23:51.621Z', '2026-09-17T06:23:51.621Z', False, 1)...
--------------------------- Captured stderr teardown ---------------------------
2026-09-16 23:23:51.626 | DEBUG    | tldw_Server_API.app.core.DB_Management.ChaChaNotes_DB:close_connection:8110 - Returned backend connection (postgresql) for thread 8346099072.
2026-09-16 23:23:51.641 | INFO     | tldw_Server_API.app.api.v1.API_Deps.ChaCha_Notes_DB_Deps:close_all_chacha_db_instances:876 - Closing all cached ChaChaNotesDB instances (0)...
2026-09-16 23:23:51.641 | INFO     | tldw_Server_API.app.api.v1.API_Deps.ChaCha_Notes_DB_Deps:close_all_chacha_db_instances:892 - All ChaChaNotesDB instances closed and cache cleared.
2026-09-16 23:23:51.641 | INFO     | tldw_Server_API.app.api.v1.API_Deps.ChaCha_Notes_DB_Deps:close_all_chacha_db_instances:876 - Closing all cached ChaChaNotesDB instances (0)...
2026-09-16 23:23:51.641 | INFO     | tldw_Server_API.app.api.v1.API_Deps.ChaCha_Notes_DB_Deps:close_all_chacha_db_instances:892 - All ChaChaNotesDB instances closed and cache cleared.
_ test_cold_two_owner_routes_repeat_with_owned_profiles_and_policies[postgresql-profiles] _
tldw_Server_API/tests/DB_Management/test_persona_default_profile_backends.py:77: in test_cold_two_owner_routes_repeat_with_owned_profiles_and_policies
    assert [first.status_code, again.status_code] == [200, 200]
E   assert [500, 500] == [200, 200]
E
E     At index 0 diff: 500 != 200
E     Use -v to get more diff
---------------------------- Captured stderr setup -----------------------------
2026-09-16 23:23:52.889 | INFO     | tldw_Server_API.app.core.DB_Management.backends.factory:create_backend:392 - Creating postgresql backend
2026-09-16 23:23:52.889 | INFO     | tldw_Server_API.app.core.config:_buffered_log:210 - Determined ACTUAL_PROJECT_ROOT for database paths: /Users/macbook-dev/Documents/GitHub/tldw_server2
2026-09-16 23:23:52.889 | INFO     | tldw_Server_API.app.core.config:_buffered_log:210 - Early loading environment variables from: /Users/macbook-dev/Documents/GitHub/tldw_server2/tldw_Server_API/Config_Files/.env
2026-09-16 23:23:52.894 | INFO     | tldw_Server_API.app.core.config:_buffered_log:210 - Early loading environment variables from: /Users/macbook-dev/Documents/GitHub/tldw_server2/tldw_Server_API/Config_Files/.ENV
2026-09-16 23:23:52.898 | DEBUG    | tldw_Server_API.app.core.config:_buffered_log:210 - load_and_log_configs(): Loading and logging configurations...
2026-09-16 23:23:52.898 | INFO     | tldw_Server_API.app.core.config:_buffered_log:210 - Loading environment variables from: /Users/macbook-dev/Documents/GitHub/tldw_server2/tldw_Server_API/Config_Files/.env
2026-09-16 23:23:52.903 | INFO     | tldw_Server_API.app.core.config:_buffered_log:210 - Loading environment variables from: /Users/macbook-dev/Documents/GitHub/tldw_server2/tldw_Server_API/Config_Files/.ENV
2026-09-16 23:23:52.908 | INFO     | tldw_Server_API.app.core.config:_buffered_log:210 - Attempting to load comprehensive config from: /Users/macbook-dev/Documents/GitHub/tldw_server2/tldw_Server_API/Config_Files/config.txt
2026-09-16 23:23:52.910 | INFO     | tldw_Server_API.app.core.config:_buffered_log:210 - load_comprehensive_config(): Sections found in config: ['Setup', 'UI', 'Server', 'Files', 'Image-Generation', 'ACP', 'WORKSPACES', 'ACP-WORKSPACE', 'ACP-SANDBOX', 'Audit', 'Processing', 'Media-Processing', 'Chat-Dictionaries', 'Chat-Module', 'Chat-Commands', 'Chat-Templating', 'Character-Chat', 'Settings', 'Auto-Save', 'Prompts', 'Database', 'Chunking', 'Visual-RAG', 'AuthNZ', 'Streaming', 'HTTP', 'Egress', 'Embeddings', 'Claims', 'ClaimsMonitoring', 'RAG', 'Search-Agent', 'ResourceGovernor', 'Jobs', 'SlidesStandaloneHtml', 'Diarization', 'API', 'MLX', 'Local-API', 'LlamaCpp', 'STT-Settings', 'external_providers', 'TTS-Settings', 'VibeVoice', 'Audio-Quota', 'API-Routes', 'Search-Engines', 'Web-Scraper', 'Logging', 'Moderation', 'Redis', 'Web-Scraping', 'personalization', 'persona', 'persona.rbac']
2026-09-16 23:23:52.912 | INFO     | tldw_Server_API.app.core.config:_buffered_log:210 - Ensured main SQLite database directory exists: /Users/macbook-dev/Documents/GitHub/tldw_server2/Databases
2026-09-16 23:23:52.912 | INFO     | tldw_Server_API.app.core.config:_buffered_log:210 - Ensured user data base directory exists: Databases/user_databases
2026-09-16 23:23:52.912 | WARNING  | tldw_Server_API.app.core.DB_Management.db_path_utils:resolve_user_db_base_dir:491 - USER_DB_BASE_DIR not configured in tests, using isolated fallback: /private/var/folders/sn/m80n2j152t9gw3w8qwk2nykh0000gn/T/tldw_user_databases_test/default-13eac527
2026-09-16 23:23:52.912 | INFO     | tldw_Server_API.app.core.DB_Management.ChaChaNotes_DB:__init__:7657 - Initializing CharactersRAGDB for path: /private/var/folders/sn/m80n2j152t9gw3w8qwk2nykh0000gn/T/pytest-of-macbook-dev/pytest-597/test_cold_two_owner_routes_rep3/2.db [Client ID: 2] (backend=postgresql)
2026-09-16 23:23:54.364 | DEBUG    | tldw_Server_API.app.core.DB_Management.ChaChaNotes_DB:__init__:7664 - CharactersRAGDB initialization completed successfully for /private/var/folders/sn/m80n2j152t9gw3w8qwk2nykh0000gn/T/pytest-of-macbook-dev/pytest-597/test_cold_two_owner_routes_rep3/2.db
2026-09-16 23:23:54.365 | WARNING  | tldw_Server_API.app.core.DB_Management.db_path_utils:resolve_user_db_base_dir:491 - USER_DB_BASE_DIR not configured in tests, using isolated fallback: /private/var/folders/sn/m80n2j152t9gw3w8qwk2nykh0000gn/T/tldw_user_databases_test/default-13eac527
2026-09-16 23:23:54.365 | INFO     | tldw_Server_API.app.core.DB_Management.ChaChaNotes_DB:__init__:7657 - Initializing CharactersRAGDB for path: /private/var/folders/sn/m80n2j152t9gw3w8qwk2nykh0000gn/T/pytest-of-macbook-dev/pytest-597/test_cold_two_owner_routes_rep3/3.db [Client ID: 3] (backend=postgresql)
2026-09-16 23:23:54.514 | DEBUG    | tldw_Server_API.app.core.DB_Management.ChaChaNotes_DB:__init__:7664 - CharactersRAGDB initialization completed successfully for /private/var/folders/sn/m80n2j152t9gw3w8qwk2nykh0000gn/T/pytest-of-macbook-dev/pytest-597/test_cold_two_owner_routes_rep3/3.db
----------------------------- Captured stderr call -----------------------------
2026-09-16 23:23:54.586 | DEBUG    | tldw_Server_API.app.core.DB_Management.ChaChaNotes_DB:_get_connection_for_state:8036 - Acquired backend connection (postgresql) for thread 6238105600
2026-09-16 23:23:54.586 | DEBUG    | tldw_Server_API.app.core.DB_Management.ChaChaNotes_DB:execute_query:8286 - Executing SQL (script=False, backend=postgresql): SELECT * FROM persona_profiles WHERE user_id = ? AND deleted = 0 ORDER BY last_modified DESC, name ASC LIMIT ? OFFSET ?... Params: ('2', 100, 0)...
2026-09-16 23:23:54.587 | DEBUG    | tldw_Server_API.app.core.DB_Management.ChaChaNotes_DB:execute_query:8286 - Executing SQL (script=False, backend=postgresql): SELECT * FROM persona_profiles WHERE id = ? AND user_id = ? AND deleted = 0... Params: ('research_assistant', '2')...
2026-09-16 23:23:54.587 | DEBUG    | tldw_Server_API.app.core.DB_Management.ChaChaNotes_DB:execute_query:8286 - Executing SQL (script=False, backend=postgresql): INSERT INTO persona_profiles(id, user_id, name, character_card_id, origin_character_id, origin_character_name, origin_character_snapshot_at, mode, system_prompt, voice_defaults_json, setup_json, is_active, use_persona_state_context_default, created_at, last_modified, deleted, version) VALUES (?, ?, ... Params: ('research_assistant', '2', 'Research Assistant', None, None, None, None, 'session_scoped', 'Helps ingest, search, and summarize content', None, None, True, True, '2026-09-17T06:23:54.587Z', '2026-09-...
2026-09-16 23:23:54.588 | DEBUG    | tldw_Server_API.app.core.DB_Management.ChaChaNotes_DB:execute_query:8286 - Executing SQL (script=False, backend=postgresql): SELECT * FROM persona_profiles WHERE id = ? AND user_id = ? AND deleted = 0... Params: ('research_assistant', '2')...
2026-09-16 23:23:54.589 | DEBUG    | tldw_Server_API.app.core.DB_Management.ChaChaNotes_DB:execute_query:8286 - Executing SQL (script=False, backend=postgresql): SELECT * FROM persona_profiles WHERE id = ? AND user_id = ? AND deleted = 0... Params: ('research_assistant', '2')...
2026-09-16 23:23:54.589 | DEBUG    | tldw_Server_API.app.core.DB_Management.ChaChaNotes_DB:execute_query:8286 - Executing SQL (script=False, backend=postgresql): SELECT * FROM persona_policy_rules WHERE persona_id = ? AND user_id = ? AND deleted = 0 ORDER BY rule_kind ASC, rule_name ASC, id ASC... Params: ('research_assistant', '2')...
2026-09-16 23:23:54.592 | DEBUG    | tldw_Server_API.app.core.DB_Management.ChaChaNotes_DB:execute_query:8286 - Executing SQL (script=False, backend=postgresql): SELECT pb.* FROM persona_buddies pb JOIN persona_profiles pp   ON pp.id = pb.persona_id  AND pp.user_id = pb.user_id WHERE pb.user_id = ? AND pb.persona_id IN (?) AND (? OR pp.deleted = ?)... Params: ('2', 'research_assistant', False, False)...
2026-09-16 23:23:54.594 | DEBUG    | tldw_Server_API.app.core.DB_Management.ChaChaNotes_DB:execute_query:8286 - Executing SQL (script=False, backend=postgresql): SELECT * FROM persona_profiles WHERE user_id = ? AND deleted = 0 ORDER BY last_modified DESC, name ASC LIMIT ? OFFSET ?... Params: ('2', 100, 0)...
2026-09-16 23:23:54.594 | DEBUG    | tldw_Server_API.app.core.DB_Management.ChaChaNotes_DB:execute_query:8286 - Executing SQL (script=False, backend=postgresql): SELECT pb.* FROM persona_buddies pb JOIN persona_profiles pp   ON pp.id = pb.persona_id  AND pp.user_id = pb.user_id WHERE pb.user_id = ? AND pb.persona_id IN (?) AND (? OR pp.deleted = ?)... Params: ('2', 'research_assistant', False, False)...
2026-09-16 23:23:54.596 | DEBUG    | tldw_Server_API.app.core.DB_Management.ChaChaNotes_DB:execute_query:8286 - Executing SQL (script=False, backend=postgresql): SELECT * FROM persona_profiles WHERE id = ? AND user_id = ? AND deleted = 0... Params: ('research_assistant', '2')...
2026-09-16 23:23:54.596 | DEBUG    | tldw_Server_API.app.core.DB_Management.ChaChaNotes_DB:execute_query:8286 - Executing SQL (script=False, backend=postgresql):
            SELECT pb.*
              FROM persona_buddies pb
              JOIN persona_profiles pp
                ON pp.id = pb.persona_id
               AND pp.user_id = pb.user_id
             WHERE pb.persona_id = ?
               AND pb.user_id = ?
               AND (? OR pp.deleted = ?)
  ... Params: ('research_assistant', '2', False, False)...
2026-09-16 23:23:54.602 | DEBUG    | tldw_Server_API.app.core.DB_Management.ChaChaNotes_DB:_get_connection_for_state:8036 - Acquired backend connection (postgresql) for thread 8346099072
2026-09-16 23:23:54.602 | DEBUG    | tldw_Server_API.app.core.DB_Management.ChaChaNotes_DB:execute_query:8286 - Executing SQL (script=False, backend=postgresql): SELECT * FROM persona_profiles WHERE id = ? AND user_id = ? AND deleted = 0... Params: ('research_assistant', '2')...
2026-09-16 23:23:54.603 | DEBUG    | tldw_Server_API.app.core.DB_Management.ChaChaNotes_DB:execute_query:8286 - Executing SQL (script=False, backend=postgresql): SELECT * FROM persona_profiles WHERE id = ? AND user_id = ? AND deleted = 0... Params: ('research_assistant', '2')...
2026-09-16 23:23:54.604 | DEBUG    | tldw_Server_API.app.core.DB_Management.ChaChaNotes_DB:execute_query:8286 - Executing SQL (script=False, backend=postgresql): SELECT * FROM persona_policy_rules WHERE persona_id = ? AND user_id = ? AND deleted = 0 ORDER BY rule_kind ASC, rule_name ASC, id ASC... Params: ('research_assistant', '2')...
2026-09-16 23:23:54.677 | DEBUG    | tldw_Server_API.app.core.DB_Management.ChaChaNotes_DB:_get_connection_for_state:8036 - Acquired backend connection (postgresql) for thread 6238105600
2026-09-16 23:23:54.678 | DEBUG    | tldw_Server_API.app.core.DB_Management.ChaChaNotes_DB:execute_query:8286 - Executing SQL (script=False, backend=postgresql): SELECT * FROM persona_profiles WHERE user_id = ? AND deleted = 0 ORDER BY last_modified DESC, name ASC LIMIT ? OFFSET ?... Params: ('3', 100, 0)...
2026-09-16 23:23:54.679 | DEBUG    | tldw_Server_API.app.core.DB_Management.ChaChaNotes_DB:execute_query:8286 - Executing SQL (script=False, backend=postgresql): SELECT * FROM persona_profiles WHERE id = ? AND user_id = ? AND deleted = 0... Params: ('research_assistant', '3')...
2026-09-16 23:23:54.680 | DEBUG    | tldw_Server_API.app.core.DB_Management.ChaChaNotes_DB:execute_query:8286 - Executing SQL (script=False, backend=postgresql): INSERT INTO persona_profiles(id, user_id, name, character_card_id, origin_character_id, origin_character_name, origin_character_snapshot_at, mode, system_prompt, voice_defaults_json, setup_json, is_active, use_persona_state_context_default, created_at, last_modified, deleted, version) VALUES (?, ?, ... Params: ('research_assistant', '3', 'Research Assistant', None, None, None, None, 'session_scoped', 'Helps ingest, search, and summarize content', None, None, True, True, '2026-09-17T06:23:54.680Z', '2026-09-...
2026-09-16 23:23:54.681 | ERROR    | tldw_Server_API.app.core.DB_Management.backends.postgresql_backend:execute:1089 - PostgreSQL query execution failed
2026-09-16 23:23:54.681 | ERROR    | tldw_Server_API.app.core.DB_Management.ChaChaNotes_DB:execute_query:8354 - Backend query execution failed (postgresql): PostgreSQL query execution failed
2026-09-16 23:23:54.681 | ERROR    | tldw_Server_API.app.api.v1.endpoints.persona:_to_http_exception:1795 - Persona DB error during list persona profiles: Query execution failed: PostgreSQL query execution failed
2026-09-16 23:23:54.682 | DEBUG    | tldw_Server_API.app.core.DB_Management.ChaChaNotes_DB:execute_query:8286 - Executing SQL (script=False, backend=postgresql): SELECT * FROM persona_profiles WHERE user_id = ? AND deleted = 0 ORDER BY last_modified DESC, name ASC LIMIT ? OFFSET ?... Params: ('3', 100, 0)...
2026-09-16 23:23:54.682 | ERROR    | tldw_Server_API.app.core.DB_Management.backends.postgresql_backend:execute:1089 - PostgreSQL query execution failed
2026-09-16 23:23:54.682 | ERROR    | tldw_Server_API.app.core.DB_Management.ChaChaNotes_DB:execute_query:8354 - Backend query execution failed (postgresql): PostgreSQL query execution failed
2026-09-16 23:23:54.683 | ERROR    | tldw_Server_API.app.api.v1.endpoints.persona:_to_http_exception:1795 - Persona DB error during list persona profiles: Query execution failed: PostgreSQL query execution failed2026-09-16 23:23:54.737 | INFO     | tldw_Server_API.app.core.config:_buffered_log:210 - Determined ACTUAL_PROJECT_ROOT for database paths: /Users/macbook-dev/Documents/GitHub/tldw_server2
2026-09-16 23:23:54.737 | INFO     | tldw_Server_API.app.core.config:_buffered_log:210 - Early loading environment variables from: /Users/macbook-dev/Documents/GitHub/tldw_server2/tldw_Server_API/Config_Files/.env
2026-09-16 23:23:54.742 | INFO     | tldw_Server_API.app.core.config:_buffered_log:210 - Early loading environment variables from: /Users/macbook-dev/Documents/GitHub/tldw_server2/tldw_Server_API/Config_Files/.ENV
2026-09-16 23:23:54.746 | DEBUG    | tldw_Server_API.app.core.config:_buffered_log:210 - load_and_log_configs(): Loading and logging configurations...
2026-09-16 23:23:54.747 | INFO     | tldw_Server_API.app.core.config:_buffered_log:210 - Loading environment variables from: /Users/macbook-dev/Documents/GitHub/tldw_server2/tldw_Server_API/Config_Files/.env
2026-09-16 23:23:54.751 | INFO     | tldw_Server_API.app.core.config:_buffered_log:210 - Loading environment variables from: /Users/macbook-dev/Documents/GitHub/tldw_server2/tldw_Server_API/Config_Files/.ENV
2026-09-16 23:23:54.756 | INFO     | tldw_Server_API.app.core.config:_buffered_log:210 - Attempting to load comprehensive config from: /Users/macbook-dev/Documents/GitHub/tldw_server2/tldw_Server_API/Config_Files/config.txt
2026-09-16 23:23:54.758 | INFO     | tldw_Server_API.app.core.config:_buffered_log:210 - load_comprehensive_config(): Sections found in config: ['Setup', 'UI', 'Server', 'Files', 'Image-Generation', 'ACP', 'WORKSPACES', 'ACP-WORKSPACE', 'ACP-SANDBOX', 'Audit', 'Processing', 'Media-Processing', 'Chat-Dictionaries', 'Chat-Module', 'Chat-Commands', 'Chat-Templating', 'Character-Chat', 'Settings', 'Auto-Save', 'Prompts', 'Database', 'Chunking', 'Visual-RAG', 'AuthNZ', 'Streaming', 'HTTP', 'Egress', 'Embeddings', 'Claims', 'ClaimsMonitoring', 'RAG', 'Search-Agent', 'ResourceGovernor', 'Jobs', 'SlidesStandaloneHtml', 'Diarization', 'API', 'MLX', 'Local-API', 'LlamaCpp', 'STT-Settings', 'external_providers', 'TTS-Settings', 'VibeVoice', 'Audio-Quota', 'API-Routes', 'Search-Engines', 'Web-Scraper', 'Logging', 'Moderation', 'Redis', 'Web-Scraping', 'personalization', 'persona', 'persona.rbac']
2026-09-16 23:23:54.760 | INFO     | tldw_Server_API.app.core.config:_buffered_log:210 - Ensured main SQLite database directory exists: /Users/macbook-dev/Documents/GitHub/tldw_server2/Databases
2026-09-16 23:23:54.760 | INFO     | tldw_Server_API.app.core.config:_buffered_log:210 - Ensured user data base directory exists: Databases/user_databases
2026-09-16 23:23:54.760 | INFO     | tldw_Server_API.app.api.v1.API_Deps.Audit_DB_Deps:<module>:532 - Using cachetools.LRUCache for audit service instances (maxsize=20).
2026-09-16 23:23:54.761 | INFO     | tldw_Server_API.app.api.v1.API_Deps.Audit_DB_Deps:shutdown_all_audit_services:1034 - Shutting down audit services for 0 instances...
2026-09-16 23:23:54.761 | INFO     | tldw_Server_API.app.api.v1.API_Deps.Audit_DB_Deps:shutdown_all_audit_services:1091 - All audit services shut down successfully.
2026-09-16 23:23:54.772 | DEBUG    | tldw_Server_API.app.core.AuthNZ.settings:_ensure_jwt_secret:899 - Single-user mode - skipping JWT secret initialization
2026-09-16 23:23:54.772 | WARNING  | tldw_Server_API.app.core.AuthNZ.settings:_validate_api_key:1013 - SINGLE_USER_API_KEY uses a legacy format; generate a new server-generated key for improved security.
2026-09-16 23:23:54.773 | INFO     | tldw_Server_API.app.core.AuthNZ.settings:get_settings:1588 - Settings initialized - Auth mode: single_user, profile=local-single-user
2026-09-16 23:23:54.773 | INFO     | tldw_Server_API.app.core.AuthNZ.db_config:_detect_backend:83 - Detected database backend: sqlite
2026-09-16 23:23:54.802 | DEBUG    | tldw_Server_API.app.core.config:_buffered_log:210 - load_and_log_configs(): Loading and logging configurations...
2026-09-16 23:23:54.809 | DEBUG    | tldw_Server_API.app.core.config:_buffered_log:210 - load_and_log_configs(): Loading and logging configurations...
2026-09-16 23:23:54.846 | INFO     | tldw_Server_API.app.core.Chat.prompt_template_manager:<module>:201 - Prompt templates directory: /Users/macbook-dev/Documents/GitHub/tldw_server2/tldw_Server_API/app/core/Chat/prompt_templates
2026-09-16 23:23:54.846 | INFO     | tldw_Server_API.app.core.Chat.prompt_template_manager:<module>:202 - Available templates found: []
2026-09-16 23:23:54.920 | DEBUG    | tldw_Server_API.app.core.Scheduler.base.registry:decorator:81 - Registered task handler: watchlist_run
2026-09-16 23:23:54.920 | DEBUG    | tldw_Server_API.app.core.Scheduler.base.registry:decorator:81 - Registered task handler: watchlists_enrich_output
2026-09-16 23:23:54.920 | DEBUG    | tldw_Server_API.app.core.Scheduler.base.registry:decorator:81 - Registered task handler: watchlists_deliver_briefing
2026-09-16 23:23:54.920 | DEBUG    | tldw_Server_API.app.core.Scheduler.base.registry:decorator:81 - Registered task handler: acp_run
2026-09-16 23:23:54.921 | DEBUG    | tldw_Server_API.app.core.Scheduler.base.registry:decorator:81 - Registered task handler: workflow_run
2026-09-16 23:23:54.921 | WARNING  | tldw_Server_API.app.core.DB_Management.db_path_utils:resolve_user_db_base_dir:491 - USER_DB_BASE_DIR not configured in tests, using isolated fallback: /private/var/folders/sn/m80n2j152t9gw3w8qwk2nykh0000gn/T/tldw_user_databases_test/default-13eac527
2026-09-16 23:23:54.921 | DEBUG    | tldw_Server_API.app.core.DB_Management.backends.factory:_get_or_create_shared_sqlite_backend:325 - Creating sqlite backend for /private/var/folders/sn/m80n2j152t9gw3w8qwk2nykh0000gn/T/tldw_user_databases_test/default-13eac527/1/workflows/workflows_scheduler.db
2026-09-16 23:23:54.922 | INFO     | tldw_Server_API.app.core.DB_Management.Workflows_Scheduler_DB:__init__:210 - WorkflowsSchedulerDB using SQLite path: /private/var/folders/sn/m80n2j152t9gw3w8qwk2nykh0000gn/T/tldw_user_databases_test/default-13eac527/1/workflows/workflows_scheduler.db
2026-09-16 23:23:54.923 | INFO     | tldw_Server_API.app.services.workflows_scheduler:stop:183 - Workflows recurring scheduler stopped
2026-09-16 23:23:54.923 | INFO     | tldw_Server_API.app.api.v1.API_Deps.ChaCha_Notes_DB_Deps:close_all_chacha_db_instances:876 - Closing all cached ChaChaNotesDB instances (0)...
2026-09-16 23:23:54.923 | INFO     | tldw_Server_API.app.api.v1.API_Deps.ChaCha_Notes_DB_Deps:close_all_chacha_db_instances:892 - All ChaChaNotesDB instances closed and cache cleared.
2026-09-16 23:23:54.927 | INFO     | tldw_Server_API.app.api.v1.API_Deps.DB_Deps:<module>:57 - Using LRUCache for user DB instances (maxsize=100).
2026-09-16 23:23:55.026 | DEBUG    | tldw_Server_API.app.core.Metrics.metrics_manager:register_metric:1885 - Registered metric: chunker_cache_get_total
2026-09-16 23:23:55.026 | DEBUG    | tldw_Server_API.app.core.Metrics.metrics_manager:register_metric:1885 - Registered metric: chunker_cache_put_total
2026-09-16 23:23:55.026 | DEBUG    | tldw_Server_API.app.core.Metrics.metrics_manager:register_metric:1885 - Registered metric: chunker_process_total
2026-09-16 23:23:55.026 | DEBUG    | tldw_Server_API.app.core.Metrics.metrics_manager:register_metric:1885 - Registered metric: chunker_frontmatter_duration_seconds
2026-09-16 23:23:55.026 | DEBUG    | tldw_Server_API.app.core.Metrics.metrics_manager:register_metric:1885 - Registered metric: chunker_header_extract_seconds
2026-09-16 23:23:55.026 | DEBUG    | tldw_Server_API.app.core.Metrics.metrics_manager:register_metric:1885 - Registered metric: chunker_chunking_duration_seconds
2026-09-16 23:23:55.026 | DEBUG    | tldw_Server_API.app.core.Metrics.metrics_manager:register_metric:1885 - Registered metric: chunker_normalization_seconds
2026-09-16 23:23:55.026 | DEBUG    | tldw_Server_API.app.core.Metrics.metrics_manager:register_metric:1885 - Registered metric: chunker_last_chunk_count
2026-09-16 23:23:55.026 | DEBUG    | tldw_Server_API.app.core.Metrics.metrics_manager:register_metric:1885 - Registered metric: chunker_output_bytes
2026-09-16 23:23:55.026 | DEBUG    | tldw_Server_API.app.core.Metrics.metrics_manager:register_metric:1885 - Registered metric: chunker_input_bytes
2026-09-16 23:23:55.026 | DEBUG    | tldw_Server_API.app.core.Metrics.metrics_manager:register_metric:1885 - Registered metric: chunker_process_total_seconds
2026-09-16 23:23:55.026 | DEBUG    | tldw_Server_API.app.core.config:_buffered_log:210 - load_and_log_configs(): Loading and logging configurations...
2026-09-16 23:23:55.028 | DEBUG    | tldw_Server_API.app.core.config:_buffered_log:210 - load_and_log_configs(): Loading and logging configurations...

--------------------------- Captured stderr teardown ---------------------------
2026-09-16 23:23:54.686 | DEBUG    | tldw_Server_API.app.core.DB_Management.ChaChaNotes_DB:close_connection:8110 - Returned backend connection (postgresql) for thread 8346099072.
2026-09-16 23:23:54.704 | INFO     | tldw_Server_API.app.api.v1.API_Deps.ChaCha_Notes_DB_Deps:close_all_chacha_db_instances:876 - Closing all cached ChaChaNotesDB instances (0)...
2026-09-16 23:23:54.704 | INFO     | tldw_Server_API.app.api.v1.API_Deps.ChaCha_Notes_DB_Deps:close_all_chacha_db_instances:892 - All ChaChaNotesDB instances closed and cache cleared.
2026-09-16 23:23:54.705 | INFO     | tldw_Server_API.app.api.v1.API_Deps.ChaCha_Notes_DB_Deps:close_all_chacha_db_instances:876 - Closing all cached ChaChaNotesDB instances (0)...
2026-09-16 23:23:54.705 | INFO     | tldw_Server_API.app.api.v1.API_Deps.ChaCha_Notes_DB_Deps:close_all_chacha_db_instances:892 - All ChaChaNotesDB instances closed and cache cleared.
=========================== short test summary info ============================
FAILED tldw_Server_API/tests/DB_Management/test_persona_default_profile_backends.py::test_foreign_legacy_default_is_not_reused
FAILED tldw_Server_API/tests/DB_Management/test_persona_default_profile_backends.py::test_unexpected_profile_insert_failure_is_rolled_back_and_propagated
FAILED tldw_Server_API/tests/DB_Management/test_persona_default_profile_backends.py::test_profile_insert_preserves_caller_transaction_and_rollback[False-raw]
FAILED tldw_Server_API/tests/DB_Management/test_persona_default_profile_backends.py::test_cold_two_owner_routes_repeat_with_owned_profiles_and_policies[postgresql-catalog]
FAILED tldw_Server_API/tests/DB_Management/test_persona_default_profile_backends.py::test_profile_insert_preserves_caller_transaction_and_rollback[True-implicit]
FAILED tldw_Server_API/tests/DB_Management/test_persona_default_profile_backends.py::test_profile_insert_preserves_caller_transaction_and_rollback[False-implicit]
FAILED tldw_Server_API/tests/DB_Management/test_persona_default_profile_backends.py::test_scoped_profile_id_propagates_to_actual_session_policy
FAILED tldw_Server_API/tests/DB_Management/test_persona_default_profile_backends.py::test_legacy_default_tombstone_is_not_bypassed_or_resurrected[postgresql]
FAILED tldw_Server_API/tests/DB_Management/test_persona_default_profile_backends.py::test_profile_insert_preserves_caller_transaction_and_rollback[True-raw]
FAILED tldw_Server_API/tests/DB_Management/test_persona_default_profile_backends.py::test_profile_insert_preserves_caller_transaction_and_rollback[False-managed-empty]
FAILED tldw_Server_API/tests/DB_Management/test_persona_default_profile_backends.py::test_duplicate_profile_is_conflict_and_connection_remains_usable[id]
FAILED tldw_Server_API/tests/DB_Management/test_persona_default_profile_backends.py::test_profile_insert_preserves_caller_transaction_and_rollback[True-managed-empty]
FAILED tldw_Server_API/tests/DB_Management/test_persona_default_profile_backends.py::test_profile_insert_preserves_caller_transaction_and_rollback[False-borrowed-empty]
FAILED tldw_Server_API/tests/DB_Management/test_persona_default_profile_backends.py::test_existing_owned_default_name_falls_back_without_overwriting[postgresql]
FAILED tldw_Server_API/tests/DB_Management/test_persona_default_profile_backends.py::test_foreign_scoped_id_never_becomes_an_owned_default
FAILED tldw_Server_API/tests/DB_Management/test_persona_default_profile_backends.py::test_duplicate_profile_is_conflict_and_connection_remains_usable[name]
FAILED tldw_Server_API/tests/DB_Management/test_persona_default_profile_backends.py::test_profile_insert_preserves_caller_transaction_and_rollback[True-backend-empty]
FAILED tldw_Server_API/tests/DB_Management/test_persona_default_profile_backends.py::test_same_owner_raced_default_creators_converge
FAILED tldw_Server_API/tests/DB_Management/test_persona_default_profile_backends.py::test_profile_insert_preserves_caller_transaction_and_rollback[True-borrowed-empty]
FAILED tldw_Server_API/tests/DB_Management/test_persona_default_profile_backends.py::test_scoped_default_tombstone_is_not_resurrected
FAILED tldw_Server_API/tests/DB_Management/test_persona_default_profile_backends.py::test_profile_insert_preserves_caller_transaction_and_rollback[False-backend-empty]
FAILED tldw_Server_API/tests/DB_Management/test_persona_default_profile_backends.py::test_cold_two_owner_routes_repeat_with_owned_profiles_and_policies[postgresql-profiles]
================== 22 failed, 12 passed, 4 warnings in 56.93s ==================
