
 RUN  v4.0.18 /Users/macbook-dev/Documents/GitHub/tldw_server2/apps/tldw-frontend

(node:50533) ExperimentalWarning: localStorage is not available because --localstorage-file was not provided.
(Use `node --trace-warnings ...` to show where the warning was created)
(node:50532) ExperimentalWarning: localStorage is not available because --localstorage-file was not provided.
(Use `node --trace-warnings ...` to show where the warning was created)
(node:50534) ExperimentalWarning: localStorage is not available because --localstorage-file was not provided.
(Use `node --trace-warnings ...` to show where the warning was created)
(node:50535) ExperimentalWarning: localStorage is not available because --localstorage-file was not provided.
(Use `node --trace-warnings ...` to show where the warning was created)
(node:50531) ExperimentalWarning: localStorage is not available because --localstorage-file was not provided.
(Use `node --trace-warnings ...` to show where the warning was created)
 ❯ ../packages/ui/src/services/__tests__/ingest-job-results.test.ts (21 tests | 15 failed) 11ms
     × surfaces saved-source processing warnings instead of reporting full success 5ms
     × does not promote an unsaved Warning with media ID undefined 1ms
     × does not promote an unsaved Warning with media ID null 0ms
     × does not promote an unsaved Warning with media ID  0ms
     × does not promote an unsaved Warning with media ID   0ms
     × does not promote an unsaved Warning with media ID 0 0ms
     × does not promote an unsaved Warning with media ID -1 0ms
     × does not promote an unsaved Warning with media ID NaN 0ms
     × keeps explicit failures ahead of saved-source warnings: {"error":"Explicit failure"} 0ms
     × keeps explicit failures ahead of saved-source warnings: {"detail":"Explicit failure"} 0ms
     × keeps explicit failures ahead of saved-source warnings: {"errors":["Explicit failure"]} 0ms
     × does not infer a saved warning from Error 0ms
     × does not infer a saved warning from cancelled 0ms
     × does not infer a saved warning from unknown 0ms
     × deduplicates warning details and keeps an empty warning list distinct from clean success 0ms
     ✓ treats completed jobs with nested error payloads as failures 0ms
     ✓ treats duplicate-complete payloads as skipped instead of failed 0ms
     ✓ extracts the persisted media id from a media/add result list 0ms
     ✓ extracts the persisted media id when media/add returns the list directly 0ms
     ✓ surfaces root-level completed error metadata 0ms
     ✓ surfaces backend errors arrays from persist-style responses 0ms
 ❯ ../packages/ui/src/services/__tests__/quick-ingest-session-reattach.test.ts (19 tests | 2 failed) 16ms
     × retains a saved Warning on reattach with mixed failures=false 6ms
     × retains a saved Warning on reattach with mixed failures=true 1ms
     ✓ reattaches active direct jobs into a processing snapshot 1ms
     ✓ retries a thrown status read and preserves direct transport 2ms
     ✓ retries a thrown transient numeric status 1ms
     ✓ retries a thrown status-zero transport failure 1ms
     ✓ does not retry a thrown permanent numeric status 1ms
     ✓ retries an HTTP 503 status read and returns the completed job 1ms
     ✓ retries a resolved status-zero transport failure 1ms
     ✓ does not retry a string HTTP status 0ms
     ✓ does not retry an ok response carrying a transient status code 0ms
     ✓ marks a persisted processing session as interrupted when reattachment cannot prove live progress 0ms
     ✓ does not retry permanent HTTP 401 status reads 0ms
     ✓ does not retry permanent HTTP 403 status reads 0ms
     ✓ does not retry a successful response with no job status 0ms
     ✓ stops after three transient HTTP 408 status-read attempts 0ms
     ✓ stops after three transient HTTP 429 status-read attempts 0ms
     ✓ maps reattached jobs back to submitted queue item identities 0ms
     ✓ treats completed jobs with error payloads as partial failures during reattach 0ms
 ❯ ../packages/ui/src/components/Common/QuickIngest/__tests__/WizardResultsStep.navigation.test.tsx (22 tests | 2 failed) 470ms
     × shows saved warnings separately from clean success while keeping source navigation 177ms
     × keeps saved warnings, unknown failures, and cancelled items separate in a mixed batch 7ms
     ✓ renders Search in Knowledge button when onSearchKnowledge is provided 5ms
     ✓ renders Open in Workspace button when onOpenWorkspace provided and PDF ingested 4ms
     ✓ renders Open in Media for persisted results when onOpenMedia is provided 19ms
     ✓ does not render Open in Media for unpersisted results without mediaId 10ms
     ✓ renders Open in Media for completed URL results with a mediaId 17ms
     ✓ does not render Remove for errors when no real remove callback exists 18ms
     ✓ uses confirmed source_access_denied extraction status for guidance and Retry 20ms
     ✓ uses confirmed empty_extraction extraction status for guidance and Retry 18ms
     ✓ uses confirmed extraction_timeout extraction status for guidance and Retry 27ms
     ✓ uses confirmed extraction_failed extraction status for guidance and Retry 18ms
     ✓ describes local skipped duplicates as already queued 2ms
     ✓ describes backend skipped duplicates as already in library with overwrite recovery 2ms
     ✓ does not render Open in Workspace when the original file was not persisted 2ms
     ✓ does not render navigation buttons when callbacks are not provided 2ms
     ✓ groups conference outcomes and opens the durable collection 29ms
     ✓ only exposes Ask this collection when media-scope QA is supported and collection content is ready 18ms
     ✓ keeps the collection handoff available when every item failed 20ms
     ✓ allows collection-scoped QA when only skipped existing content is ready 16ms
     ✓ does not expose collection-scoped QA when the server lacks media-scope support 1ms
     ✓ retries durable failed collection items with retry request metadata 36ms
 ❯ ../packages/ui/src/services/__tests__/quick-ingest-batch.test.ts (44 tests | 1 failed) 1280ms
     × retains saved-source Warning data through the real direct upload and job poller 9ms
     ✓ rejects an unowned legacy batch and cancellation before any dispatch 2ms
     ✓ stops after an authority change during upload without polling or cancelling another owner's job 1ms
     ✓ warns when analysis is enabled without an analysis provider 0ms
     ✓ uses direct upload path when extension runtime id is unavailable 1ms
     ✓ marks duplicate remote file uploads as skipped with guidance 0ms
     ✓ surfaces backend ingest job submit errors when no jobs are created 0ms
     ✓ surfaces completed ingest jobs with backend error payloads as failed results 0ms
     ✓ marks duplicate direct HTML scrape responses as skipped 1ms
     ✓ retains safe extraction categories through direct HTML batch results 0ms
     ✓ defaults perform_chunking to true when common options are omitted 0ms
     ✓ sends auto chunking fields and suppresses stale manual fields 1ms
     ✓ sends manual chunking fields and templates in manual mode 0ms
     ✓ omits auto and manual chunking controls when chunking is disabled 0ms
     ✓ captures direct batch tracking metadata before polling completes 0ms
     ✓ emits per-item direct tracking metadata for both url and file submissions 1ms
     ✓ forces direct transport for direct-session submits and polls when runtime messaging exists 0ms
     ✓ tracks only submitted direct items when later queue items fail before job creation 1ms
     ✓ cancels direct-session tracked batches through backend cancel endpoint  1202ms
     ✓ stops submitting later direct items once the session is cancelled 52ms
     ✓ uses extension message transport when extension runtime is available 0ms
     ✓ falls back to direct mode when runtime ping preflight times out 0ms
     ✓ routes html process-only entries through process-web-scraping 0ms
     ✓ routes persisted ordinary web URLs through process-web-scraping 0ms
     ✓ maps perform_analysis=true to summarize_checkbox without extraction-order fields 0ms
     ✓ maps perform_analysis=false to summarize_checkbox without extraction-order fields 0ms
     ✓ keeps direct Markdown URLs on the document ingest job route 0ms
     ✓ passes auto chunking fields to process-web-scraping JSON requests 0ms
     ✓ passes manual chunking templates to process-web-scraping JSON requests 0ms
     ✓ routes local files through direct process endpoints in web runtime 0ms
     ✓ falls back to persistent /media/add when ingest-job submission is rejected by the concurrent-job limit 0ms
     ✓ creates planned conference collection items before direct job submission 1ms
     ✓ patches a conference item to 'skipped_existing' for 'duplicate' 0ms
     ✓ patches a conference item to 'failed' for 'result error' 0ms
     ✓ patches a conference item to 'skipped_existing' for 'duplicate with result error' 0ms
     ✓ patches a conference item to 'completed' for 'ordinary success' 0ms
     ✓ skips direct ingest submission for existing conference items when policy includes existing 0ms
     ✓ marks planned conference items as submit_failed when direct job submission fails 0ms
     ✓ returns a direct session ack for mv3 extension pages 0ms
     ✓ returns a direct session ack when runtime ping preflight times out 0ms
     ✓ bypasses background batch orchestration for explicit direct sessions 0ms
     ✓ cancels direct sessions without routing through background session runtime 0ms
     ✓ sends explicit cancel message with session id 0ms
     ✓ cancels persisted direct batches after refresh using tracking metadata 0ms
 ❯ ../packages/ui/src/components/Common/QuickIngest/__tests__/QuickIngestWizardModal.session.test.tsx (47 tests | 2 failed) 5822ms
     ✓ masks Bob's completed result on logout before a replacement account can act 85ms
     × keeps a saved-source Warning navigable through actual direct upload, session state, and results UI 1071ms
     × keeps a saved-source Warning navigable through actual reattach, session state, and results UI 1059ms
     ✓ minimizes the actual processing view through processing button and resumes the same job 131ms
     ✓ minimizes the actual processing view through close confirmation and resumes the same job 111ms
     ✓ leaves pending stages and percentages unchanged as elapsed time passes, then accepts a terminal result 61ms
     ✓ submits the queued wizard batch through the authenticated quick-ingest transport 79ms
     ✓ keeps AntD modal portal props stable while results land 75ms
     ✓ starts Ingest More in a new persisted session 97ms
     ✓ processes the configured standard preset with its analysis provider 71ms
     ✓ processes the configured deep preset with its analysis provider 75ms
     ✓ routes the standard preset to Configure when analysis needs a provider 118ms
     ✓ routes the deep preset to Configure when analysis needs a provider 111ms
     ✓ does not enter processing when auto-process lacks an analysis provider 67ms
     ✓ routes an auto-process provider warning from persisted step 2 to Configure 68ms
     ✓ routes an auto-process provider warning from persisted step 3 to Configure 66ms
     ✓ retries auto-process after closing and reopening a provider-blocked draft 137ms
     ✓ waits for an in-flight connection check before consuming auto-process 109ms
     ✓ restores a hidden processing session when the late analysis provider guard blocks startRun 70ms
     ✓ preserves first-source open detail while syncing wizard state 73ms
     ✓ syncs cleared first-source add mode from wizard reset 94ms
     ✓ submits conference batch metadata and item overrides through the session payload 72ms
     ✓ does not pre-seed direct tracking item identities before backend submissions are acknowledged 110ms
     ✓ starts persisted direct-job reattach when tracking metadata arrives after the run begins 77ms
     ✓ keeps cancellation terminal when runtime completion arrives in the cancel click 93ms
     ✓ ignores runtime progress emitted in the cancel click 93ms
     ✓ cancels an extension session acknowledged after cancellation 145ms
     ✓ does not submit a direct session acknowledged after cancellation 88ms
     ✓ does not start a session when setup resumes after cancellation 88ms
     ✓ keeps cancellation terminal when start acknowledgement rejects 89ms
     ✓ uses runtime completion events for extension-backed sessions instead of calling the broken SSE path 74ms
     ✓ normalizes runtime duplicate results from db_message into skipped items 79ms
     ✓ normalizes runtime ok results with error payloads into failed items 73ms
     ✓ rehydrates a hidden processing session when the modal is reopened 55ms
     ✓ rehydrates a completed session with results after a remount 55ms
     ✓ restores persisted file stubs with a reattach-required warning 61ms
     ✓ reattaches persisted direct-ingest jobs after refresh 57ms
     ✓ maps refreshed file-backed reattach results back to the original queued item id 57ms
     ✓ does not run persisted direct-job reattach for extension runtime sessions 56ms
     ✓ restarts direct processing after refresh when tracking exists without persisted job ids 59ms
     ✓ cancels a refreshed direct session using persisted tracking metadata 71ms
     ✓ ignores late persisted reattach processing after cancellation 64ms
     ✓ ignores late persisted reattach completion after cancellation 70ms
     ✓ reruns persisted direct-session reattach when item mapping metadata arrives later 108ms
     ✓ preserves already completed item results when cancellation finalizes pending items 72ms
     ✓ opens durable conference collections from terminal results 72ms
     ✓ keeps polling persisted direct-job reattach until the resumed session reaches a terminal state 57ms

⎯⎯⎯⎯⎯⎯ Failed Tests 22 ⎯⎯⎯⎯⎯⎯⎯

 FAIL  ../packages/ui/src/services/__tests__/ingest-job-results.test.ts > ingest job result helpers > surfaces saved-source processing warnings instead of reporting full success
AssertionError: expected true to be false // Object.is equality

- Expected
+ Received

- false
+ true

 ❯ ../packages/ui/src/services/__tests__/ingest-job-results.test.ts:17:57
     15|       result: { status: "Warning", db_id: 1, warnings: ["Analysis fail…
     16|     }
     17|     expect(completedIngestJobIndicatesFailure(payload)).toBe(false)
       |                                                         ^
     18|     expect(extractCompletedIngestJobError(payload)).toBeUndefined()
     19|     expect(extractCompletedIngestJobWarning(payload)).toBe("Analysis f…

⎯⎯⎯⎯⎯⎯⎯⎯⎯⎯⎯⎯⎯⎯⎯⎯⎯⎯⎯⎯⎯⎯⎯[1/22]⎯

 FAIL  ../packages/ui/src/services/__tests__/ingest-job-results.test.ts > ingest job result helpers > does not promote an unsaved Warning with media ID undefined
 FAIL  ../packages/ui/src/services/__tests__/ingest-job-results.test.ts > ingest job result helpers > does not promote an unsaved Warning with media ID null
 FAIL  ../packages/ui/src/services/__tests__/ingest-job-results.test.ts > ingest job result helpers > does not promote an unsaved Warning with media ID 
 FAIL  ../packages/ui/src/services/__tests__/ingest-job-results.test.ts > ingest job result helpers > does not promote an unsaved Warning with media ID  
 FAIL  ../packages/ui/src/services/__tests__/ingest-job-results.test.ts > ingest job result helpers > does not promote an unsaved Warning with media ID 0
 FAIL  ../packages/ui/src/services/__tests__/ingest-job-results.test.ts > ingest job result helpers > does not promote an unsaved Warning with media ID -1
 FAIL  ../packages/ui/src/services/__tests__/ingest-job-results.test.ts > ingest job result helpers > does not promote an unsaved Warning with media ID NaN
TypeError: (0 , __vite_ssr_import_1__.extractCompletedIngestJobWarning) is not a function
 ❯ ../packages/ui/src/services/__tests__/ingest-job-results.test.ts:26:12
     24|     const payload = { status: "Warning", media_id: mediaId, warnings: …
     25|     expect(completedIngestJobIndicatesFailure(payload)).toBe(true)
     26|     expect(extractCompletedIngestJobWarning(payload)).toBeUndefined()
       |            ^
     27|   })
     28| 

⎯⎯⎯⎯⎯⎯⎯⎯⎯⎯⎯⎯⎯⎯⎯⎯⎯⎯⎯⎯⎯⎯⎯[2/22]⎯

 FAIL  ../packages/ui/src/services/__tests__/ingest-job-results.test.ts > ingest job result helpers > keeps explicit failures ahead of saved-source warnings: {"error":"Explicit failure"}
 FAIL  ../packages/ui/src/services/__tests__/ingest-job-results.test.ts > ingest job result helpers > keeps explicit failures ahead of saved-source warnings: {"detail":"Explicit failure"}
 FAIL  ../packages/ui/src/services/__tests__/ingest-job-results.test.ts > ingest job result helpers > keeps explicit failures ahead of saved-source warnings: {"errors":["Explicit failure"]}
TypeError: (0 , __vite_ssr_import_1__.extractCompletedIngestJobWarning) is not a function
 ❯ ../packages/ui/src/services/__tests__/ingest-job-results.test.ts:36:12
     34|     const payload = { status: "Warning", media_id: 1, warnings: ["Anal…
     35|     expect(completedIngestJobIndicatesFailure(payload)).toBe(true)
     36|     expect(extractCompletedIngestJobWarning(payload)).toBeUndefined()
       |            ^
     37|   })
     38| 

⎯⎯⎯⎯⎯⎯⎯⎯⎯⎯⎯⎯⎯⎯⎯⎯⎯⎯⎯⎯⎯⎯⎯[3/22]⎯

 FAIL  ../packages/ui/src/services/__tests__/ingest-job-results.test.ts > ingest job result helpers > does not infer a saved warning from Error
 FAIL  ../packages/ui/src/services/__tests__/ingest-job-results.test.ts > ingest job result helpers > does not infer a saved warning from cancelled
 FAIL  ../packages/ui/src/services/__tests__/ingest-job-results.test.ts > ingest job result helpers > does not infer a saved warning from unknown
TypeError: (0 , __vite_ssr_import_1__.extractCompletedIngestJobWarning) is not a function
 ❯ ../packages/ui/src/services/__tests__/ingest-job-results.test.ts:40:12
     38| 
     39|   it.each(["Error", "cancelled", "unknown"])("does not infer a saved w…
     40|     expect(extractCompletedIngestJobWarning({ status, media_id: 1, war…
       |            ^
     41|   })
     42| 

⎯⎯⎯⎯⎯⎯⎯⎯⎯⎯⎯⎯⎯⎯⎯⎯⎯⎯⎯⎯⎯⎯⎯[4/22]⎯

 FAIL  ../packages/ui/src/services/__tests__/ingest-job-results.test.ts > ingest job result helpers > deduplicates warning details and keeps an empty warning list distinct from clean success
TypeError: (0 , __vite_ssr_import_1__.extractCompletedIngestJobWarning) is not a function
 ❯ ../packages/ui/src/services/__tests__/ingest-job-results.test.ts:44:12
     42| 
     43|   it("deduplicates warning details and keeps an empty warning list dis…
     44|     expect(extractCompletedIngestJobWarning({ status: "Warning", media…
       |            ^
     45|     expect(extractCompletedIngestJobWarning({ status: "Warning", media…
     46|   })

⎯⎯⎯⎯⎯⎯⎯⎯⎯⎯⎯⎯⎯⎯⎯⎯⎯⎯⎯⎯⎯⎯⎯[5/22]⎯

 FAIL  ../packages/ui/src/services/__tests__/quick-ingest-batch.test.ts > submitQuickIngestBatch > retains saved-source Warning data through the real direct upload and job poller
AssertionError: expected [ { id: 'source', …(4) } ] to deeply equal [ ObjectContaining{…} ]

- Expected
+ Received

  [
    {
-     "data": {
-       "error": null,
-       "media_id": 1,
-       "status": "Warning",
-       "warnings": [
-         "Analysis failed for chunk 1",
-       ],
-     },
+     "error": "Analysis failed for chunk 1",
+     "fileName": "upload",
      "id": "source",
-     "status": "ok",
+     "status": "error",
+     "type": "file",
    },
  ]

 ❯ ../packages/ui/src/services/__tests__/quick-ingest-batch.test.ts:53:28
     51|       storeRemote: true, processOnly: false,
     52|     })
     53|     expect(result.results).toEqual([expect.objectContaining({ id: "sou…
       |                            ^
     54|     expect(mocks.bgRequest).toHaveBeenCalledWith(expect.objectContaini…
     55|   })

⎯⎯⎯⎯⎯⎯⎯⎯⎯⎯⎯⎯⎯⎯⎯⎯⎯⎯⎯⎯⎯⎯⎯[6/22]⎯

 FAIL  ../packages/ui/src/services/__tests__/quick-ingest-session-reattach.test.ts > reattachQuickIngestSession > retains a saved Warning on reattach with mixed failures=false
AssertionError: expected 'partial_failure' to be 'completed' // Object.is equality

Expected: "completed"
Received: "partial_failure"

 ❯ ../packages/ui/src/services/__tests__/quick-ingest-session-reattach.test.ts:22:32
     20|     if (mixed) mocks.bgRequest.mockResolvedValueOnce({ ok: true, data:…
     21|     const snapshot = await reattachQuickIngestSession({ mode: "webui-d…
     22|     expect(snapshot.lifecycle).toBe(mixed ? "partial_failure" : "compl…
       |                                ^
     23|     expect(snapshot.jobs[0]).toMatchObject({ jobId: 77, status: "compl…
     24|     expect(snapshot.jobs[0].error).toBeUndefined()

⎯⎯⎯⎯⎯⎯⎯⎯⎯⎯⎯⎯⎯⎯⎯⎯⎯⎯⎯⎯⎯⎯⎯[7/22]⎯

 FAIL  ../packages/ui/src/services/__tests__/quick-ingest-session-reattach.test.ts > reattachQuickIngestSession > retains a saved Warning on reattach with mixed failures=true
AssertionError: expected 'Analysis failed for chunk 1' to be undefined

- Expected: 
undefined

+ Received: 
"Analysis failed for chunk 1"

 ❯ ../packages/ui/src/services/__tests__/quick-ingest-session-reattach.test.ts:24:36
     22|     expect(snapshot.lifecycle).toBe(mixed ? "partial_failure" : "compl…
     23|     expect(snapshot.jobs[0]).toMatchObject({ jobId: 77, status: "compl…
     24|     expect(snapshot.jobs[0].error).toBeUndefined()
       |                                    ^
     25|   })
     26| 

⎯⎯⎯⎯⎯⎯⎯⎯⎯⎯⎯⎯⎯⎯⎯⎯⎯⎯⎯⎯⎯⎯⎯[8/22]⎯

 FAIL  ../packages/ui/src/components/Common/QuickIngest/__tests__/QuickIngestWizardModal.session.test.tsx > QuickIngestWizardModal session runtime > keeps a saved-source Warning navigable through actual direct upload, session state, and results UI
TestingLibraryElementError: Unable to find role="region" and name "Items saved with warnings"

Ignored nodes: comments, script, style
[36m<body>[39m
  [36m<div>[39m
    [36m<div[39m
      [33mclass[39m=[32m"quick-ingest-modal quick-ingest-wizard-modal"[39m
      [33mrole[39m=[32m"dialog"[39m
    [36m>[39m
      [36m<div[39m
        [33mclass[39m=[32m"ant-modal-content"[39m
      [36m>[39m
        [36m<h2>[39m
          [0mQuick Ingest[0m
        [36m</h2>[39m
        [36m<button>[39m
          [0mClose[0m
        [36m</button>[39m
        [36m<div[39m
          [33mdata-testid[39m=[32m"wizard-stepper"[39m
        [36m/>[39m
        [36m<div[39m
          [33mclass[39m=[32m"min-h-[300px]"[39m
        [36m>[39m
          [36m<div[39m
            [33mclass[39m=[32m"flex h-full flex-col"[39m
            [33mdata-testid[39m=[32m"wizard-results-step"[39m
          [36m>[39m
            [36m<div[39m
              [33mclass[39m=[32m"min-h-0 flex-1 overflow-y-auto px-4 py-3"[39m
            [36m>[39m
              [36m<div[39m
                [33mclass[39m=[32m"flex flex-wrap items-center justify-between gap-2 rounded-md border border-danger/15 bg-danger/5 px-3 py-2"[39m
              [36m>[39m
                [36m<span[39m
                  [33mclass[39m=[32m"text-xs font-medium text-danger"[39m
                [36m>[39m
                  [0mReview failed items[0m
                [36m</span>[39m
                [36m<div[39m
                  [33mclass[39m=[32m"flex flex-wrap items-center gap-2"[39m
                [36m>[39m
                  [36m<button[39m
                    [33maria-label[39m=[32m"Export failed items list"[39m
                    [33mclass[39m=[32m"flex items-center gap-1 rounded-md border border-border bg-surface px-2.5 py-1 text-xs font-medium text-text hover:bg-surface2 transition-colors"[39m
                    [33mtype[39m=[32m"button"[39m
                  [36m>[39m
                    [36m<svg[39m
                      [33maria-hidden[39m=[32m"true"[39m
                      [33mclass[39m=[32m"lucide lucide-download h-3 w-3"[39m
                      [33mfill[39m=[32m"none"[39m
                      [33mheight[39m=[32m"24"[39m
                      [33mstroke[39m=[32m"currentColor"[39m
                      [33mstroke-linecap[39m=[32m"round"[39m
                      [33mstroke-linejoin[39m=[32m"round"[39m
                      [33mstroke-width[39m=[32m"2"[39m
                      [33mviewBox[39m=[32m"0 0 24 24"[39m
                      [33mwidth[39m=[32m"24"[39m
                      [33mxmlns[39m=[32m"http://www.w3.org/2000/svg"[39m
                    [36m>[39m
                      [36m<path[39m
                        [33md[39m=[32m"M12 15V3"[39m
                      [36m/>[39m
                      [36m<path[39m
                        [33md[39m=[32m"M21 15v4a2 2 0 0 1-2 2H5a2 2 0 0 1-2-2v-4"[39m
                      [36m/>[39m
                      [36m<path[39m
                        [33md[39m=[32m"m7 10 5 5 5-5"[39m
                      [36m/>[39m
                    [36m</svg>[39m
                    [0mExport failed list[0m
                  [36m</button>[39m
                [36m</div>[39m
              [36m</div>[39m
              [36m<section[39m
                [33maria-label[39m=[32m"Error items"[39m
                [33mclass[39m=[32m"mt-4"[39m
              [36m>[39m
                [36m<h3[39m
                  [33mclass[39m=[32m"mb-2 flex items-center gap-1.5 text-xs font-semibold uppercase tracking-wide text-danger"[39m
                [36m>[39m
                  [36m<svg[39m
                    [33maria-hidden[39m=[32m"true"[39m
                    [33mclass[39m=[32m"lucide lucide-x h-3.5 w-3.5"[39m
                    [33mfill[39m=[32m"none"[39m
                    [33mheight[39m=[32m"24"[39m
                    [33mstroke[39m=[32m"currentColor"[39m
                    [33mstroke-linecap[39m=[32m"round"[39m
                    [33mstroke-linejoin[39m=[32m"round"[39m
                    [33mstroke-width[39m=[32m"2"[39m
                    [33mviewBox[39m=[32m"0 0 24 24"[39m
                    [33mwidth[39m=[32m"24"[39m
                    [33mxmlns[39m=[32m"http://www.w3.org/2000/svg"[39m
                  [36m>[39m
                    [36m<path[39m
                      [33md[39m=[32m"M18 6 6 18"[39m
                    [36m/>[39m
                    [36m<path[39m
                      [33md[39m=[32m"m6 6 12 12"[39m
                    [36m/>[39m
                  [36m</svg>[39m
                  [0mFailed during processing ({{count}})[0m
                [36m</h3>[39m
                [36m<div[39m
                  [33mclass[39m=[32m"space-y-2"[39m
                [36m>[39m
                  [36m<div[39m
                    [33mclass[39m=[32m"rounded-md border border-danger/20 bg-danger/5 px-3 py-2"[39m
                  [36m>[39m
                    [36m<div[39m
                      [33mclass[39m=[32m"flex items-start gap-2"[39m
                    [36m>[39m
                      [36m<svg[39m
                        [33maria-hidden[39m=[32m"true"[39m
                        [33mclass[39m=[32m"lucide lucide-x mt-0.5 h-4 w-4 flex-shrink-0 text-danger"[39m
                        [33mfill[39m=[32m"none"[39m
                        [33mheight[39m=[32m"24"[39m
                        [33mstroke[39m=[32m"currentColor"[39m
                        [33mstroke-linecap[39m=[32m"round"[39m
                        [33mstroke-linejoin[39m=[32m"round"[39m
                        [33mstroke-width[39m=[32m"2"[39m
                        [33mviewBox[39m=[32m"0 0 24 24"[39m
                        [33mwidth[39m=[32m"24"[39m
                        [33mxmlns[39m=[32m"http://www.w3.org/2000/svg"[39m
                      [36m>[39m
                        [36m<path[39m
                          [33md[39m=[32m"M18 6 6 18"[39m
                        [36m/>[39m
                        [36m<path[39m
                          [33md[39m=[32m"m6 6 12 12"[39m
                        [36m/>[39m
                      [36m</svg>[39m
                      [36m<div[39m
                        [33mclass[39m=[32m"min-w-0 flex-1"[39m
                      [36m>[39m
                        [36m<span[39m
                          [33mclass[39m=[32m"block truncate text-sm font-medium text-text"[39m
                          [33mtitle[39m=[32m"source.txt"[39m
                        [36m>[39m
                          [0msource.txt[0m
                        [36m</span>[39m
                        [36m<p[39m
                          [33mclass[39m=[32m"mt-1 text-xs text-text-subtle"[39m
                        [36m>[39m
                          [0mAn unexpected error occurred.[0m
                          [0m [0m
                          [0mCheck the error details or server logs before trying again.[0m
                        [36m</p>[39m
                      [36m</div>[39m
                    [36m</div>[39m
                    [36m<div[39m
                      [33mclass[39m=[32m"mt-2 flex items-center justify-between"[39m
                    [36m>[39m
                      [36m<span[39m
                        [33mclass[39m=[32m"inline-flex items-center gap-1 rounded-full px-2 py-0.5 text-[10px] font-medium bg-gray-100 text-gray-800 dark:bg-gray-800/40 dark:text-gray-300"[39m
                      [36m>[39m
                        [36m<svg[39m
                          [33maria-hidden[39m=[32m"true"[39m
                          [33mclass[39m=[32m"lucide lucide-triangle-alert h-3 w-3"[39m
                          [33mfill[39m=[32m"none"[39m
                          [33mheight[39m=[32m"24"[39m
                          [33mstroke[39m=[32m"currentColor"[39m
                          [33mstroke-linecap[39m=[32m"round"[39m
                          [33mstroke-linejoin[39m=[32m"round"[39m
                          [33mstroke-width[39m=[32m"2"[39m
                          [33mviewBox[39m=[32m"0 0 24 24"[39m
                          [33mwidth[39m=[32m"24"[39m
                          [33mxmlns[39m=[32m"http://www.w3.org/2000/svg"[39m
                        [36m>[39m
                          [36m<path[39m
                            [33md[39m=[32m"m21.73 18-8-14a2 2 0 0 0-3.48 0l-8 14A2 2 0 0 0 4 21h16a2 2 0 0 0 1.73-3"[39m
                          [36m/>[39m
                          [36m<path[39m
                            [33md[39m=[32m"M12 9v4"[39m
                          [36m/>[39m
                          [36m<path[39m
                            [33md[39m=[32m"M12 17h.01"[39m
                          [36m/>[39m
                        [36m</svg>[39m
                        [0mError · Review Details[0m
                      [36m</span>[39m
                      [36m<div[39m
                        [33mclass[39m=[32m"flex items-center gap-1"[39m
                      [36m/>[39m
                    [36m</div>[39m
                  [36m</div>[39m
                [36m</div>[39m
              [36m</section>[39m
            [36m</div>[39m
            [36m<div[39m
              [33mclass[39m=[32m"border-t border-border px-4 py-3"[39m
            [36m>[39m
              [36m<p[39m
                [33mclass[39m=[32m"mb-3 text-center text-xs text-text-muted"[39m
              [36m>[39m
                [0mTotal: {{success}} succeeded, {{failed}} failed[0m
              [36m</p>[39m
              [36m<div[39m
                [33mclass[39m=[32m"flex items-center justify-end gap-2"[39m
              [36m>[39m
                [36m<button[39m
                  [33maria-label[39m=[32m"Start a new ingest"[39m
                  [33mclass[39m=[32m"rounded-md border border-border bg-surface px-4 py-2 text-sm font-medium text-text hover:bg-surface2 transition-colors"[39m
                  [33mtype[39m=[32m"button"[39m
                [36m>[39m
                  [0mIngest More[0m
                [36m</button>[39m
                [36m<button[39m
                  [33maria-label[39m=[32m"Close the ingest wizard"[39m
                  [33mclass[39m=[32m"rounded-md bg-primary px-4 py-2 text-sm font-medium text-primary-foreground hover:bg-primary/90 transition-colors"[39m
                  [33mtype[39m=[32m"button"[39m
                [36m>[39m
                  [0mDone[0m
                [36m</button>[39m
              [36m</div>[39m
            [36m</div>[39m
          [36m</div>[39m
        [36m</div>[39m
      [36m</div>[39m
    [36m</div>[39m
  [36m</div>[39m
[36m</body>[39m

Ignored nodes: comments, script, style
[36m<body>[39m
  [36m<div>[39m
    [36m<div[39m
      [33mclass[39m=[32m"quick-ingest-modal quick-ingest-wizard-modal"[39m
      [33mrole[39m=[32m"dialog"[39m
    [36m>[39m
      [36m<div[39m
        [33mclass[39m=[32m"ant-modal-content"[39m
      [36m>[39m
        [36m<h2>[39m
          [0mQuick Ingest[0m
        [36m</h2>[39m
        [36m<button>[39m
          [0mClose[0m
        [36m</button>[39m
        [36m<div[39m
          [33mdata-testid[39m=[32m"wizard-stepper"[39m
        [36m/>[39m
        [36m<div[39m
          [33mclass[39m=[32m"min-h-[300px]"[39m
        [36m>[39m
          [36m<div[39m
            [33mclass[39m=[32m"flex h-full flex-col"[39m
            [33mdata-testid[39m=[32m"wizard-results-step"[39m
          [36m>[39m
            [36m<div[39m
              [33mclass[39m=[32m"min-h-0 flex-1 overflow-y-auto px-4 py-3"[39m
            [36m>[39m
              [36m<div[39m
                [33mclass[39m=[32m"flex flex-wrap items-center justify-between gap-2 rounded-md border border-danger/15 bg-danger/5 px-3 py-2"[39m
              [36m>[39m
                [36m<span[39m
                  [33mclass[39m=[32m"text-xs font-medium text-danger"[39m
                [36m>[39m
                  [0mReview failed items[0m
                [36m</span>[39m
                [36m<div[39m
                  [33mclass[39m=[32m"flex flex-wrap items-center gap-2"[39m
                [36m>[39m
                  [36m<button[39m
                    [33maria-label[39m=[32m"Export failed items list"[39m
                    [33mclass[39m=[32m"flex items-center gap-1 rounded-md border border-border bg-surface px-2.5 py-1 text-xs font-medium text-text hover:bg-surface2 transition-colors"[39m
                    [33mtype[39m=[32m"button"[39m
                  [36m>[39m
                    [36m<svg[39m
                      [33maria-hidden[39m=[32m"true"[39m
                      [33mclass[39m=[32m"lucide lucide-download h-3 w-3"[39m
                      [33mfill[39m=[32m"none"[39m
                      [33mheight[39m=[32m"24"[39m
                      [33mstroke[39m=[32m"currentColor"[39m
                      [33mstroke-linecap[39m=[32m"round"[39m
                      [33mstroke-linejoin[39m=[32m"round"[39m
                      [33mstroke-width[39m=[32m"2"[39m
                      [33mviewBox[39m=[32m"0 0 24 24"[39m
                      [33mwidth[39m=[32m"24"[39m
                      [33mxmlns[39m=[32m"http://www.w3.org/2000/svg"[39m
                    [36m>[39m
                      [36m<path[39m
                        [33md[39m=[32m"M12 15V3"[39m
                      [36m/>[39m
                      [36m<path[39m
                        [33md[39m=[32m"M21 15v4a2 2 0 0 1-2 2H5a2 2 0 0 1-2-2v-4"[39m
                      [36m/>[39m
                      [36m<path[39m
                        [33md[39m=[32m"m7 10 5 5 5-5"[39m
                      [36m/>[39m
                    [36m</svg>[39m
                    [0mExport failed list[0m
                  [36m</button>[39m
                [36m</div>[39m
              [36m</div>[39m
              [36m<section[39m
                [33maria-label[39m=[32m"Error items"[39m
                [33mclass[39m=[32m"mt-4"[39m
              [36m>[39m
                [36m<h3[39m
                  [33mclass[39m=[32m"mb-2 flex items-center gap-1.5 text-xs font-semibold uppercase tracking-wide text-danger"[39m
                [36m>[39m
                  [36m<svg[39m
                    [33maria-hidden[39m=[32m"true"[39m
                    [33mclass[39m=[32m"lucide lucide-x h-3.5 w-3.5"[39m
                    [33mfill[39m=[32m"none"[39m
                    [33mheight[39m=[32m"24"[39m
                    [33mstroke[39m=[32m"currentColor"[39m
                    [33mstroke-linecap[39m=[32m"round"[39m
                    [33mstroke-linejoin[39m=[32m"round"[39m
                    [33mstroke-width[39m=[32m"2"[39m
                    [33mviewBox[39m=[32m"0 0 24 24"[39m
                    [33mwidth[39m=[32m"24"[39m
                    [33mxmlns[39m=[32m"http://www.w3.org/2000/svg"[39m
                  [36m>[39m
                    [36m<path[39m
                      [33md[39m=[32m"M18 6 6 18"[39m
                    [36m/>[39m
                    [36m<path[39m
                      [33md[39m=[32m"m6 6 12 12"[39m
                    [36m/>[39m
                  [36m</svg>[39m
                  [0mFailed during processing ({{count}})[0m
                [36m</h3>[39m
                [36m<div[39m
                  [33mclass[39m=[32m"space-y-2"[39m
                [36m>[39m
                  [36m<div[39m
                    [33mclass[39m=[32m"rounded-md border border-danger/20 bg-danger/5 px-3 py-2"[39m
                  [36m>[39m
                    [36m<div[39m
                      [33mclass[39m=[32m"flex items-start gap-2"[39m
                    [36m>[39m
                      [36m<svg[39m
                        [33maria-hidden[39m=[32m"true"[39m
                        [33mclass[39m=[32m"lucide lucide-x mt-0.5 h-4 w-4 flex-shrink-0 text-danger"[39m
                        [33mfill[39m=[32m"none"[39m
                        [33mheight[39m=[32m"24"[39m
                        [33mstroke[39m=[32m"currentColor"[39m
                        [33mstroke-linecap[39m=[32m"round"[39m
                        [33mstroke-linejoin[39m=[32m"round"[39m
                        [33mstroke-width[39m=[32m"2"[39m
                        [33mviewBox[39m=[32m"0 0 24 24"[39m
                        [33mwidth[39m=[32m"24"[39m
                        [33mxmlns[39m=[32m"http://www.w3.org/2000/svg"[39m
                      [36m>[39m
                        [36m<path[39m
                          [33md[39m=[32m"M18 6 6 18"[39m
                        [36m/>[39m
                        [36m<path[39m
                          [33md[39m=[32m"m6 6 12 12"[39m
                        [36m/>[39m
                      [36m</svg>[39m
                      [36m<div[39m
                        [33mclass[39m=[32m"min-w-0 flex-1"[39m
                      [36m>[39m
                        [36m<span[39m
                          [33mclass[39m=[32m"block truncate text-sm font-medium text-text"[39m
                          [33mtitle[39m=[32m"source.txt"[39m
                        [36m>[39m
                          [0msource.txt[0m
                        [36m</span>[39m
                        [36m<p[39m
                          [33mclass[39m=[32m"mt-1 text-xs text-text-subtle"[39m
                        [36m>[39m
                          [0mAn unexpected error occurred.[0m
                          [0m [0m
                          [0mCheck the error details or server logs before trying again.[0m
                        [36m</p>[39m
                      [36m</div>[39m
                    [36m</div>[39m
                    [36m<div[39m
                      [33mclass[39m=[32m"mt-2 flex items-center justify-between"[39m
                    [36m>[39m
                      [36m<span[39m
                        [33mclass[39m=[32m"inline-flex items-center gap-1 rounded-full px-2 py-0.5 text-[10px] font-medium bg-gray-100 text-gray-800 dark:bg-gray-800/40 dark:text-gray-300"[39m
                      [36m>[39m
                        [36m<svg[39m
                          [33maria-hidden[39m=[32m"true"[39m
                          [33mclass[39m=[32m"lucide lucide-triangle-alert h-3 w-3"[39m
                          [33mfill[39m=[32m"none"[39m
                          [33mheight[39m=[32m"24"[39m
                          [33mstroke[39m=[32m"currentColor"[39m
                          [33mstroke-linecap[39m=[32m"round"[39m
                          [33mstroke-linejoin[39m=[32m"round"[39m
                          [33mstroke-width[39m=[32m"2"[39m
                          [33mviewBox[39m=[32m"0 0 24 24"[39m
                          [33mwidth[39m=[32m"24"[39m
                          [33mxmlns[39m=[32m"http://www.w3.org/2000/svg"[39m
                        [36m>[39m
                          [36m<path[39m
                            [33md[39m=[32m"m21.73 18-8-14a2 2 0 0 0-3.48 0l-8 14A2 2 0 0 0 4 21h16a2 2 0 0 0 1.73-3"[39m
                          [36m/>[39m
                          [36m<path[39m
                            [33md[39m=[32m"M12 9v4"[39m
                          [36m/>[39m
                          [36m<path[39m
                            [33md[39m=[32m"M12 17h.01"[39m
                          [36m/>[39m
                        [36m</svg>[39m
                        [0mError · Review Details[0m
                      [36m</span>[39m
                      [36m<div[39m
                        [33mclass[39m=[32m"flex items-center gap-1"[39m
                      [36m/>[39m
                    [36m</div>[39m
                  [36m</div>[39m
                [36m</div>[39m
              [36m</section>[39m
            [36m</div>[39m
            [36m<div[39m
              [33mclass[39m=[32m"border-t border-border px-4 py-3"[39m
            [36m>[39m
              [36m<p[39m
                [33mclass[39m=[32m"mb-3 text-center text-xs text-text-muted"[39m
              [36m>[39m
                [0mTotal: {{success}} succeeded, {{failed}} failed[0m
              [36m</p>[39m
              [36m<div[39m
                [33mclass[39m=[32m"flex items-center justify-end gap-2"[39m
              [36m>[39m
                [36m<button[39m
                  [33maria-label[39m=[32m"Start a new ingest"[39m
                  [33mclass[39m=[32m"rounded-md border border-border bg-surface px-4 py-2 text-sm font-medium text-text hover:bg-surface2 transition-colors"[39m
                  [33mtype[39m=[32m"button"[39m
                [36m>[39m
                  [0mIngest More[0m
                [36m</button>[39m
                [36m<button[39m
                  [33maria-label[39m=[32m"Close the ingest wizard"[39m
                  [33mclass[39m=[32m"rounded-md bg-primary px-4 py-2 text-sm font-medium text-primary-foreground hover:bg-primary/90 transition-colors"[39m
                  [33mtype[39m=[32m"button"[39m
                [36m>[39m
                  [0mDone[0m
                [36m</button>[39m
              [36m</div>[39m
            [36m</div>[39m
          [36m</div>[39m
        [36m</div>[39m
      [36m</div>[39m
    [36m</div>[39m
  [36m</div>[39m
[36m</body>[39m
 ❯ waitForWrapper ../node_modules/.bun/@testing-library+dom@10.4.1/node_modules/@testing-library/dom/dist/wait-for.js:163:27
 ❯ ../node_modules/.bun/@testing-library+dom@10.4.1/node_modules/@testing-library/dom/dist/query-helpers.js:86:33
 ❯ ../packages/ui/src/components/Common/QuickIngest/__tests__/QuickIngestWizardModal.session.test.tsx:550:25
    548|     render(<QuickIngestWizardModal open onClose={vi.fn()} />)
    549|     if (mode === "direct upload") fireEvent.click(screen.getByText("Qu…
    550|     expect(await screen.findByRole("region", { name: "Items saved with…
       |                         ^
    551|     expect(screen.getByText("Analysis failed for chunk 1")).toBeVisibl…
    552|     expect(screen.queryByText("Review failed items")).toBeNull()

⎯⎯⎯⎯⎯⎯⎯⎯⎯⎯⎯⎯⎯⎯⎯⎯⎯⎯⎯⎯⎯⎯⎯[9/22]⎯

 FAIL  ../packages/ui/src/components/Common/QuickIngest/__tests__/QuickIngestWizardModal.session.test.tsx > QuickIngestWizardModal session runtime > keeps a saved-source Warning navigable through actual reattach, session state, and results UI
TestingLibraryElementError: Unable to find role="region" and name "Items saved with warnings"

Ignored nodes: comments, script, style
[36m<body>[39m
  [36m<div>[39m
    [36m<div[39m
      [33mclass[39m=[32m"quick-ingest-modal quick-ingest-wizard-modal"[39m
      [33mrole[39m=[32m"dialog"[39m
    [36m>[39m
      [36m<div[39m
        [33mclass[39m=[32m"ant-modal-content"[39m
      [36m>[39m
        [36m<h2>[39m
          [0mQuick Ingest[0m
        [36m</h2>[39m
        [36m<button>[39m
          [0mClose[0m
        [36m</button>[39m
        [36m<div[39m
          [33mdata-testid[39m=[32m"wizard-stepper"[39m
        [36m/>[39m
        [36m<div[39m
          [33mclass[39m=[32m"min-h-[300px]"[39m
        [36m>[39m
          [36m<div[39m
            [33mclass[39m=[32m"flex h-full flex-col"[39m
            [33mdata-testid[39m=[32m"wizard-results-step"[39m
          [36m>[39m
            [36m<div[39m
              [33mclass[39m=[32m"min-h-0 flex-1 overflow-y-auto px-4 py-3"[39m
            [36m>[39m
              [36m<div[39m
                [33mclass[39m=[32m"flex flex-wrap items-center justify-between gap-2 rounded-md border border-danger/15 bg-danger/5 px-3 py-2"[39m
              [36m>[39m
                [36m<span[39m
                  [33mclass[39m=[32m"text-xs font-medium text-danger"[39m
                [36m>[39m
                  [0mReview failed items[0m
                [36m</span>[39m
                [36m<div[39m
                  [33mclass[39m=[32m"flex flex-wrap items-center gap-2"[39m
                [36m>[39m
                  [36m<button[39m
                    [33maria-label[39m=[32m"Export failed items list"[39m
                    [33mclass[39m=[32m"flex items-center gap-1 rounded-md border border-border bg-surface px-2.5 py-1 text-xs font-medium text-text hover:bg-surface2 transition-colors"[39m
                    [33mtype[39m=[32m"button"[39m
                  [36m>[39m
                    [36m<svg[39m
                      [33maria-hidden[39m=[32m"true"[39m
                      [33mclass[39m=[32m"lucide lucide-download h-3 w-3"[39m
                      [33mfill[39m=[32m"none"[39m
                      [33mheight[39m=[32m"24"[39m
                      [33mstroke[39m=[32m"currentColor"[39m
                      [33mstroke-linecap[39m=[32m"round"[39m
                      [33mstroke-linejoin[39m=[32m"round"[39m
                      [33mstroke-width[39m=[32m"2"[39m
                      [33mviewBox[39m=[32m"0 0 24 24"[39m
                      [33mwidth[39m=[32m"24"[39m
                      [33mxmlns[39m=[32m"http://www.w3.org/2000/svg"[39m
                    [36m>[39m
                      [36m<path[39m
                        [33md[39m=[32m"M12 15V3"[39m
                      [36m/>[39m
                      [36m<path[39m
                        [33md[39m=[32m"M21 15v4a2 2 0 0 1-2 2H5a2 2 0 0 1-2-2v-4"[39m
                      [36m/>[39m
                      [36m<path[39m
                        [33md[39m=[32m"m7 10 5 5 5-5"[39m
                      [36m/>[39m
                    [36m</svg>[39m
                    [0mExport failed list[0m
                  [36m</button>[39m
                [36m</div>[39m
              [36m</div>[39m
              [36m<section[39m
                [33maria-label[39m=[32m"Error items"[39m
                [33mclass[39m=[32m"mt-4"[39m
              [36m>[39m
                [36m<h3[39m
                  [33mclass[39m=[32m"mb-2 flex items-center gap-1.5 text-xs font-semibold uppercase tracking-wide text-danger"[39m
                [36m>[39m
                  [36m<svg[39m
                    [33maria-hidden[39m=[32m"true"[39m
                    [33mclass[39m=[32m"lucide lucide-x h-3.5 w-3.5"[39m
                    [33mfill[39m=[32m"none"[39m
                    [33mheight[39m=[32m"24"[39m
                    [33mstroke[39m=[32m"currentColor"[39m
                    [33mstroke-linecap[39m=[32m"round"[39m
                    [33mstroke-linejoin[39m=[32m"round"[39m
                    [33mstroke-width[39m=[32m"2"[39m
                    [33mviewBox[39m=[32m"0 0 24 24"[39m
                    [33mwidth[39m=[32m"24"[39m
                    [33mxmlns[39m=[32m"http://www.w3.org/2000/svg"[39m
                  [36m>[39m
                    [36m<path[39m
                      [33md[39m=[32m"M18 6 6 18"[39m
                    [36m/>[39m
                    [36m<path[39m
                      [33md[39m=[32m"m6 6 12 12"[39m
                    [36m/>[39m
                  [36m</svg>[39m
                  [0mFailed during processing ({{count}})[0m
                [36m</h3>[39m
                [36m<div[39m
                  [33mclass[39m=[32m"space-y-2"[39m
                [36m>[39m
                  [36m<div[39m
                    [33mclass[39m=[32m"rounded-md border border-danger/20 bg-danger/5 px-3 py-2"[39m
                  [36m>[39m
                    [36m<div[39m
                      [33mclass[39m=[32m"flex items-start gap-2"[39m
                    [36m>[39m
                      [36m<svg[39m
                        [33maria-hidden[39m=[32m"true"[39m
                        [33mclass[39m=[32m"lucide lucide-x mt-0.5 h-4 w-4 flex-shrink-0 text-danger"[39m
                        [33mfill[39m=[32m"none"[39m
                        [33mheight[39m=[32m"24"[39m
                        [33mstroke[39m=[32m"currentColor"[39m
                        [33mstroke-linecap[39m=[32m"round"[39m
                        [33mstroke-linejoin[39m=[32m"round"[39m
                        [33mstroke-width[39m=[32m"2"[39m
                        [33mviewBox[39m=[32m"0 0 24 24"[39m
                        [33mwidth[39m=[32m"24"[39m
                        [33mxmlns[39m=[32m"http://www.w3.org/2000/svg"[39m
                      [36m>[39m
                        [36m<path[39m
                          [33md[39m=[32m"M18 6 6 18"[39m
                        [36m/>[39m
                        [36m<path[39m
                          [33md[39m=[32m"m6 6 12 12"[39m
                        [36m/>[39m
                      [36m</svg>[39m
                      [36m<div[39m
                        [33mclass[39m=[32m"min-w-0 flex-1"[39m
                      [36m>[39m
                        [36m<span[39m
                          [33mclass[39m=[32m"block truncate text-sm font-medium text-text"[39m
                          [33mtitle[39m=[32m"https://source.test/source.pdf"[39m
                        [36m>[39m
                          [0mhttps://source.test/source.pdf[0m
                        [36m</span>[39m
                        [36m<p[39m
                          [33mclass[39m=[32m"mt-1 text-xs text-text-subtle"[39m
                        [36m>[39m
                          [0mAn unexpected error occurred.[0m
                          [0m [0m
                          [0mCheck the error details or server logs before trying again.[0m
                        [36m</p>[39m
                      [36m</div>[39m
                    [36m</div>[39m
                    [36m<div[39m
                      [33mclass[39m=[32m"mt-2 flex items-center justify-between"[39m
                    [36m>[39m
                      [36m<span[39m
                        [33mclass[39m=[32m"inline-flex items-center gap-1 rounded-full px-2 py-0.5 text-[10px] font-medium bg-gray-100 text-gray-800 dark:bg-gray-800/40 dark:text-gray-300"[39m
                      [36m>[39m
                        [36m<svg[39m
                          [33maria-hidden[39m=[32m"true"[39m
                          [33mclass[39m=[32m"lucide lucide-triangle-alert h-3 w-3"[39m
                          [33mfill[39m=[32m"none"[39m
                          [33mheight[39m=[32m"24"[39m
                          [33mstroke[39m=[32m"currentColor"[39m
                          [33mstroke-linecap[39m=[32m"round"[39m
                          [33mstroke-linejoin[39m=[32m"round"[39m
                          [33mstroke-width[39m=[32m"2"[39m
                          [33mviewBox[39m=[32m"0 0 24 24"[39m
                          [33mwidth[39m=[32m"24"[39m
                          [33mxmlns[39m=[32m"http://www.w3.org/2000/svg"[39m
                        [36m>[39m
                          [36m<path[39m
                            [33md[39m=[32m"m21.73 18-8-14a2 2 0 0 0-3.48 0l-8 14A2 2 0 0 0 4 21h16a2 2 0 0 0 1.73-3"[39m
                          [36m/>[39m
                          [36m<path[39m
                            [33md[39m=[32m"M12 9v4"[39m
                          [36m/>[39m
                          [36m<path[39m
                            [33md[39m=[32m"M12 17h.01"[39m
                          [36m/>[39m
                        [36m</svg>[39m
                        [0mError · Review Details[0m
                      [36m</span>[39m
                      [36m<div[39m
                        [33mclass[39m=[32m"flex items-center gap-1"[39m
                      [36m/>[39m
                    [36m</div>[39m
                  [36m</div>[39m
                [36m</div>[39m
              [36m</section>[39m
            [36m</div>[39m
            [36m<div[39m
              [33mclass[39m=[32m"border-t border-border px-4 py-3"[39m
            [36m>[39m
              [36m<p[39m
                [33mclass[39m=[32m"mb-3 text-center text-xs text-text-muted"[39m
              [36m>[39m
                [0mTotal: {{success}} succeeded, {{failed}} failed[0m
              [36m</p>[39m
              [36m<div[39m
                [33mclass[39m=[32m"flex items-center justify-end gap-2"[39m
              [36m>[39m
                [36m<button[39m
                  [33maria-label[39m=[32m"Start a new ingest"[39m
                  [33mclass[39m=[32m"rounded-md border border-border bg-surface px-4 py-2 text-sm font-medium text-text hover:bg-surface2 transition-colors"[39m
                  [33mtype[39m=[32m"button"[39m
                [36m>[39m
                  [0mIngest More[0m
                [36m</button>[39m
                [36m<button[39m
                  [33maria-label[39m=[32m"Close the ingest wizard"[39m
                  [33mclass[39m=[32m"rounded-md bg-primary px-4 py-2 text-sm font-medium text-primary-foreground hover:bg-primary/90 transition-colors"[39m
                  [33mtype[39m=[32m"button"[39m
                [36m>[39m
                  [0mDone[0m
                [36m</button>[39m
              [36m</div>[39m
            [36m</div>[39m
          [36m</div>[39m
        [36m</div>[39m
      [36m</div>[39m
    [36m</div>[39m
  [36m</div>[39m
[36m</body>[39m

Ignored nodes: comments, script, style
[36m<body>[39m
  [36m<div>[39m
    [36m<div[39m
      [33mclass[39m=[32m"quick-ingest-modal quick-ingest-wizard-modal"[39m
      [33mrole[39m=[32m"dialog"[39m
    [36m>[39m
      [36m<div[39m
        [33mclass[39m=[32m"ant-modal-content"[39m
      [36m>[39m
        [36m<h2>[39m
          [0mQuick Ingest[0m
        [36m</h2>[39m
        [36m<button>[39m
          [0mClose[0m
        [36m</button>[39m
        [36m<div[39m
          [33mdata-testid[39m=[32m"wizard-stepper"[39m
        [36m/>[39m
        [36m<div[39m
          [33mclass[39m=[32m"min-h-[300px]"[39m
        [36m>[39m
          [36m<div[39m
            [33mclass[39m=[32m"flex h-full flex-col"[39m
            [33mdata-testid[39m=[32m"wizard-results-step"[39m
          [36m>[39m
            [36m<div[39m
              [33mclass[39m=[32m"min-h-0 flex-1 overflow-y-auto px-4 py-3"[39m
            [36m>[39m
              [36m<div[39m
                [33mclass[39m=[32m"flex flex-wrap items-center justify-between gap-2 rounded-md border border-danger/15 bg-danger/5 px-3 py-2"[39m
              [36m>[39m
                [36m<span[39m
                  [33mclass[39m=[32m"text-xs font-medium text-danger"[39m
                [36m>[39m
                  [0mReview failed items[0m
                [36m</span>[39m
                [36m<div[39m
                  [33mclass[39m=[32m"flex flex-wrap items-center gap-2"[39m
                [36m>[39m
                  [36m<button[39m
                    [33maria-label[39m=[32m"Export failed items list"[39m
                    [33mclass[39m=[32m"flex items-center gap-1 rounded-md border border-border bg-surface px-2.5 py-1 text-xs font-medium text-text hover:bg-surface2 transition-colors"[39m
                    [33mtype[39m=[32m"button"[39m
                  [36m>[39m
                    [36m<svg[39m
                      [33maria-hidden[39m=[32m"true"[39m
                      [33mclass[39m=[32m"lucide lucide-download h-3 w-3"[39m
                      [33mfill[39m=[32m"none"[39m
                      [33mheight[39m=[32m"24"[39m
                      [33mstroke[39m=[32m"currentColor"[39m
                      [33mstroke-linecap[39m=[32m"round"[39m
                      [33mstroke-linejoin[39m=[32m"round"[39m
                      [33mstroke-width[39m=[32m"2"[39m
                      [33mviewBox[39m=[32m"0 0 24 24"[39m
                      [33mwidth[39m=[32m"24"[39m
                      [33mxmlns[39m=[32m"http://www.w3.org/2000/svg"[39m
                    [36m>[39m
                      [36m<path[39m
                        [33md[39m=[32m"M12 15V3"[39m
                      [36m/>[39m
                      [36m<path[39m
                        [33md[39m=[32m"M21 15v4a2 2 0 0 1-2 2H5a2 2 0 0 1-2-2v-4"[39m
                      [36m/>[39m
                      [36m<path[39m
                        [33md[39m=[32m"m7 10 5 5 5-5"[39m
                      [36m/>[39m
                    [36m</svg>[39m
                    [0mExport failed list[0m
                  [36m</button>[39m
                [36m</div>[39m
              [36m</div>[39m
              [36m<section[39m
                [33maria-label[39m=[32m"Error items"[39m
                [33mclass[39m=[32m"mt-4"[39m
              [36m>[39m
                [36m<h3[39m
                  [33mclass[39m=[32m"mb-2 flex items-center gap-1.5 text-xs font-semibold uppercase tracking-wide text-danger"[39m
                [36m>[39m
                  [36m<svg[39m
                    [33maria-hidden[39m=[32m"true"[39m
                    [33mclass[39m=[32m"lucide lucide-x h-3.5 w-3.5"[39m
                    [33mfill[39m=[32m"none"[39m
                    [33mheight[39m=[32m"24"[39m
                    [33mstroke[39m=[32m"currentColor"[39m
                    [33mstroke-linecap[39m=[32m"round"[39m
                    [33mstroke-linejoin[39m=[32m"round"[39m
                    [33mstroke-width[39m=[32m"2"[39m
                    [33mviewBox[39m=[32m"0 0 24 24"[39m
                    [33mwidth[39m=[32m"24"[39m
                    [33mxmlns[39m=[32m"http://www.w3.org/2000/svg"[39m
                  [36m>[39m
                    [36m<path[39m
                      [33md[39m=[32m"M18 6 6 18"[39m
                    [36m/>[39m
                    [36m<path[39m
                      [33md[39m=[32m"m6 6 12 12"[39m
                    [36m/>[39m
                  [36m</svg>[39m
                  [0mFailed during processing ({{count}})[0m
                [36m</h3>[39m
                [36m<div[39m
                  [33mclass[39m=[32m"space-y-2"[39m
                [36m>[39m
                  [36m<div[39m
                    [33mclass[39m=[32m"rounded-md border border-danger/20 bg-danger/5 px-3 py-2"[39m
                  [36m>[39m
                    [36m<div[39m
                      [33mclass[39m=[32m"flex items-start gap-2"[39m
                    [36m>[39m
                      [36m<svg[39m
                        [33maria-hidden[39m=[32m"true"[39m
                        [33mclass[39m=[32m"lucide lucide-x mt-0.5 h-4 w-4 flex-shrink-0 text-danger"[39m
                        [33mfill[39m=[32m"none"[39m
                        [33mheight[39m=[32m"24"[39m
                        [33mstroke[39m=[32m"currentColor"[39m
                        [33mstroke-linecap[39m=[32m"round"[39m
                        [33mstroke-linejoin[39m=[32m"round"[39m
                        [33mstroke-width[39m=[32m"2"[39m
                        [33mviewBox[39m=[32m"0 0 24 24"[39m
                        [33mwidth[39m=[32m"24"[39m
                        [33mxmlns[39m=[32m"http://www.w3.org/2000/svg"[39m
                      [36m>[39m
                        [36m<path[39m
                          [33md[39m=[32m"M18 6 6 18"[39m
                        [36m/>[39m
                        [36m<path[39m
                          [33md[39m=[32m"m6 6 12 12"[39m
                        [36m/>[39m
                      [36m</svg>[39m
                      [36m<div[39m
                        [33mclass[39m=[32m"min-w-0 flex-1"[39m
                      [36m>[39m
                        [36m<span[39m
                          [33mclass[39m=[32m"block truncate text-sm font-medium text-text"[39m
                          [33mtitle[39m=[32m"https://source.test/source.pdf"[39m
                        [36m>[39m
                          [0mhttps://source.test/source.pdf[0m
                        [36m</span>[39m
                        [36m<p[39m
                          [33mclass[39m=[32m"mt-1 text-xs text-text-subtle"[39m
                        [36m>[39m
                          [0mAn unexpected error occurred.[0m
                          [0m [0m
                          [0mCheck the error details or server logs before trying again.[0m
                        [36m</p>[39m
                      [36m</div>[39m
                    [36m</div>[39m
                    [36m<div[39m
                      [33mclass[39m=[32m"mt-2 flex items-center justify-between"[39m
                    [36m>[39m
                      [36m<span[39m
                        [33mclass[39m=[32m"inline-flex items-center gap-1 rounded-full px-2 py-0.5 text-[10px] font-medium bg-gray-100 text-gray-800 dark:bg-gray-800/40 dark:text-gray-300"[39m
                      [36m>[39m
                        [36m<svg[39m
                          [33maria-hidden[39m=[32m"true"[39m
                          [33mclass[39m=[32m"lucide lucide-triangle-alert h-3 w-3"[39m
                          [33mfill[39m=[32m"none"[39m
                          [33mheight[39m=[32m"24"[39m
                          [33mstroke[39m=[32m"currentColor"[39m
                          [33mstroke-linecap[39m=[32m"round"[39m
                          [33mstroke-linejoin[39m=[32m"round"[39m
                          [33mstroke-width[39m=[32m"2"[39m
                          [33mviewBox[39m=[32m"0 0 24 24"[39m
                          [33mwidth[39m=[32m"24"[39m
                          [33mxmlns[39m=[32m"http://www.w3.org/2000/svg"[39m
                        [36m>[39m
                          [36m<path[39m
                            [33md[39m=[32m"m21.73 18-8-14a2 2 0 0 0-3.48 0l-8 14A2 2 0 0 0 4 21h16a2 2 0 0 0 1.73-3"[39m
                          [36m/>[39m
                          [36m<path[39m
                            [33md[39m=[32m"M12 9v4"[39m
                          [36m/>[39m
                          [36m<path[39m
                            [33md[39m=[32m"M12 17h.01"[39m
                          [36m/>[39m
                        [36m</svg>[39m
                        [0mError · Review Details[0m
                      [36m</span>[39m
                      [36m<div[39m
                        [33mclass[39m=[32m"flex items-center gap-1"[39m
                      [36m/>[39m
                    [36m</div>[39m
                  [36m</div>[39m
                [36m</div>[39m
              [36m</section>[39m
            [36m</div>[39m
            [36m<div[39m
              [33mclass[39m=[32m"border-t border-border px-4 py-3"[39m
            [36m>[39m
              [36m<p[39m
                [33mclass[39m=[32m"mb-3 text-center text-xs text-text-muted"[39m
              [36m>[39m
                [0mTotal: {{success}} succeeded, {{failed}} failed[0m
              [36m</p>[39m
              [36m<div[39m
                [33mclass[39m=[32m"flex items-center justify-end gap-2"[39m
              [36m>[39m
                [36m<button[39m
                  [33maria-label[39m=[32m"Start a new ingest"[39m
                  [33mclass[39m=[32m"rounded-md border border-border bg-surface px-4 py-2 text-sm font-medium text-text hover:bg-surface2 transition-colors"[39m
                  [33mtype[39m=[32m"button"[39m
                [36m>[39m
                  [0mIngest More[0m
                [36m</button>[39m
                [36m<button[39m
                  [33maria-label[39m=[32m"Close the ingest wizard"[39m
                  [33mclass[39m=[32m"rounded-md bg-primary px-4 py-2 text-sm font-medium text-primary-foreground hover:bg-primary/90 transition-colors"[39m
                  [33mtype[39m=[32m"button"[39m
                [36m>[39m
                  [0mDone[0m
                [36m</button>[39m
              [36m</div>[39m
            [36m</div>[39m
          [36m</div>[39m
        [36m</div>[39m
      [36m</div>[39m
    [36m</div>[39m
  [36m</div>[39m
[36m</body>[39m
 ❯ waitForWrapper ../node_modules/.bun/@testing-library+dom@10.4.1/node_modules/@testing-library/dom/dist/wait-for.js:163:27
 ❯ ../node_modules/.bun/@testing-library+dom@10.4.1/node_modules/@testing-library/dom/dist/query-helpers.js:86:33
 ❯ ../packages/ui/src/components/Common/QuickIngest/__tests__/QuickIngestWizardModal.session.test.tsx:550:25
    548|     render(<QuickIngestWizardModal open onClose={vi.fn()} />)
    549|     if (mode === "direct upload") fireEvent.click(screen.getByText("Qu…
    550|     expect(await screen.findByRole("region", { name: "Items saved with…
       |                         ^
    551|     expect(screen.getByText("Analysis failed for chunk 1")).toBeVisibl…
    552|     expect(screen.queryByText("Review failed items")).toBeNull()

⎯⎯⎯⎯⎯⎯⎯⎯⎯⎯⎯⎯⎯⎯⎯⎯⎯⎯⎯⎯⎯⎯[10/22]⎯

 FAIL  ../packages/ui/src/components/Common/QuickIngest/__tests__/WizardResultsStep.navigation.test.tsx > WizardResultsStep navigation buttons > shows saved warnings separately from clean success while keeping source navigation
TestingLibraryElementError: Unable to find an accessible element with the role "region" and name "Items saved with warnings"

Here are the accessible roles:

  region:

  Name "Completed items":
  [36m<section[39m
    [33maria-label[39m=[32m"Completed items"[39m
  [36m/>[39m

  --------------------------------------------------
  heading:

  Name "Succeeded (1)":
  [36m<h3[39m
    [33mclass[39m=[32m"mb-2 flex items-center gap-1.5 text-xs font-semibold uppercase tracking-wide text-text-muted"[39m
  [36m/>[39m

  --------------------------------------------------
  button:

  Name "Open My Test PDF in Media":
  [36m<button[39m
    [33maria-label[39m=[32m"Open My Test PDF in Media"[39m
    [33mclass[39m=[32m"rounded px-1.5 py-0.5 text-xs text-primary hover:bg-primary/10 transition-colors"[39m
    [33mtype[39m=[32m"button"[39m
  [36m/>[39m

  Name "Search your ingested content in Knowledge QA":
  [36m<button[39m
    [33maria-label[39m=[32m"Search your ingested content in Knowledge QA"[39m
    [33mclass[39m=[32m"flex items-center gap-1.5 rounded-md border border-border bg-surface px-3 py-1.5 text-xs font-medium text-text hover:bg-surface2 transition-colors"[39m
    [33mtype[39m=[32m"button"[39m
  [36m/>[39m

  Name "Open document in Document Workspace":
  [36m<button[39m
    [33maria-label[39m=[32m"Open document in Document Workspace"[39m
    [33mclass[39m=[32m"flex items-center gap-1.5 rounded-md border border-border bg-surface px-3 py-1.5 text-xs font-medium text-text hover:bg-surface2 transition-colors"[39m
    [33mtype[39m=[32m"button"[39m
  [36m/>[39m

  Name "Start a new ingest":
  [36m<button[39m
    [33maria-label[39m=[32m"Start a new ingest"[39m
    [33mclass[39m=[32m"rounded-md border border-border bg-surface px-4 py-2 text-sm font-medium text-text hover:bg-surface2 transition-colors"[39m
    [33mtype[39m=[32m"button"[39m
  [36m/>[39m

  Name "Close the ingest wizard":
  [36m<button[39m
    [33maria-label[39m=[32m"Close the ingest wizard"[39m
    [33mclass[39m=[32m"rounded-md bg-primary px-4 py-2 text-sm font-medium text-primary-foreground hover:bg-primary/90 transition-colors"[39m
    [33mtype[39m=[32m"button"[39m
  [36m/>[39m

  --------------------------------------------------
  paragraph:

  Name "":
  [36m<p[39m
    [33mclass[39m=[32m"mb-2 text-xs font-medium text-text-muted"[39m
  [36m/>[39m

  Name "":
  [36m<p[39m
    [33mclass[39m=[32m"mb-3 text-center text-xs text-text-muted"[39m
  [36m/>[39m

  --------------------------------------------------

Ignored nodes: comments, script, style
[36m<body>[39m
  [36m<div>[39m
    [36m<div[39m
      [33mclass[39m=[32m"flex h-full flex-col"[39m
      [33mdata-testid[39m=[32m"wizard-results-step"[39m
    [36m>[39m
      [36m<div[39m
        [33mclass[39m=[32m"min-h-0 flex-1 overflow-y-auto px-4 py-3"[39m
      [36m>[39m
        [36m<section[39m
          [33maria-label[39m=[32m"Completed items"[39m
        [36m>[39m
          [36m<h3[39m
            [33mclass[39m=[32m"mb-2 flex items-center gap-1.5 text-xs font-semibold uppercase tracking-wide text-text-muted"[39m
          [36m>[39m
            [36m<svg[39m
              [33maria-hidden[39m=[32m"true"[39m
              [33mclass[39m=[32m"lucide lucide-check h-3.5 w-3.5 text-green-500"[39m
              [33mfill[39m=[32m"none"[39m
              [33mheight[39m=[32m"24"[39m
              [33mstroke[39m=[32m"currentColor"[39m
              [33mstroke-linecap[39m=[32m"round"[39m
              [33mstroke-linejoin[39m=[32m"round"[39m
              [33mstroke-width[39m=[32m"2"[39m
              [33mviewBox[39m=[32m"0 0 24 24"[39m
              [33mwidth[39m=[32m"24"[39m
              [33mxmlns[39m=[32m"http://www.w3.org/2000/svg"[39m
            [36m>[39m
              [36m<path[39m
                [33md[39m=[32m"M20 6 9 17l-5-5"[39m
              [36m/>[39m
            [36m</svg>[39m
            [0mSucceeded (1)[0m
          [36m</h3>[39m
          [36m<div[39m
            [33mclass[39m=[32m"space-y-0.5"[39m
          [36m>[39m
            [36m<div[39m
              [33mclass[39m=[32m"flex items-center gap-2 rounded-md px-3 py-2 hover:bg-surface2 transition-colors"[39m
            [36m>[39m
              [36m<svg[39m
                [33maria-hidden[39m=[32m"true"[39m
                [33mclass[39m=[32m"lucide lucide-check h-4 w-4 flex-shrink-0 text-green-500"[39m
                [33mfill[39m=[32m"none"[39m
                [33mheight[39m=[32m"24"[39m
                [33mstroke[39m=[32m"currentColor"[39m
                [33mstroke-linecap[39m=[32m"round"[39m
                [33mstroke-linejoin[39m=[32m"round"[39m
                [33mstroke-width[39m=[32m"2"[39m
                [33mviewBox[39m=[32m"0 0 24 24"[39m
                [33mwidth[39m=[32m"24"[39m
                [33mxmlns[39m=[32m"http://www.w3.org/2000/svg"[39m
              [36m>[39m
                [36m<path[39m
                  [33md[39m=[32m"M20 6 9 17l-5-5"[39m
                [36m/>[39m
              [36m</svg>[39m
              [36m<span[39m
                [33mclass[39m=[32m"min-w-0 flex-1 truncate text-sm text-text"[39m
                [33mtitle[39m=[32m"My Test PDF"[39m
              [36m>[39m
                [0mMy Test PDF[0m
              [36m</span>[39m
              [36m<div[39m
                [33mclass[39m=[32m"flex flex-shrink-0 items-center gap-1"[39m
              [36m>[39m
                [36m<button[39m
                  [33maria-label[39m=[32m"Open My Test PDF in Media"[39m
                  [33mclass[39m=[32m"rounded px-1.5 py-0.5 text-xs text-primary hover:bg-primary/10 transition-colors"[39m
                  [33mtype[39m=[32m"button"[39m
                [36m>[39m
                  [36m<svg[39m
                    [33maria-hidden[39m=[32m"true"[39m
                    [33mclass[39m=[32m"lucide lucide-external-link mr-0.5 inline h-3 w-3"[39m
                    [33mfill[39m=[32m"none"[39m
                    [33mheight[39m=[32m"24"[39m
                    [33mstroke[39m=[32m"currentColor"[39m
                    [33mstroke-linecap[39m=[32m"round"[39m
                    [33mstroke-linejoin[39m=[32m"round"[39m
                    [33mstroke-width[39m=[32m"2"[39m
                    [33mviewBox[39m=[32m"0 0 24 24"[39m
                    [33mwidth[39m=[32m"24"[39m
                    [33mxmlns[39m=[32m"http://www.w3.org/2000/svg"[39m
                  [36m>[39m
                    [36m<path[39m
                      [33md[39m=[32m"M15 3h6v6"[39m
                    [36m/>[39m
                    [36m<path[39m
                      [33md[39m=[32m"M10 14 21 3"[39m
                    [36m/>[39m
                    [36m<path[39m
                      [33md[39m=[32m"M18 13v6a2 2 0 0 1-2 2H5a2 2 0 0 1-2-2V8a2 2 0 0 1 2-2h6"[39m
                    [36m/>[39m
                  [36m</svg>[39m
                  [0mOpen in Media[0m
                [36m</button>[39m
              [36m</div>[39m
            [36m</div>[39m
          [36m</div>[39m
        [36m</section>[39m
        [36m<div[39m
          [33mclass[39m=[32m"mt-4 rounded-lg border border-primary/20 bg-primary/5 px-4 py-3"[39m
        [36m>[39m
          [36m<p[39m
            [33mclass[39m=[32m"mb-2 text-xs font-medium text-text-muted"[39m
          [36m>[39m
            [0mWhat's next?[0m
          [36m</p>[39m
          [36m<div[39m
            [33mclass[39m=[32m"flex flex-wrap gap-2"[39m
          [36m>[39m
            [36m<button[39m
              [33maria-label[39m=[32m"Search your ingested content in Knowledge QA"[39m
              [33mclass[39m=[32m"flex items-center gap-1.5 rounded-md border border-border bg-surface px-3 py-1.5 text-xs font-medium text-text hover:bg-surface2 transition-colors"[39m
              [33mtype[39m=[32m"button"[39m
            [36m>[39m
              [36m<svg[39m
                [33maria-hidden[39m=[32m"true"[39m
                [33mclass[39m=[32m"lucide lucide-search h-3.5 w-3.5"[39m
                [33mfill[39m=[32m"none"[39m
                [33mheight[39m=[32m"24"[39m
                [33mstroke[39m=[32m"currentColor"[39m
                [33mstroke-linecap[39m=[32m"round"[39m
                [33mstroke-linejoin[39m=[32m"round"[39m
                [33mstroke-width[39m=[32m"2"[39m
                [33mviewBox[39m=[32m"0 0 24 24"[39m
                [33mwidth[39m=[32m"24"[39m
                [33mxmlns[39m=[32m"http://www.w3.org/2000/svg"[39m
              [36m>[39m
                [36m<path[39m
                  [33md[39m=[32m"m21 21-4.34-4.34"[39m
                [36m/>[39m
                [36m<circle[39m
                  [33mcx[39m=[32m"11"[39m
                  [33mcy[39m=[32m"11"[39m
                  [33mr[39m=[32m"8"[39m
                [36m/>[39m
              [36m</svg>[39m
              [0mSearch in Knowledge[0m
            [36m</button>[39m
            [36m<button[39m
              [33maria-label[39m=[32m"Open document in Document Workspace"[39m
              [33mclass[39m=[32m"flex items-center gap-1.5 rounded-md border border-border bg-surface px-3 py-1.5 text-xs font-medium text-text hover:bg-surface2 transition-colors"[39m
              [33mtype[39m=[32m"button"[39m
            [36m>[39m
              [36m<svg[39m
                [33maria-hidden[39m=[32m"true"[39m
                [33mclass[39m=[32m"lucide lucide-book-open h-3.5 w-3.5"[39m
                [33mfill[39m=[32m"none"[39m
                [33mheight[39m=[32m"24"[39m
                [33mstroke[39m=[32m"currentColor"[39m
                [33mstroke-linecap[39m=[32m"round"[39m
                [33mstroke-linejoin[39m=[32m"round"[39m
                [33mstroke-width[39m=[32m"2"[39m
                [33mviewBox[39m=[32m"0 0 24 24"[39m
                [33mwidth[39m=[32m"24"[39m
                [33mxmlns[39m=[32m"http://www.w3.org/2000/svg"[39m
              [36m>[39m
                [36m<path[39m
                  [33md[39m=[32m"M12 7v14"[39m
                [36m/>[39m
                [36m<path[39m
                  [33md[39m=[32m"M3 18a1 1 0 0 1-1-1V4a1 1 0 0 1 1-1h5a4 4 0 0 1 4 4 4 4 0 0 1 4-4h5a1 1 0 0 1 1 1v13a1 1 0 0 1-1 1h-6a3 3 0 0 0-3 3 3 3 0 0 0-3-3z"[39m
                [36m/>[39m
              [36m</svg>[39m
              [0mOpen in Workspace[0m
            [36m</button>[39m
          [36m</div>[39m
        [36m</div>[39m
      [36m</div>[39m
      [36m<div[39m
        [33mclass[39m=[32m"border-t border-border px-4 py-3"[39m
      [36m>[39m
        [36m<p[39m
          [33mclass[39m=[32m"mb-3 text-center text-xs text-text-muted"[39m
        [36m>[39m
          [0mTotal: 1 succeeded, 0 failed[0m
          [0m · [0m
          [0m10s elapsed[0m
        [36m</p>[39m
        [36m<div[39m
          [33mclass[39m=[32m"flex items-center justify-end gap-2"[39m
        [36m>[39m
          [36m<button[39m
            [33maria-label[39m=[32m"Start a new ingest"[39m
            [33mclass[39m=[32m"rounded-md border border-border bg-surface px-4 py-2 text-sm font-medium text-text hover:bg-surface2 transition-colors"[39m
            [33mtype[39m=[32m"button"[39m
          [36m>[39m
            [0mIngest More[0m
          [36m</button>[39m
          [36m<button[39m
            [33maria-label[39m=[32m"Close the ingest wizard"[39m
            [33mclass[39m=[32m"rounded-md bg-primary px-4 py-2 text-sm font-medium text-primary-foreground hover:bg-primary/90 transition-colors"[39m
            [33mtype[39m=[32m"button"[39m
          [36m>[39m
            [0mDone[0m
          [36m</button>[39m
        [36m</div>[39m
      [36m</div>[39m
    [36m</div>[39m
  [36m</div>[39m
[36m</body>[39m
 ❯ Object.getElementError ../node_modules/.bun/@testing-library+dom@10.4.1/node_modules/@testing-library/dom/dist/config.js:37:19
 ❯ ../node_modules/.bun/@testing-library+dom@10.4.1/node_modules/@testing-library/dom/dist/query-helpers.js:76:38
 ❯ ../node_modules/.bun/@testing-library+dom@10.4.1/node_modules/@testing-library/dom/dist/query-helpers.js:52:17
 ❯ ../node_modules/.bun/@testing-library+dom@10.4.1/node_modules/@testing-library/dom/dist/query-helpers.js:95:19
 ❯ ../packages/ui/src/components/Common/QuickIngest/__tests__/WizardResultsStep.navigation.test.tsx:69:29
     67|     const onOpenWorkspace = vi.fn()
     68|     render(<WizardResultsStep onClose={vi.fn()} onOpenMedia={onOpenMed…
     69|     const warnings = screen.getByRole("region", { name: "Items saved w…
       |                             ^
     70|     expect(within(warnings).getByText("Analysis failed for chunk 1")).…
     71|     expect(screen.queryByRole("region", { name: "Completed items" })).…

⎯⎯⎯⎯⎯⎯⎯⎯⎯⎯⎯⎯⎯⎯⎯⎯⎯⎯⎯⎯⎯⎯[11/22]⎯

 FAIL  ../packages/ui/src/components/Common/QuickIngest/__tests__/WizardResultsStep.navigation.test.tsx > WizardResultsStep navigation buttons > keeps saved warnings, unknown failures, and cancelled items separate in a mixed batch
TestingLibraryElementError: Unable to find an element with the text: /Total: 0 succeeded, 1 saved with warnings.*1 failed, 1 cancelled/. This could be because the text is broken up by multiple elements. In this case, you can provide a function for your text matcher to make your matcher more flexible.

Ignored nodes: comments, script, style
[36m<body>[39m
  [36m<div>[39m
    [36m<div[39m
      [33mclass[39m=[32m"flex h-full flex-col"[39m
      [33mdata-testid[39m=[32m"wizard-results-step"[39m
    [36m>[39m
      [36m<div[39m
        [33mclass[39m=[32m"min-h-0 flex-1 overflow-y-auto px-4 py-3"[39m
      [36m>[39m
        [36m<section[39m
          [33maria-label[39m=[32m"Completed items"[39m
        [36m>[39m
          [36m<h3[39m
            [33mclass[39m=[32m"mb-2 flex items-center gap-1.5 text-xs font-semibold uppercase tracking-wide text-text-muted"[39m
          [36m>[39m
            [36m<svg[39m
              [33maria-hidden[39m=[32m"true"[39m
              [33mclass[39m=[32m"lucide lucide-check h-3.5 w-3.5 text-green-500"[39m
              [33mfill[39m=[32m"none"[39m
              [33mheight[39m=[32m"24"[39m
              [33mstroke[39m=[32m"currentColor"[39m
              [33mstroke-linecap[39m=[32m"round"[39m
              [33mstroke-linejoin[39m=[32m"round"[39m
              [33mstroke-width[39m=[32m"2"[39m
              [33mviewBox[39m=[32m"0 0 24 24"[39m
              [33mwidth[39m=[32m"24"[39m
              [33mxmlns[39m=[32m"http://www.w3.org/2000/svg"[39m
            [36m>[39m
              [36m<path[39m
                [33md[39m=[32m"M20 6 9 17l-5-5"[39m
              [36m/>[39m
            [36m</svg>[39m
            [0mSucceeded (1)[0m
          [36m</h3>[39m
          [36m<div[39m
            [33mclass[39m=[32m"space-y-0.5"[39m
          [36m>[39m
            [36m<div[39m
              [33mclass[39m=[32m"flex items-center gap-2 rounded-md px-3 py-2 hover:bg-surface2 transition-colors"[39m
            [36m>[39m
              [36m<svg[39m
                [33maria-hidden[39m=[32m"true"[39m
                [33mclass[39m=[32m"lucide lucide-check h-4 w-4 flex-shrink-0 text-green-500"[39m
                [33mfill[39m=[32m"none"[39m
                [33mheight[39m=[32m"24"[39m
                [33mstroke[39m=[32m"currentColor"[39m
                [33mstroke-linecap[39m=[32m"round"[39m
                [33mstroke-linejoin[39m=[32m"round"[39m
                [33mstroke-width[39m=[32m"2"[39m
                [33mviewBox[39m=[32m"0 0 24 24"[39m
                [33mwidth[39m=[32m"24"[39m
                [33mxmlns[39m=[32m"http://www.w3.org/2000/svg"[39m
              [36m>[39m
                [36m<path[39m
                  [33md[39m=[32m"M20 6 9 17l-5-5"[39m
                [36m/>[39m
              [36m</svg>[39m
              [36m<span[39m
                [33mclass[39m=[32m"min-w-0 flex-1 truncate text-sm text-text"[39m
                [33mtitle[39m=[32m"My Test PDF"[39m
              [36m>[39m
                [0mMy Test PDF[0m
              [36m</span>[39m
              [36m<div[39m
                [33mclass[39m=[32m"flex flex-shrink-0 items-center gap-1"[39m
              [36m/>[39m
            [36m</div>[39m
          [36m</div>[39m
        [36m</section>[39m
        [36m<div[39m
          [33mclass[39m=[32m"mt-4 flex flex-wrap items-center justify-between gap-2 rounded-md border border-danger/15 bg-danger/5 px-3 py-2"[39m
        [36m>[39m
          [36m<span[39m
            [33mclass[39m=[32m"text-xs font-medium text-danger"[39m
          [36m>[39m
            [0mReview failed items[0m
          [36m</span>[39m
          [36m<div[39m
            [33mclass[39m=[32m"flex flex-wrap items-center gap-2"[39m
          [36m>[39m
            [36m<button[39m
              [33maria-label[39m=[32m"Export failed items list"[39m
              [33mclass[39m=[32m"flex items-center gap-1 rounded-md border border-border bg-surface px-2.5 py-1 text-xs font-medium text-text hover:bg-surface2 transition-colors"[39m
              [33mtype[39m=[32m"button"[39m
            [36m>[39m
              [36m<svg[39m
                [33maria-hidden[39m=[32m"true"[39m
                [33mclass[39m=[32m"lucide lucide-download h-3 w-3"[39m
                [33mfill[39m=[32m"none"[39m
                [33mheight[39m=[32m"24"[39m
                [33mstroke[39m=[32m"currentColor"[39m
                [33mstroke-linecap[39m=[32m"round"[39m
                [33mstroke-linejoin[39m=[32m"round"[39m
                [33mstroke-width[39m=[32m"2"[39m
                [33mviewBox[39m=[32m"0 0 24 24"[39m
                [33mwidth[39m=[32m"24"[39m
                [33mxmlns[39m=[32m"http://www.w3.org/2000/svg"[39m
              [36m>[39m
                [36m<path[39m
                  [33md[39m=[32m"M12 15V3"[39m
                [36m/>[39m
                [36m<path[39m
                  [33md[39m=[32m"M21 15v4a2 2 0 0 1-2 2H5a2 2 0 0 1-2-2v-4"[39m
                [36m/>[39m
                [36m<path[39m
                  [33md[39m=[32m"m7 10 5 5 5-5"[39m
                [36m/>[39m
              [36m</svg>[39m
              [0mExport failed list[0m
            [36m</button>[39m
          [36m</div>[39m
        [36m</div>[39m
        [36m<section[39m
          [33maria-label[39m=[32m"Error items"[39m
          [33mclass[39m=[32m"mt-4"[39m
        [36m>[39m
          [36m<h3[39m
            [33mclass[39m=[32m"mb-2 flex items-center gap-1.5 text-xs font-semibold uppercase tracking-wide text-danger"[39m
          [36m>[39m
            [36m<svg[39m
              [33maria-hidden[39m=[32m"true"[39m
              [33mclass[39m=[32m"lucide lucide-x h-3.5 w-3.5"[39m
              [33mfill[39m=[32m"none"[39m
              [33mheight[39m=[32m"24"[39m
              [33mstroke[39m=[32m"currentColor"[39m
              [33mstroke-linecap[39m=[32m"round"[39m
              [33mstroke-linejoin[39m=[32m"round"[39m
              [33mstroke-width[39m=[32m"2"[39m
              [33mviewBox[39m=[32m"0 0 24 24"[39m
              [33mwidth[39m=[32m"24"[39m
              [33mxmlns[39m=[32m"http://www.w3.org/2000/svg"[39m
            [36m>[39m
              [36m<path[39m
                [33md[39m=[32m"M18 6 6 18"[39m
              [36m/>[39m
              [36m<path[39m
                [33md[39m=[32m"m6 6 12 12"[39m
              [36m/>[39m
            [36m</svg>[39m
            [0mFailed during processing (1)[0m
          [36m</h3>[39m
          [36m<div[39m
            [33mclass[39m=[32m"space-y-2"[39m
          [36m>[39m
            [36m<div[39m
              [33mclass[39m=[32m"rounded-md border border-danger/20 bg-danger/5 px-3 py-2"[39m
            [36m>[39m
              [36m<div[39m
                [33mclass[39m=[32m"flex items-start gap-2"[39m
              [36m>[39m
                [36m<svg[39m
                  [33maria-hidden[39m=[32m"true"[39m
                  [33mclass[39m=[32m"lucide lucide-x mt-0.5 h-4 w-4 flex-shrink-0 text-danger"[39m
                  [33mfill[39m=[32m"none"[39m
                  [33mheight[39m=[32m"24"[39m
                  [33mstroke[39m=[32m"currentColor"[39m
                  [33mstroke-linecap[39m=[32m"round"[39m
                  [33mstroke-linejoin[39m=[32m"round"[39m
                  [33mstroke-width[39m=[32m"2"[39m
                  [33mviewBox[39m=[32m"0 0 24 24"[39m
                  [33mwidth[39m=[32m"24"[39m
                  [33mxmlns[39m=[32m"http://www.w3.org/2000/svg"[39m
                [36m>[39m
                  [36m<path[39m
                    [33md[39m=[32m"M18 6 6 18"[39m
                  [36m/>[39m
                  [36m<path[39m
                    [33md[39m=[32m"m6 6 12 12"[39m
                  [36m/>[39m
                [36m</svg>[39m
                [36m<div[39m
                  [33mclass[39m=[32m"min-w-0 flex-1"[39m
                [36m>[39m
                  [36m<span[39m
                    [33mclass[39m=[32m"block truncate text-sm font-medium text-text"[39m
                    [33mtitle[39m=[32m"failed"[39m
                  [36m>[39m
                    [0mfailed[0m
                  [36m</span>[39m
                  [36m<p[39m
                    [33mclass[39m=[32m"mt-1 text-xs text-text-subtle"[39m
                  [36m>[39m
                    [0mAn unexpected error occurred.[0m
                    [0m [0m
                    [0mCheck the error details or server logs before trying again.[0m
                  [36m</p>[39m
                [36m</div>[39m
              [36m</div>[39m
              [36m<div[39m
                [33mclass[39m=[32m"mt-2 flex items-center justify-between"[39m
              [36m>[39m
                [36m<span[39m
                  [33mclass[39m=[32m"inline-flex items-center gap-1 rounded-full px-2 py-0.5 text-[10px] font-medium bg-gray-100 text-gray-800 dark:bg-gray-800/40 dark:text-gray-300"[39m
                [36m>[39m
                  [36m<svg[39m
                    [33maria-hidden[39m=[32m"true"[39m
                    [33mclass[39m=[32m"lucide lucide-triangle-alert h-3 w-3"[39m
                    [33mfill[39m=[32m"none"[39m
                    [33mheight[39m=[32m"24"[39m
                    [33mstroke[39m=[32m"currentColor"[39m
                    [33mstroke-linecap[39m=[32m"round"[39m
                    [33mstroke-linejoin[39m=[32m"round"[39m
                    [33mstroke-width[39m=[32m"2"[39m
                    [33mviewBox[39m=[32m"0 0 24 24"[39m
                    [33mwidth[39m=[32m"24"[39m
                    [33mxmlns[39m=[32m"http://www.w3.org/2000/svg"[39m
                  [36m>[39m
                    [36m<path[39m
                      [33md[39m=[32m"m21.73 18-8-14a2 2 0 0 0-3.48 0l-8 14A2 2 0 0 0 4 21h16a2 2 0 0 0 1.73-3"[39m
                    [36m/>[39m
                    [36m<path[39m
                      [33md[39m=[32m"M12 9v4"[39m
                    [36m/>[39m
                    [36m<path[39m
                      [33md[39m=[32m"M12 17h.01"[39m
                    [36m/>[39m
                  [36m</svg>[39m
                  [0mError · Review Details[0m
                [36m</span>[39m
                [36m<div[39m
                  [33mclass[39m=[32m"flex items-center gap-1"[39m
                [36m/>[39m
              [36m</div>[39m
            [36m</div>[39m
          [36m</div>[39m
        [36m</section>[39m
        [36m<section[39m
          [33maria-label[39m=[32m"Cancelled items"[39m
          [33mclass[39m=[32m"mt-4"[39m
        [36m>[39m
          [36m<h3[39m
            [33mclass[39m=[32m"mb-2 flex items-center gap-1.5 text-xs font-semibold uppercase tracking-wide text-text-muted"[39m
          [36m>[39m
            [36m<svg[39m
              [33maria-hidden[39m=[32m"true"[39m
              [33mclass[39m=[32m"lucide lucide-x h-3.5 w-3.5"[39m
              [33mfill[39m=[32m"none"[39m
              [33mheight[39m=[32m"24"[39m
              [33mstroke[39m=[32m"currentColor"[39m
              [33mstroke-linecap[39m=[32m"round"[39m
              [33mstroke-linejoin[39m=[32m"round"[39m
              [33mstroke-width[39m=[32m"2"[39m
              [33mviewBox[39m=[32m"0 0 24 24"[39m
              [33mwidth[39m=[32m"24"[39m
              [33mxmlns[39m=[32m"http://www.w3.org/2000/svg"[39m
            [36m>[39m
              [36m<path[39m
                [33md[39m=[32m"M18 6 6 18"[39m
              [36m/>[39m
              [36m<path[39m
                [33md[39m=[32m"m6 6 12 12"[39m
              [36m/>[39m
            [36m</svg>[39m
            [0mCancelled (1)[0m
          [36m</h3>[39m
          [36m<div[39m
            [33mclass[39m=[32m"space-y-2"[39m
          [36m>[39m
            [36m<div[39m
              [33mclass[39m=[32m"rounded-md border border-danger/20 bg-danger/5 px-3 py-2"[39m
            [36m>[39m
              [36m<div[39m
                [33mclass[39m=[32m"flex items-start gap-2"[39m
              [36m>[39m
                [36m<svg[39m
                  [33maria-hidden[39m=[32m"true"[39m
                  [33mclass[39m=[32m"lucide lucide-x mt-0.5 h-4 w-4 flex-shrink-0 text-danger"[39m
                  [33mfill[39m=[32m"none"[39m
                  [33mheight[39m=[32m"24"[39m
                  [33mstroke[39m=[32m"currentColor"[39m
                  [33mstroke-linecap[39m=[32m"round"[39m
                  [33mstroke-linejoin[39m=[32m"round"[39m
                  [33mstroke-width[39m=[32m"2"[39m
                  [33mviewBox[39m=[32m"0 0 24 24"[39m
                  [33mwidth[39m=[32m"24"[39m
                  [33mxmlns[39m=[32m"http://www.w3.org/2000/svg"[39m
                [36m>[39m
                  [36m<path[39m
                    [33md[39m=[32m"M18 6 6 18"[39m
                  [36m/>[39m
                  [36m<path[39m
                    [33md[39m=[32m"m6 6 12 12"[39m
                  [36m/>[39m
                [36m</svg>[39m
                [36m<div[39m
                  [33mclass[39m=[32m"min-w-0 flex-1"[39m
                [36m>[39m
                  [36m<span[39m
                    [33mclass[39m=[32m"block truncate text-sm font-medium text-text"[39m
                    [33mtitle[39m=[32m"cancelled"[39m
                  [36m>[39m
                    [0mcancelled[0m
                  [36m</span>[39m
                  [36m<p[39m
                    [33mclass[39m=[32m"mt-1 text-xs text-text-subtle"[39m
                  [36m>[39m
                    [0mAn unexpected error occurred.[0m
                    [0m [0m
                    [0mCheck the error details or server logs before trying again.[0m
                  [36m</p>[39m
                [36m</div>[39m
              [36m</div>[39m
              [36m<div[39m
                [33mclass[39m=[32m"mt-2 flex items-center justify-between"[39m
              [36m>[39m
                [36m<span[39m
                  [33mclass[39m=[32m"inline-flex items-center gap-1 rounded-full px-2 py-0.5 text-[10px] font-medium bg-gray-100 text-gray-800 dark:bg-gray-800/40 dark:text-gray-300"[39m
                [36m>[39m
                  [36m<svg[39m
                    [33maria-hidden[39m=[32m"true"[39m
                    [33mclass[39m=[32m"lucide lucide-triangle-alert h-3 w-3"[39m
                    [33mfill[39m=[32m"none"[39m
                    [33mheight[39m=[32m"24"[39m
                    [33mstroke[39m=[32m"currentColor"[39m
                    [33mstroke-linecap[39m=[32m"round"[39m
                    [33mstroke-linejoin[39m=[32m"round"[39m
                    [33mstroke-width[39m=[32m"2"[39m
                    [33mviewBox[39m=[32m"0 0 24 24"[39m
                    [33mwidth[39m=[32m"24"[39m
                    [33mxmlns[39m=[32m"http://www.w3.org/2000/svg"[39m
                  [36m>[39m
                    [36m<path[39m
                      [33md[39m=[32m"m21.73 18-8-14a2 2 0 0 0-3.48 0l-8 14A2 2 0 0 0 4 21h16a2 2 0 0 0 1.73-3"[39m
                    [36m/>[39m
                    [36m<path[39m
                      [33md[39m=[32m"M12 9v4"[39m
                    [36m/>[39m
                    [36m<path[39m
                      [33md[39m=[32m"M12 17h.01"[39m
                    [36m/>[39m
                  [36m</svg>[39m
                  [0mError · Review Details[0m
                [36m</span>[39m
                [36m<div[39m
                  [33mclass[39m=[32m"flex items-center gap-1"[39m
                [36m/>[39m
              [36m</div>[39m
            [36m</div>[39m
          [36m</div>[39m
        [36m</section>[39m
      [36m</div>[39m
      [36m<div[39m
        [33mclass[39m=[32m"border-t border-border px-4 py-3"[39m
      [36m>[39m
        [36m<p[39m
          [33mclass[39m=[32m"mb-3 text-center text-xs text-text-muted"[39m
        [36m>[39m
          [0mTotal: 1 succeeded, 0 skipped, 0 not submitted, 1 failed, 1 cancelled[0m
          [0m · [0m
          [0m10s elapsed[0m
        [36m</p>[39m
        [36m<div[39m
          [33mclass[39m=[32m"flex items-center justify-end gap-2"[39m
        [36m>[39m
          [36m<button[39m
            [33maria-label[39m=[32m"Start a new ingest"[39m
            [33mclass[39m=[32m"rounded-md border border-border bg-surface px-4 py-2 text-sm font-medium text-text hover:bg-surface2 transition-colors"[39m
            [33mtype[39m=[32m"button"[39m
          [36m>[39m
            [0mIngest More[0m
          [36m</button>[39m
          [36m<button[39m
            [33maria-label[39m=[32m"Close the ingest wizard"[39m
            [33mclass[39m=[32m"rounded-md bg-primary px-4 py-2 text-sm font-medium text-primary-foreground hover:bg-primary/90 transition-colors"[39m
            [33mtype[39m=[32m"button"[39m
          [36m>[39m
            [0mDone[0m
          [36m</button>[39m
        [36m</div>[39m
      [36m</div>[39m
    [36m</div>[39m
  [36m</div>[39m
[36m</body>[39m
 ❯ Object.getElementError ../node_modules/.bun/@testing-library+dom@10.4.1/node_modules/@testing-library/dom/dist/config.js:37:19
 ❯ ../node_modules/.bun/@testing-library+dom@10.4.1/node_modules/@testing-library/dom/dist/query-helpers.js:76:38
 ❯ ../node_modules/.bun/@testing-library+dom@10.4.1/node_modules/@testing-library/dom/dist/query-helpers.js:52:17
 ❯ ../node_modules/.bun/@testing-library+dom@10.4.1/node_modules/@testing-library/dom/dist/query-helpers.js:95:19
 ❯ ../packages/ui/src/components/Common/QuickIngest/__tests__/WizardResultsStep.navigation.test.tsx:88:19
     86|     )
     87|     render(<WizardResultsStep onClose={vi.fn()} onRetryItems={vi.fn()}…
     88|     expect(screen.getByText(/Total: 0 succeeded, 1 saved with warnings…
       |                   ^
     89|     expect(screen.queryByRole("button", { name: /retry/i })).toBeNull()
     90|   })

⎯⎯⎯⎯⎯⎯⎯⎯⎯⎯⎯⎯⎯⎯⎯⎯⎯⎯⎯⎯⎯⎯[12/22]⎯


 Test Files  5 failed (5)
      Tests  22 failed | 131 passed (153)
   Start at  21:20:07
   Duration  7.80s (transform 1.57s, setup 1.35s, import 1.76s, tests 7.60s, environment 3.59s)

