============================= test session starts ==============================
platform darwin -- Python 3.11.13, pytest-8.4.1, pluggy-1.6.0
benchmark: 5.2.3 (defaults: timer=time.perf_counter disable_gc=False min_rounds=5 min_time=0.000005 max_time=1.0 calibration_precision=10 warmup=False warmup_iterations=100000)
Using --randomly-seed=3475321438
rootdir: /Users/macbook-dev/Documents/GitHub/tldw_server2
configfile: pyproject.toml
plugins: anyio-4.12.1, benchmark-5.2.3, locust-2.43.3, asyncio-1.1.0, xdist-3.8.0, split-0.11.0, timeout-2.4.0, randomly-4.1.0, hypothesis-6.138.2, cov-6.2.1, mock-3.14.1
asyncio: mode=Mode.AUTO, asyncio_default_fixture_loop_scope=function, asyncio_default_test_loop_scope=function
timeout: 300.0s
timeout method: thread
timeout func_only: False
collected 56 items

tldw_Server_API/tests/DB_Management/test_character_shared_owner_contract.py F [  1%]
..FFF..F.F..F...FFFFF.F.F......FFF....F....F......F..F                   [ 98%]
.tmp/uat193-diagnosis-20260917/test_exemplar_default_filters_probe.py F  [100%]

=================================== FAILURES ===================================
_____ test_exemplar_child_paths_preserve_parent_ownership[postgres-update] _____
tldw_Server_API/tests/DB_Management/test_character_shared_owner_contract.py:222: in test_exemplar_child_paths_preserve_parent_ownership
    assert db.update_character_exemplar(foreign, exemplar["id"], {"text": "Replaced"}) is None
E   assert {'character_exemplars_fts_tsv': "'replac':1", 'character_id': 3, 'created_at': datetime.datetime(2026, 9, 17, 3, 48, 46, 646000, tzinfo=zoneinfo.ZoneInfo(key='Etc/UTC')), 'emotion': 'other', ...} is None
E    +  where {'character_exemplars_fts_tsv': "'replac':1", 'character_id': 3, 'created_at': datetime.datetime(2026, 9, 17, 3, 48, 46, 646000, tzinfo=zoneinfo.ZoneInfo(key='Etc/UTC')), 'emotion': 'other', ...} = update_character_exemplar(3, 'b99b1171-ba83-4919-96df-1ae06e515ada', {'text': 'Replaced'})
E    +    where update_character_exemplar = <tldw_Server_API.app.core.DB_Management.ChaChaNotes_DB.CharactersRAGDB object at 0x112e04050>.update_character_exemplar
---------------------------- Captured stderr setup -----------------------------
2026-09-16 20:48:45.060 | INFO     | tldw_Server_API.app.core.DB_Management.backends.factory:create_backend:392 - Creating postgresql backend
2026-09-16 20:48:45.061 | WARNING  | tldw_Server_API.app.core.DB_Management.db_path_utils:resolve_user_db_base_dir:491 - USER_DB_BASE_DIR not configured in tests, using isolated fallback: /private/var/folders/sn/m80n2j152t9gw3w8qwk2nykh0000gn/T/tldw_user_databases_test/default-9888a684
2026-09-16 20:48:45.073 | INFO     | tldw_Server_API.app.core.DB_Management.ChaChaNotes_DB:__init__:7657 - Initializing CharactersRAGDB for path: /private/var/folders/sn/m80n2j152t9gw3w8qwk2nykh0000gn/T/pytest-of-macbook-dev/pytest-468/test_exemplar_child_paths_pres0/1/ChaChaNotes.db [Client ID: 1] (backend=postgresql)
2026-09-16 20:48:46.486 | DEBUG    | tldw_Server_API.app.core.DB_Management.ChaChaNotes_DB:__init__:7664 - CharactersRAGDB initialization completed successfully for /private/var/folders/sn/m80n2j152t9gw3w8qwk2nykh0000gn/T/pytest-of-macbook-dev/pytest-468/test_exemplar_child_paths_pres0/1/ChaChaNotes.db
2026-09-16 20:48:46.486 | WARNING  | tldw_Server_API.app.core.DB_Management.db_path_utils:resolve_user_db_base_dir:491 - USER_DB_BASE_DIR not configured in tests, using isolated fallback: /private/var/folders/sn/m80n2j152t9gw3w8qwk2nykh0000gn/T/tldw_user_databases_test/default-9888a684
2026-09-16 20:48:46.486 | INFO     | tldw_Server_API.app.core.DB_Management.ChaChaNotes_DB:__init__:7657 - Initializing CharactersRAGDB for path: /private/var/folders/sn/m80n2j152t9gw3w8qwk2nykh0000gn/T/pytest-of-macbook-dev/pytest-468/test_exemplar_child_paths_pres0/2/ChaChaNotes.db [Client ID: 2] (backend=postgresql)
2026-09-16 20:48:46.642 | DEBUG    | tldw_Server_API.app.core.DB_Management.ChaChaNotes_DB:__init__:7664 - CharactersRAGDB initialization completed successfully for /private/var/folders/sn/m80n2j152t9gw3w8qwk2nykh0000gn/T/pytest-of-macbook-dev/pytest-468/test_exemplar_child_paths_pres0/2/ChaChaNotes.db
----------------------------- Captured stderr call -----------------------------
2026-09-16 20:48:46.644 | DEBUG    | tldw_Server_API.app.core.DB_Management.ChaChaNotes_DB:_get_connection_for_state:8036 - Acquired backend connection (postgresql) for thread 8346099072
2026-09-16 20:48:46.645 | INFO     | tldw_Server_API.app.core.DB_Management.chacha.character_store:add_character_card:162 - Added character card 'First owner padding' with ID: 2.
2026-09-16 20:48:46.646 | INFO     | tldw_Server_API.app.core.DB_Management.chacha.character_store:add_character_card:162 - Added character card 'Private owner-one archivist' with ID: 3.
2026-09-16 20:48:46.646 | DEBUG    | tldw_Server_API.app.core.DB_Management.ChaChaNotes_DB:execute_query:8286 - Executing SQL (script=False, backend=postgresql): SELECT * FROM character_cards WHERE id = ? AND deleted = FALSE... Params: (3,)...
2026-09-16 20:48:46.647 | DEBUG    | tldw_Server_API.app.core.DB_Management.ChaChaNotes_DB:execute_query:8286 - Executing SQL (script=False, backend=postgresql):
            SELECT *
            FROM character_exemplars
            WHERE id = ? AND character_id = ?
         AND is_deleted = ? LIMIT 1... Params: ('b99b1171-ba83-4919-96df-1ae06e515ada', 3, False)...
2026-09-16 20:48:46.648 | DEBUG    | tldw_Server_API.app.core.DB_Management.ChaChaNotes_DB:execute_query:8286 - Executing SQL (script=False, backend=postgresql):
            SELECT *
            FROM character_exemplars
            WHERE id = ? AND character_id = ?
         LIMIT 1... Params: ('b99b1171-ba83-4919-96df-1ae06e515ada', 3)...
2026-09-16 20:48:46.648 | DEBUG    | tldw_Server_API.app.core.DB_Management.ChaChaNotes_DB:close_connection:8110 - Returned backend connection (postgresql) for thread 8346099072.
2026-09-16 20:48:46.650 | DEBUG    | tldw_Server_API.app.core.DB_Management.ChaChaNotes_DB:_get_connection_for_state:8036 - Acquired backend connection (postgresql) for thread 8346099072
2026-09-16 20:48:46.650 | DEBUG    | tldw_Server_API.app.core.DB_Management.ChaChaNotes_DB:execute_query:8286 - Executing SQL (script=False, backend=postgresql):
            SELECT *
            FROM character_exemplars
            WHERE id = ? AND character_id = ?
         AND is_deleted = ? LIMIT 1... Params: ('b99b1171-ba83-4919-96df-1ae06e515ada', 3, False)...
2026-09-16 20:48:46.651 | DEBUG    | tldw_Server_API.app.core.DB_Management.ChaChaNotes_DB:execute_query:8286 - Executing SQL (script=False, backend=postgresql):
            SELECT *
            FROM character_exemplars
            WHERE id = ? AND character_id = ?
         AND is_deleted = ? LIMIT 1... Params: ('b99b1171-ba83-4919-96df-1ae06e515ada', 3, False)...
--------------------------- Captured stderr teardown ---------------------------
2026-09-16 20:48:46.703 | DEBUG    | tldw_Server_API.app.core.DB_Management.ChaChaNotes_DB:close_connection:8110 - Returned backend connection (postgresql) for thread 8346099072.
2026-09-16 20:48:46.723 | INFO     | tldw_Server_API.app.api.v1.API_Deps.ChaCha_Notes_DB_Deps:close_all_chacha_db_instances:876 - Closing all cached ChaChaNotesDB instances (0)...
2026-09-16 20:48:46.723 | INFO     | tldw_Server_API.app.api.v1.API_Deps.ChaCha_Notes_DB_Deps:close_all_chacha_db_instances:892 - All ChaChaNotesDB instances closed and cache cleared.
2026-09-16 20:48:46.724 | INFO     | tldw_Server_API.app.core.config:_buffered_log:210 - Loading environment variables from: /Users/macbook-dev/Documents/GitHub/tldw_server2/tldw_Server_API/Config_Files/.env
2026-09-16 20:48:46.728 | INFO     | tldw_Server_API.app.core.config:_buffered_log:210 - Loading environment variables from: /Users/macbook-dev/Documents/GitHub/tldw_server2/tldw_Server_API/Config_Files/.ENV
2026-09-16 20:48:46.732 | INFO     | tldw_Server_API.app.core.config:_buffered_log:210 - Attempting to load comprehensive config from: /Users/macbook-dev/Documents/GitHub/tldw_server2/tldw_Server_API/Config_Files/config.txt
2026-09-16 20:48:46.734 | INFO     | tldw_Server_API.app.core.config:_buffered_log:210 - load_comprehensive_config(): Sections found in config: ['Setup', 'UI', 'Server', 'Files', 'Image-Generation', 'ACP', 'WORKSPACES', 'ACP-WORKSPACE', 'ACP-SANDBOX', 'Audit', 'Processing', 'Media-Processing', 'Chat-Dictionaries', 'Chat-Module', 'Chat-Commands', 'Chat-Templating', 'Character-Chat', 'Settings', 'Auto-Save', 'Prompts', 'Database', 'Chunking', 'Visual-RAG', 'AuthNZ', 'Streaming', 'HTTP', 'Egress', 'Embeddings', 'Claims', 'ClaimsMonitoring', 'RAG', 'Search-Agent', 'ResourceGovernor', 'Jobs', 'SlidesStandaloneHtml', 'Diarization', 'API', 'MLX', 'Local-API', 'LlamaCpp', 'STT-Settings', 'external_providers', 'TTS-Settings', 'VibeVoice', 'Audio-Quota', 'API-Routes', 'Search-Engines', 'Web-Scraper', 'Logging', 'Moderation', 'Redis', 'Web-Scraping', 'personalization', 'persona', 'persona.rbac']
2026-09-16 20:48:46.736 | INFO     | tldw_Server_API.app.api.v1.API_Deps.ChaCha_Notes_DB_Deps:close_all_chacha_db_instances:876 - Closing all cached ChaChaNotesDB instances (0)...
2026-09-16 20:48:46.736 | INFO     | tldw_Server_API.app.api.v1.API_Deps.ChaCha_Notes_DB_Deps:close_all_chacha_db_instances:892 - All ChaChaNotesDB instances closed and cache cleared.
_____ test_exemplar_child_paths_preserve_parent_ownership[postgres-search] _____
tldw_Server_API/app/core/DB_Management/ChaChaNotes_DB.py:8306: in execute_query
    cursor.execute(prepared_query, prepared_params or ())
tldw_Server_API/app/core/DB_Management/ChaChaNotes_DB.py:506: in guarded
    return method(self, *args, **kwargs)
           ^^^^^^^^^^^^^^^^^^^^^^^^^^^^^
tldw_Server_API/app/core/DB_Management/ChaChaNotes_DB.py:536: in execute
    self._result = self._backend.execute(
tldw_Server_API/app/core/DB_Management/backends/postgresql_backend.py:1100: in execute
    raise DatabaseError("PostgreSQL query execution failed")
E   tldw_Server_API.app.core.DB_Management.backends.base.DatabaseError: PostgreSQL query execution failed

The above exception was the direct cause of the following exception:
tldw_Server_API/tests/DB_Management/test_character_shared_owner_contract.py:217: in test_exemplar_child_paths_preserve_parent_ownership
    assert db.search_character_exemplars(foreign, query="Private", emotion="other", scenario="other") == ([], 0)
           ^^^^^^^^^^^^^^^^^^^^^^^^^^^^^^^^^^^^^^^^^^^^^^^^^^^^^^^^^^^^^^^^^^^^^^^^^^^^^^^^^^^^^^^^^^
tldw_Server_API/app/core/DB_Management/ChaChaNotes_DB.py:44342: in _delegated
    return getattr(getattr(self, store_attr), method_name)(*args, **kwargs)
           ^^^^^^^^^^^^^^^^^^^^^^^^^^^^^^^^^^^^^^^^^^^^^^^^^^^^^^^^^^^^^^^^
tldw_Server_API/app/core/DB_Management/chacha/character_store.py:2155: in search_character_exemplars
    cursor = self._db.execute_query(sql, tuple(query_params))
             ^^^^^^^^^^^^^^^^^^^^^^^^^^^^^^^^^^^^^^^^^^^^^^^^
tldw_Server_API/app/core/DB_Management/ChaChaNotes_DB.py:492: in guarded
    return method(self, *args, **kwargs)
           ^^^^^^^^^^^^^^^^^^^^^^^^^^^^^
tldw_Server_API/app/core/DB_Management/ChaChaNotes_DB.py:8360: in execute_query
    raise CharactersRAGDBError(f"Query execution failed: {exc}") from exc  # noqa: TRY003
    ^^^^^^^^^^^^^^^^^^^^^^^^^^^^^^^^^^^^^^^^^^^^^^^^^^^^^^^^^^^^^^^^^^^^^
E   tldw_Server_API.app.core.DB_Management.ChaChaNotes_DB.CharactersRAGDBError: Query execution failed: PostgreSQL query execution failed
---------------------------- Captured stderr setup -----------------------------
2026-09-16 20:48:49.256 | INFO     | tldw_Server_API.app.core.DB_Management.backends.factory:create_backend:392 - Creating postgresql backend
2026-09-16 20:48:49.257 | INFO     | tldw_Server_API.app.core.config:_buffered_log:210 - Determined ACTUAL_PROJECT_ROOT for database paths: /Users/macbook-dev/Documents/GitHub/tldw_server2
2026-09-16 20:48:49.258 | INFO     | tldw_Server_API.app.core.config:_buffered_log:210 - Early loading environment variables from: /Users/macbook-dev/Documents/GitHub/tldw_server2/tldw_Server_API/Config_Files/.env
2026-09-16 20:48:49.262 | INFO     | tldw_Server_API.app.core.config:_buffered_log:210 - Early loading environment variables from: /Users/macbook-dev/Documents/GitHub/tldw_server2/tldw_Server_API/Config_Files/.ENV
2026-09-16 20:48:49.266 | DEBUG    | tldw_Server_API.app.core.config:_buffered_log:210 - load_and_log_configs(): Loading and logging configurations...
2026-09-16 20:48:49.267 | INFO     | tldw_Server_API.app.core.config:_buffered_log:210 - Loading environment variables from: /Users/macbook-dev/Documents/GitHub/tldw_server2/tldw_Server_API/Config_Files/.env
2026-09-16 20:48:49.273 | INFO     | tldw_Server_API.app.core.config:_buffered_log:210 - Loading environment variables from: /Users/macbook-dev/Documents/GitHub/tldw_server2/tldw_Server_API/Config_Files/.ENV
2026-09-16 20:48:49.279 | INFO     | tldw_Server_API.app.core.config:_buffered_log:210 - Attempting to load comprehensive config from: /Users/macbook-dev/Documents/GitHub/tldw_server2/tldw_Server_API/Config_Files/config.txt
2026-09-16 20:48:49.281 | INFO     | tldw_Server_API.app.core.config:_buffered_log:210 - load_comprehensive_config(): Sections found in config: ['Setup', 'UI', 'Server', 'Files', 'Image-Generation', 'ACP', 'WORKSPACES', 'ACP-WORKSPACE', 'ACP-SANDBOX', 'Audit', 'Processing', 'Media-Processing', 'Chat-Dictionaries', 'Chat-Module', 'Chat-Commands', 'Chat-Templating', 'Character-Chat', 'Settings', 'Auto-Save', 'Prompts', 'Database', 'Chunking', 'Visual-RAG', 'AuthNZ', 'Streaming', 'HTTP', 'Egress', 'Embeddings', 'Claims', 'ClaimsMonitoring', 'RAG', 'Search-Agent', 'ResourceGovernor', 'Jobs', 'SlidesStandaloneHtml', 'Diarization', 'API', 'MLX', 'Local-API', 'LlamaCpp', 'STT-Settings', 'external_providers', 'TTS-Settings', 'VibeVoice', 'Audio-Quota', 'API-Routes', 'Search-Engines', 'Web-Scraper', 'Logging', 'Moderation', 'Redis', 'Web-Scraping', 'personalization', 'persona', 'persona.rbac']
2026-09-16 20:48:49.284 | INFO     | tldw_Server_API.app.core.config:_buffered_log:210 - Ensured main SQLite database directory exists: /Users/macbook-dev/Documents/GitHub/tldw_server2/Databases
2026-09-16 20:48:49.284 | INFO     | tldw_Server_API.app.core.config:_buffered_log:210 - Ensured user data base directory exists: Databases/user_databases
2026-09-16 20:48:49.285 | WARNING  | tldw_Server_API.app.core.DB_Management.db_path_utils:resolve_user_db_base_dir:491 - USER_DB_BASE_DIR not configured in tests, using isolated fallback: /private/var/folders/sn/m80n2j152t9gw3w8qwk2nykh0000gn/T/tldw_user_databases_test/default-9888a684
2026-09-16 20:48:49.285 | INFO     | tldw_Server_API.app.core.DB_Management.ChaChaNotes_DB:__init__:7657 - Initializing CharactersRAGDB for path: /private/var/folders/sn/m80n2j152t9gw3w8qwk2nykh0000gn/T/pytest-of-macbook-dev/pytest-468/test_exemplar_child_paths_pres2/1/ChaChaNotes.db [Client ID: 1] (backend=postgresql)
2026-09-16 20:48:50.634 | DEBUG    | tldw_Server_API.app.core.DB_Management.ChaChaNotes_DB:__init__:7664 - CharactersRAGDB initialization completed successfully for /private/var/folders/sn/m80n2j152t9gw3w8qwk2nykh0000gn/T/pytest-of-macbook-dev/pytest-468/test_exemplar_child_paths_pres2/1/ChaChaNotes.db
2026-09-16 20:48:50.635 | WARNING  | tldw_Server_API.app.core.DB_Management.db_path_utils:resolve_user_db_base_dir:491 - USER_DB_BASE_DIR not configured in tests, using isolated fallback: /private/var/folders/sn/m80n2j152t9gw3w8qwk2nykh0000gn/T/tldw_user_databases_test/default-9888a684
2026-09-16 20:48:50.635 | INFO     | tldw_Server_API.app.core.DB_Management.ChaChaNotes_DB:__init__:7657 - Initializing CharactersRAGDB for path: /private/var/folders/sn/m80n2j152t9gw3w8qwk2nykh0000gn/T/pytest-of-macbook-dev/pytest-468/test_exemplar_child_paths_pres2/2/ChaChaNotes.db [Client ID: 2] (backend=postgresql)
2026-09-16 20:48:50.772 | DEBUG    | tldw_Server_API.app.core.DB_Management.ChaChaNotes_DB:__init__:7664 - CharactersRAGDB initialization completed successfully for /private/var/folders/sn/m80n2j152t9gw3w8qwk2nykh0000gn/T/pytest-of-macbook-dev/pytest-468/test_exemplar_child_paths_pres2/2/ChaChaNotes.db
----------------------------- Captured stderr call -----------------------------
2026-09-16 20:48:50.774 | DEBUG    | tldw_Server_API.app.core.DB_Management.ChaChaNotes_DB:_get_connection_for_state:8036 - Acquired backend connection (postgresql) for thread 8346099072
2026-09-16 20:48:50.775 | INFO     | tldw_Server_API.app.core.DB_Management.chacha.character_store:add_character_card:162 - Added character card 'First owner padding' with ID: 2.
2026-09-16 20:48:50.776 | INFO     | tldw_Server_API.app.core.DB_Management.chacha.character_store:add_character_card:162 - Added character card 'Private owner-one archivist' with ID: 3.
2026-09-16 20:48:50.776 | DEBUG    | tldw_Server_API.app.core.DB_Management.ChaChaNotes_DB:execute_query:8286 - Executing SQL (script=False, backend=postgresql): SELECT * FROM character_cards WHERE id = ? AND deleted = FALSE... Params: (3,)...
2026-09-16 20:48:50.777 | DEBUG    | tldw_Server_API.app.core.DB_Management.ChaChaNotes_DB:execute_query:8286 - Executing SQL (script=False, backend=postgresql):
            SELECT *
            FROM character_exemplars
            WHERE id = ? AND character_id = ?
         AND is_deleted = ? LIMIT 1... Params: ('7c5a6602-83e6-48bf-9949-ca1df4dc7509', 3, False)...
2026-09-16 20:48:50.778 | DEBUG    | tldw_Server_API.app.core.DB_Management.ChaChaNotes_DB:execute_query:8286 - Executing SQL (script=False, backend=postgresql):
            SELECT *
            FROM character_exemplars
            WHERE id = ? AND character_id = ?
         LIMIT 1... Params: ('7c5a6602-83e6-48bf-9949-ca1df4dc7509', 3)...
2026-09-16 20:48:50.778 | DEBUG    | tldw_Server_API.app.core.DB_Management.ChaChaNotes_DB:close_connection:8110 - Returned backend connection (postgresql) for thread 8346099072.
2026-09-16 20:48:50.779 | DEBUG    | tldw_Server_API.app.core.DB_Management.ChaChaNotes_DB:_get_connection_for_state:8036 - Acquired backend connection (postgresql) for thread 8346099072
2026-09-16 20:48:50.779 | DEBUG    | tldw_Server_API.app.core.DB_Management.ChaChaNotes_DB:execute_query:8286 - Executing SQL (script=False, backend=postgresql):
                    SELECT ce.*, ts_rank(ce.character_exemplars_fts_tsv, to_tsquery('english', ?)) AS rank
                    FROM character_exemplars ce
                    WHERE ce.character_id = ?
                      AND ce.is_deleted = ?
                      AND (? IS NULL OR ce.emotion = ?... Params: ('Private', 3, False, 'other', 'other', 'other', 'other', 'Private')...
2026-09-16 20:48:50.780 | ERROR    | tldw_Server_API.app.core.DB_Management.backends.postgresql_backend:execute:1089 - PostgreSQL query execution failed
2026-09-16 20:48:50.780 | ERROR    | tldw_Server_API.app.core.DB_Management.ChaChaNotes_DB:execute_query:8354 - Backend query execution failed (postgresql): PostgreSQL query execution failed
2026-09-16 20:48:50.780 | ERROR    | tldw_Server_API.app.core.DB_Management.chacha.character_store:search_character_exemplars:2158 - Error searching character exemplars for character_id=3 query='Private': Query execution failed: PostgreSQL query execution failed
--------------------------- Captured stderr teardown ---------------------------
2026-09-16 20:48:51.382 | DEBUG    | tldw_Server_API.app.core.DB_Management.ChaChaNotes_DB:close_connection:8110 - Returned backend connection (postgresql) for thread 8346099072.
2026-09-16 20:48:51.400 | INFO     | tldw_Server_API.app.api.v1.API_Deps.ChaCha_Notes_DB_Deps:close_all_chacha_db_instances:876 - Closing all cached ChaChaNotesDB instances (0)...
2026-09-16 20:48:51.400 | INFO     | tldw_Server_API.app.api.v1.API_Deps.ChaCha_Notes_DB_Deps:close_all_chacha_db_instances:892 - All ChaChaNotesDB instances closed and cache cleared.
2026-09-16 20:48:51.400 | INFO     | tldw_Server_API.app.api.v1.API_Deps.ChaCha_Notes_DB_Deps:close_all_chacha_db_instances:876 - Closing all cached ChaChaNotesDB instances (0)...
2026-09-16 20:48:51.400 | INFO     | tldw_Server_API.app.api.v1.API_Deps.ChaCha_Notes_DB_Deps:close_all_chacha_db_instances:892 - All ChaChaNotesDB instances closed and cache cleared.
_____ test_other_character_read_paths_exclude_foreign_cards[postgres-tags] _____
tldw_Server_API/tests/DB_Management/test_character_shared_owner_contract.py:184: in test_other_character_read_paths_exclude_foreign_cards
    assert db.search_character_cards_by_tags(["private_owner"]) == []
E   assert [{'alternate_...d': '1', ...}] == []
E
E     Left contains one more item: {'alternate_greetings': None, 'character_cards_fts_tsv': "'archivist':5 'one':4,8 'owner':3,7 'owner-on':2,6 'privat':1 'secret':9", 'character_version': None, 'client_id': '1', ...}
E     Use -v to get more diff
---------------------------- Captured stderr setup -----------------------------
2026-09-16 20:48:51.419 | INFO     | tldw_Server_API.app.core.DB_Management.backends.factory:create_backend:392 - Creating postgresql backend
2026-09-16 20:48:51.420 | INFO     | tldw_Server_API.app.core.config:_buffered_log:210 - Determined ACTUAL_PROJECT_ROOT for database paths: /Users/macbook-dev/Documents/GitHub/tldw_server2
2026-09-16 20:48:51.420 | INFO     | tldw_Server_API.app.core.config:_buffered_log:210 - Early loading environment variables from: /Users/macbook-dev/Documents/GitHub/tldw_server2/tldw_Server_API/Config_Files/.env
2026-09-16 20:48:51.425 | INFO     | tldw_Server_API.app.core.config:_buffered_log:210 - Early loading environment variables from: /Users/macbook-dev/Documents/GitHub/tldw_server2/tldw_Server_API/Config_Files/.ENV
2026-09-16 20:48:51.429 | DEBUG    | tldw_Server_API.app.core.config:_buffered_log:210 - load_and_log_configs(): Loading and logging configurations...
2026-09-16 20:48:51.430 | INFO     | tldw_Server_API.app.core.config:_buffered_log:210 - Loading environment variables from: /Users/macbook-dev/Documents/GitHub/tldw_server2/tldw_Server_API/Config_Files/.env
2026-09-16 20:48:51.435 | INFO     | tldw_Server_API.app.core.config:_buffered_log:210 - Loading environment variables from: /Users/macbook-dev/Documents/GitHub/tldw_server2/tldw_Server_API/Config_Files/.ENV
2026-09-16 20:48:51.440 | INFO     | tldw_Server_API.app.core.config:_buffered_log:210 - Attempting to load comprehensive config from: /Users/macbook-dev/Documents/GitHub/tldw_server2/tldw_Server_API/Config_Files/config.txt
2026-09-16 20:48:51.442 | INFO     | tldw_Server_API.app.core.config:_buffered_log:210 - load_comprehensive_config(): Sections found in config: ['Setup', 'UI', 'Server', 'Files', 'Image-Generation', 'ACP', 'WORKSPACES', 'ACP-WORKSPACE', 'ACP-SANDBOX', 'Audit', 'Processing', 'Media-Processing', 'Chat-Dictionaries', 'Chat-Module', 'Chat-Commands', 'Chat-Templating', 'Character-Chat', 'Settings', 'Auto-Save', 'Prompts', 'Database', 'Chunking', 'Visual-RAG', 'AuthNZ', 'Streaming', 'HTTP', 'Egress', 'Embeddings', 'Claims', 'ClaimsMonitoring', 'RAG', 'Search-Agent', 'ResourceGovernor', 'Jobs', 'SlidesStandaloneHtml', 'Diarization', 'API', 'MLX', 'Local-API', 'LlamaCpp', 'STT-Settings', 'external_providers', 'TTS-Settings', 'VibeVoice', 'Audio-Quota', 'API-Routes', 'Search-Engines', 'Web-Scraper', 'Logging', 'Moderation', 'Redis', 'Web-Scraping', 'personalization', 'persona', 'persona.rbac']
2026-09-16 20:48:51.444 | INFO     | tldw_Server_API.app.core.config:_buffered_log:210 - Ensured main SQLite database directory exists: /Users/macbook-dev/Documents/GitHub/tldw_server2/Databases
2026-09-16 20:48:51.444 | INFO     | tldw_Server_API.app.core.config:_buffered_log:210 - Ensured user data base directory exists: Databases/user_databases
2026-09-16 20:48:51.445 | WARNING  | tldw_Server_API.app.core.DB_Management.db_path_utils:resolve_user_db_base_dir:491 - USER_DB_BASE_DIR not configured in tests, using isolated fallback: /private/var/folders/sn/m80n2j152t9gw3w8qwk2nykh0000gn/T/tldw_user_databases_test/default-9888a684
2026-09-16 20:48:51.445 | INFO     | tldw_Server_API.app.core.DB_Management.ChaChaNotes_DB:__init__:7657 - Initializing CharactersRAGDB for path: /private/var/folders/sn/m80n2j152t9gw3w8qwk2nykh0000gn/T/pytest-of-macbook-dev/pytest-468/test_other_character_read_path1/1/ChaChaNotes.db [Client ID: 1] (backend=postgresql)
2026-09-16 20:48:52.833 | DEBUG    | tldw_Server_API.app.core.DB_Management.ChaChaNotes_DB:__init__:7664 - CharactersRAGDB initialization completed successfully for /private/var/folders/sn/m80n2j152t9gw3w8qwk2nykh0000gn/T/pytest-of-macbook-dev/pytest-468/test_other_character_read_path1/1/ChaChaNotes.db
2026-09-16 20:48:52.834 | WARNING  | tldw_Server_API.app.core.DB_Management.db_path_utils:resolve_user_db_base_dir:491 - USER_DB_BASE_DIR not configured in tests, using isolated fallback: /private/var/folders/sn/m80n2j152t9gw3w8qwk2nykh0000gn/T/tldw_user_databases_test/default-9888a684
2026-09-16 20:48:52.834 | INFO     | tldw_Server_API.app.core.DB_Management.ChaChaNotes_DB:__init__:7657 - Initializing CharactersRAGDB for path: /private/var/folders/sn/m80n2j152t9gw3w8qwk2nykh0000gn/T/pytest-of-macbook-dev/pytest-468/test_other_character_read_path1/2/ChaChaNotes.db [Client ID: 2] (backend=postgresql)
2026-09-16 20:48:52.988 | DEBUG    | tldw_Server_API.app.core.DB_Management.ChaChaNotes_DB:__init__:7664 - CharactersRAGDB initialization completed successfully for /private/var/folders/sn/m80n2j152t9gw3w8qwk2nykh0000gn/T/pytest-of-macbook-dev/pytest-468/test_other_character_read_path1/2/ChaChaNotes.db
----------------------------- Captured stderr call -----------------------------
2026-09-16 20:48:52.990 | DEBUG    | tldw_Server_API.app.core.DB_Management.ChaChaNotes_DB:_get_connection_for_state:8036 - Acquired backend connection (postgresql) for thread 8346099072
2026-09-16 20:48:52.991 | INFO     | tldw_Server_API.app.core.DB_Management.chacha.character_store:add_character_card:162 - Added character card 'First owner padding' with ID: 2.
2026-09-16 20:48:52.992 | INFO     | tldw_Server_API.app.core.DB_Management.chacha.character_store:add_character_card:162 - Added character card 'Private owner-one archivist' with ID: 3.
2026-09-16 20:48:52.993 | DEBUG    | tldw_Server_API.app.core.DB_Management.ChaChaNotes_DB:close_connection:8110 - Returned backend connection (postgresql) for thread 8346099072.
2026-09-16 20:48:52.993 | DEBUG    | tldw_Server_API.app.core.DB_Management.chacha.character_store:search_character_cards_by_tags:1518 - Searching character cards by tags: ['private_owner']
2026-09-16 20:48:52.993 | WARNING  | tldw_Server_API.app.core.DB_Management.chacha.character_store:search_character_cards_by_tags:1531 - SQLite JSON functions not available, using fallback tag search method
2026-09-16 20:48:52.995 | DEBUG    | tldw_Server_API.app.core.DB_Management.ChaChaNotes_DB:_get_connection_for_state:8036 - Acquired backend connection (postgresql) for thread 8346099072
2026-09-16 20:48:52.995 | DEBUG    | tldw_Server_API.app.core.DB_Management.ChaChaNotes_DB:execute_query:8286 - Executing SQL (script=False, backend=postgresql): SELECT * FROM character_cards WHERE deleted = ? ORDER BY name LIMIT ? OFFSET ?... Params: (False, 100, 0)...
2026-09-16 20:48:52.995 | DEBUG    | tldw_Server_API.app.core.DB_Management.chacha.character_store:_search_cards_by_tags_fallback:1667 - Found 1 character cards matching tags using fallback method
--------------------------- Captured stderr teardown ---------------------------
2026-09-16 20:48:52.998 | DEBUG    | tldw_Server_API.app.core.DB_Management.ChaChaNotes_DB:close_connection:8110 - Returned backend connection (postgresql) for thread 8346099072.
2026-09-16 20:48:53.015 | INFO     | tldw_Server_API.app.api.v1.API_Deps.ChaCha_Notes_DB_Deps:close_all_chacha_db_instances:876 - Closing all cached ChaChaNotesDB instances (0)...
2026-09-16 20:48:53.015 | INFO     | tldw_Server_API.app.api.v1.API_Deps.ChaCha_Notes_DB_Deps:close_all_chacha_db_instances:892 - All ChaChaNotesDB instances closed and cache cleared.
2026-09-16 20:48:53.015 | INFO     | tldw_Server_API.app.api.v1.API_Deps.ChaCha_Notes_DB_Deps:close_all_chacha_db_instances:876 - Closing all cached ChaChaNotesDB instances (0)...
2026-09-16 20:48:53.015 | INFO     | tldw_Server_API.app.api.v1.API_Deps.ChaCha_Notes_DB_Deps:close_all_chacha_db_instances:892 - All ChaChaNotesDB instances closed and cache cleared.
______ test_foreign_character_update_cannot_transfer_ownership[postgres] _______
tldw_Server_API/tests/DB_Management/test_character_shared_owner_contract.py:165: in test_foreign_character_update_cannot_transfer_ownership
    assert after == before
E   assert {'alternate_g...id': '2', ...} == {'alternate_g...id': '1', ...}
E
E     Omitting 17 identical items, use -vv to show
E     Differing items:
E     {'version': 2} != {'version': 1}
E     {'last_modified': datetime.datetime(2026, 9, 17, 3, 48, 54, 716000, tzinfo=zoneinfo.ZoneInfo(key='Etc/UTC'))} != {'last_modified': datetime.datetime(2026, 9, 17, 3, 48, 54, 667000, tzinfo=zoneinfo.ZoneInfo(key='Etc/UTC'))}
E     {'client_id': '2'} != {'client_id': '1'}
E     {'character_cards_fts_tsv': "'archivist':5 'one':4,10 'owner':3,9 'owner-on':2,8 'privat':1 'replac':7 'secret':11 'unauthor':6"} != {'character_cards_fts_tsv': "'archivist':5 'one':4,8 'owner':3,7 'owner-on':2,6 'privat':1 'secret':9"}...
E
E     ...Full output truncated (2 lines hidden), use '-vv' to show
---------------------------- Captured stderr setup -----------------------------
2026-09-16 20:48:53.032 | INFO     | tldw_Server_API.app.core.DB_Management.backends.factory:create_backend:392 - Creating postgresql backend
2026-09-16 20:48:53.033 | INFO     | tldw_Server_API.app.core.config:_buffered_log:210 - Determined ACTUAL_PROJECT_ROOT for database paths: /Users/macbook-dev/Documents/GitHub/tldw_server2
2026-09-16 20:48:53.033 | INFO     | tldw_Server_API.app.core.config:_buffered_log:210 - Early loading environment variables from: /Users/macbook-dev/Documents/GitHub/tldw_server2/tldw_Server_API/Config_Files/.env
2026-09-16 20:48:53.037 | INFO     | tldw_Server_API.app.core.config:_buffered_log:210 - Early loading environment variables from: /Users/macbook-dev/Documents/GitHub/tldw_server2/tldw_Server_API/Config_Files/.ENV
2026-09-16 20:48:53.042 | DEBUG    | tldw_Server_API.app.core.config:_buffered_log:210 - load_and_log_configs(): Loading and logging configurations...
2026-09-16 20:48:53.042 | INFO     | tldw_Server_API.app.core.config:_buffered_log:210 - Loading environment variables from: /Users/macbook-dev/Documents/GitHub/tldw_server2/tldw_Server_API/Config_Files/.env
2026-09-16 20:48:53.047 | INFO     | tldw_Server_API.app.core.config:_buffered_log:210 - Loading environment variables from: /Users/macbook-dev/Documents/GitHub/tldw_server2/tldw_Server_API/Config_Files/.ENV
2026-09-16 20:48:53.052 | INFO     | tldw_Server_API.app.core.config:_buffered_log:210 - Attempting to load comprehensive config from: /Users/macbook-dev/Documents/GitHub/tldw_server2/tldw_Server_API/Config_Files/config.txt
2026-09-16 20:48:53.054 | INFO     | tldw_Server_API.app.core.config:_buffered_log:210 - load_comprehensive_config(): Sections found in config: ['Setup', 'UI', 'Server', 'Files', 'Image-Generation', 'ACP', 'WORKSPACES', 'ACP-WORKSPACE', 'ACP-SANDBOX', 'Audit', 'Processing', 'Media-Processing', 'Chat-Dictionaries', 'Chat-Module', 'Chat-Commands', 'Chat-Templating', 'Character-Chat', 'Settings', 'Auto-Save', 'Prompts', 'Database', 'Chunking', 'Visual-RAG', 'AuthNZ', 'Streaming', 'HTTP', 'Egress', 'Embeddings', 'Claims', 'ClaimsMonitoring', 'RAG', 'Search-Agent', 'ResourceGovernor', 'Jobs', 'SlidesStandaloneHtml', 'Diarization', 'API', 'MLX', 'Local-API', 'LlamaCpp', 'STT-Settings', 'external_providers', 'TTS-Settings', 'VibeVoice', 'Audio-Quota', 'API-Routes', 'Search-Engines', 'Web-Scraper', 'Logging', 'Moderation', 'Redis', 'Web-Scraping', 'personalization', 'persona', 'persona.rbac']
2026-09-16 20:48:53.056 | INFO     | tldw_Server_API.app.core.config:_buffered_log:210 - Ensured main SQLite database directory exists: /Users/macbook-dev/Documents/GitHub/tldw_server2/Databases
2026-09-16 20:48:53.056 | INFO     | tldw_Server_API.app.core.config:_buffered_log:210 - Ensured user data base directory exists: Databases/user_databases
2026-09-16 20:48:53.057 | WARNING  | tldw_Server_API.app.core.DB_Management.db_path_utils:resolve_user_db_base_dir:491 - USER_DB_BASE_DIR not configured in tests, using isolated fallback: /private/var/folders/sn/m80n2j152t9gw3w8qwk2nykh0000gn/T/tldw_user_databases_test/default-9888a684
2026-09-16 20:48:53.057 | INFO     | tldw_Server_API.app.core.DB_Management.ChaChaNotes_DB:__init__:7657 - Initializing CharactersRAGDB for path: /private/var/folders/sn/m80n2j152t9gw3w8qwk2nykh0000gn/T/pytest-of-macbook-dev/pytest-468/test_foreign_character_update_0/1/ChaChaNotes.db [Client ID: 1] (backend=postgresql)
2026-09-16 20:48:54.517 | DEBUG    | tldw_Server_API.app.core.DB_Management.ChaChaNotes_DB:__init__:7664 - CharactersRAGDB initialization completed successfully for /private/var/folders/sn/m80n2j152t9gw3w8qwk2nykh0000gn/T/pytest-of-macbook-dev/pytest-468/test_foreign_character_update_0/1/ChaChaNotes.db
2026-09-16 20:48:54.518 | WARNING  | tldw_Server_API.app.core.DB_Management.db_path_utils:resolve_user_db_base_dir:491 - USER_DB_BASE_DIR not configured in tests, using isolated fallback: /private/var/folders/sn/m80n2j152t9gw3w8qwk2nykh0000gn/T/tldw_user_databases_test/default-9888a684
2026-09-16 20:48:54.518 | INFO     | tldw_Server_API.app.core.DB_Management.ChaChaNotes_DB:__init__:7657 - Initializing CharactersRAGDB for path: /private/var/folders/sn/m80n2j152t9gw3w8qwk2nykh0000gn/T/pytest-of-macbook-dev/pytest-468/test_foreign_character_update_0/2/ChaChaNotes.db [Client ID: 2] (backend=postgresql)
2026-09-16 20:48:54.664 | DEBUG    | tldw_Server_API.app.core.DB_Management.ChaChaNotes_DB:__init__:7664 - CharactersRAGDB initialization completed successfully for /private/var/folders/sn/m80n2j152t9gw3w8qwk2nykh0000gn/T/pytest-of-macbook-dev/pytest-468/test_foreign_character_update_0/2/ChaChaNotes.db
----------------------------- Captured stderr call -----------------------------
2026-09-16 20:48:54.666 | DEBUG    | tldw_Server_API.app.core.DB_Management.ChaChaNotes_DB:_get_connection_for_state:8036 - Acquired backend connection (postgresql) for thread 8346099072
2026-09-16 20:48:54.667 | INFO     | tldw_Server_API.app.core.DB_Management.chacha.character_store:add_character_card:162 - Added character card 'First owner padding' with ID: 2.
2026-09-16 20:48:54.668 | INFO     | tldw_Server_API.app.core.DB_Management.chacha.character_store:add_character_card:162 - Added character card 'Private owner-one archivist' with ID: 3.
2026-09-16 20:48:54.668 | DEBUG    | tldw_Server_API.app.core.DB_Management.ChaChaNotes_DB:execute_query:8286 - Executing SQL (script=False, backend=postgresql): SELECT * FROM character_cards WHERE id = ? AND deleted = FALSE... Params: (3,)...
2026-09-16 20:48:54.669 | DEBUG    | tldw_Server_API.app.core.DB_Management.ChaChaNotes_DB:close_connection:8110 - Returned backend connection (postgresql) for thread 8346099072.
2026-09-16 20:48:54.712 | INFO     | tldw_Server_API.app.core.Character_Chat.character_rate_limiter:__init__:133 - CharacterRateLimiter initialized (RG only): enabled=False policy_id=character_chat.default
2026-09-16 20:48:54.716 | DEBUG    | tldw_Server_API.app.core.DB_Management.ChaChaNotes_DB:_get_connection_for_state:8036 - Acquired backend connection (postgresql) for thread 6229454848
2026-09-16 20:48:54.716 | DEBUG    | tldw_Server_API.app.core.DB_Management.ChaChaNotes_DB:execute_query:8286 - Executing SQL (script=False, backend=postgresql): SELECT * FROM character_cards WHERE id = ? AND deleted = FALSE... Params: (3,)...
2026-09-16 20:48:54.716 | DEBUG    | tldw_Server_API.app.core.DB_Management.chacha.character_store:update_character_card:876 - Starting update_character_card for ID 3, expected_version 1 (SINGLE UPDATE STRATEGY)
2026-09-16 20:48:54.717 | DEBUG    | tldw_Server_API.app.core.DB_Management.chacha.character_store:update_character_card:889 - Transaction started. Connection object: 4629898768
2026-09-16 20:48:54.717 | DEBUG    | tldw_Server_API.app.core.DB_Management.chacha.character_store:update_character_card:895 - Initial DB version: 1, Client expected: 1
2026-09-16 20:48:54.717 | DEBUG    | tldw_Server_API.app.core.DB_Management.chacha.character_store:update_character_card:954 - Executing SINGLE character update query: UPDATE character_cards SET description = ?, last_modified = ?, version = ?, client_id = ? WHERE id = ? AND version = ? AND deleted = FALSE
2026-09-16 20:48:54.717 | DEBUG    | tldw_Server_API.app.core.DB_Management.chacha.character_store:update_character_card:955 - Character update parameter count: 6
2026-09-16 20:48:54.717 | DEBUG    | tldw_Server_API.app.core.DB_Management.chacha.character_store:update_character_card:958 - Character Update executed, rowcount: 1
2026-09-16 20:48:54.717 | INFO     | tldw_Server_API.app.core.DB_Management.chacha.character_store:update_character_card:996 - Updated character card ID 3 (SINGLE UPDATE) from client-expected version 1 to final DB version 2. Fields from payload processed: ['description'].
2026-09-16 20:48:54.718 | INFO     | tldw_Server_API.app.core.Character_Chat.modules.character_db:update_existing_character_details:259 - Character ID 3 updated successfully.
2026-09-16 20:48:54.718 | DEBUG    | tldw_Server_API.app.core.DB_Management.ChaChaNotes_DB:execute_query:8286 - Executing SQL (script=False, backend=postgresql): SELECT * FROM character_cards WHERE id = ? AND deleted = FALSE... Params: (3,)...
2026-09-16 20:48:54.725 | DEBUG    | tldw_Server_API.app.core.DB_Management.ChaChaNotes_DB:_get_connection_for_state:8036 - Acquired backend connection (postgresql) for thread 8346099072
2026-09-16 20:48:54.725 | DEBUG    | tldw_Server_API.app.core.DB_Management.ChaChaNotes_DB:execute_query:8286 - Executing SQL (script=False, backend=postgresql): SELECT * FROM character_cards WHERE id = ? AND deleted = FALSE... Params: (3,)...
--------------------------- Captured stderr teardown ---------------------------
2026-09-16 20:48:54.728 | DEBUG    | tldw_Server_API.app.core.DB_Management.ChaChaNotes_DB:close_connection:8110 - Returned backend connection (postgresql) for thread 8346099072.
2026-09-16 20:48:54.745 | INFO     | tldw_Server_API.app.api.v1.API_Deps.ChaCha_Notes_DB_Deps:close_all_chacha_db_instances:876 - Closing all cached ChaChaNotesDB instances (0)...
2026-09-16 20:48:54.745 | INFO     | tldw_Server_API.app.api.v1.API_Deps.ChaCha_Notes_DB_Deps:close_all_chacha_db_instances:892 - All ChaChaNotesDB instances closed and cache cleared.
2026-09-16 20:48:54.745 | INFO     | tldw_Server_API.app.api.v1.API_Deps.ChaCha_Notes_DB_Deps:close_all_chacha_db_instances:876 - Closing all cached ChaChaNotesDB instances (0)...
2026-09-16 20:48:54.745 | INFO     | tldw_Server_API.app.api.v1.API_Deps.ChaCha_Notes_DB_Deps:close_all_chacha_db_instances:892 - All ChaChaNotesDB instances closed and cache cleared.
___ test_character_routes_do_not_expose_another_owners_card[postgres-detail] ___
tldw_Server_API/tests/DB_Management/test_character_shared_owner_contract.py:116: in test_character_routes_do_not_expose_another_owners_card
    assert response.status_code == 404, response.text
E   AssertionError: {"name":"Private owner-one archivist","description":null,"personality":null,"scenario":null,"system_prompt":"Owner-one secret","post_history_instructions":null,"first_message":null,"message_example":null,"creator_notes":null,"alternate_greetings":null,"tags":["private_owner"],"creator":null,"character_version":null,"extensions":null,"image_base64":null,"id":3,"version":1,"created_at":"2026-09-17T03:48:58.833000Z","updated_at":"2026-09-17T03:48:58.833000Z","last_modified":"2026-09-17T03:48:58.833000Z","image_present":false}
E   assert 200 == 404
E    +  where 200 = <Response [200 OK]>.status_code
---------------------------- Captured stderr setup -----------------------------
2026-09-16 20:48:57.240 | INFO     | tldw_Server_API.app.core.DB_Management.backends.factory:create_backend:392 - Creating postgresql backend
2026-09-16 20:48:57.240 | INFO     | tldw_Server_API.app.core.config:_buffered_log:210 - Determined ACTUAL_PROJECT_ROOT for database paths: /Users/macbook-dev/Documents/GitHub/tldw_server2
2026-09-16 20:48:57.240 | INFO     | tldw_Server_API.app.core.config:_buffered_log:210 - Early loading environment variables from: /Users/macbook-dev/Documents/GitHub/tldw_server2/tldw_Server_API/Config_Files/.env
2026-09-16 20:48:57.245 | INFO     | tldw_Server_API.app.core.config:_buffered_log:210 - Early loading environment variables from: /Users/macbook-dev/Documents/GitHub/tldw_server2/tldw_Server_API/Config_Files/.ENV
2026-09-16 20:48:57.249 | DEBUG    | tldw_Server_API.app.core.config:_buffered_log:210 - load_and_log_configs(): Loading and logging configurations...
2026-09-16 20:48:57.249 | INFO     | tldw_Server_API.app.core.config:_buffered_log:210 - Loading environment variables from: /Users/macbook-dev/Documents/GitHub/tldw_server2/tldw_Server_API/Config_Files/.env
2026-09-16 20:48:57.254 | INFO     | tldw_Server_API.app.core.config:_buffered_log:210 - Loading environment variables from: /Users/macbook-dev/Documents/GitHub/tldw_server2/tldw_Server_API/Config_Files/.ENV
2026-09-16 20:48:57.259 | INFO     | tldw_Server_API.app.core.config:_buffered_log:210 - Attempting to load comprehensive config from: /Users/macbook-dev/Documents/GitHub/tldw_server2/tldw_Server_API/Config_Files/config.txt
2026-09-16 20:48:57.260 | INFO     | tldw_Server_API.app.core.config:_buffered_log:210 - load_comprehensive_config(): Sections found in config: ['Setup', 'UI', 'Server', 'Files', 'Image-Generation', 'ACP', 'WORKSPACES', 'ACP-WORKSPACE', 'ACP-SANDBOX', 'Audit', 'Processing', 'Media-Processing', 'Chat-Dictionaries', 'Chat-Module', 'Chat-Commands', 'Chat-Templating', 'Character-Chat', 'Settings', 'Auto-Save', 'Prompts', 'Database', 'Chunking', 'Visual-RAG', 'AuthNZ', 'Streaming', 'HTTP', 'Egress', 'Embeddings', 'Claims', 'ClaimsMonitoring', 'RAG', 'Search-Agent', 'ResourceGovernor', 'Jobs', 'SlidesStandaloneHtml', 'Diarization', 'API', 'MLX', 'Local-API', 'LlamaCpp', 'STT-Settings', 'external_providers', 'TTS-Settings', 'VibeVoice', 'Audio-Quota', 'API-Routes', 'Search-Engines', 'Web-Scraper', 'Logging', 'Moderation', 'Redis', 'Web-Scraping', 'personalization', 'persona', 'persona.rbac']
2026-09-16 20:48:57.262 | INFO     | tldw_Server_API.app.core.config:_buffered_log:210 - Ensured main SQLite database directory exists: /Users/macbook-dev/Documents/GitHub/tldw_server2/Databases
2026-09-16 20:48:57.262 | INFO     | tldw_Server_API.app.core.config:_buffered_log:210 - Ensured user data base directory exists: Databases/user_databases
2026-09-16 20:48:57.263 | WARNING  | tldw_Server_API.app.core.DB_Management.db_path_utils:resolve_user_db_base_dir:491 - USER_DB_BASE_DIR not configured in tests, using isolated fallback: /private/var/folders/sn/m80n2j152t9gw3w8qwk2nykh0000gn/T/tldw_user_databases_test/default-9888a684
2026-09-16 20:48:57.263 | INFO     | tldw_Server_API.app.core.DB_Management.ChaChaNotes_DB:__init__:7657 - Initializing CharactersRAGDB for path: /private/var/folders/sn/m80n2j152t9gw3w8qwk2nykh0000gn/T/pytest-of-macbook-dev/pytest-468/test_character_routes_do_not_e1/1/ChaChaNotes.db [Client ID: 1] (backend=postgresql)
2026-09-16 20:48:58.675 | DEBUG    | tldw_Server_API.app.core.DB_Management.ChaChaNotes_DB:__init__:7664 - CharactersRAGDB initialization completed successfully for /private/var/folders/sn/m80n2j152t9gw3w8qwk2nykh0000gn/T/pytest-of-macbook-dev/pytest-468/test_character_routes_do_not_e1/1/ChaChaNotes.db
2026-09-16 20:48:58.676 | WARNING  | tldw_Server_API.app.core.DB_Management.db_path_utils:resolve_user_db_base_dir:491 - USER_DB_BASE_DIR not configured in tests, using isolated fallback: /private/var/folders/sn/m80n2j152t9gw3w8qwk2nykh0000gn/T/tldw_user_databases_test/default-9888a684
2026-09-16 20:48:58.676 | INFO     | tldw_Server_API.app.core.DB_Management.ChaChaNotes_DB:__init__:7657 - Initializing CharactersRAGDB for path: /private/var/folders/sn/m80n2j152t9gw3w8qwk2nykh0000gn/T/pytest-of-macbook-dev/pytest-468/test_character_routes_do_not_e1/2/ChaChaNotes.db [Client ID: 2] (backend=postgresql)
2026-09-16 20:48:58.829 | DEBUG    | tldw_Server_API.app.core.DB_Management.ChaChaNotes_DB:__init__:7664 - CharactersRAGDB initialization completed successfully for /private/var/folders/sn/m80n2j152t9gw3w8qwk2nykh0000gn/T/pytest-of-macbook-dev/pytest-468/test_character_routes_do_not_e1/2/ChaChaNotes.db
----------------------------- Captured stderr call -----------------------------
2026-09-16 20:48:58.832 | DEBUG    | tldw_Server_API.app.core.DB_Management.ChaChaNotes_DB:_get_connection_for_state:8036 - Acquired backend connection (postgresql) for thread 8346099072
2026-09-16 20:48:58.832 | INFO     | tldw_Server_API.app.core.DB_Management.chacha.character_store:add_character_card:162 - Added character card 'First owner padding' with ID: 2.
2026-09-16 20:48:58.833 | INFO     | tldw_Server_API.app.core.DB_Management.chacha.character_store:add_character_card:162 - Added character card 'Private owner-one archivist' with ID: 3.
2026-09-16 20:48:58.834 | DEBUG    | tldw_Server_API.app.core.DB_Management.ChaChaNotes_DB:close_connection:8110 - Returned backend connection (postgresql) for thread 8346099072.
2026-09-16 20:48:58.875 | INFO     | tldw_Server_API.app.core.Character_Chat.character_rate_limiter:__init__:133 - CharacterRateLimiter initialized (RG only): enabled=False policy_id=character_chat.default
2026-09-16 20:48:58.879 | DEBUG    | tldw_Server_API.app.core.DB_Management.ChaChaNotes_DB:_get_connection_for_state:8036 - Acquired backend connection (postgresql) for thread 6229454848
2026-09-16 20:48:58.879 | DEBUG    | tldw_Server_API.app.core.DB_Management.ChaChaNotes_DB:execute_query:8286 - Executing SQL (script=False, backend=postgresql): SELECT * FROM character_cards WHERE id = ? AND deleted = FALSE... Params: (3,)...
--------------------------- Captured stderr teardown ---------------------------
2026-09-16 20:48:58.899 | INFO     | tldw_Server_API.app.api.v1.API_Deps.ChaCha_Notes_DB_Deps:close_all_chacha_db_instances:876 - Closing all cached ChaChaNotesDB instances (0)...
2026-09-16 20:48:58.899 | INFO     | tldw_Server_API.app.api.v1.API_Deps.ChaCha_Notes_DB_Deps:close_all_chacha_db_instances:892 - All ChaChaNotesDB instances closed and cache cleared.
2026-09-16 20:48:58.899 | INFO     | tldw_Server_API.app.api.v1.API_Deps.ChaCha_Notes_DB_Deps:close_all_chacha_db_instances:876 - Closing all cached ChaChaNotesDB instances (0)...
2026-09-16 20:48:58.899 | INFO     | tldw_Server_API.app.api.v1.API_Deps.ChaCha_Notes_DB_Deps:close_all_chacha_db_instances:892 - All ChaChaNotesDB instances closed and cache cleared.
_____ test_exemplar_child_paths_preserve_parent_ownership[postgres-delete] _____
tldw_Server_API/tests/DB_Management/test_character_shared_owner_contract.py:224: in test_exemplar_child_paths_preserve_parent_ownership
    assert db.soft_delete_character_exemplar(foreign, exemplar["id"]) is False
E   AssertionError: assert True is False
E    +  where True = soft_delete_character_exemplar(3, 'bbfa9326-48a9-4c0c-9e3a-e71cbb55b1b5')
E    +    where soft_delete_character_exemplar = <tldw_Server_API.app.core.DB_Management.ChaChaNotes_DB.CharactersRAGDB object at 0x1145c4350>.soft_delete_character_exemplar
---------------------------- Captured stderr setup -----------------------------
2026-09-16 20:49:00.204 | INFO     | tldw_Server_API.app.core.DB_Management.backends.factory:create_backend:392 - Creating postgresql backend
2026-09-16 20:49:00.204 | INFO     | tldw_Server_API.app.core.config:_buffered_log:210 - Determined ACTUAL_PROJECT_ROOT for database paths: /Users/macbook-dev/Documents/GitHub/tldw_server2
2026-09-16 20:49:00.204 | INFO     | tldw_Server_API.app.core.config:_buffered_log:210 - Early loading environment variables from: /Users/macbook-dev/Documents/GitHub/tldw_server2/tldw_Server_API/Config_Files/.env
2026-09-16 20:49:00.208 | INFO     | tldw_Server_API.app.core.config:_buffered_log:210 - Early loading environment variables from: /Users/macbook-dev/Documents/GitHub/tldw_server2/tldw_Server_API/Config_Files/.ENV
2026-09-16 20:49:00.213 | DEBUG    | tldw_Server_API.app.core.config:_buffered_log:210 - load_and_log_configs(): Loading and logging configurations...
2026-09-16 20:49:00.213 | INFO     | tldw_Server_API.app.core.config:_buffered_log:210 - Loading environment variables from: /Users/macbook-dev/Documents/GitHub/tldw_server2/tldw_Server_API/Config_Files/.env
2026-09-16 20:49:00.218 | INFO     | tldw_Server_API.app.core.config:_buffered_log:210 - Loading environment variables from: /Users/macbook-dev/Documents/GitHub/tldw_server2/tldw_Server_API/Config_Files/.ENV
2026-09-16 20:49:00.222 | INFO     | tldw_Server_API.app.core.config:_buffered_log:210 - Attempting to load comprehensive config from: /Users/macbook-dev/Documents/GitHub/tldw_server2/tldw_Server_API/Config_Files/config.txt
2026-09-16 20:49:00.224 | INFO     | tldw_Server_API.app.core.config:_buffered_log:210 - load_comprehensive_config(): Sections found in config: ['Setup', 'UI', 'Server', 'Files', 'Image-Generation', 'ACP', 'WORKSPACES', 'ACP-WORKSPACE', 'ACP-SANDBOX', 'Audit', 'Processing', 'Media-Processing', 'Chat-Dictionaries', 'Chat-Module', 'Chat-Commands', 'Chat-Templating', 'Character-Chat', 'Settings', 'Auto-Save', 'Prompts', 'Database', 'Chunking', 'Visual-RAG', 'AuthNZ', 'Streaming', 'HTTP', 'Egress', 'Embeddings', 'Claims', 'ClaimsMonitoring', 'RAG', 'Search-Agent', 'ResourceGovernor', 'Jobs', 'SlidesStandaloneHtml', 'Diarization', 'API', 'MLX', 'Local-API', 'LlamaCpp', 'STT-Settings', 'external_providers', 'TTS-Settings', 'VibeVoice', 'Audio-Quota', 'API-Routes', 'Search-Engines', 'Web-Scraper', 'Logging', 'Moderation', 'Redis', 'Web-Scraping', 'personalization', 'persona', 'persona.rbac']
2026-09-16 20:49:00.227 | INFO     | tldw_Server_API.app.core.config:_buffered_log:210 - Ensured main SQLite database directory exists: /Users/macbook-dev/Documents/GitHub/tldw_server2/Databases
2026-09-16 20:49:00.227 | INFO     | tldw_Server_API.app.core.config:_buffered_log:210 - Ensured user data base directory exists: Databases/user_databases
2026-09-16 20:49:00.227 | WARNING  | tldw_Server_API.app.core.DB_Management.db_path_utils:resolve_user_db_base_dir:491 - USER_DB_BASE_DIR not configured in tests, using isolated fallback: /private/var/folders/sn/m80n2j152t9gw3w8qwk2nykh0000gn/T/tldw_user_databases_test/default-9888a684
2026-09-16 20:49:00.227 | INFO     | tldw_Server_API.app.core.DB_Management.ChaChaNotes_DB:__init__:7657 - Initializing CharactersRAGDB for path: /private/var/folders/sn/m80n2j152t9gw3w8qwk2nykh0000gn/T/pytest-of-macbook-dev/pytest-468/test_exemplar_child_paths_pres3/1/ChaChaNotes.db [Client ID: 1] (backend=postgresql)
2026-09-16 20:49:01.663 | DEBUG    | tldw_Server_API.app.core.DB_Management.ChaChaNotes_DB:__init__:7664 - CharactersRAGDB initialization completed successfully for /private/var/folders/sn/m80n2j152t9gw3w8qwk2nykh0000gn/T/pytest-of-macbook-dev/pytest-468/test_exemplar_child_paths_pres3/1/ChaChaNotes.db
2026-09-16 20:49:01.664 | WARNING  | tldw_Server_API.app.core.DB_Management.db_path_utils:resolve_user_db_base_dir:491 - USER_DB_BASE_DIR not configured in tests, using isolated fallback: /private/var/folders/sn/m80n2j152t9gw3w8qwk2nykh0000gn/T/tldw_user_databases_test/default-9888a684
2026-09-16 20:49:01.664 | INFO     | tldw_Server_API.app.core.DB_Management.ChaChaNotes_DB:__init__:7657 - Initializing CharactersRAGDB for path: /private/var/folders/sn/m80n2j152t9gw3w8qwk2nykh0000gn/T/pytest-of-macbook-dev/pytest-468/test_exemplar_child_paths_pres3/2/ChaChaNotes.db [Client ID: 2] (backend=postgresql)
2026-09-16 20:49:01.818 | DEBUG    | tldw_Server_API.app.core.DB_Management.ChaChaNotes_DB:__init__:7664 - CharactersRAGDB initialization completed successfully for /private/var/folders/sn/m80n2j152t9gw3w8qwk2nykh0000gn/T/pytest-of-macbook-dev/pytest-468/test_exemplar_child_paths_pres3/2/ChaChaNotes.db
----------------------------- Captured stderr call -----------------------------
2026-09-16 20:49:01.820 | DEBUG    | tldw_Server_API.app.core.DB_Management.ChaChaNotes_DB:_get_connection_for_state:8036 - Acquired backend connection (postgresql) for thread 8346099072
2026-09-16 20:49:01.820 | INFO     | tldw_Server_API.app.core.DB_Management.chacha.character_store:add_character_card:162 - Added character card 'First owner padding' with ID: 2.
2026-09-16 20:49:01.821 | INFO     | tldw_Server_API.app.core.DB_Management.chacha.character_store:add_character_card:162 - Added character card 'Private owner-one archivist' with ID: 3.
2026-09-16 20:49:01.821 | DEBUG    | tldw_Server_API.app.core.DB_Management.ChaChaNotes_DB:execute_query:8286 - Executing SQL (script=False, backend=postgresql): SELECT * FROM character_cards WHERE id = ? AND deleted = FALSE... Params: (3,)...
2026-09-16 20:49:01.823 | DEBUG    | tldw_Server_API.app.core.DB_Management.ChaChaNotes_DB:execute_query:8286 - Executing SQL (script=False, backend=postgresql):
            SELECT *
            FROM character_exemplars
            WHERE id = ? AND character_id = ?
         AND is_deleted = ? LIMIT 1... Params: ('bbfa9326-48a9-4c0c-9e3a-e71cbb55b1b5', 3, False)...
2026-09-16 20:49:01.824 | DEBUG    | tldw_Server_API.app.core.DB_Management.ChaChaNotes_DB:execute_query:8286 - Executing SQL (script=False, backend=postgresql):
            SELECT *
            FROM character_exemplars
            WHERE id = ? AND character_id = ?
         LIMIT 1... Params: ('bbfa9326-48a9-4c0c-9e3a-e71cbb55b1b5', 3)...
2026-09-16 20:49:01.824 | DEBUG    | tldw_Server_API.app.core.DB_Management.ChaChaNotes_DB:close_connection:8110 - Returned backend connection (postgresql) for thread 8346099072.
2026-09-16 20:49:01.825 | DEBUG    | tldw_Server_API.app.core.DB_Management.ChaChaNotes_DB:_get_connection_for_state:8036 - Acquired backend connection (postgresql) for thread 8346099072
--------------------------- Captured stderr teardown ---------------------------
2026-09-16 20:49:01.828 | DEBUG    | tldw_Server_API.app.core.DB_Management.ChaChaNotes_DB:close_connection:8110 - Returned backend connection (postgresql) for thread 8346099072.
2026-09-16 20:49:01.955 | INFO     | tldw_Server_API.app.api.v1.API_Deps.ChaCha_Notes_DB_Deps:close_all_chacha_db_instances:876 - Closing all cached ChaChaNotesDB instances (0)...
2026-09-16 20:49:01.955 | INFO     | tldw_Server_API.app.api.v1.API_Deps.ChaCha_Notes_DB_Deps:close_all_chacha_db_instances:892 - All ChaChaNotesDB instances closed and cache cleared.
2026-09-16 20:49:01.956 | INFO     | tldw_Server_API.app.api.v1.API_Deps.ChaCha_Notes_DB_Deps:close_all_chacha_db_instances:876 - Closing all cached ChaChaNotesDB instances (0)...
2026-09-16 20:49:01.956 | INFO     | tldw_Server_API.app.api.v1.API_Deps.ChaCha_Notes_DB_Deps:close_all_chacha_db_instances:892 - All ChaChaNotesDB instances closed and cache cleared.
_____ test_other_character_read_paths_exclude_foreign_cards[postgres-fts] ______
tldw_Server_API/tests/DB_Management/test_character_shared_owner_contract.py:182: in test_other_character_read_paths_exclude_foreign_cards
    assert db.search_character_cards("archivist") == []
E   assert [{'alternate_...d': '1', ...}] == []
E
E     Left contains one more item: {'alternate_greetings': None, 'character_cards_fts_tsv': "'archivist':5 'one':4,8 'owner':3,7 'owner-on':2,6 'privat':1 'secret':9", 'character_version': None, 'client_id': '1', ...}
E     Use -v to get more diff
---------------------------- Captured stderr setup -----------------------------
2026-09-16 20:49:04.952 | INFO     | tldw_Server_API.app.core.DB_Management.backends.factory:create_backend:392 - Creating postgresql backend
2026-09-16 20:49:04.952 | INFO     | tldw_Server_API.app.core.config:_buffered_log:210 - Determined ACTUAL_PROJECT_ROOT for database paths: /Users/macbook-dev/Documents/GitHub/tldw_server2
2026-09-16 20:49:04.952 | INFO     | tldw_Server_API.app.core.config:_buffered_log:210 - Early loading environment variables from: /Users/macbook-dev/Documents/GitHub/tldw_server2/tldw_Server_API/Config_Files/.env
2026-09-16 20:49:04.957 | INFO     | tldw_Server_API.app.core.config:_buffered_log:210 - Early loading environment variables from: /Users/macbook-dev/Documents/GitHub/tldw_server2/tldw_Server_API/Config_Files/.ENV
2026-09-16 20:49:04.961 | DEBUG    | tldw_Server_API.app.core.config:_buffered_log:210 - load_and_log_configs(): Loading and logging configurations...
2026-09-16 20:49:04.961 | INFO     | tldw_Server_API.app.core.config:_buffered_log:210 - Loading environment variables from: /Users/macbook-dev/Documents/GitHub/tldw_server2/tldw_Server_API/Config_Files/.env
2026-09-16 20:49:04.966 | INFO     | tldw_Server_API.app.core.config:_buffered_log:210 - Loading environment variables from: /Users/macbook-dev/Documents/GitHub/tldw_server2/tldw_Server_API/Config_Files/.ENV
2026-09-16 20:49:04.970 | INFO     | tldw_Server_API.app.core.config:_buffered_log:210 - Attempting to load comprehensive config from: /Users/macbook-dev/Documents/GitHub/tldw_server2/tldw_Server_API/Config_Files/config.txt
2026-09-16 20:49:04.972 | INFO     | tldw_Server_API.app.core.config:_buffered_log:210 - load_comprehensive_config(): Sections found in config: ['Setup', 'UI', 'Server', 'Files', 'Image-Generation', 'ACP', 'WORKSPACES', 'ACP-WORKSPACE', 'ACP-SANDBOX', 'Audit', 'Processing', 'Media-Processing', 'Chat-Dictionaries', 'Chat-Module', 'Chat-Commands', 'Chat-Templating', 'Character-Chat', 'Settings', 'Auto-Save', 'Prompts', 'Database', 'Chunking', 'Visual-RAG', 'AuthNZ', 'Streaming', 'HTTP', 'Egress', 'Embeddings', 'Claims', 'ClaimsMonitoring', 'RAG', 'Search-Agent', 'ResourceGovernor', 'Jobs', 'SlidesStandaloneHtml', 'Diarization', 'API', 'MLX', 'Local-API', 'LlamaCpp', 'STT-Settings', 'external_providers', 'TTS-Settings', 'VibeVoice', 'Audio-Quota', 'API-Routes', 'Search-Engines', 'Web-Scraper', 'Logging', 'Moderation', 'Redis', 'Web-Scraping', 'personalization', 'persona', 'persona.rbac']
2026-09-16 20:49:04.975 | INFO     | tldw_Server_API.app.core.config:_buffered_log:210 - Ensured main SQLite database directory exists: /Users/macbook-dev/Documents/GitHub/tldw_server2/Databases
2026-09-16 20:49:04.975 | INFO     | tldw_Server_API.app.core.config:_buffered_log:210 - Ensured user data base directory exists: Databases/user_databases
2026-09-16 20:49:04.975 | WARNING  | tldw_Server_API.app.core.DB_Management.db_path_utils:resolve_user_db_base_dir:491 - USER_DB_BASE_DIR not configured in tests, using isolated fallback: /private/var/folders/sn/m80n2j152t9gw3w8qwk2nykh0000gn/T/tldw_user_databases_test/default-9888a684
2026-09-16 20:49:04.975 | INFO     | tldw_Server_API.app.core.DB_Management.ChaChaNotes_DB:__init__:7657 - Initializing CharactersRAGDB for path: /private/var/folders/sn/m80n2j152t9gw3w8qwk2nykh0000gn/T/pytest-of-macbook-dev/pytest-468/test_other_character_read_path3/1/ChaChaNotes.db [Client ID: 1] (backend=postgresql)
2026-09-16 20:49:06.343 | DEBUG    | tldw_Server_API.app.core.DB_Management.ChaChaNotes_DB:__init__:7664 - CharactersRAGDB initialization completed successfully for /private/var/folders/sn/m80n2j152t9gw3w8qwk2nykh0000gn/T/pytest-of-macbook-dev/pytest-468/test_other_character_read_path3/1/ChaChaNotes.db
2026-09-16 20:49:06.344 | WARNING  | tldw_Server_API.app.core.DB_Management.db_path_utils:resolve_user_db_base_dir:491 - USER_DB_BASE_DIR not configured in tests, using isolated fallback: /private/var/folders/sn/m80n2j152t9gw3w8qwk2nykh0000gn/T/tldw_user_databases_test/default-9888a684
2026-09-16 20:49:06.344 | INFO     | tldw_Server_API.app.core.DB_Management.ChaChaNotes_DB:__init__:7657 - Initializing CharactersRAGDB for path: /private/var/folders/sn/m80n2j152t9gw3w8qwk2nykh0000gn/T/pytest-of-macbook-dev/pytest-468/test_other_character_read_path3/2/ChaChaNotes.db [Client ID: 2] (backend=postgresql)
2026-09-16 20:49:06.516 | DEBUG    | tldw_Server_API.app.core.DB_Management.ChaChaNotes_DB:__init__:7664 - CharactersRAGDB initialization completed successfully for /private/var/folders/sn/m80n2j152t9gw3w8qwk2nykh0000gn/T/pytest-of-macbook-dev/pytest-468/test_other_character_read_path3/2/ChaChaNotes.db
----------------------------- Captured stderr call -----------------------------
2026-09-16 20:49:06.518 | DEBUG    | tldw_Server_API.app.core.DB_Management.ChaChaNotes_DB:_get_connection_for_state:8036 - Acquired backend connection (postgresql) for thread 8346099072
2026-09-16 20:49:06.519 | INFO     | tldw_Server_API.app.core.DB_Management.chacha.character_store:add_character_card:162 - Added character card 'First owner padding' with ID: 2.
2026-09-16 20:49:06.520 | INFO     | tldw_Server_API.app.core.DB_Management.chacha.character_store:add_character_card:162 - Added character card 'Private owner-one archivist' with ID: 3.
2026-09-16 20:49:06.520 | DEBUG    | tldw_Server_API.app.core.DB_Management.ChaChaNotes_DB:close_connection:8110 - Returned backend connection (postgresql) for thread 8346099072.
2026-09-16 20:49:06.523 | DEBUG    | tldw_Server_API.app.core.DB_Management.ChaChaNotes_DB:_get_connection_for_state:8036 - Acquired backend connection (postgresql) for thread 8346099072
2026-09-16 20:49:06.523 | DEBUG    | tldw_Server_API.app.core.DB_Management.ChaChaNotes_DB:execute_query:8286 - Executing SQL (script=False, backend=postgresql):
                SELECT cc.*, ts_rank(cc.character_cards_fts_tsv, to_tsquery('english', ?)) AS rank
                FROM character_cards cc
                WHERE cc.deleted = FALSE
                  AND cc.character_cards_fts_tsv @@ to_tsquery('english', ?)
                ORDER BY rank DESC, cc.las... Params: ('archivist', 'archivist', 10)...
--------------------------- Captured stderr teardown ---------------------------
2026-09-16 20:49:06.527 | DEBUG    | tldw_Server_API.app.core.DB_Management.ChaChaNotes_DB:close_connection:8110 - Returned backend connection (postgresql) for thread 8346099072.
2026-09-16 20:49:06.543 | INFO     | tldw_Server_API.app.api.v1.API_Deps.ChaCha_Notes_DB_Deps:close_all_chacha_db_instances:876 - Closing all cached ChaChaNotesDB instances (0)...
2026-09-16 20:49:06.543 | INFO     | tldw_Server_API.app.api.v1.API_Deps.ChaCha_Notes_DB_Deps:close_all_chacha_db_instances:892 - All ChaChaNotesDB instances closed and cache cleared.
2026-09-16 20:49:06.543 | INFO     | tldw_Server_API.app.api.v1.API_Deps.ChaCha_Notes_DB_Deps:close_all_chacha_db_instances:876 - Closing all cached ChaChaNotesDB instances (0)...
2026-09-16 20:49:06.543 | INFO     | tldw_Server_API.app.api.v1.API_Deps.ChaCha_Notes_DB_Deps:close_all_chacha_db_instances:892 - All ChaChaNotesDB instances closed and cache cleared.
__ test_foreign_card_lifecycle_cannot_change_state_or_owner[postgres-delete] ___
tldw_Server_API/tests/DB_Management/test_character_shared_owner_contract.py:201: in test_foreign_card_lifecycle_cannot_change_state_or_owner
    assert owners.first.get_character_card_by_id(foreign, include_deleted=True) == before
E   AssertionError: assert {'alternate_g...id': '2', ...} == {'alternate_g...id': '1', ...}
E
E     Omitting 18 identical items, use -vv to show
E     Differing items:
E     {'last_modified': datetime.datetime(2026, 9, 17, 3, 49, 11, 266000, tzinfo=zoneinfo.ZoneInfo(key='Etc/UTC'))} != {'last_modified': datetime.datetime(2026, 9, 17, 3, 49, 11, 265000, tzinfo=zoneinfo.ZoneInfo(key='Etc/UTC'))}
E     {'version': 2} != {'version': 1}
E     {'client_id': '2'} != {'client_id': '1'}
E     {'deleted': True} != {'deleted': False}
E     Use -v to get more diff
---------------------------- Captured stderr setup -----------------------------
2026-09-16 20:49:09.761 | INFO     | tldw_Server_API.app.core.DB_Management.backends.factory:create_backend:392 - Creating postgresql backend
2026-09-16 20:49:09.761 | INFO     | tldw_Server_API.app.core.config:_buffered_log:210 - Determined ACTUAL_PROJECT_ROOT for database paths: /Users/macbook-dev/Documents/GitHub/tldw_server2
2026-09-16 20:49:09.761 | INFO     | tldw_Server_API.app.core.config:_buffered_log:210 - Early loading environment variables from: /Users/macbook-dev/Documents/GitHub/tldw_server2/tldw_Server_API/Config_Files/.env
2026-09-16 20:49:09.766 | INFO     | tldw_Server_API.app.core.config:_buffered_log:210 - Early loading environment variables from: /Users/macbook-dev/Documents/GitHub/tldw_server2/tldw_Server_API/Config_Files/.ENV
2026-09-16 20:49:09.770 | DEBUG    | tldw_Server_API.app.core.config:_buffered_log:210 - load_and_log_configs(): Loading and logging configurations...
2026-09-16 20:49:09.771 | INFO     | tldw_Server_API.app.core.config:_buffered_log:210 - Loading environment variables from: /Users/macbook-dev/Documents/GitHub/tldw_server2/tldw_Server_API/Config_Files/.env
2026-09-16 20:49:09.775 | INFO     | tldw_Server_API.app.core.config:_buffered_log:210 - Loading environment variables from: /Users/macbook-dev/Documents/GitHub/tldw_server2/tldw_Server_API/Config_Files/.ENV
2026-09-16 20:49:09.780 | INFO     | tldw_Server_API.app.core.config:_buffered_log:210 - Attempting to load comprehensive config from: /Users/macbook-dev/Documents/GitHub/tldw_server2/tldw_Server_API/Config_Files/config.txt
2026-09-16 20:49:09.782 | INFO     | tldw_Server_API.app.core.config:_buffered_log:210 - load_comprehensive_config(): Sections found in config: ['Setup', 'UI', 'Server', 'Files', 'Image-Generation', 'ACP', 'WORKSPACES', 'ACP-WORKSPACE', 'ACP-SANDBOX', 'Audit', 'Processing', 'Media-Processing', 'Chat-Dictionaries', 'Chat-Module', 'Chat-Commands', 'Chat-Templating', 'Character-Chat', 'Settings', 'Auto-Save', 'Prompts', 'Database', 'Chunking', 'Visual-RAG', 'AuthNZ', 'Streaming', 'HTTP', 'Egress', 'Embeddings', 'Claims', 'ClaimsMonitoring', 'RAG', 'Search-Agent', 'ResourceGovernor', 'Jobs', 'SlidesStandaloneHtml', 'Diarization', 'API', 'MLX', 'Local-API', 'LlamaCpp', 'STT-Settings', 'external_providers', 'TTS-Settings', 'VibeVoice', 'Audio-Quota', 'API-Routes', 'Search-Engines', 'Web-Scraper', 'Logging', 'Moderation', 'Redis', 'Web-Scraping', 'personalization', 'persona', 'persona.rbac']
2026-09-16 20:49:09.785 | INFO     | tldw_Server_API.app.core.config:_buffered_log:210 - Ensured main SQLite database directory exists: /Users/macbook-dev/Documents/GitHub/tldw_server2/Databases
2026-09-16 20:49:09.785 | INFO     | tldw_Server_API.app.core.config:_buffered_log:210 - Ensured user data base directory exists: Databases/user_databases
2026-09-16 20:49:09.785 | WARNING  | tldw_Server_API.app.core.DB_Management.db_path_utils:resolve_user_db_base_dir:491 - USER_DB_BASE_DIR not configured in tests, using isolated fallback: /private/var/folders/sn/m80n2j152t9gw3w8qwk2nykh0000gn/T/tldw_user_databases_test/default-9888a684
2026-09-16 20:49:09.785 | INFO     | tldw_Server_API.app.core.DB_Management.ChaChaNotes_DB:__init__:7657 - Initializing CharactersRAGDB for path: /private/var/folders/sn/m80n2j152t9gw3w8qwk2nykh0000gn/T/pytest-of-macbook-dev/pytest-468/test_foreign_card_lifecycle_ca1/1/ChaChaNotes.db [Client ID: 1] (backend=postgresql)
2026-09-16 20:49:11.111 | DEBUG    | tldw_Server_API.app.core.DB_Management.ChaChaNotes_DB:__init__:7664 - CharactersRAGDB initialization completed successfully for /private/var/folders/sn/m80n2j152t9gw3w8qwk2nykh0000gn/T/pytest-of-macbook-dev/pytest-468/test_foreign_card_lifecycle_ca1/1/ChaChaNotes.db
2026-09-16 20:49:11.111 | WARNING  | tldw_Server_API.app.core.DB_Management.db_path_utils:resolve_user_db_base_dir:491 - USER_DB_BASE_DIR not configured in tests, using isolated fallback: /private/var/folders/sn/m80n2j152t9gw3w8qwk2nykh0000gn/T/tldw_user_databases_test/default-9888a684
2026-09-16 20:49:11.112 | INFO     | tldw_Server_API.app.core.DB_Management.ChaChaNotes_DB:__init__:7657 - Initializing CharactersRAGDB for path: /private/var/folders/sn/m80n2j152t9gw3w8qwk2nykh0000gn/T/pytest-of-macbook-dev/pytest-468/test_foreign_card_lifecycle_ca1/2/ChaChaNotes.db [Client ID: 2] (backend=postgresql)
2026-09-16 20:49:11.261 | DEBUG    | tldw_Server_API.app.core.DB_Management.ChaChaNotes_DB:__init__:7664 - CharactersRAGDB initialization completed successfully for /private/var/folders/sn/m80n2j152t9gw3w8qwk2nykh0000gn/T/pytest-of-macbook-dev/pytest-468/test_foreign_card_lifecycle_ca1/2/ChaChaNotes.db
----------------------------- Captured stderr call -----------------------------
2026-09-16 20:49:11.263 | DEBUG    | tldw_Server_API.app.core.DB_Management.ChaChaNotes_DB:_get_connection_for_state:8036 - Acquired backend connection (postgresql) for thread 8346099072
2026-09-16 20:49:11.264 | INFO     | tldw_Server_API.app.core.DB_Management.chacha.character_store:add_character_card:162 - Added character card 'First owner padding' with ID: 2.
2026-09-16 20:49:11.265 | INFO     | tldw_Server_API.app.core.DB_Management.chacha.character_store:add_character_card:162 - Added character card 'Private owner-one archivist' with ID: 3.
2026-09-16 20:49:11.266 | DEBUG    | tldw_Server_API.app.core.DB_Management.ChaChaNotes_DB:execute_query:8286 - Executing SQL (script=False, backend=postgresql): SELECT * FROM character_cards WHERE id = ?... Params: (3,)...
2026-09-16 20:49:11.266 | DEBUG    | tldw_Server_API.app.core.DB_Management.ChaChaNotes_DB:close_connection:8110 - Returned backend connection (postgresql) for thread 8346099072.
2026-09-16 20:49:11.268 | DEBUG    | tldw_Server_API.app.core.DB_Management.ChaChaNotes_DB:_get_connection_for_state:8036 - Acquired backend connection (postgresql) for thread 8346099072
2026-09-16 20:49:11.268 | INFO     | tldw_Server_API.app.core.DB_Management.chacha.character_store:soft_delete_character_card:1186 - Soft-deleted character card ID 3 (was version 1), new version 2.
2026-09-16 20:49:11.274 | DEBUG    | tldw_Server_API.app.core.DB_Management.ChaChaNotes_DB:_get_connection_for_state:8036 - Acquired backend connection (postgresql) for thread 8346099072
2026-09-16 20:49:11.274 | DEBUG    | tldw_Server_API.app.core.DB_Management.ChaChaNotes_DB:execute_query:8286 - Executing SQL (script=False, backend=postgresql): SELECT * FROM character_cards WHERE id = ?... Params: (3,)...
--------------------------- Captured stderr teardown ---------------------------
2026-09-16 20:49:11.278 | DEBUG    | tldw_Server_API.app.core.DB_Management.ChaChaNotes_DB:close_connection:8110 - Returned backend connection (postgresql) for thread 8346099072.
2026-09-16 20:49:11.278 | DEBUG    | tldw_Server_API.app.core.DB_Management.ChaChaNotes_DB:close_connection:8110 - Returned backend connection (postgresql) for thread 8346099072.
2026-09-16 20:49:11.294 | INFO     | tldw_Server_API.app.api.v1.API_Deps.ChaCha_Notes_DB_Deps:close_all_chacha_db_instances:876 - Closing all cached ChaChaNotesDB instances (0)...
2026-09-16 20:49:11.294 | INFO     | tldw_Server_API.app.api.v1.API_Deps.ChaCha_Notes_DB_Deps:close_all_chacha_db_instances:892 - All ChaChaNotesDB instances closed and cache cleared.
2026-09-16 20:49:11.295 | INFO     | tldw_Server_API.app.api.v1.API_Deps.ChaCha_Notes_DB_Deps:close_all_chacha_db_instances:876 - Closing all cached ChaChaNotesDB instances (0)...
2026-09-16 20:49:11.295 | INFO     | tldw_Server_API.app.api.v1.API_Deps.ChaCha_Notes_DB_Deps:close_all_chacha_db_instances:892 - All ChaChaNotesDB instances closed and cache cleared.
____ test_other_character_read_paths_exclude_foreign_cards[postgres-batch] _____
tldw_Server_API/tests/DB_Management/test_character_shared_owner_contract.py:175: in test_other_character_read_paths_exclude_foreign_cards
    assert foreign not in db.get_character_cards_by_ids([foreign])
E   assert 3 not in {3: {'alternate_greetings': None, 'character_cards_fts_tsv': "'archivist':5 'one':4,8 'owner':3,7 'owner-on':2,6 'privat':1 'secret':9", 'character_version': None, 'client_id': '1', ...}}
E    +  where {3: {'alternate_greetings': None, 'character_cards_fts_tsv': "'archivist':5 'one':4,8 'owner':3,7 'owner-on':2,6 'privat':1 'secret':9", 'character_version': None, 'client_id': '1', ...}} = get_character_cards_by_ids([3])
E    +    where get_character_cards_by_ids = <tldw_Server_API.app.core.DB_Management.ChaChaNotes_DB.CharactersRAGDB object at 0x10dcb6250>.get_character_cards_by_ids
---------------------------- Captured stderr setup -----------------------------
2026-09-16 20:49:11.314 | INFO     | tldw_Server_API.app.core.DB_Management.backends.factory:create_backend:392 - Creating postgresql backend
2026-09-16 20:49:11.315 | INFO     | tldw_Server_API.app.core.config:_buffered_log:210 - Determined ACTUAL_PROJECT_ROOT for database paths: /Users/macbook-dev/Documents/GitHub/tldw_server2
2026-09-16 20:49:11.315 | INFO     | tldw_Server_API.app.core.config:_buffered_log:210 - Early loading environment variables from: /Users/macbook-dev/Documents/GitHub/tldw_server2/tldw_Server_API/Config_Files/.env
2026-09-16 20:49:11.319 | INFO     | tldw_Server_API.app.core.config:_buffered_log:210 - Early loading environment variables from: /Users/macbook-dev/Documents/GitHub/tldw_server2/tldw_Server_API/Config_Files/.ENV
2026-09-16 20:49:11.324 | DEBUG    | tldw_Server_API.app.core.config:_buffered_log:210 - load_and_log_configs(): Loading and logging configurations...
2026-09-16 20:49:11.325 | INFO     | tldw_Server_API.app.core.config:_buffered_log:210 - Loading environment variables from: /Users/macbook-dev/Documents/GitHub/tldw_server2/tldw_Server_API/Config_Files/.env
2026-09-16 20:49:11.329 | INFO     | tldw_Server_API.app.core.config:_buffered_log:210 - Loading environment variables from: /Users/macbook-dev/Documents/GitHub/tldw_server2/tldw_Server_API/Config_Files/.ENV
2026-09-16 20:49:11.334 | INFO     | tldw_Server_API.app.core.config:_buffered_log:210 - Attempting to load comprehensive config from: /Users/macbook-dev/Documents/GitHub/tldw_server2/tldw_Server_API/Config_Files/config.txt
2026-09-16 20:49:11.336 | INFO     | tldw_Server_API.app.core.config:_buffered_log:210 - load_comprehensive_config(): Sections found in config: ['Setup', 'UI', 'Server', 'Files', 'Image-Generation', 'ACP', 'WORKSPACES', 'ACP-WORKSPACE', 'ACP-SANDBOX', 'Audit', 'Processing', 'Media-Processing', 'Chat-Dictionaries', 'Chat-Module', 'Chat-Commands', 'Chat-Templating', 'Character-Chat', 'Settings', 'Auto-Save', 'Prompts', 'Database', 'Chunking', 'Visual-RAG', 'AuthNZ', 'Streaming', 'HTTP', 'Egress', 'Embeddings', 'Claims', 'ClaimsMonitoring', 'RAG', 'Search-Agent', 'ResourceGovernor', 'Jobs', 'SlidesStandaloneHtml', 'Diarization', 'API', 'MLX', 'Local-API', 'LlamaCpp', 'STT-Settings', 'external_providers', 'TTS-Settings', 'VibeVoice', 'Audio-Quota', 'API-Routes', 'Search-Engines', 'Web-Scraper', 'Logging', 'Moderation', 'Redis', 'Web-Scraping', 'personalization', 'persona', 'persona.rbac']
2026-09-16 20:49:11.338 | INFO     | tldw_Server_API.app.core.config:_buffered_log:210 - Ensured main SQLite database directory exists: /Users/macbook-dev/Documents/GitHub/tldw_server2/Databases
2026-09-16 20:49:11.339 | INFO     | tldw_Server_API.app.core.config:_buffered_log:210 - Ensured user data base directory exists: Databases/user_databases
2026-09-16 20:49:11.339 | WARNING  | tldw_Server_API.app.core.DB_Management.db_path_utils:resolve_user_db_base_dir:491 - USER_DB_BASE_DIR not configured in tests, using isolated fallback: /private/var/folders/sn/m80n2j152t9gw3w8qwk2nykh0000gn/T/tldw_user_databases_test/default-9888a684
2026-09-16 20:49:11.339 | INFO     | tldw_Server_API.app.core.DB_Management.ChaChaNotes_DB:__init__:7657 - Initializing CharactersRAGDB for path: /private/var/folders/sn/m80n2j152t9gw3w8qwk2nykh0000gn/T/pytest-of-macbook-dev/pytest-468/test_other_character_read_path5/1/ChaChaNotes.db [Client ID: 1] (backend=postgresql)
2026-09-16 20:49:12.759 | DEBUG    | tldw_Server_API.app.core.DB_Management.ChaChaNotes_DB:__init__:7664 - CharactersRAGDB initialization completed successfully for /private/var/folders/sn/m80n2j152t9gw3w8qwk2nykh0000gn/T/pytest-of-macbook-dev/pytest-468/test_other_character_read_path5/1/ChaChaNotes.db
2026-09-16 20:49:12.760 | WARNING  | tldw_Server_API.app.core.DB_Management.db_path_utils:resolve_user_db_base_dir:491 - USER_DB_BASE_DIR not configured in tests, using isolated fallback: /private/var/folders/sn/m80n2j152t9gw3w8qwk2nykh0000gn/T/tldw_user_databases_test/default-9888a684
2026-09-16 20:49:12.760 | INFO     | tldw_Server_API.app.core.DB_Management.ChaChaNotes_DB:__init__:7657 - Initializing CharactersRAGDB for path: /private/var/folders/sn/m80n2j152t9gw3w8qwk2nykh0000gn/T/pytest-of-macbook-dev/pytest-468/test_other_character_read_path5/2/ChaChaNotes.db [Client ID: 2] (backend=postgresql)
2026-09-16 20:49:12.909 | DEBUG    | tldw_Server_API.app.core.DB_Management.ChaChaNotes_DB:__init__:7664 - CharactersRAGDB initialization completed successfully for /private/var/folders/sn/m80n2j152t9gw3w8qwk2nykh0000gn/T/pytest-of-macbook-dev/pytest-468/test_other_character_read_path5/2/ChaChaNotes.db
----------------------------- Captured stderr call -----------------------------
2026-09-16 20:49:12.911 | DEBUG    | tldw_Server_API.app.core.DB_Management.ChaChaNotes_DB:_get_connection_for_state:8036 - Acquired backend connection (postgresql) for thread 8346099072
2026-09-16 20:49:12.912 | INFO     | tldw_Server_API.app.core.DB_Management.chacha.character_store:add_character_card:162 - Added character card 'First owner padding' with ID: 2.
2026-09-16 20:49:12.913 | INFO     | tldw_Server_API.app.core.DB_Management.chacha.character_store:add_character_card:162 - Added character card 'Private owner-one archivist' with ID: 3.
2026-09-16 20:49:12.913 | DEBUG    | tldw_Server_API.app.core.DB_Management.ChaChaNotes_DB:close_connection:8110 - Returned backend connection (postgresql) for thread 8346099072.
2026-09-16 20:49:12.915 | DEBUG    | tldw_Server_API.app.core.DB_Management.ChaChaNotes_DB:_get_connection_for_state:8036 - Acquired backend connection (postgresql) for thread 8346099072
2026-09-16 20:49:12.916 | DEBUG    | tldw_Server_API.app.core.DB_Management.ChaChaNotes_DB:execute_query:8286 - Executing SQL (script=False, backend=postgresql): SELECT * FROM character_cards WHERE id IN (?) AND deleted = FALSE... Params: (3,)...
--------------------------- Captured stderr teardown ---------------------------
2026-09-16 20:49:12.919 | DEBUG    | tldw_Server_API.app.core.DB_Management.ChaChaNotes_DB:close_connection:8110 - Returned backend connection (postgresql) for thread 8346099072.
2026-09-16 20:49:12.935 | INFO     | tldw_Server_API.app.api.v1.API_Deps.ChaCha_Notes_DB_Deps:close_all_chacha_db_instances:876 - Closing all cached ChaChaNotesDB instances (0)...
2026-09-16 20:49:12.935 | INFO     | tldw_Server_API.app.api.v1.API_Deps.ChaCha_Notes_DB_Deps:close_all_chacha_db_instances:892 - All ChaChaNotesDB instances closed and cache cleared.
2026-09-16 20:49:12.936 | INFO     | tldw_Server_API.app.api.v1.API_Deps.ChaCha_Notes_DB_Deps:close_all_chacha_db_instances:876 - Closing all cached ChaChaNotesDB instances (0)...
2026-09-16 20:49:12.936 | INFO     | tldw_Server_API.app.api.v1.API_Deps.ChaCha_Notes_DB_Deps:close_all_chacha_db_instances:892 - All ChaChaNotesDB instances closed and cache cleared.
__ test_foreign_card_lifecycle_cannot_change_state_or_owner[postgres-restore] __
tldw_Server_API/tests/DB_Management/test_character_shared_owner_contract.py:201: in test_foreign_card_lifecycle_cannot_change_state_or_owner
    assert owners.first.get_character_card_by_id(foreign, include_deleted=True) == before
E   AssertionError: assert {'alternate_g...id': '2', ...} == {'alternate_g...id': '1', ...}
E
E     Omitting 18 identical items, use -vv to show
E     Differing items:
E     {'last_modified': datetime.datetime(2026, 9, 17, 3, 49, 14, 472000, tzinfo=zoneinfo.ZoneInfo(key='Etc/UTC'))} != {'last_modified': datetime.datetime(2026, 9, 17, 3, 49, 14, 470000, tzinfo=zoneinfo.ZoneInfo(key='Etc/UTC'))}
E     {'version': 3} != {'version': 2}
E     {'client_id': '2'} != {'client_id': '1'}
E     {'deleted': False} != {'deleted': True}
E     Use -v to get more diff
---------------------------- Captured stderr setup -----------------------------
2026-09-16 20:49:12.953 | INFO     | tldw_Server_API.app.core.DB_Management.backends.factory:create_backend:392 - Creating postgresql backend
2026-09-16 20:49:12.954 | INFO     | tldw_Server_API.app.core.config:_buffered_log:210 - Determined ACTUAL_PROJECT_ROOT for database paths: /Users/macbook-dev/Documents/GitHub/tldw_server2
2026-09-16 20:49:12.954 | INFO     | tldw_Server_API.app.core.config:_buffered_log:210 - Early loading environment variables from: /Users/macbook-dev/Documents/GitHub/tldw_server2/tldw_Server_API/Config_Files/.env
2026-09-16 20:49:12.958 | INFO     | tldw_Server_API.app.core.config:_buffered_log:210 - Early loading environment variables from: /Users/macbook-dev/Documents/GitHub/tldw_server2/tldw_Server_API/Config_Files/.ENV
2026-09-16 20:49:12.963 | DEBUG    | tldw_Server_API.app.core.config:_buffered_log:210 - load_and_log_configs(): Loading and logging configurations...
2026-09-16 20:49:12.963 | INFO     | tldw_Server_API.app.core.config:_buffered_log:210 - Loading environment variables from: /Users/macbook-dev/Documents/GitHub/tldw_server2/tldw_Server_API/Config_Files/.env
2026-09-16 20:49:12.968 | INFO     | tldw_Server_API.app.core.config:_buffered_log:210 - Loading environment variables from: /Users/macbook-dev/Documents/GitHub/tldw_server2/tldw_Server_API/Config_Files/.ENV
2026-09-16 20:49:12.972 | INFO     | tldw_Server_API.app.core.config:_buffered_log:210 - Attempting to load comprehensive config from: /Users/macbook-dev/Documents/GitHub/tldw_server2/tldw_Server_API/Config_Files/config.txt
2026-09-16 20:49:12.974 | INFO     | tldw_Server_API.app.core.config:_buffered_log:210 - load_comprehensive_config(): Sections found in config: ['Setup', 'UI', 'Server', 'Files', 'Image-Generation', 'ACP', 'WORKSPACES', 'ACP-WORKSPACE', 'ACP-SANDBOX', 'Audit', 'Processing', 'Media-Processing', 'Chat-Dictionaries', 'Chat-Module', 'Chat-Commands', 'Chat-Templating', 'Character-Chat', 'Settings', 'Auto-Save', 'Prompts', 'Database', 'Chunking', 'Visual-RAG', 'AuthNZ', 'Streaming', 'HTTP', 'Egress', 'Embeddings', 'Claims', 'ClaimsMonitoring', 'RAG', 'Search-Agent', 'ResourceGovernor', 'Jobs', 'SlidesStandaloneHtml', 'Diarization', 'API', 'MLX', 'Local-API', 'LlamaCpp', 'STT-Settings', 'external_providers', 'TTS-Settings', 'VibeVoice', 'Audio-Quota', 'API-Routes', 'Search-Engines', 'Web-Scraper', 'Logging', 'Moderation', 'Redis', 'Web-Scraping', 'personalization', 'persona', 'persona.rbac']
2026-09-16 20:49:12.977 | INFO     | tldw_Server_API.app.core.config:_buffered_log:210 - Ensured main SQLite database directory exists: /Users/macbook-dev/Documents/GitHub/tldw_server2/Databases
2026-09-16 20:49:12.977 | INFO     | tldw_Server_API.app.core.config:_buffered_log:210 - Ensured user data base directory exists: Databases/user_databases
2026-09-16 20:49:12.977 | WARNING  | tldw_Server_API.app.core.DB_Management.db_path_utils:resolve_user_db_base_dir:491 - USER_DB_BASE_DIR not configured in tests, using isolated fallback: /private/var/folders/sn/m80n2j152t9gw3w8qwk2nykh0000gn/T/tldw_user_databases_test/default-9888a684
2026-09-16 20:49:12.977 | INFO     | tldw_Server_API.app.core.DB_Management.ChaChaNotes_DB:__init__:7657 - Initializing CharactersRAGDB for path: /private/var/folders/sn/m80n2j152t9gw3w8qwk2nykh0000gn/T/pytest-of-macbook-dev/pytest-468/test_foreign_card_lifecycle_ca2/1/ChaChaNotes.db [Client ID: 1] (backend=postgresql)
2026-09-16 20:49:14.311 | DEBUG    | tldw_Server_API.app.core.DB_Management.ChaChaNotes_DB:__init__:7664 - CharactersRAGDB initialization completed successfully for /private/var/folders/sn/m80n2j152t9gw3w8qwk2nykh0000gn/T/pytest-of-macbook-dev/pytest-468/test_foreign_card_lifecycle_ca2/1/ChaChaNotes.db
2026-09-16 20:49:14.311 | WARNING  | tldw_Server_API.app.core.DB_Management.db_path_utils:resolve_user_db_base_dir:491 - USER_DB_BASE_DIR not configured in tests, using isolated fallback: /private/var/folders/sn/m80n2j152t9gw3w8qwk2nykh0000gn/T/tldw_user_databases_test/default-9888a684
2026-09-16 20:49:14.312 | INFO     | tldw_Server_API.app.core.DB_Management.ChaChaNotes_DB:__init__:7657 - Initializing CharactersRAGDB for path: /private/var/folders/sn/m80n2j152t9gw3w8qwk2nykh0000gn/T/pytest-of-macbook-dev/pytest-468/test_foreign_card_lifecycle_ca2/2/ChaChaNotes.db [Client ID: 2] (backend=postgresql)
2026-09-16 20:49:14.467 | DEBUG    | tldw_Server_API.app.core.DB_Management.ChaChaNotes_DB:__init__:7664 - CharactersRAGDB initialization completed successfully for /private/var/folders/sn/m80n2j152t9gw3w8qwk2nykh0000gn/T/pytest-of-macbook-dev/pytest-468/test_foreign_card_lifecycle_ca2/2/ChaChaNotes.db
----------------------------- Captured stderr call -----------------------------
2026-09-16 20:49:14.468 | DEBUG    | tldw_Server_API.app.core.DB_Management.ChaChaNotes_DB:_get_connection_for_state:8036 - Acquired backend connection (postgresql) for thread 8346099072
2026-09-16 20:49:14.469 | INFO     | tldw_Server_API.app.core.DB_Management.chacha.character_store:add_character_card:162 - Added character card 'First owner padding' with ID: 2.
2026-09-16 20:49:14.470 | INFO     | tldw_Server_API.app.core.DB_Management.chacha.character_store:add_character_card:162 - Added character card 'Private owner-one archivist' with ID: 3.
2026-09-16 20:49:14.471 | INFO     | tldw_Server_API.app.core.DB_Management.chacha.character_store:soft_delete_character_card:1186 - Soft-deleted character card ID 3 (was version 1), new version 2.
2026-09-16 20:49:14.471 | DEBUG    | tldw_Server_API.app.core.DB_Management.ChaChaNotes_DB:execute_query:8286 - Executing SQL (script=False, backend=postgresql): SELECT * FROM character_cards WHERE id = ?... Params: (3,)...
2026-09-16 20:49:14.472 | DEBUG    | tldw_Server_API.app.core.DB_Management.ChaChaNotes_DB:close_connection:8110 - Returned backend connection (postgresql) for thread 8346099072.
2026-09-16 20:49:14.473 | DEBUG    | tldw_Server_API.app.core.DB_Management.ChaChaNotes_DB:_get_connection_for_state:8036 - Acquired backend connection (postgresql) for thread 8346099072
2026-09-16 20:49:14.474 | INFO     | tldw_Server_API.app.core.DB_Management.chacha.character_store:restore_character_card:1384 - Restored character card ID 3 (was version 2), new version 3.
2026-09-16 20:49:14.480 | DEBUG    | tldw_Server_API.app.core.DB_Management.ChaChaNotes_DB:_get_connection_for_state:8036 - Acquired backend connection (postgresql) for thread 8346099072
2026-09-16 20:49:14.480 | DEBUG    | tldw_Server_API.app.core.DB_Management.ChaChaNotes_DB:execute_query:8286 - Executing SQL (script=False, backend=postgresql): SELECT * FROM character_cards WHERE id = ?... Params: (3,)...
--------------------------- Captured stderr teardown ---------------------------
2026-09-16 20:49:14.484 | DEBUG    | tldw_Server_API.app.core.DB_Management.ChaChaNotes_DB:close_connection:8110 - Returned backend connection (postgresql) for thread 8346099072.
2026-09-16 20:49:14.484 | DEBUG    | tldw_Server_API.app.core.DB_Management.ChaChaNotes_DB:close_connection:8110 - Returned backend connection (postgresql) for thread 8346099072.
2026-09-16 20:49:14.500 | INFO     | tldw_Server_API.app.api.v1.API_Deps.ChaCha_Notes_DB_Deps:close_all_chacha_db_instances:876 - Closing all cached ChaChaNotesDB instances (0)...
2026-09-16 20:49:14.500 | INFO     | tldw_Server_API.app.api.v1.API_Deps.ChaCha_Notes_DB_Deps:close_all_chacha_db_instances:892 - All ChaChaNotesDB instances closed and cache cleared.
2026-09-16 20:49:14.500 | INFO     | tldw_Server_API.app.api.v1.API_Deps.ChaCha_Notes_DB_Deps:close_all_chacha_db_instances:876 - Closing all cached ChaChaNotesDB instances (0)...
2026-09-16 20:49:14.500 | INFO     | tldw_Server_API.app.api.v1.API_Deps.ChaCha_Notes_DB_Deps:close_all_chacha_db_instances:892 - All ChaChaNotesDB instances closed and cache cleared.
_ test_other_character_read_paths_exclude_foreign_cards[postgres-setup-query] __
tldw_Server_API/tests/DB_Management/test_character_shared_owner_contract.py:180: in test_other_character_read_paths_exclude_foreign_cards
    assert rows == [] and count == 0
E   AssertionError: assert ([{'deleted': ...age': 0, ...}] == []
E
E     Left contains one more item: {'deleted': False, 'description': None, 'extensions': None, 'has_image': 0, ...}
E     Use -v to get more diff)
---------------------------- Captured stderr setup -----------------------------
2026-09-16 20:49:14.517 | INFO     | tldw_Server_API.app.core.DB_Management.backends.factory:create_backend:392 - Creating postgresql backend
2026-09-16 20:49:14.518 | INFO     | tldw_Server_API.app.core.config:_buffered_log:210 - Determined ACTUAL_PROJECT_ROOT for database paths: /Users/macbook-dev/Documents/GitHub/tldw_server2
2026-09-16 20:49:14.518 | INFO     | tldw_Server_API.app.core.config:_buffered_log:210 - Early loading environment variables from: /Users/macbook-dev/Documents/GitHub/tldw_server2/tldw_Server_API/Config_Files/.env
2026-09-16 20:49:14.522 | INFO     | tldw_Server_API.app.core.config:_buffered_log:210 - Early loading environment variables from: /Users/macbook-dev/Documents/GitHub/tldw_server2/tldw_Server_API/Config_Files/.ENV
2026-09-16 20:49:14.526 | DEBUG    | tldw_Server_API.app.core.config:_buffered_log:210 - load_and_log_configs(): Loading and logging configurations...
2026-09-16 20:49:14.527 | INFO     | tldw_Server_API.app.core.config:_buffered_log:210 - Loading environment variables from: /Users/macbook-dev/Documents/GitHub/tldw_server2/tldw_Server_API/Config_Files/.env
2026-09-16 20:49:14.531 | INFO     | tldw_Server_API.app.core.config:_buffered_log:210 - Loading environment variables from: /Users/macbook-dev/Documents/GitHub/tldw_server2/tldw_Server_API/Config_Files/.ENV
2026-09-16 20:49:14.536 | INFO     | tldw_Server_API.app.core.config:_buffered_log:210 - Attempting to load comprehensive config from: /Users/macbook-dev/Documents/GitHub/tldw_server2/tldw_Server_API/Config_Files/config.txt
2026-09-16 20:49:14.538 | INFO     | tldw_Server_API.app.core.config:_buffered_log:210 - load_comprehensive_config(): Sections found in config: ['Setup', 'UI', 'Server', 'Files', 'Image-Generation', 'ACP', 'WORKSPACES', 'ACP-WORKSPACE', 'ACP-SANDBOX', 'Audit', 'Processing', 'Media-Processing', 'Chat-Dictionaries', 'Chat-Module', 'Chat-Commands', 'Chat-Templating', 'Character-Chat', 'Settings', 'Auto-Save', 'Prompts', 'Database', 'Chunking', 'Visual-RAG', 'AuthNZ', 'Streaming', 'HTTP', 'Egress', 'Embeddings', 'Claims', 'ClaimsMonitoring', 'RAG', 'Search-Agent', 'ResourceGovernor', 'Jobs', 'SlidesStandaloneHtml', 'Diarization', 'API', 'MLX', 'Local-API', 'LlamaCpp', 'STT-Settings', 'external_providers', 'TTS-Settings', 'VibeVoice', 'Audio-Quota', 'API-Routes', 'Search-Engines', 'Web-Scraper', 'Logging', 'Moderation', 'Redis', 'Web-Scraping', 'personalization', 'persona', 'persona.rbac']
2026-09-16 20:49:14.540 | INFO     | tldw_Server_API.app.core.config:_buffered_log:210 - Ensured main SQLite database directory exists: /Users/macbook-dev/Documents/GitHub/tldw_server2/Databases
2026-09-16 20:49:14.540 | INFO     | tldw_Server_API.app.core.config:_buffered_log:210 - Ensured user data base directory exists: Databases/user_databases
2026-09-16 20:49:14.540 | WARNING  | tldw_Server_API.app.core.DB_Management.db_path_utils:resolve_user_db_base_dir:491 - USER_DB_BASE_DIR not configured in tests, using isolated fallback: /private/var/folders/sn/m80n2j152t9gw3w8qwk2nykh0000gn/T/tldw_user_databases_test/default-9888a684
2026-09-16 20:49:14.541 | INFO     | tldw_Server_API.app.core.DB_Management.ChaChaNotes_DB:__init__:7657 - Initializing CharactersRAGDB for path: /private/var/folders/sn/m80n2j152t9gw3w8qwk2nykh0000gn/T/pytest-of-macbook-dev/pytest-468/test_other_character_read_path6/1/ChaChaNotes.db [Client ID: 1] (backend=postgresql)
2026-09-16 20:49:15.895 | DEBUG    | tldw_Server_API.app.core.DB_Management.ChaChaNotes_DB:__init__:7664 - CharactersRAGDB initialization completed successfully for /private/var/folders/sn/m80n2j152t9gw3w8qwk2nykh0000gn/T/pytest-of-macbook-dev/pytest-468/test_other_character_read_path6/1/ChaChaNotes.db
2026-09-16 20:49:15.896 | WARNING  | tldw_Server_API.app.core.DB_Management.db_path_utils:resolve_user_db_base_dir:491 - USER_DB_BASE_DIR not configured in tests, using isolated fallback: /private/var/folders/sn/m80n2j152t9gw3w8qwk2nykh0000gn/T/tldw_user_databases_test/default-9888a684
2026-09-16 20:49:15.896 | INFO     | tldw_Server_API.app.core.DB_Management.ChaChaNotes_DB:__init__:7657 - Initializing CharactersRAGDB for path: /private/var/folders/sn/m80n2j152t9gw3w8qwk2nykh0000gn/T/pytest-of-macbook-dev/pytest-468/test_other_character_read_path6/2/ChaChaNotes.db [Client ID: 2] (backend=postgresql)
2026-09-16 20:49:16.052 | DEBUG    | tldw_Server_API.app.core.DB_Management.ChaChaNotes_DB:__init__:7664 - CharactersRAGDB initialization completed successfully for /private/var/folders/sn/m80n2j152t9gw3w8qwk2nykh0000gn/T/pytest-of-macbook-dev/pytest-468/test_other_character_read_path6/2/ChaChaNotes.db
----------------------------- Captured stderr call -----------------------------
2026-09-16 20:49:16.054 | DEBUG    | tldw_Server_API.app.core.DB_Management.ChaChaNotes_DB:_get_connection_for_state:8036 - Acquired backend connection (postgresql) for thread 8346099072
2026-09-16 20:49:16.055 | INFO     | tldw_Server_API.app.core.DB_Management.chacha.character_store:add_character_card:162 - Added character card 'First owner padding' with ID: 2.
2026-09-16 20:49:16.057 | INFO     | tldw_Server_API.app.core.DB_Management.chacha.character_store:add_character_card:162 - Added character card 'Private owner-one archivist' with ID: 3.
2026-09-16 20:49:16.057 | DEBUG    | tldw_Server_API.app.core.DB_Management.ChaChaNotes_DB:close_connection:8110 - Returned backend connection (postgresql) for thread 8346099072.
2026-09-16 20:49:16.059 | DEBUG    | tldw_Server_API.app.core.DB_Management.ChaChaNotes_DB:_get_connection_for_state:8036 - Acquired backend connection (postgresql) for thread 8346099072
2026-09-16 20:49:16.059 | DEBUG    | tldw_Server_API.app.core.DB_Management.ChaChaNotes_DB:execute_query:8286 - Executing SQL (script=False, backend=postgresql): SELECT COUNT(1) AS total FROM character_cards cc WHERE cc.deleted = FALSE AND (LOWER(COALESCE(cc.name, '')) LIKE ? OR LOWER(COALESCE(cc.description, '')) LIKE ? OR LOWER(COALESCE(cc.personality, '')) LIKE ? OR LOWER(COALESCE(cc.scenario, '')) LIKE ? OR LOWER(COALESCE(cc.system_prompt, '')) LIKE ?)... Params: ('%private owner-one archivist%', '%private owner-one archivist%', '%private owner-one archivist%', '%private owner-one archivist%', '%private owner-one archivist%')...
2026-09-16 20:49:16.060 | DEBUG    | tldw_Server_API.app.core.DB_Management.ChaChaNotes_DB:execute_query:8286 - Executing SQL (script=False, backend=postgresql): SELECT cc.id, cc.name, cc.description, cc.tags, cc.extensions, cc.deleted, CASE WHEN cc.image IS NOT NULL THEN 1 ELSE 0 END AS has_image FROM character_cards cc WHERE cc.deleted = FALSE AND (LOWER(COALESCE(cc.name, '')) LIKE ? OR LOWER(COALESCE(cc.description, '')) LIKE ? OR LOWER(COALESCE(cc.person... Params: ('%private owner-one archivist%', '%private owner-one archivist%', '%private owner-one archivist%', '%private owner-one archivist%', '%private owner-one archivist%', 25, 0)...
--------------------------- Captured stderr teardown ---------------------------
2026-09-16 20:49:16.063 | DEBUG    | tldw_Server_API.app.core.DB_Management.ChaChaNotes_DB:close_connection:8110 - Returned backend connection (postgresql) for thread 8346099072.
2026-09-16 20:49:16.079 | INFO     | tldw_Server_API.app.api.v1.API_Deps.ChaCha_Notes_DB_Deps:close_all_chacha_db_instances:876 - Closing all cached ChaChaNotesDB instances (0)...
2026-09-16 20:49:16.079 | INFO     | tldw_Server_API.app.api.v1.API_Deps.ChaCha_Notes_DB_Deps:close_all_chacha_db_instances:892 - All ChaChaNotesDB instances closed and cache cleared.
2026-09-16 20:49:16.079 | INFO     | tldw_Server_API.app.api.v1.API_Deps.ChaCha_Notes_DB_Deps:close_all_chacha_db_instances:876 - Closing all cached ChaChaNotesDB instances (0)...
2026-09-16 20:49:16.079 | INFO     | tldw_Server_API.app.api.v1.API_Deps.ChaCha_Notes_DB_Deps:close_all_chacha_db_instances:892 - All ChaChaNotesDB instances closed and cache cleared.
______ test_exemplar_child_paths_preserve_parent_ownership[postgres-list] ______
tldw_Server_API/tests/DB_Management/test_character_shared_owner_contract.py:215: in test_exemplar_child_paths_preserve_parent_ownership
    assert db.list_character_exemplars(foreign) == []
E   assert [{'character_...'other', ...}] == []
E
E     Left contains one more item: {'character_exemplars_fts_tsv': "'exemplar':2 'privat':1", 'character_id': 3, 'created_at': datetime.datetime(2026, 9, 17, 3, 49, 17, 669000, tzinfo=zoneinfo.ZoneInfo(key='Etc/UTC')), 'emotion': 'other', ...}
E     Use -v to get more diff
---------------------------- Captured stderr setup -----------------------------
2026-09-16 20:49:16.096 | INFO     | tldw_Server_API.app.core.DB_Management.backends.factory:create_backend:392 - Creating postgresql backend
2026-09-16 20:49:16.097 | INFO     | tldw_Server_API.app.core.config:_buffered_log:210 - Determined ACTUAL_PROJECT_ROOT for database paths: /Users/macbook-dev/Documents/GitHub/tldw_server2
2026-09-16 20:49:16.097 | INFO     | tldw_Server_API.app.core.config:_buffered_log:210 - Early loading environment variables from: /Users/macbook-dev/Documents/GitHub/tldw_server2/tldw_Server_API/Config_Files/.env
2026-09-16 20:49:16.101 | INFO     | tldw_Server_API.app.core.config:_buffered_log:210 - Early loading environment variables from: /Users/macbook-dev/Documents/GitHub/tldw_server2/tldw_Server_API/Config_Files/.ENV
2026-09-16 20:49:16.105 | DEBUG    | tldw_Server_API.app.core.config:_buffered_log:210 - load_and_log_configs(): Loading and logging configurations...
2026-09-16 20:49:16.106 | INFO     | tldw_Server_API.app.core.config:_buffered_log:210 - Loading environment variables from: /Users/macbook-dev/Documents/GitHub/tldw_server2/tldw_Server_API/Config_Files/.env
2026-09-16 20:49:16.110 | INFO     | tldw_Server_API.app.core.config:_buffered_log:210 - Loading environment variables from: /Users/macbook-dev/Documents/GitHub/tldw_server2/tldw_Server_API/Config_Files/.ENV
2026-09-16 20:49:16.115 | INFO     | tldw_Server_API.app.core.config:_buffered_log:210 - Attempting to load comprehensive config from: /Users/macbook-dev/Documents/GitHub/tldw_server2/tldw_Server_API/Config_Files/config.txt
2026-09-16 20:49:16.117 | INFO     | tldw_Server_API.app.core.config:_buffered_log:210 - load_comprehensive_config(): Sections found in config: ['Setup', 'UI', 'Server', 'Files', 'Image-Generation', 'ACP', 'WORKSPACES', 'ACP-WORKSPACE', 'ACP-SANDBOX', 'Audit', 'Processing', 'Media-Processing', 'Chat-Dictionaries', 'Chat-Module', 'Chat-Commands', 'Chat-Templating', 'Character-Chat', 'Settings', 'Auto-Save', 'Prompts', 'Database', 'Chunking', 'Visual-RAG', 'AuthNZ', 'Streaming', 'HTTP', 'Egress', 'Embeddings', 'Claims', 'ClaimsMonitoring', 'RAG', 'Search-Agent', 'ResourceGovernor', 'Jobs', 'SlidesStandaloneHtml', 'Diarization', 'API', 'MLX', 'Local-API', 'LlamaCpp', 'STT-Settings', 'external_providers', 'TTS-Settings', 'VibeVoice', 'Audio-Quota', 'API-Routes', 'Search-Engines', 'Web-Scraper', 'Logging', 'Moderation', 'Redis', 'Web-Scraping', 'personalization', 'persona', 'persona.rbac']
2026-09-16 20:49:16.119 | INFO     | tldw_Server_API.app.core.config:_buffered_log:210 - Ensured main SQLite database directory exists: /Users/macbook-dev/Documents/GitHub/tldw_server2/Databases
2026-09-16 20:49:16.119 | INFO     | tldw_Server_API.app.core.config:_buffered_log:210 - Ensured user data base directory exists: Databases/user_databases
2026-09-16 20:49:16.120 | WARNING  | tldw_Server_API.app.core.DB_Management.db_path_utils:resolve_user_db_base_dir:491 - USER_DB_BASE_DIR not configured in tests, using isolated fallback: /private/var/folders/sn/m80n2j152t9gw3w8qwk2nykh0000gn/T/tldw_user_databases_test/default-9888a684
2026-09-16 20:49:16.120 | INFO     | tldw_Server_API.app.core.DB_Management.ChaChaNotes_DB:__init__:7657 - Initializing CharactersRAGDB for path: /private/var/folders/sn/m80n2j152t9gw3w8qwk2nykh0000gn/T/pytest-of-macbook-dev/pytest-468/test_exemplar_child_paths_pres4/1/ChaChaNotes.db [Client ID: 1] (backend=postgresql)
2026-09-16 20:49:17.509 | DEBUG    | tldw_Server_API.app.core.DB_Management.ChaChaNotes_DB:__init__:7664 - CharactersRAGDB initialization completed successfully for /private/var/folders/sn/m80n2j152t9gw3w8qwk2nykh0000gn/T/pytest-of-macbook-dev/pytest-468/test_exemplar_child_paths_pres4/1/ChaChaNotes.db
2026-09-16 20:49:17.509 | WARNING  | tldw_Server_API.app.core.DB_Management.db_path_utils:resolve_user_db_base_dir:491 - USER_DB_BASE_DIR not configured in tests, using isolated fallback: /private/var/folders/sn/m80n2j152t9gw3w8qwk2nykh0000gn/T/tldw_user_databases_test/default-9888a684
2026-09-16 20:49:17.509 | INFO     | tldw_Server_API.app.core.DB_Management.ChaChaNotes_DB:__init__:7657 - Initializing CharactersRAGDB for path: /private/var/folders/sn/m80n2j152t9gw3w8qwk2nykh0000gn/T/pytest-of-macbook-dev/pytest-468/test_exemplar_child_paths_pres4/2/ChaChaNotes.db [Client ID: 2] (backend=postgresql)
2026-09-16 20:49:17.665 | DEBUG    | tldw_Server_API.app.core.DB_Management.ChaChaNotes_DB:__init__:7664 - CharactersRAGDB initialization completed successfully for /private/var/folders/sn/m80n2j152t9gw3w8qwk2nykh0000gn/T/pytest-of-macbook-dev/pytest-468/test_exemplar_child_paths_pres4/2/ChaChaNotes.db
----------------------------- Captured stderr call -----------------------------
2026-09-16 20:49:17.667 | DEBUG    | tldw_Server_API.app.core.DB_Management.ChaChaNotes_DB:_get_connection_for_state:8036 - Acquired backend connection (postgresql) for thread 8346099072
2026-09-16 20:49:17.668 | INFO     | tldw_Server_API.app.core.DB_Management.chacha.character_store:add_character_card:162 - Added character card 'First owner padding' with ID: 2.
2026-09-16 20:49:17.669 | INFO     | tldw_Server_API.app.core.DB_Management.chacha.character_store:add_character_card:162 - Added character card 'Private owner-one archivist' with ID: 3.
2026-09-16 20:49:17.669 | DEBUG    | tldw_Server_API.app.core.DB_Management.ChaChaNotes_DB:execute_query:8286 - Executing SQL (script=False, backend=postgresql): SELECT * FROM character_cards WHERE id = ? AND deleted = FALSE... Params: (3,)...
2026-09-16 20:49:17.670 | DEBUG    | tldw_Server_API.app.core.DB_Management.ChaChaNotes_DB:execute_query:8286 - Executing SQL (script=False, backend=postgresql):
            SELECT *
            FROM character_exemplars
            WHERE id = ? AND character_id = ?
         AND is_deleted = ? LIMIT 1... Params: ('b9b872b7-9f58-43b9-bfcf-32f3b00cf358', 3, False)...
2026-09-16 20:49:17.671 | DEBUG    | tldw_Server_API.app.core.DB_Management.ChaChaNotes_DB:execute_query:8286 - Executing SQL (script=False, backend=postgresql):
            SELECT *
            FROM character_exemplars
            WHERE id = ? AND character_id = ?
         LIMIT 1... Params: ('b9b872b7-9f58-43b9-bfcf-32f3b00cf358', 3)...
2026-09-16 20:49:17.671 | DEBUG    | tldw_Server_API.app.core.DB_Management.ChaChaNotes_DB:close_connection:8110 - Returned backend connection (postgresql) for thread 8346099072.
2026-09-16 20:49:17.673 | DEBUG    | tldw_Server_API.app.core.DB_Management.ChaChaNotes_DB:_get_connection_for_state:8036 - Acquired backend connection (postgresql) for thread 8346099072
2026-09-16 20:49:17.673 | DEBUG    | tldw_Server_API.app.core.DB_Management.ChaChaNotes_DB:execute_query:8286 - Executing SQL (script=False, backend=postgresql):
            SELECT *
            FROM character_exemplars
            WHERE character_id = ? AND is_deleted = ?
            ORDER BY updated_at DESC, created_at DESC
            LIMIT ? OFFSET ?
        ... Params: (3, False, 100, 0)...
--------------------------- Captured stderr teardown ---------------------------
2026-09-16 20:49:17.676 | DEBUG    | tldw_Server_API.app.core.DB_Management.ChaChaNotes_DB:close_connection:8110 - Returned backend connection (postgresql) for thread 8346099072.
2026-09-16 20:49:17.693 | INFO     | tldw_Server_API.app.api.v1.API_Deps.ChaCha_Notes_DB_Deps:close_all_chacha_db_instances:876 - Closing all cached ChaChaNotesDB instances (0)...
2026-09-16 20:49:17.693 | INFO     | tldw_Server_API.app.api.v1.API_Deps.ChaCha_Notes_DB_Deps:close_all_chacha_db_instances:892 - All ChaChaNotesDB instances closed and cache cleared.
2026-09-16 20:49:17.693 | INFO     | tldw_Server_API.app.api.v1.API_Deps.ChaCha_Notes_DB_Deps:close_all_chacha_db_instances:876 - Closing all cached ChaChaNotesDB instances (0)...
2026-09-16 20:49:17.693 | INFO     | tldw_Server_API.app.api.v1.API_Deps.ChaCha_Notes_DB_Deps:close_all_chacha_db_instances:892 - All ChaChaNotesDB instances closed and cache cleared.
_________ test_two_owners_can_create_the_same_character_name[postgres] _________
tldw_Server_API/app/core/DB_Management/chacha/character_store.py:155: in add_character_card
    cursor.execute(prepared_query, prepared_params)
tldw_Server_API/app/core/DB_Management/ChaChaNotes_DB.py:506: in guarded
    return method(self, *args, **kwargs)
           ^^^^^^^^^^^^^^^^^^^^^^^^^^^^^
tldw_Server_API/app/core/DB_Management/ChaChaNotes_DB.py:536: in execute
    self._result = self._backend.execute(
tldw_Server_API/app/core/DB_Management/backends/postgresql_backend.py:1099: in execute
    raise UniqueConstraintError("PostgreSQL query execution failed")
E   tldw_Server_API.app.core.DB_Management.backends.base.UniqueConstraintError: PostgreSQL query execution failed

The above exception was the direct cause of the following exception:
tldw_Server_API/tests/DB_Management/test_character_shared_owner_contract.py:133: in test_two_owners_can_create_the_same_character_name
    second = owners.second.add_character_card({"name": "Shared display name"})
             ^^^^^^^^^^^^^^^^^^^^^^^^^^^^^^^^^^^^^^^^^^^^^^^^^^^^^^^^^^^^^^^^^
tldw_Server_API/app/core/DB_Management/ChaChaNotes_DB.py:44342: in _delegated
    return getattr(getattr(self, store_attr), method_name)(*args, **kwargs)
           ^^^^^^^^^^^^^^^^^^^^^^^^^^^^^^^^^^^^^^^^^^^^^^^^^^^^^^^^^^^^^^^^
tldw_Server_API/app/core/DB_Management/chacha/character_store.py:179: in add_character_card
    raise ConflictError(  # noqa: TRY003
E   tldw_Server_API.app.core.DB_Management.ChaChaNotes_DB.ConflictError: Character card with name 'Shared display name' already exists. (Entity: character_cards, ID: Shared display name)
---------------------------- Captured stderr setup -----------------------------
2026-09-16 20:49:19.026 | INFO     | tldw_Server_API.app.core.DB_Management.backends.factory:create_backend:392 - Creating postgresql backend
2026-09-16 20:49:19.026 | INFO     | tldw_Server_API.app.core.config:_buffered_log:210 - Determined ACTUAL_PROJECT_ROOT for database paths: /Users/macbook-dev/Documents/GitHub/tldw_server2
2026-09-16 20:49:19.027 | INFO     | tldw_Server_API.app.core.config:_buffered_log:210 - Early loading environment variables from: /Users/macbook-dev/Documents/GitHub/tldw_server2/tldw_Server_API/Config_Files/.env
2026-09-16 20:49:19.031 | INFO     | tldw_Server_API.app.core.config:_buffered_log:210 - Early loading environment variables from: /Users/macbook-dev/Documents/GitHub/tldw_server2/tldw_Server_API/Config_Files/.ENV
2026-09-16 20:49:19.035 | DEBUG    | tldw_Server_API.app.core.config:_buffered_log:210 - load_and_log_configs(): Loading and logging configurations...
2026-09-16 20:49:19.036 | INFO     | tldw_Server_API.app.core.config:_buffered_log:210 - Loading environment variables from: /Users/macbook-dev/Documents/GitHub/tldw_server2/tldw_Server_API/Config_Files/.env
2026-09-16 20:49:19.040 | INFO     | tldw_Server_API.app.core.config:_buffered_log:210 - Loading environment variables from: /Users/macbook-dev/Documents/GitHub/tldw_server2/tldw_Server_API/Config_Files/.ENV
2026-09-16 20:49:19.045 | INFO     | tldw_Server_API.app.core.config:_buffered_log:210 - Attempting to load comprehensive config from: /Users/macbook-dev/Documents/GitHub/tldw_server2/tldw_Server_API/Config_Files/config.txt
2026-09-16 20:49:19.047 | INFO     | tldw_Server_API.app.core.config:_buffered_log:210 - load_comprehensive_config(): Sections found in config: ['Setup', 'UI', 'Server', 'Files', 'Image-Generation', 'ACP', 'WORKSPACES', 'ACP-WORKSPACE', 'ACP-SANDBOX', 'Audit', 'Processing', 'Media-Processing', 'Chat-Dictionaries', 'Chat-Module', 'Chat-Commands', 'Chat-Templating', 'Character-Chat', 'Settings', 'Auto-Save', 'Prompts', 'Database', 'Chunking', 'Visual-RAG', 'AuthNZ', 'Streaming', 'HTTP', 'Egress', 'Embeddings', 'Claims', 'ClaimsMonitoring', 'RAG', 'Search-Agent', 'ResourceGovernor', 'Jobs', 'SlidesStandaloneHtml', 'Diarization', 'API', 'MLX', 'Local-API', 'LlamaCpp', 'STT-Settings', 'external_providers', 'TTS-Settings', 'VibeVoice', 'Audio-Quota', 'API-Routes', 'Search-Engines', 'Web-Scraper', 'Logging', 'Moderation', 'Redis', 'Web-Scraping', 'personalization', 'persona', 'persona.rbac']
2026-09-16 20:49:19.049 | INFO     | tldw_Server_API.app.core.config:_buffered_log:210 - Ensured main SQLite database directory exists: /Users/macbook-dev/Documents/GitHub/tldw_server2/Databases
2026-09-16 20:49:19.049 | INFO     | tldw_Server_API.app.core.config:_buffered_log:210 - Ensured user data base directory exists: Databases/user_databases
2026-09-16 20:49:19.049 | WARNING  | tldw_Server_API.app.core.DB_Management.db_path_utils:resolve_user_db_base_dir:491 - USER_DB_BASE_DIR not configured in tests, using isolated fallback: /private/var/folders/sn/m80n2j152t9gw3w8qwk2nykh0000gn/T/tldw_user_databases_test/default-9888a684
2026-09-16 20:49:19.050 | INFO     | tldw_Server_API.app.core.DB_Management.ChaChaNotes_DB:__init__:7657 - Initializing CharactersRAGDB for path: /private/var/folders/sn/m80n2j152t9gw3w8qwk2nykh0000gn/T/pytest-of-macbook-dev/pytest-468/test_two_owners_can_create_the0/1/ChaChaNotes.db [Client ID: 1] (backend=postgresql)
2026-09-16 20:49:20.397 | DEBUG    | tldw_Server_API.app.core.DB_Management.ChaChaNotes_DB:__init__:7664 - CharactersRAGDB initialization completed successfully for /private/var/folders/sn/m80n2j152t9gw3w8qwk2nykh0000gn/T/pytest-of-macbook-dev/pytest-468/test_two_owners_can_create_the0/1/ChaChaNotes.db
2026-09-16 20:49:20.398 | WARNING  | tldw_Server_API.app.core.DB_Management.db_path_utils:resolve_user_db_base_dir:491 - USER_DB_BASE_DIR not configured in tests, using isolated fallback: /private/var/folders/sn/m80n2j152t9gw3w8qwk2nykh0000gn/T/tldw_user_databases_test/default-9888a684
2026-09-16 20:49:20.398 | INFO     | tldw_Server_API.app.core.DB_Management.ChaChaNotes_DB:__init__:7657 - Initializing CharactersRAGDB for path: /private/var/folders/sn/m80n2j152t9gw3w8qwk2nykh0000gn/T/pytest-of-macbook-dev/pytest-468/test_two_owners_can_create_the0/2/ChaChaNotes.db [Client ID: 2] (backend=postgresql)
2026-09-16 20:49:20.542 | DEBUG    | tldw_Server_API.app.core.DB_Management.ChaChaNotes_DB:__init__:7664 - CharactersRAGDB initialization completed successfully for /private/var/folders/sn/m80n2j152t9gw3w8qwk2nykh0000gn/T/pytest-of-macbook-dev/pytest-468/test_two_owners_can_create_the0/2/ChaChaNotes.db
----------------------------- Captured stderr call -----------------------------
2026-09-16 20:49:20.543 | DEBUG    | tldw_Server_API.app.core.DB_Management.ChaChaNotes_DB:_get_connection_for_state:8036 - Acquired backend connection (postgresql) for thread 8346099072
2026-09-16 20:49:20.544 | INFO     | tldw_Server_API.app.core.DB_Management.chacha.character_store:add_character_card:162 - Added character card 'Shared display name' with ID: 2.
2026-09-16 20:49:20.549 | DEBUG    | tldw_Server_API.app.core.DB_Management.ChaChaNotes_DB:_get_connection_for_state:8036 - Acquired backend connection (postgresql) for thread 8346099072
2026-09-16 20:49:20.551 | ERROR    | tldw_Server_API.app.core.DB_Management.backends.postgresql_backend:execute:1089 - PostgreSQL query execution failed
2026-09-16 20:49:20.551 | WARNING  | tldw_Server_API.app.core.DB_Management.chacha.character_store:add_character_card:174 - Character card with name 'Shared display name' already exists (backend postgresql).
--------------------------- Captured stderr teardown ---------------------------
2026-09-16 20:49:21.014 | DEBUG    | tldw_Server_API.app.core.DB_Management.ChaChaNotes_DB:close_connection:8110 - Returned backend connection (postgresql) for thread 8346099072.
2026-09-16 20:49:21.014 | DEBUG    | tldw_Server_API.app.core.DB_Management.ChaChaNotes_DB:close_connection:8110 - Returned backend connection (postgresql) for thread 8346099072.
2026-09-16 20:49:21.039 | INFO     | tldw_Server_API.app.api.v1.API_Deps.ChaCha_Notes_DB_Deps:close_all_chacha_db_instances:876 - Closing all cached ChaChaNotesDB instances (0)...
2026-09-16 20:49:21.039 | INFO     | tldw_Server_API.app.api.v1.API_Deps.ChaCha_Notes_DB_Deps:close_all_chacha_db_instances:892 - All ChaChaNotesDB instances closed and cache cleared.
2026-09-16 20:49:21.040 | INFO     | tldw_Server_API.app.api.v1.API_Deps.ChaCha_Notes_DB_Deps:close_all_chacha_db_instances:876 - Closing all cached ChaChaNotesDB instances (0)...
2026-09-16 20:49:21.040 | INFO     | tldw_Server_API.app.api.v1.API_Deps.ChaCha_Notes_DB_Deps:close_all_chacha_db_instances:892 - All ChaChaNotesDB instances closed and cache cleared.
_____ test_visible_bootstrap_default_can_create_a_character_chat[postgres] _____
tldw_Server_API/tests/DB_Management/test_character_shared_owner_contract.py:94: in test_visible_bootstrap_default_can_create_a_character_chat
    assert response.status_code == 201, response.text
E   AssertionError: {"detail":"Character ID 2 not found."}
E   assert 400 == 201
E    +  where 400 = <Response [400 Bad Request]>.status_code
---------------------------- Captured stderr setup -----------------------------
2026-09-16 20:49:22.297 | INFO     | tldw_Server_API.app.core.DB_Management.backends.factory:create_backend:392 - Creating postgresql backend
2026-09-16 20:49:22.298 | INFO     | tldw_Server_API.app.core.config:_buffered_log:210 - Determined ACTUAL_PROJECT_ROOT for database paths: /Users/macbook-dev/Documents/GitHub/tldw_server2
2026-09-16 20:49:22.299 | INFO     | tldw_Server_API.app.core.config:_buffered_log:210 - Early loading environment variables from: /Users/macbook-dev/Documents/GitHub/tldw_server2/tldw_Server_API/Config_Files/.env
2026-09-16 20:49:22.303 | INFO     | tldw_Server_API.app.core.config:_buffered_log:210 - Early loading environment variables from: /Users/macbook-dev/Documents/GitHub/tldw_server2/tldw_Server_API/Config_Files/.ENV
2026-09-16 20:49:22.307 | DEBUG    | tldw_Server_API.app.core.config:_buffered_log:210 - load_and_log_configs(): Loading and logging configurations...
2026-09-16 20:49:22.308 | INFO     | tldw_Server_API.app.core.config:_buffered_log:210 - Loading environment variables from: /Users/macbook-dev/Documents/GitHub/tldw_server2/tldw_Server_API/Config_Files/.env
2026-09-16 20:49:22.312 | INFO     | tldw_Server_API.app.core.config:_buffered_log:210 - Loading environment variables from: /Users/macbook-dev/Documents/GitHub/tldw_server2/tldw_Server_API/Config_Files/.ENV
2026-09-16 20:49:22.317 | INFO     | tldw_Server_API.app.core.config:_buffered_log:210 - Attempting to load comprehensive config from: /Users/macbook-dev/Documents/GitHub/tldw_server2/tldw_Server_API/Config_Files/config.txt
2026-09-16 20:49:22.318 | INFO     | tldw_Server_API.app.core.config:_buffered_log:210 - load_comprehensive_config(): Sections found in config: ['Setup', 'UI', 'Server', 'Files', 'Image-Generation', 'ACP', 'WORKSPACES', 'ACP-WORKSPACE', 'ACP-SANDBOX', 'Audit', 'Processing', 'Media-Processing', 'Chat-Dictionaries', 'Chat-Module', 'Chat-Commands', 'Chat-Templating', 'Character-Chat', 'Settings', 'Auto-Save', 'Prompts', 'Database', 'Chunking', 'Visual-RAG', 'AuthNZ', 'Streaming', 'HTTP', 'Egress', 'Embeddings', 'Claims', 'ClaimsMonitoring', 'RAG', 'Search-Agent', 'ResourceGovernor', 'Jobs', 'SlidesStandaloneHtml', 'Diarization', 'API', 'MLX', 'Local-API', 'LlamaCpp', 'STT-Settings', 'external_providers', 'TTS-Settings', 'VibeVoice', 'Audio-Quota', 'API-Routes', 'Search-Engines', 'Web-Scraper', 'Logging', 'Moderation', 'Redis', 'Web-Scraping', 'personalization', 'persona', 'persona.rbac']
2026-09-16 20:49:22.321 | INFO     | tldw_Server_API.app.core.config:_buffered_log:210 - Ensured main SQLite database directory exists: /Users/macbook-dev/Documents/GitHub/tldw_server2/Databases
2026-09-16 20:49:22.321 | INFO     | tldw_Server_API.app.core.config:_buffered_log:210 - Ensured user data base directory exists: Databases/user_databases
2026-09-16 20:49:22.321 | WARNING  | tldw_Server_API.app.core.DB_Management.db_path_utils:resolve_user_db_base_dir:491 - USER_DB_BASE_DIR not configured in tests, using isolated fallback: /private/var/folders/sn/m80n2j152t9gw3w8qwk2nykh0000gn/T/tldw_user_databases_test/default-9888a684
2026-09-16 20:49:22.321 | INFO     | tldw_Server_API.app.core.DB_Management.ChaChaNotes_DB:__init__:7657 - Initializing CharactersRAGDB for path: /private/var/folders/sn/m80n2j152t9gw3w8qwk2nykh0000gn/T/pytest-of-macbook-dev/pytest-468/test_visible_bootstrap_default0/1/ChaChaNotes.db [Client ID: 1] (backend=postgresql)
2026-09-16 20:49:23.654 | DEBUG    | tldw_Server_API.app.core.DB_Management.ChaChaNotes_DB:__init__:7664 - CharactersRAGDB initialization completed successfully for /private/var/folders/sn/m80n2j152t9gw3w8qwk2nykh0000gn/T/pytest-of-macbook-dev/pytest-468/test_visible_bootstrap_default0/1/ChaChaNotes.db
2026-09-16 20:49:23.654 | WARNING  | tldw_Server_API.app.core.DB_Management.db_path_utils:resolve_user_db_base_dir:491 - USER_DB_BASE_DIR not configured in tests, using isolated fallback: /private/var/folders/sn/m80n2j152t9gw3w8qwk2nykh0000gn/T/tldw_user_databases_test/default-9888a684
2026-09-16 20:49:23.654 | INFO     | tldw_Server_API.app.core.DB_Management.ChaChaNotes_DB:__init__:7657 - Initializing CharactersRAGDB for path: /private/var/folders/sn/m80n2j152t9gw3w8qwk2nykh0000gn/T/pytest-of-macbook-dev/pytest-468/test_visible_bootstrap_default0/2/ChaChaNotes.db [Client ID: 2] (backend=postgresql)
2026-09-16 20:49:23.793 | DEBUG    | tldw_Server_API.app.core.DB_Management.ChaChaNotes_DB:__init__:7664 - CharactersRAGDB initialization completed successfully for /private/var/folders/sn/m80n2j152t9gw3w8qwk2nykh0000gn/T/pytest-of-macbook-dev/pytest-468/test_visible_bootstrap_default0/2/ChaChaNotes.db
----------------------------- Captured stderr call -----------------------------
2026-09-16 20:49:23.794 | DEBUG    | tldw_Server_API.app.core.DB_Management.ChaChaNotes_DB:_get_connection_for_state:8036 - Acquired backend connection (postgresql) for thread 8346099072
2026-09-16 20:49:23.794 | DEBUG    | tldw_Server_API.app.core.DB_Management.ChaChaNotes_DB:execute_query:8286 - Executing SQL (script=False, backend=postgresql): SELECT 1 FROM character_cards LIMIT 1... Params: None...
2026-09-16 20:49:23.795 | DEBUG    | tldw_Server_API.app.core.DB_Management.ChaChaNotes_DB:execute_query:8286 - Executing SQL (script=False, backend=postgresql): SELECT * FROM character_cards WHERE name = ? AND deleted = ?... Params: ('Helpful AI Assistant', False)...
2026-09-16 20:49:23.795 | INFO     | tldw_Server_API.app.api.v1.API_Deps.ChaCha_Notes_DB_Deps:_ensure_default_character:554 - Default character 'Helpful AI Assistant' not found. Creating now...
2026-09-16 20:49:23.796 | INFO     | tldw_Server_API.app.core.DB_Management.chacha.character_store:add_character_card:162 - Added character card 'Helpful AI Assistant' with ID: 2.
2026-09-16 20:49:23.796 | INFO     | tldw_Server_API.app.api.v1.API_Deps.ChaCha_Notes_DB_Deps:_ensure_default_character:577 - Successfully created default character 'Helpful AI Assistant' with ID: 2.
2026-09-16 20:49:23.796 | DEBUG    | tldw_Server_API.app.core.DB_Management.ChaChaNotes_DB:close_connection:8110 - Returned backend connection (postgresql) for thread 8346099072.
2026-09-16 20:49:23.798 | DEBUG    | tldw_Server_API.app.core.DB_Management.ChaChaNotes_DB:_get_connection_for_state:8036 - Acquired backend connection (postgresql) for thread 8346099072
2026-09-16 20:49:23.798 | DEBUG    | tldw_Server_API.app.core.DB_Management.ChaChaNotes_DB:execute_query:8286 - Executing SQL (script=False, backend=postgresql): SELECT 1 FROM character_cards LIMIT 1... Params: None...
2026-09-16 20:49:23.799 | DEBUG    | tldw_Server_API.app.core.DB_Management.ChaChaNotes_DB:execute_query:8286 - Executing SQL (script=False, backend=postgresql): SELECT * FROM character_cards WHERE name = ? AND deleted = ?... Params: ('Helpful AI Assistant', False)...
2026-09-16 20:49:23.799 | DEBUG    | tldw_Server_API.app.api.v1.API_Deps.ChaCha_Notes_DB_Deps:_ensure_default_character:551 - Default character 'Helpful AI Assistant' already exists with ID: 2.
2026-09-16 20:49:23.799 | DEBUG    | tldw_Server_API.app.core.DB_Management.ChaChaNotes_DB:close_connection:8110 - Returned backend connection (postgresql) for thread 8346099072.
2026-09-16 20:49:23.842 | INFO     | tldw_Server_API.app.core.Character_Chat.character_rate_limiter:__init__:133 - CharacterRateLimiter initialized (RG only): enabled=False policy_id=character_chat.default
2026-09-16 20:49:23.844 | DEBUG    | tldw_Server_API.app.core.DB_Management.ChaChaNotes_DB:_get_connection_for_state:8036 - Acquired backend connection (postgresql) for thread 6229454848
2026-09-16 20:49:23.844 | DEBUG    | tldw_Server_API.app.core.DB_Management.ChaChaNotes_DB:execute_query:8286 - Executing SQL (script=False, backend=postgresql): SELECT * FROM character_cards WHERE id = ? AND deleted = FALSE... Params: (2,)...
2026-09-16 20:49:23.846 | DEBUG    | tldw_Server_API.app.core.DB_Management.ChaChaNotes_DB:execute_query:8286 - Executing SQL (script=False, backend=postgresql): SELECT COUNT(*) as cnt FROM conversations WHERE client_id = ? AND deleted = 0 AND scope_type = ?... Params: ('2', 'global')...
2026-09-16 20:49:23.846 | DEBUG    | tldw_Server_API.app.core.DB_Management.ChaChaNotes_DB:execute_query:8286 - Executing SQL (script=False, backend=postgresql): SELECT * FROM character_cards WHERE id = ? AND deleted = FALSE... Params: (2,)...
2026-09-16 20:49:23.851 | INFO     | tldw_Server_API.app.core.Character_Chat.world_book_manager:_init_tables:614 - World book tables initialized
2026-09-16 20:49:23.851 | DEBUG    | tldw_Server_API.app.core.config:_buffered_log:210 - load_and_log_configs(): Loading and logging configurations...
2026-09-16 20:49:23.854 | WARNING  | tldw_Server_API.app.api.v1.endpoints.character_chat_sessions:create_chat_session:4827 - Invalid chat-session creation input: Character ID 2 not found.
--------------------------- Captured stderr teardown ---------------------------
2026-09-16 20:49:23.875 | INFO     | tldw_Server_API.app.api.v1.API_Deps.ChaCha_Notes_DB_Deps:close_all_chacha_db_instances:876 - Closing all cached ChaChaNotesDB instances (0)...
2026-09-16 20:49:23.875 | INFO     | tldw_Server_API.app.api.v1.API_Deps.ChaCha_Notes_DB_Deps:close_all_chacha_db_instances:892 - All ChaChaNotesDB instances closed and cache cleared.
2026-09-16 20:49:23.875 | INFO     | tldw_Server_API.app.api.v1.API_Deps.ChaCha_Notes_DB_Deps:close_all_chacha_db_instances:876 - Closing all cached ChaChaNotesDB instances (0)...
2026-09-16 20:49:23.876 | INFO     | tldw_Server_API.app.api.v1.API_Deps.ChaCha_Notes_DB_Deps:close_all_chacha_db_instances:892 - All ChaChaNotesDB instances closed and cache cleared.
___ test_character_routes_do_not_expose_another_owners_card[postgres-query] ____
tldw_Server_API/tests/DB_Management/test_character_shared_owner_contract.py:122: in test_character_routes_do_not_expose_another_owners_card
    assert "Private owner-one archivist" not in [row["name"] for row in rows]
E   AssertionError: assert 'Private owner-one archivist' not in ['Default Assistant', 'First owner padding', 'Private owner-one archivist']
---------------------------- Captured stderr setup -----------------------------
2026-09-16 20:49:32.022 | INFO     | tldw_Server_API.app.core.DB_Management.backends.factory:create_backend:392 - Creating postgresql backend
2026-09-16 20:49:32.023 | INFO     | tldw_Server_API.app.core.config:_buffered_log:210 - Determined ACTUAL_PROJECT_ROOT for database paths: /Users/macbook-dev/Documents/GitHub/tldw_server2
2026-09-16 20:49:32.023 | INFO     | tldw_Server_API.app.core.config:_buffered_log:210 - Early loading environment variables from: /Users/macbook-dev/Documents/GitHub/tldw_server2/tldw_Server_API/Config_Files/.env
2026-09-16 20:49:32.028 | INFO     | tldw_Server_API.app.core.config:_buffered_log:210 - Early loading environment variables from: /Users/macbook-dev/Documents/GitHub/tldw_server2/tldw_Server_API/Config_Files/.ENV
2026-09-16 20:49:32.032 | DEBUG    | tldw_Server_API.app.core.config:_buffered_log:210 - load_and_log_configs(): Loading and logging configurations...
2026-09-16 20:49:32.033 | INFO     | tldw_Server_API.app.core.config:_buffered_log:210 - Loading environment variables from: /Users/macbook-dev/Documents/GitHub/tldw_server2/tldw_Server_API/Config_Files/.env
2026-09-16 20:49:32.037 | INFO     | tldw_Server_API.app.core.config:_buffered_log:210 - Loading environment variables from: /Users/macbook-dev/Documents/GitHub/tldw_server2/tldw_Server_API/Config_Files/.ENV
2026-09-16 20:49:32.042 | INFO     | tldw_Server_API.app.core.config:_buffered_log:210 - Attempting to load comprehensive config from: /Users/macbook-dev/Documents/GitHub/tldw_server2/tldw_Server_API/Config_Files/config.txt
2026-09-16 20:49:32.044 | INFO     | tldw_Server_API.app.core.config:_buffered_log:210 - load_comprehensive_config(): Sections found in config: ['Setup', 'UI', 'Server', 'Files', 'Image-Generation', 'ACP', 'WORKSPACES', 'ACP-WORKSPACE', 'ACP-SANDBOX', 'Audit', 'Processing', 'Media-Processing', 'Chat-Dictionaries', 'Chat-Module', 'Chat-Commands', 'Chat-Templating', 'Character-Chat', 'Settings', 'Auto-Save', 'Prompts', 'Database', 'Chunking', 'Visual-RAG', 'AuthNZ', 'Streaming', 'HTTP', 'Egress', 'Embeddings', 'Claims', 'ClaimsMonitoring', 'RAG', 'Search-Agent', 'ResourceGovernor', 'Jobs', 'SlidesStandaloneHtml', 'Diarization', 'API', 'MLX', 'Local-API', 'LlamaCpp', 'STT-Settings', 'external_providers', 'TTS-Settings', 'VibeVoice', 'Audio-Quota', 'API-Routes', 'Search-Engines', 'Web-Scraper', 'Logging', 'Moderation', 'Redis', 'Web-Scraping', 'personalization', 'persona', 'persona.rbac']
2026-09-16 20:49:32.046 | INFO     | tldw_Server_API.app.core.config:_buffered_log:210 - Ensured main SQLite database directory exists: /Users/macbook-dev/Documents/GitHub/tldw_server2/Databases
2026-09-16 20:49:32.046 | INFO     | tldw_Server_API.app.core.config:_buffered_log:210 - Ensured user data base directory exists: Databases/user_databases
2026-09-16 20:49:32.047 | WARNING  | tldw_Server_API.app.core.DB_Management.db_path_utils:resolve_user_db_base_dir:491 - USER_DB_BASE_DIR not configured in tests, using isolated fallback: /private/var/folders/sn/m80n2j152t9gw3w8qwk2nykh0000gn/T/tldw_user_databases_test/default-9888a684
2026-09-16 20:49:32.047 | INFO     | tldw_Server_API.app.core.DB_Management.ChaChaNotes_DB:__init__:7657 - Initializing CharactersRAGDB for path: /private/var/folders/sn/m80n2j152t9gw3w8qwk2nykh0000gn/T/pytest-of-macbook-dev/pytest-468/test_character_routes_do_not_e3/1/ChaChaNotes.db [Client ID: 1] (backend=postgresql)
2026-09-16 20:49:33.334 | DEBUG    | tldw_Server_API.app.core.DB_Management.ChaChaNotes_DB:__init__:7664 - CharactersRAGDB initialization completed successfully for /private/var/folders/sn/m80n2j152t9gw3w8qwk2nykh0000gn/T/pytest-of-macbook-dev/pytest-468/test_character_routes_do_not_e3/1/ChaChaNotes.db
2026-09-16 20:49:33.335 | WARNING  | tldw_Server_API.app.core.DB_Management.db_path_utils:resolve_user_db_base_dir:491 - USER_DB_BASE_DIR not configured in tests, using isolated fallback: /private/var/folders/sn/m80n2j152t9gw3w8qwk2nykh0000gn/T/tldw_user_databases_test/default-9888a684
2026-09-16 20:49:33.335 | INFO     | tldw_Server_API.app.core.DB_Management.ChaChaNotes_DB:__init__:7657 - Initializing CharactersRAGDB for path: /private/var/folders/sn/m80n2j152t9gw3w8qwk2nykh0000gn/T/pytest-of-macbook-dev/pytest-468/test_character_routes_do_not_e3/2/ChaChaNotes.db [Client ID: 2] (backend=postgresql)
2026-09-16 20:49:33.484 | DEBUG    | tldw_Server_API.app.core.DB_Management.ChaChaNotes_DB:__init__:7664 - CharactersRAGDB initialization completed successfully for /private/var/folders/sn/m80n2j152t9gw3w8qwk2nykh0000gn/T/pytest-of-macbook-dev/pytest-468/test_character_routes_do_not_e3/2/ChaChaNotes.db
----------------------------- Captured stderr call -----------------------------
2026-09-16 20:49:33.485 | DEBUG    | tldw_Server_API.app.core.DB_Management.ChaChaNotes_DB:_get_connection_for_state:8036 - Acquired backend connection (postgresql) for thread 8346099072
2026-09-16 20:49:33.486 | INFO     | tldw_Server_API.app.core.DB_Management.chacha.character_store:add_character_card:162 - Added character card 'First owner padding' with ID: 2.
2026-09-16 20:49:33.487 | INFO     | tldw_Server_API.app.core.DB_Management.chacha.character_store:add_character_card:162 - Added character card 'Private owner-one archivist' with ID: 3.
2026-09-16 20:49:33.487 | DEBUG    | tldw_Server_API.app.core.DB_Management.ChaChaNotes_DB:close_connection:8110 - Returned backend connection (postgresql) for thread 8346099072.
2026-09-16 20:49:33.609 | INFO     | tldw_Server_API.app.core.Character_Chat.character_rate_limiter:__init__:133 - CharacterRateLimiter initialized (RG only): enabled=False policy_id=character_chat.default
2026-09-16 20:49:33.613 | DEBUG    | tldw_Server_API.app.core.DB_Management.ChaChaNotes_DB:_get_connection_for_state:8036 - Acquired backend connection (postgresql) for thread 6229454848
2026-09-16 20:49:33.613 | DEBUG    | tldw_Server_API.app.core.DB_Management.ChaChaNotes_DB:execute_query:8286 - Executing SQL (script=False, backend=postgresql): SELECT COUNT(1) AS total FROM character_cards cc WHERE cc.deleted = FALSE... Params: ()...
2026-09-16 20:49:33.614 | DEBUG    | tldw_Server_API.app.core.DB_Management.ChaChaNotes_DB:execute_query:8286 - Executing SQL (script=False, backend=postgresql): SELECT cc.* FROM character_cards cc WHERE cc.deleted = FALSE ORDER BY LOWER(COALESCE(cc.name, '')) ASC, cc.id ASC LIMIT ? OFFSET ?... Params: (25, 0)...
--------------------------- Captured stderr teardown ---------------------------
2026-09-16 20:49:33.635 | INFO     | tldw_Server_API.app.api.v1.API_Deps.ChaCha_Notes_DB_Deps:close_all_chacha_db_instances:876 - Closing all cached ChaChaNotesDB instances (0)...
2026-09-16 20:49:33.635 | INFO     | tldw_Server_API.app.api.v1.API_Deps.ChaCha_Notes_DB_Deps:close_all_chacha_db_instances:892 - All ChaChaNotesDB instances closed and cache cleared.
2026-09-16 20:49:33.636 | INFO     | tldw_Server_API.app.api.v1.API_Deps.ChaCha_Notes_DB_Deps:close_all_chacha_db_instances:876 - Closing all cached ChaChaNotesDB instances (0)...
2026-09-16 20:49:33.636 | INFO     | tldw_Server_API.app.api.v1.API_Deps.ChaCha_Notes_DB_Deps:close_all_chacha_db_instances:892 - All ChaChaNotesDB instances closed and cache cleared.
______ test_exemplar_child_paths_preserve_parent_ownership[postgres-add] _______
tldw_Server_API/tests/DB_Management/test_character_shared_owner_contract.py:219: in test_exemplar_child_paths_preserve_parent_ownership
    with pytest.raises(InputError):
E   Failed: DID NOT RAISE <class 'tldw_Server_API.app.core.DB_Management.ChaChaNotes_DB.InputError'>
---------------------------- Captured stderr setup -----------------------------
2026-09-16 20:49:33.657 | INFO     | tldw_Server_API.app.core.DB_Management.backends.factory:create_backend:392 - Creating postgresql backend
2026-09-16 20:49:33.657 | INFO     | tldw_Server_API.app.core.config:_buffered_log:210 - Determined ACTUAL_PROJECT_ROOT for database paths: /Users/macbook-dev/Documents/GitHub/tldw_server2
2026-09-16 20:49:33.658 | INFO     | tldw_Server_API.app.core.config:_buffered_log:210 - Early loading environment variables from: /Users/macbook-dev/Documents/GitHub/tldw_server2/tldw_Server_API/Config_Files/.env
2026-09-16 20:49:33.662 | INFO     | tldw_Server_API.app.core.config:_buffered_log:210 - Early loading environment variables from: /Users/macbook-dev/Documents/GitHub/tldw_server2/tldw_Server_API/Config_Files/.ENV
2026-09-16 20:49:33.666 | DEBUG    | tldw_Server_API.app.core.config:_buffered_log:210 - load_and_log_configs(): Loading and logging configurations...
2026-09-16 20:49:33.667 | INFO     | tldw_Server_API.app.core.config:_buffered_log:210 - Loading environment variables from: /Users/macbook-dev/Documents/GitHub/tldw_server2/tldw_Server_API/Config_Files/.env
2026-09-16 20:49:33.671 | INFO     | tldw_Server_API.app.core.config:_buffered_log:210 - Loading environment variables from: /Users/macbook-dev/Documents/GitHub/tldw_server2/tldw_Server_API/Config_Files/.ENV
2026-09-16 20:49:33.676 | INFO     | tldw_Server_API.app.core.config:_buffered_log:210 - Attempting to load comprehensive config from: /Users/macbook-dev/Documents/GitHub/tldw_server2/tldw_Server_API/Config_Files/config.txt
2026-09-16 20:49:33.678 | INFO     | tldw_Server_API.app.core.config:_buffered_log:210 - load_comprehensive_config(): Sections found in config: ['Setup', 'UI', 'Server', 'Files', 'Image-Generation', 'ACP', 'WORKSPACES', 'ACP-WORKSPACE', 'ACP-SANDBOX', 'Audit', 'Processing', 'Media-Processing', 'Chat-Dictionaries', 'Chat-Module', 'Chat-Commands', 'Chat-Templating', 'Character-Chat', 'Settings', 'Auto-Save', 'Prompts', 'Database', 'Chunking', 'Visual-RAG', 'AuthNZ', 'Streaming', 'HTTP', 'Egress', 'Embeddings', 'Claims', 'ClaimsMonitoring', 'RAG', 'Search-Agent', 'ResourceGovernor', 'Jobs', 'SlidesStandaloneHtml', 'Diarization', 'API', 'MLX', 'Local-API', 'LlamaCpp', 'STT-Settings', 'external_providers', 'TTS-Settings', 'VibeVoice', 'Audio-Quota', 'API-Routes', 'Search-Engines', 'Web-Scraper', 'Logging', 'Moderation', 'Redis', 'Web-Scraping', 'personalization', 'persona', 'persona.rbac']
2026-09-16 20:49:33.680 | INFO     | tldw_Server_API.app.core.config:_buffered_log:210 - Ensured main SQLite database directory exists: /Users/macbook-dev/Documents/GitHub/tldw_server2/Databases
2026-09-16 20:49:33.680 | INFO     | tldw_Server_API.app.core.config:_buffered_log:210 - Ensured user data base directory exists: Databases/user_databases
2026-09-16 20:49:33.680 | WARNING  | tldw_Server_API.app.core.DB_Management.db_path_utils:resolve_user_db_base_dir:491 - USER_DB_BASE_DIR not configured in tests, using isolated fallback: /private/var/folders/sn/m80n2j152t9gw3w8qwk2nykh0000gn/T/tldw_user_databases_test/default-9888a684
2026-09-16 20:49:33.680 | INFO     | tldw_Server_API.app.core.DB_Management.ChaChaNotes_DB:__init__:7657 - Initializing CharactersRAGDB for path: /private/var/folders/sn/m80n2j152t9gw3w8qwk2nykh0000gn/T/pytest-of-macbook-dev/pytest-468/test_exemplar_child_paths_pres7/1/ChaChaNotes.db [Client ID: 1] (backend=postgresql)
2026-09-16 20:49:34.982 | DEBUG    | tldw_Server_API.app.core.DB_Management.ChaChaNotes_DB:__init__:7664 - CharactersRAGDB initialization completed successfully for /private/var/folders/sn/m80n2j152t9gw3w8qwk2nykh0000gn/T/pytest-of-macbook-dev/pytest-468/test_exemplar_child_paths_pres7/1/ChaChaNotes.db
2026-09-16 20:49:34.983 | WARNING  | tldw_Server_API.app.core.DB_Management.db_path_utils:resolve_user_db_base_dir:491 - USER_DB_BASE_DIR not configured in tests, using isolated fallback: /private/var/folders/sn/m80n2j152t9gw3w8qwk2nykh0000gn/T/tldw_user_databases_test/default-9888a684
2026-09-16 20:49:34.983 | INFO     | tldw_Server_API.app.core.DB_Management.ChaChaNotes_DB:__init__:7657 - Initializing CharactersRAGDB for path: /private/var/folders/sn/m80n2j152t9gw3w8qwk2nykh0000gn/T/pytest-of-macbook-dev/pytest-468/test_exemplar_child_paths_pres7/2/ChaChaNotes.db [Client ID: 2] (backend=postgresql)
2026-09-16 20:49:35.128 | DEBUG    | tldw_Server_API.app.core.DB_Management.ChaChaNotes_DB:__init__:7664 - CharactersRAGDB initialization completed successfully for /private/var/folders/sn/m80n2j152t9gw3w8qwk2nykh0000gn/T/pytest-of-macbook-dev/pytest-468/test_exemplar_child_paths_pres7/2/ChaChaNotes.db
----------------------------- Captured stderr call -----------------------------
2026-09-16 20:49:35.130 | DEBUG    | tldw_Server_API.app.core.DB_Management.ChaChaNotes_DB:_get_connection_for_state:8036 - Acquired backend connection (postgresql) for thread 8346099072
2026-09-16 20:49:35.130 | INFO     | tldw_Server_API.app.core.DB_Management.chacha.character_store:add_character_card:162 - Added character card 'First owner padding' with ID: 2.
2026-09-16 20:49:35.131 | INFO     | tldw_Server_API.app.core.DB_Management.chacha.character_store:add_character_card:162 - Added character card 'Private owner-one archivist' with ID: 3.
2026-09-16 20:49:35.132 | DEBUG    | tldw_Server_API.app.core.DB_Management.ChaChaNotes_DB:execute_query:8286 - Executing SQL (script=False, backend=postgresql): SELECT * FROM character_cards WHERE id = ? AND deleted = FALSE... Params: (3,)...
2026-09-16 20:49:35.133 | DEBUG    | tldw_Server_API.app.core.DB_Management.ChaChaNotes_DB:execute_query:8286 - Executing SQL (script=False, backend=postgresql):
            SELECT *
            FROM character_exemplars
            WHERE id = ? AND character_id = ?
         AND is_deleted = ? LIMIT 1... Params: ('145a9770-b6e7-438e-b77d-f0d7389ca684', 3, False)...
2026-09-16 20:49:35.134 | DEBUG    | tldw_Server_API.app.core.DB_Management.ChaChaNotes_DB:execute_query:8286 - Executing SQL (script=False, backend=postgresql):
            SELECT *
            FROM character_exemplars
            WHERE id = ? AND character_id = ?
         LIMIT 1... Params: ('145a9770-b6e7-438e-b77d-f0d7389ca684', 3)...
2026-09-16 20:49:35.134 | DEBUG    | tldw_Server_API.app.core.DB_Management.ChaChaNotes_DB:close_connection:8110 - Returned backend connection (postgresql) for thread 8346099072.
2026-09-16 20:49:35.136 | DEBUG    | tldw_Server_API.app.core.DB_Management.ChaChaNotes_DB:_get_connection_for_state:8036 - Acquired backend connection (postgresql) for thread 8346099072
2026-09-16 20:49:35.136 | DEBUG    | tldw_Server_API.app.core.DB_Management.ChaChaNotes_DB:execute_query:8286 - Executing SQL (script=False, backend=postgresql): SELECT * FROM character_cards WHERE id = ? AND deleted = FALSE... Params: (3,)...
2026-09-16 20:49:35.137 | DEBUG    | tldw_Server_API.app.core.DB_Management.ChaChaNotes_DB:execute_query:8286 - Executing SQL (script=False, backend=postgresql):
            SELECT *
            FROM character_exemplars
            WHERE id = ? AND character_id = ?
         AND is_deleted = ? LIMIT 1... Params: ('1fda2c1b-33b5-485f-8897-a0cf632629c9', 3, False)...
--------------------------- Captured stderr teardown ---------------------------
2026-09-16 20:49:35.140 | DEBUG    | tldw_Server_API.app.core.DB_Management.ChaChaNotes_DB:close_connection:8110 - Returned backend connection (postgresql) for thread 8346099072.
2026-09-16 20:49:35.155 | INFO     | tldw_Server_API.app.api.v1.API_Deps.ChaCha_Notes_DB_Deps:close_all_chacha_db_instances:876 - Closing all cached ChaChaNotesDB instances (0)...
2026-09-16 20:49:35.155 | INFO     | tldw_Server_API.app.api.v1.API_Deps.ChaCha_Notes_DB_Deps:close_all_chacha_db_instances:892 - All ChaChaNotesDB instances closed and cache cleared.
2026-09-16 20:49:35.155 | INFO     | tldw_Server_API.app.api.v1.API_Deps.ChaCha_Notes_DB_Deps:close_all_chacha_db_instances:876 - Closing all cached ChaChaNotesDB instances (0)...
2026-09-16 20:49:35.155 | INFO     | tldw_Server_API.app.api.v1.API_Deps.ChaCha_Notes_DB_Deps:close_all_chacha_db_instances:892 - All ChaChaNotesDB instances closed and cache cleared.
___ test_default_name_lookup_cannot_reuse_another_owners_character[postgres] ___
tldw_Server_API/tests/DB_Management/test_character_shared_owner_contract.py:128: in test_default_name_lookup_cannot_reuse_another_owners_character
    assert owners.second.get_character_card_by_name("Private same-name lookup") is None
E   assert {'alternate_greetings': None, 'character_cards_fts_tsv': "'lookup':5 'name':4 'privat':1 'same-nam':2", 'character_version': None, 'client_id': '1', ...} is None
E    +  where {'alternate_greetings': None, 'character_cards_fts_tsv': "'lookup':5 'name':4 'privat':1 'same-nam':2", 'character_version': None, 'client_id': '1', ...} = get_character_card_by_name('Private same-name lookup')
E    +    where get_character_card_by_name = <tldw_Server_API.app.core.DB_Management.ChaChaNotes_DB.CharactersRAGDB object at 0x1142ffed0>.get_character_card_by_name
E    +      where <tldw_Server_API.app.core.DB_Management.ChaChaNotes_DB.CharactersRAGDB object at 0x1142ffed0> = namespace(first=<tldw_Server_API.app.core.DB_Management.ChaChaNotes_DB.CharactersRAGDB object at 0x1137665d0>, second=<tldw_Server_API.app.core.DB_Management.ChaChaNotes_DB.CharactersRAGDB object at 0x1142ffed0>, postgres=True).second
---------------------------- Captured stderr setup -----------------------------
2026-09-16 20:49:35.172 | INFO     | tldw_Server_API.app.core.DB_Management.backends.factory:create_backend:392 - Creating postgresql backend
2026-09-16 20:49:35.172 | INFO     | tldw_Server_API.app.core.config:_buffered_log:210 - Determined ACTUAL_PROJECT_ROOT for database paths: /Users/macbook-dev/Documents/GitHub/tldw_server2
2026-09-16 20:49:35.173 | INFO     | tldw_Server_API.app.core.config:_buffered_log:210 - Early loading environment variables from: /Users/macbook-dev/Documents/GitHub/tldw_server2/tldw_Server_API/Config_Files/.env
2026-09-16 20:49:35.177 | INFO     | tldw_Server_API.app.core.config:_buffered_log:210 - Early loading environment variables from: /Users/macbook-dev/Documents/GitHub/tldw_server2/tldw_Server_API/Config_Files/.ENV
2026-09-16 20:49:35.181 | DEBUG    | tldw_Server_API.app.core.config:_buffered_log:210 - load_and_log_configs(): Loading and logging configurations...
2026-09-16 20:49:35.182 | INFO     | tldw_Server_API.app.core.config:_buffered_log:210 - Loading environment variables from: /Users/macbook-dev/Documents/GitHub/tldw_server2/tldw_Server_API/Config_Files/.env
2026-09-16 20:49:35.186 | INFO     | tldw_Server_API.app.core.config:_buffered_log:210 - Loading environment variables from: /Users/macbook-dev/Documents/GitHub/tldw_server2/tldw_Server_API/Config_Files/.ENV
2026-09-16 20:49:35.191 | INFO     | tldw_Server_API.app.core.config:_buffered_log:210 - Attempting to load comprehensive config from: /Users/macbook-dev/Documents/GitHub/tldw_server2/tldw_Server_API/Config_Files/config.txt
2026-09-16 20:49:35.194 | INFO     | tldw_Server_API.app.core.config:_buffered_log:210 - load_comprehensive_config(): Sections found in config: ['Setup', 'UI', 'Server', 'Files', 'Image-Generation', 'ACP', 'WORKSPACES', 'ACP-WORKSPACE', 'ACP-SANDBOX', 'Audit', 'Processing', 'Media-Processing', 'Chat-Dictionaries', 'Chat-Module', 'Chat-Commands', 'Chat-Templating', 'Character-Chat', 'Settings', 'Auto-Save', 'Prompts', 'Database', 'Chunking', 'Visual-RAG', 'AuthNZ', 'Streaming', 'HTTP', 'Egress', 'Embeddings', 'Claims', 'ClaimsMonitoring', 'RAG', 'Search-Agent', 'ResourceGovernor', 'Jobs', 'SlidesStandaloneHtml', 'Diarization', 'API', 'MLX', 'Local-API', 'LlamaCpp', 'STT-Settings', 'external_providers', 'TTS-Settings', 'VibeVoice', 'Audio-Quota', 'API-Routes', 'Search-Engines', 'Web-Scraper', 'Logging', 'Moderation', 'Redis', 'Web-Scraping', 'personalization', 'persona', 'persona.rbac']
2026-09-16 20:49:35.196 | INFO     | tldw_Server_API.app.core.config:_buffered_log:210 - Ensured main SQLite database directory exists: /Users/macbook-dev/Documents/GitHub/tldw_server2/Databases
2026-09-16 20:49:35.196 | INFO     | tldw_Server_API.app.core.config:_buffered_log:210 - Ensured user data base directory exists: Databases/user_databases
2026-09-16 20:49:35.196 | WARNING  | tldw_Server_API.app.core.DB_Management.db_path_utils:resolve_user_db_base_dir:491 - USER_DB_BASE_DIR not configured in tests, using isolated fallback: /private/var/folders/sn/m80n2j152t9gw3w8qwk2nykh0000gn/T/tldw_user_databases_test/default-9888a684
2026-09-16 20:49:35.196 | INFO     | tldw_Server_API.app.core.DB_Management.ChaChaNotes_DB:__init__:7657 - Initializing CharactersRAGDB for path: /private/var/folders/sn/m80n2j152t9gw3w8qwk2nykh0000gn/T/pytest-of-macbook-dev/pytest-468/test_default_name_lookup_canno0/1/ChaChaNotes.db [Client ID: 1] (backend=postgresql)
2026-09-16 20:49:36.523 | DEBUG    | tldw_Server_API.app.core.DB_Management.ChaChaNotes_DB:__init__:7664 - CharactersRAGDB initialization completed successfully for /private/var/folders/sn/m80n2j152t9gw3w8qwk2nykh0000gn/T/pytest-of-macbook-dev/pytest-468/test_default_name_lookup_canno0/1/ChaChaNotes.db
2026-09-16 20:49:36.524 | WARNING  | tldw_Server_API.app.core.DB_Management.db_path_utils:resolve_user_db_base_dir:491 - USER_DB_BASE_DIR not configured in tests, using isolated fallback: /private/var/folders/sn/m80n2j152t9gw3w8qwk2nykh0000gn/T/tldw_user_databases_test/default-9888a684
2026-09-16 20:49:36.524 | INFO     | tldw_Server_API.app.core.DB_Management.ChaChaNotes_DB:__init__:7657 - Initializing CharactersRAGDB for path: /private/var/folders/sn/m80n2j152t9gw3w8qwk2nykh0000gn/T/pytest-of-macbook-dev/pytest-468/test_default_name_lookup_canno0/2/ChaChaNotes.db [Client ID: 2] (backend=postgresql)
2026-09-16 20:49:36.670 | DEBUG    | tldw_Server_API.app.core.DB_Management.ChaChaNotes_DB:__init__:7664 - CharactersRAGDB initialization completed successfully for /private/var/folders/sn/m80n2j152t9gw3w8qwk2nykh0000gn/T/pytest-of-macbook-dev/pytest-468/test_default_name_lookup_canno0/2/ChaChaNotes.db
----------------------------- Captured stderr call -----------------------------
2026-09-16 20:49:36.671 | DEBUG    | tldw_Server_API.app.core.DB_Management.ChaChaNotes_DB:_get_connection_for_state:8036 - Acquired backend connection (postgresql) for thread 8346099072
2026-09-16 20:49:36.672 | INFO     | tldw_Server_API.app.core.DB_Management.chacha.character_store:add_character_card:162 - Added character card 'Private same-name lookup' with ID: 2.
2026-09-16 20:49:36.673 | DEBUG    | tldw_Server_API.app.core.DB_Management.ChaChaNotes_DB:close_connection:8110 - Returned backend connection (postgresql) for thread 8346099072.
2026-09-16 20:49:36.675 | DEBUG    | tldw_Server_API.app.core.DB_Management.ChaChaNotes_DB:_get_connection_for_state:8036 - Acquired backend connection (postgresql) for thread 8346099072
2026-09-16 20:49:36.675 | DEBUG    | tldw_Server_API.app.core.DB_Management.ChaChaNotes_DB:execute_query:8286 - Executing SQL (script=False, backend=postgresql): SELECT * FROM character_cards WHERE name = ? AND deleted = ?... Params: ('Private same-name lookup', False)...
--------------------------- Captured stderr teardown ---------------------------
2026-09-16 20:49:36.678 | DEBUG    | tldw_Server_API.app.core.DB_Management.ChaChaNotes_DB:close_connection:8110 - Returned backend connection (postgresql) for thread 8346099072.
2026-09-16 20:49:36.694 | INFO     | tldw_Server_API.app.api.v1.API_Deps.ChaCha_Notes_DB_Deps:close_all_chacha_db_instances:876 - Closing all cached ChaChaNotesDB instances (0)...
2026-09-16 20:49:36.694 | INFO     | tldw_Server_API.app.api.v1.API_Deps.ChaCha_Notes_DB_Deps:close_all_chacha_db_instances:892 - All ChaChaNotesDB instances closed and cache cleared.
2026-09-16 20:49:36.694 | INFO     | tldw_Server_API.app.api.v1.API_Deps.ChaCha_Notes_DB_Deps:close_all_chacha_db_instances:876 - Closing all cached ChaChaNotesDB instances (0)...
2026-09-16 20:49:36.694 | INFO     | tldw_Server_API.app.api.v1.API_Deps.ChaCha_Notes_DB_Deps:close_all_chacha_db_instances:892 - All ChaChaNotesDB instances closed and cache cleared.
____ test_character_routes_do_not_expose_another_owners_card[postgres-list] ____
tldw_Server_API/tests/DB_Management/test_character_shared_owner_contract.py:122: in test_character_routes_do_not_expose_another_owners_card
    assert "Private owner-one archivist" not in [row["name"] for row in rows]
E   AssertionError: assert 'Private owner-one archivist' not in ['Default Assistant', 'First owner padding', 'Private owner-one archivist']
---------------------------- Captured stderr setup -----------------------------
2026-09-16 20:49:42.047 | INFO     | tldw_Server_API.app.core.DB_Management.backends.factory:create_backend:392 - Creating postgresql backend
2026-09-16 20:49:42.047 | INFO     | tldw_Server_API.app.core.config:_buffered_log:210 - Determined ACTUAL_PROJECT_ROOT for database paths: /Users/macbook-dev/Documents/GitHub/tldw_server2
2026-09-16 20:49:42.047 | INFO     | tldw_Server_API.app.core.config:_buffered_log:210 - Early loading environment variables from: /Users/macbook-dev/Documents/GitHub/tldw_server2/tldw_Server_API/Config_Files/.env
2026-09-16 20:49:42.052 | INFO     | tldw_Server_API.app.core.config:_buffered_log:210 - Early loading environment variables from: /Users/macbook-dev/Documents/GitHub/tldw_server2/tldw_Server_API/Config_Files/.ENV
2026-09-16 20:49:42.056 | DEBUG    | tldw_Server_API.app.core.config:_buffered_log:210 - load_and_log_configs(): Loading and logging configurations...
2026-09-16 20:49:42.057 | INFO     | tldw_Server_API.app.core.config:_buffered_log:210 - Loading environment variables from: /Users/macbook-dev/Documents/GitHub/tldw_server2/tldw_Server_API/Config_Files/.env
2026-09-16 20:49:42.061 | INFO     | tldw_Server_API.app.core.config:_buffered_log:210 - Loading environment variables from: /Users/macbook-dev/Documents/GitHub/tldw_server2/tldw_Server_API/Config_Files/.ENV
2026-09-16 20:49:42.066 | INFO     | tldw_Server_API.app.core.config:_buffered_log:210 - Attempting to load comprehensive config from: /Users/macbook-dev/Documents/GitHub/tldw_server2/tldw_Server_API/Config_Files/config.txt
2026-09-16 20:49:42.068 | INFO     | tldw_Server_API.app.core.config:_buffered_log:210 - load_comprehensive_config(): Sections found in config: ['Setup', 'UI', 'Server', 'Files', 'Image-Generation', 'ACP', 'WORKSPACES', 'ACP-WORKSPACE', 'ACP-SANDBOX', 'Audit', 'Processing', 'Media-Processing', 'Chat-Dictionaries', 'Chat-Module', 'Chat-Commands', 'Chat-Templating', 'Character-Chat', 'Settings', 'Auto-Save', 'Prompts', 'Database', 'Chunking', 'Visual-RAG', 'AuthNZ', 'Streaming', 'HTTP', 'Egress', 'Embeddings', 'Claims', 'ClaimsMonitoring', 'RAG', 'Search-Agent', 'ResourceGovernor', 'Jobs', 'SlidesStandaloneHtml', 'Diarization', 'API', 'MLX', 'Local-API', 'LlamaCpp', 'STT-Settings', 'external_providers', 'TTS-Settings', 'VibeVoice', 'Audio-Quota', 'API-Routes', 'Search-Engines', 'Web-Scraper', 'Logging', 'Moderation', 'Redis', 'Web-Scraping', 'personalization', 'persona', 'persona.rbac']
2026-09-16 20:49:42.070 | INFO     | tldw_Server_API.app.core.config:_buffered_log:210 - Ensured main SQLite database directory exists: /Users/macbook-dev/Documents/GitHub/tldw_server2/Databases
2026-09-16 20:49:42.070 | INFO     | tldw_Server_API.app.core.config:_buffered_log:210 - Ensured user data base directory exists: Databases/user_databases
2026-09-16 20:49:42.070 | WARNING  | tldw_Server_API.app.core.DB_Management.db_path_utils:resolve_user_db_base_dir:491 - USER_DB_BASE_DIR not configured in tests, using isolated fallback: /private/var/folders/sn/m80n2j152t9gw3w8qwk2nykh0000gn/T/tldw_user_databases_test/default-9888a684
2026-09-16 20:49:42.071 | INFO     | tldw_Server_API.app.core.DB_Management.ChaChaNotes_DB:__init__:7657 - Initializing CharactersRAGDB for path: /private/var/folders/sn/m80n2j152t9gw3w8qwk2nykh0000gn/T/pytest-of-macbook-dev/pytest-468/test_character_routes_do_not_e4/1/ChaChaNotes.db [Client ID: 1] (backend=postgresql)
2026-09-16 20:49:43.376 | DEBUG    | tldw_Server_API.app.core.DB_Management.ChaChaNotes_DB:__init__:7664 - CharactersRAGDB initialization completed successfully for /private/var/folders/sn/m80n2j152t9gw3w8qwk2nykh0000gn/T/pytest-of-macbook-dev/pytest-468/test_character_routes_do_not_e4/1/ChaChaNotes.db
2026-09-16 20:49:43.376 | WARNING  | tldw_Server_API.app.core.DB_Management.db_path_utils:resolve_user_db_base_dir:491 - USER_DB_BASE_DIR not configured in tests, using isolated fallback: /private/var/folders/sn/m80n2j152t9gw3w8qwk2nykh0000gn/T/tldw_user_databases_test/default-9888a684
2026-09-16 20:49:43.377 | INFO     | tldw_Server_API.app.core.DB_Management.ChaChaNotes_DB:__init__:7657 - Initializing CharactersRAGDB for path: /private/var/folders/sn/m80n2j152t9gw3w8qwk2nykh0000gn/T/pytest-of-macbook-dev/pytest-468/test_character_routes_do_not_e4/2/ChaChaNotes.db [Client ID: 2] (backend=postgresql)
2026-09-16 20:49:43.528 | DEBUG    | tldw_Server_API.app.core.DB_Management.ChaChaNotes_DB:__init__:7664 - CharactersRAGDB initialization completed successfully for /private/var/folders/sn/m80n2j152t9gw3w8qwk2nykh0000gn/T/pytest-of-macbook-dev/pytest-468/test_character_routes_do_not_e4/2/ChaChaNotes.db
----------------------------- Captured stderr call -----------------------------
2026-09-16 20:49:43.530 | DEBUG    | tldw_Server_API.app.core.DB_Management.ChaChaNotes_DB:_get_connection_for_state:8036 - Acquired backend connection (postgresql) for thread 8346099072
2026-09-16 20:49:43.531 | INFO     | tldw_Server_API.app.core.DB_Management.chacha.character_store:add_character_card:162 - Added character card 'First owner padding' with ID: 2.
2026-09-16 20:49:43.532 | INFO     | tldw_Server_API.app.core.DB_Management.chacha.character_store:add_character_card:162 - Added character card 'Private owner-one archivist' with ID: 3.
2026-09-16 20:49:43.532 | DEBUG    | tldw_Server_API.app.core.DB_Management.ChaChaNotes_DB:close_connection:8110 - Returned backend connection (postgresql) for thread 8346099072.
2026-09-16 20:49:43.572 | INFO     | tldw_Server_API.app.core.Character_Chat.character_rate_limiter:__init__:133 - CharacterRateLimiter initialized (RG only): enabled=False policy_id=character_chat.default
2026-09-16 20:49:43.577 | DEBUG    | tldw_Server_API.app.core.DB_Management.ChaChaNotes_DB:_get_connection_for_state:8036 - Acquired backend connection (postgresql) for thread 6229454848
2026-09-16 20:49:43.577 | DEBUG    | tldw_Server_API.app.core.DB_Management.ChaChaNotes_DB:execute_query:8286 - Executing SQL (script=False, backend=postgresql): SELECT * FROM character_cards WHERE deleted = ? ORDER BY name LIMIT ? OFFSET ?... Params: (False, 100, 0)...
--------------------------- Captured stderr teardown ---------------------------
2026-09-16 20:49:43.596 | INFO     | tldw_Server_API.app.api.v1.API_Deps.ChaCha_Notes_DB_Deps:close_all_chacha_db_instances:876 - Closing all cached ChaChaNotesDB instances (0)...
2026-09-16 20:49:43.596 | INFO     | tldw_Server_API.app.api.v1.API_Deps.ChaCha_Notes_DB_Deps:close_all_chacha_db_instances:892 - All ChaChaNotesDB instances closed and cache cleared.
2026-09-16 20:49:43.597 | INFO     | tldw_Server_API.app.api.v1.API_Deps.ChaCha_Notes_DB_Deps:close_all_chacha_db_instances:876 - Closing all cached ChaChaNotesDB instances (0)...
2026-09-16 20:49:43.597 | INFO     | tldw_Server_API.app.api.v1.API_Deps.ChaCha_Notes_DB_Deps:close_all_chacha_db_instances:892 - All ChaChaNotesDB instances closed and cache cleared.
___ test_other_character_read_paths_exclude_foreign_cards[postgres-setup-id] ___
tldw_Server_API/tests/DB_Management/test_character_shared_owner_contract.py:177: in test_other_character_read_paths_exclude_foreign_cards
    assert db.get_character_setup_option_by_id(foreign) is None
E   AssertionError: assert {'deleted': False, 'description': None, 'extensions': None, 'has_image': 0, ...} is None
E    +  where {'deleted': False, 'description': None, 'extensions': None, 'has_image': 0, ...} = get_character_setup_option_by_id(3)
E    +    where get_character_setup_option_by_id = <tldw_Server_API.app.core.DB_Management.ChaChaNotes_DB.CharactersRAGDB object at 0x113714490>.get_character_setup_option_by_id
---------------------------- Captured stderr setup -----------------------------
2026-09-16 20:49:48.979 | INFO     | tldw_Server_API.app.core.DB_Management.backends.factory:create_backend:392 - Creating postgresql backend
2026-09-16 20:49:48.979 | INFO     | tldw_Server_API.app.core.config:_buffered_log:210 - Determined ACTUAL_PROJECT_ROOT for database paths: /Users/macbook-dev/Documents/GitHub/tldw_server2
2026-09-16 20:49:48.980 | INFO     | tldw_Server_API.app.core.config:_buffered_log:210 - Early loading environment variables from: /Users/macbook-dev/Documents/GitHub/tldw_server2/tldw_Server_API/Config_Files/.env
2026-09-16 20:49:48.985 | INFO     | tldw_Server_API.app.core.config:_buffered_log:210 - Early loading environment variables from: /Users/macbook-dev/Documents/GitHub/tldw_server2/tldw_Server_API/Config_Files/.ENV
2026-09-16 20:49:48.989 | DEBUG    | tldw_Server_API.app.core.config:_buffered_log:210 - load_and_log_configs(): Loading and logging configurations...
2026-09-16 20:49:48.990 | INFO     | tldw_Server_API.app.core.config:_buffered_log:210 - Loading environment variables from: /Users/macbook-dev/Documents/GitHub/tldw_server2/tldw_Server_API/Config_Files/.env
2026-09-16 20:49:48.994 | INFO     | tldw_Server_API.app.core.config:_buffered_log:210 - Loading environment variables from: /Users/macbook-dev/Documents/GitHub/tldw_server2/tldw_Server_API/Config_Files/.ENV
2026-09-16 20:49:48.999 | INFO     | tldw_Server_API.app.core.config:_buffered_log:210 - Attempting to load comprehensive config from: /Users/macbook-dev/Documents/GitHub/tldw_server2/tldw_Server_API/Config_Files/config.txt
2026-09-16 20:49:49.001 | INFO     | tldw_Server_API.app.core.config:_buffered_log:210 - load_comprehensive_config(): Sections found in config: ['Setup', 'UI', 'Server', 'Files', 'Image-Generation', 'ACP', 'WORKSPACES', 'ACP-WORKSPACE', 'ACP-SANDBOX', 'Audit', 'Processing', 'Media-Processing', 'Chat-Dictionaries', 'Chat-Module', 'Chat-Commands', 'Chat-Templating', 'Character-Chat', 'Settings', 'Auto-Save', 'Prompts', 'Database', 'Chunking', 'Visual-RAG', 'AuthNZ', 'Streaming', 'HTTP', 'Egress', 'Embeddings', 'Claims', 'ClaimsMonitoring', 'RAG', 'Search-Agent', 'ResourceGovernor', 'Jobs', 'SlidesStandaloneHtml', 'Diarization', 'API', 'MLX', 'Local-API', 'LlamaCpp', 'STT-Settings', 'external_providers', 'TTS-Settings', 'VibeVoice', 'Audio-Quota', 'API-Routes', 'Search-Engines', 'Web-Scraper', 'Logging', 'Moderation', 'Redis', 'Web-Scraping', 'personalization', 'persona', 'persona.rbac']
2026-09-16 20:49:49.003 | INFO     | tldw_Server_API.app.core.config:_buffered_log:210 - Ensured main SQLite database directory exists: /Users/macbook-dev/Documents/GitHub/tldw_server2/Databases
2026-09-16 20:49:49.003 | INFO     | tldw_Server_API.app.core.config:_buffered_log:210 - Ensured user data base directory exists: Databases/user_databases
2026-09-16 20:49:49.003 | WARNING  | tldw_Server_API.app.core.DB_Management.db_path_utils:resolve_user_db_base_dir:491 - USER_DB_BASE_DIR not configured in tests, using isolated fallback: /private/var/folders/sn/m80n2j152t9gw3w8qwk2nykh0000gn/T/tldw_user_databases_test/default-9888a684
2026-09-16 20:49:49.003 | INFO     | tldw_Server_API.app.core.DB_Management.ChaChaNotes_DB:__init__:7657 - Initializing CharactersRAGDB for path: /private/var/folders/sn/m80n2j152t9gw3w8qwk2nykh0000gn/T/pytest-of-macbook-dev/pytest-468/test_other_character_read_path8/1/ChaChaNotes.db [Client ID: 1] (backend=postgresql)
2026-09-16 20:49:50.376 | DEBUG    | tldw_Server_API.app.core.DB_Management.ChaChaNotes_DB:__init__:7664 - CharactersRAGDB initialization completed successfully for /private/var/folders/sn/m80n2j152t9gw3w8qwk2nykh0000gn/T/pytest-of-macbook-dev/pytest-468/test_other_character_read_path8/1/ChaChaNotes.db
2026-09-16 20:49:50.376 | WARNING  | tldw_Server_API.app.core.DB_Management.db_path_utils:resolve_user_db_base_dir:491 - USER_DB_BASE_DIR not configured in tests, using isolated fallback: /private/var/folders/sn/m80n2j152t9gw3w8qwk2nykh0000gn/T/tldw_user_databases_test/default-9888a684
2026-09-16 20:49:50.376 | INFO     | tldw_Server_API.app.core.DB_Management.ChaChaNotes_DB:__init__:7657 - Initializing CharactersRAGDB for path: /private/var/folders/sn/m80n2j152t9gw3w8qwk2nykh0000gn/T/pytest-of-macbook-dev/pytest-468/test_other_character_read_path8/2/ChaChaNotes.db [Client ID: 2] (backend=postgresql)
2026-09-16 20:49:50.532 | DEBUG    | tldw_Server_API.app.core.DB_Management.ChaChaNotes_DB:__init__:7664 - CharactersRAGDB initialization completed successfully for /private/var/folders/sn/m80n2j152t9gw3w8qwk2nykh0000gn/T/pytest-of-macbook-dev/pytest-468/test_other_character_read_path8/2/ChaChaNotes.db
----------------------------- Captured stderr call -----------------------------
2026-09-16 20:49:50.533 | DEBUG    | tldw_Server_API.app.core.DB_Management.ChaChaNotes_DB:_get_connection_for_state:8036 - Acquired backend connection (postgresql) for thread 8346099072
2026-09-16 20:49:50.535 | INFO     | tldw_Server_API.app.core.DB_Management.chacha.character_store:add_character_card:162 - Added character card 'First owner padding' with ID: 2.
2026-09-16 20:49:50.536 | INFO     | tldw_Server_API.app.core.DB_Management.chacha.character_store:add_character_card:162 - Added character card 'Private owner-one archivist' with ID: 3.
2026-09-16 20:49:50.536 | DEBUG    | tldw_Server_API.app.core.DB_Management.ChaChaNotes_DB:close_connection:8110 - Returned backend connection (postgresql) for thread 8346099072.
2026-09-16 20:49:50.538 | DEBUG    | tldw_Server_API.app.core.DB_Management.ChaChaNotes_DB:_get_connection_for_state:8036 - Acquired backend connection (postgresql) for thread 8346099072
2026-09-16 20:49:50.538 | DEBUG    | tldw_Server_API.app.core.DB_Management.ChaChaNotes_DB:execute_query:8286 - Executing SQL (script=False, backend=postgresql): SELECT id, name, description, tags, extensions, deleted, CASE WHEN image IS NOT NULL THEN 1 ELSE 0 END AS has_image FROM character_cards WHERE id = ? AND deleted = FALSE... Params: (3,)...
--------------------------- Captured stderr teardown ---------------------------
2026-09-16 20:49:50.543 | DEBUG    | tldw_Server_API.app.core.DB_Management.ChaChaNotes_DB:close_connection:8110 - Returned backend connection (postgresql) for thread 8346099072.
2026-09-16 20:49:50.561 | INFO     | tldw_Server_API.app.api.v1.API_Deps.ChaCha_Notes_DB_Deps:close_all_chacha_db_instances:876 - Closing all cached ChaChaNotesDB instances (0)...
2026-09-16 20:49:50.561 | INFO     | tldw_Server_API.app.api.v1.API_Deps.ChaCha_Notes_DB_Deps:close_all_chacha_db_instances:892 - All ChaChaNotesDB instances closed and cache cleared.
2026-09-16 20:49:50.561 | INFO     | tldw_Server_API.app.api.v1.API_Deps.ChaCha_Notes_DB_Deps:close_all_chacha_db_instances:876 - Closing all cached ChaChaNotesDB instances (0)...
2026-09-16 20:49:50.561 | INFO     | tldw_Server_API.app.api.v1.API_Deps.ChaCha_Notes_DB_Deps:close_all_chacha_db_instances:892 - All ChaChaNotesDB instances closed and cache cleared.
______ test_exemplar_child_paths_preserve_parent_ownership[postgres-get] _______
tldw_Server_API/tests/DB_Management/test_character_shared_owner_contract.py:213: in test_exemplar_child_paths_preserve_parent_ownership
    assert db.get_character_exemplar_by_id(foreign, exemplar["id"]) is None
E   assert {'character_exemplars_fts_tsv': "'exemplar':2 'privat':1", 'character_id': 3, 'created_at': datetime.datetime(2026, 9, 17, 3, 49, 59, 702000, tzinfo=zoneinfo.ZoneInfo(key='Etc/UTC')), 'emotion': 'other', ...} is None
E    +  where {'character_exemplars_fts_tsv': "'exemplar':2 'privat':1", 'character_id': 3, 'created_at': datetime.datetime(2026, 9, 17, 3, 49, 59, 702000, tzinfo=zoneinfo.ZoneInfo(key='Etc/UTC')), 'emotion': 'other', ...} = get_character_exemplar_by_id(3, 'cf291655-c42d-47f6-a8f6-9c4ec0e5026c')
E    +    where get_character_exemplar_by_id = <tldw_Server_API.app.core.DB_Management.ChaChaNotes_DB.CharactersRAGDB object at 0x113cc3b90>.get_character_exemplar_by_id
---------------------------- Captured stderr setup -----------------------------
2026-09-16 20:49:58.098 | INFO     | tldw_Server_API.app.core.DB_Management.backends.factory:create_backend:392 - Creating postgresql backend
2026-09-16 20:49:58.098 | INFO     | tldw_Server_API.app.core.config:_buffered_log:210 - Determined ACTUAL_PROJECT_ROOT for database paths: /Users/macbook-dev/Documents/GitHub/tldw_server2
2026-09-16 20:49:58.099 | INFO     | tldw_Server_API.app.core.config:_buffered_log:210 - Early loading environment variables from: /Users/macbook-dev/Documents/GitHub/tldw_server2/tldw_Server_API/Config_Files/.env
2026-09-16 20:49:58.103 | INFO     | tldw_Server_API.app.core.config:_buffered_log:210 - Early loading environment variables from: /Users/macbook-dev/Documents/GitHub/tldw_server2/tldw_Server_API/Config_Files/.ENV
2026-09-16 20:49:58.107 | DEBUG    | tldw_Server_API.app.core.config:_buffered_log:210 - load_and_log_configs(): Loading and logging configurations...
2026-09-16 20:49:58.108 | INFO     | tldw_Server_API.app.core.config:_buffered_log:210 - Loading environment variables from: /Users/macbook-dev/Documents/GitHub/tldw_server2/tldw_Server_API/Config_Files/.env
2026-09-16 20:49:58.112 | INFO     | tldw_Server_API.app.core.config:_buffered_log:210 - Loading environment variables from: /Users/macbook-dev/Documents/GitHub/tldw_server2/tldw_Server_API/Config_Files/.ENV
2026-09-16 20:49:58.117 | INFO     | tldw_Server_API.app.core.config:_buffered_log:210 - Attempting to load comprehensive config from: /Users/macbook-dev/Documents/GitHub/tldw_server2/tldw_Server_API/Config_Files/config.txt
2026-09-16 20:49:58.118 | INFO     | tldw_Server_API.app.core.config:_buffered_log:210 - load_comprehensive_config(): Sections found in config: ['Setup', 'UI', 'Server', 'Files', 'Image-Generation', 'ACP', 'WORKSPACES', 'ACP-WORKSPACE', 'ACP-SANDBOX', 'Audit', 'Processing', 'Media-Processing', 'Chat-Dictionaries', 'Chat-Module', 'Chat-Commands', 'Chat-Templating', 'Character-Chat', 'Settings', 'Auto-Save', 'Prompts', 'Database', 'Chunking', 'Visual-RAG', 'AuthNZ', 'Streaming', 'HTTP', 'Egress', 'Embeddings', 'Claims', 'ClaimsMonitoring', 'RAG', 'Search-Agent', 'ResourceGovernor', 'Jobs', 'SlidesStandaloneHtml', 'Diarization', 'API', 'MLX', 'Local-API', 'LlamaCpp', 'STT-Settings', 'external_providers', 'TTS-Settings', 'VibeVoice', 'Audio-Quota', 'API-Routes', 'Search-Engines', 'Web-Scraper', 'Logging', 'Moderation', 'Redis', 'Web-Scraping', 'personalization', 'persona', 'persona.rbac']
2026-09-16 20:49:58.120 | INFO     | tldw_Server_API.app.core.config:_buffered_log:210 - Ensured main SQLite database directory exists: /Users/macbook-dev/Documents/GitHub/tldw_server2/Databases
2026-09-16 20:49:58.121 | INFO     | tldw_Server_API.app.core.config:_buffered_log:210 - Ensured user data base directory exists: Databases/user_databases
2026-09-16 20:49:58.121 | WARNING  | tldw_Server_API.app.core.DB_Management.db_path_utils:resolve_user_db_base_dir:491 - USER_DB_BASE_DIR not configured in tests, using isolated fallback: /private/var/folders/sn/m80n2j152t9gw3w8qwk2nykh0000gn/T/tldw_user_databases_test/default-9888a684
2026-09-16 20:49:58.121 | INFO     | tldw_Server_API.app.core.DB_Management.ChaChaNotes_DB:__init__:7657 - Initializing CharactersRAGDB for path: /private/var/folders/sn/m80n2j152t9gw3w8qwk2nykh0000gn/T/pytest-of-macbook-dev/pytest-468/test_exemplar_child_paths_pres11/1/ChaChaNotes.db [Client ID: 1] (backend=postgresql)
2026-09-16 20:49:59.540 | DEBUG    | tldw_Server_API.app.core.DB_Management.ChaChaNotes_DB:__init__:7664 - CharactersRAGDB initialization completed successfully for /private/var/folders/sn/m80n2j152t9gw3w8qwk2nykh0000gn/T/pytest-of-macbook-dev/pytest-468/test_exemplar_child_paths_pres11/1/ChaChaNotes.db
2026-09-16 20:49:59.540 | WARNING  | tldw_Server_API.app.core.DB_Management.db_path_utils:resolve_user_db_base_dir:491 - USER_DB_BASE_DIR not configured in tests, using isolated fallback: /private/var/folders/sn/m80n2j152t9gw3w8qwk2nykh0000gn/T/tldw_user_databases_test/default-9888a684
2026-09-16 20:49:59.540 | INFO     | tldw_Server_API.app.core.DB_Management.ChaChaNotes_DB:__init__:7657 - Initializing CharactersRAGDB for path: /private/var/folders/sn/m80n2j152t9gw3w8qwk2nykh0000gn/T/pytest-of-macbook-dev/pytest-468/test_exemplar_child_paths_pres11/2/ChaChaNotes.db [Client ID: 2] (backend=postgresql)
2026-09-16 20:49:59.696 | DEBUG    | tldw_Server_API.app.core.DB_Management.ChaChaNotes_DB:__init__:7664 - CharactersRAGDB initialization completed successfully for /private/var/folders/sn/m80n2j152t9gw3w8qwk2nykh0000gn/T/pytest-of-macbook-dev/pytest-468/test_exemplar_child_paths_pres11/2/ChaChaNotes.db
----------------------------- Captured stderr call -----------------------------
2026-09-16 20:49:59.699 | DEBUG    | tldw_Server_API.app.core.DB_Management.ChaChaNotes_DB:_get_connection_for_state:8036 - Acquired backend connection (postgresql) for thread 8346099072
2026-09-16 20:49:59.700 | INFO     | tldw_Server_API.app.core.DB_Management.chacha.character_store:add_character_card:162 - Added character card 'First owner padding' with ID: 2.
2026-09-16 20:49:59.701 | INFO     | tldw_Server_API.app.core.DB_Management.chacha.character_store:add_character_card:162 - Added character card 'Private owner-one archivist' with ID: 3.
2026-09-16 20:49:59.701 | DEBUG    | tldw_Server_API.app.core.DB_Management.ChaChaNotes_DB:execute_query:8286 - Executing SQL (script=False, backend=postgresql): SELECT * FROM character_cards WHERE id = ? AND deleted = FALSE... Params: (3,)...
2026-09-16 20:49:59.703 | DEBUG    | tldw_Server_API.app.core.DB_Management.ChaChaNotes_DB:execute_query:8286 - Executing SQL (script=False, backend=postgresql):
            SELECT *
            FROM character_exemplars
            WHERE id = ? AND character_id = ?
         AND is_deleted = ? LIMIT 1... Params: ('cf291655-c42d-47f6-a8f6-9c4ec0e5026c', 3, False)...
2026-09-16 20:49:59.703 | DEBUG    | tldw_Server_API.app.core.DB_Management.ChaChaNotes_DB:execute_query:8286 - Executing SQL (script=False, backend=postgresql):
            SELECT *
            FROM character_exemplars
            WHERE id = ? AND character_id = ?
         LIMIT 1... Params: ('cf291655-c42d-47f6-a8f6-9c4ec0e5026c', 3)...
2026-09-16 20:49:59.704 | DEBUG    | tldw_Server_API.app.core.DB_Management.ChaChaNotes_DB:close_connection:8110 - Returned backend connection (postgresql) for thread 8346099072.
2026-09-16 20:49:59.705 | DEBUG    | tldw_Server_API.app.core.DB_Management.ChaChaNotes_DB:_get_connection_for_state:8036 - Acquired backend connection (postgresql) for thread 8346099072
2026-09-16 20:49:59.705 | DEBUG    | tldw_Server_API.app.core.DB_Management.ChaChaNotes_DB:execute_query:8286 - Executing SQL (script=False, backend=postgresql):
            SELECT *
            FROM character_exemplars
            WHERE id = ? AND character_id = ?
         AND is_deleted = ? LIMIT 1... Params: ('cf291655-c42d-47f6-a8f6-9c4ec0e5026c', 3, False)...
--------------------------- Captured stderr teardown ---------------------------
2026-09-16 20:49:59.709 | DEBUG    | tldw_Server_API.app.core.DB_Management.ChaChaNotes_DB:close_connection:8110 - Returned backend connection (postgresql) for thread 8346099072.
2026-09-16 20:49:59.727 | INFO     | tldw_Server_API.app.api.v1.API_Deps.ChaCha_Notes_DB_Deps:close_all_chacha_db_instances:876 - Closing all cached ChaChaNotesDB instances (0)...
2026-09-16 20:49:59.727 | INFO     | tldw_Server_API.app.api.v1.API_Deps.ChaCha_Notes_DB_Deps:close_all_chacha_db_instances:892 - All ChaChaNotesDB instances closed and cache cleared.
2026-09-16 20:49:59.727 | INFO     | tldw_Server_API.app.api.v1.API_Deps.ChaCha_Notes_DB_Deps:close_all_chacha_db_instances:876 - Closing all cached ChaChaNotesDB instances (0)...
2026-09-16 20:49:59.727 | INFO     | tldw_Server_API.app.api.v1.API_Deps.ChaCha_Notes_DB_Deps:close_all_chacha_db_instances:892 - All ChaChaNotesDB instances closed and cache cleared.
____ test_default_bootstrap_returns_the_current_owners_character[postgres] _____
tldw_Server_API/tests/DB_Management/test_character_shared_owner_contract.py:84: in test_default_bootstrap_returns_the_current_owners_character
    assert card["client_id"] == "2"
E   AssertionError: assert '1' == '2'
E
E     - 2
E     + 1
---------------------------- Captured stderr setup -----------------------------
2026-09-16 20:50:02.696 | INFO     | tldw_Server_API.app.core.DB_Management.backends.factory:create_backend:392 - Creating postgresql backend
2026-09-16 20:50:02.696 | INFO     | tldw_Server_API.app.core.config:_buffered_log:210 - Determined ACTUAL_PROJECT_ROOT for database paths: /Users/macbook-dev/Documents/GitHub/tldw_server2
2026-09-16 20:50:02.697 | INFO     | tldw_Server_API.app.core.config:_buffered_log:210 - Early loading environment variables from: /Users/macbook-dev/Documents/GitHub/tldw_server2/tldw_Server_API/Config_Files/.env
2026-09-16 20:50:02.701 | INFO     | tldw_Server_API.app.core.config:_buffered_log:210 - Early loading environment variables from: /Users/macbook-dev/Documents/GitHub/tldw_server2/tldw_Server_API/Config_Files/.ENV
2026-09-16 20:50:02.705 | DEBUG    | tldw_Server_API.app.core.config:_buffered_log:210 - load_and_log_configs(): Loading and logging configurations...
2026-09-16 20:50:02.706 | INFO     | tldw_Server_API.app.core.config:_buffered_log:210 - Loading environment variables from: /Users/macbook-dev/Documents/GitHub/tldw_server2/tldw_Server_API/Config_Files/.env
2026-09-16 20:50:02.710 | INFO     | tldw_Server_API.app.core.config:_buffered_log:210 - Loading environment variables from: /Users/macbook-dev/Documents/GitHub/tldw_server2/tldw_Server_API/Config_Files/.ENV
2026-09-16 20:50:02.715 | INFO     | tldw_Server_API.app.core.config:_buffered_log:210 - Attempting to load comprehensive config from: /Users/macbook-dev/Documents/GitHub/tldw_server2/tldw_Server_API/Config_Files/config.txt
2026-09-16 20:50:02.717 | INFO     | tldw_Server_API.app.core.config:_buffered_log:210 - load_comprehensive_config(): Sections found in config: ['Setup', 'UI', 'Server', 'Files', 'Image-Generation', 'ACP', 'WORKSPACES', 'ACP-WORKSPACE', 'ACP-SANDBOX', 'Audit', 'Processing', 'Media-Processing', 'Chat-Dictionaries', 'Chat-Module', 'Chat-Commands', 'Chat-Templating', 'Character-Chat', 'Settings', 'Auto-Save', 'Prompts', 'Database', 'Chunking', 'Visual-RAG', 'AuthNZ', 'Streaming', 'HTTP', 'Egress', 'Embeddings', 'Claims', 'ClaimsMonitoring', 'RAG', 'Search-Agent', 'ResourceGovernor', 'Jobs', 'SlidesStandaloneHtml', 'Diarization', 'API', 'MLX', 'Local-API', 'LlamaCpp', 'STT-Settings', 'external_providers', 'TTS-Settings', 'VibeVoice', 'Audio-Quota', 'API-Routes', 'Search-Engines', 'Web-Scraper', 'Logging', 'Moderation', 'Redis', 'Web-Scraping', 'personalization', 'persona', 'persona.rbac']
2026-09-16 20:50:02.719 | INFO     | tldw_Server_API.app.core.config:_buffered_log:210 - Ensured main SQLite database directory exists: /Users/macbook-dev/Documents/GitHub/tldw_server2/Databases
2026-09-16 20:50:02.719 | INFO     | tldw_Server_API.app.core.config:_buffered_log:210 - Ensured user data base directory exists: Databases/user_databases
2026-09-16 20:50:02.719 | WARNING  | tldw_Server_API.app.core.DB_Management.db_path_utils:resolve_user_db_base_dir:491 - USER_DB_BASE_DIR not configured in tests, using isolated fallback: /private/var/folders/sn/m80n2j152t9gw3w8qwk2nykh0000gn/T/tldw_user_databases_test/default-9888a684
2026-09-16 20:50:02.719 | INFO     | tldw_Server_API.app.core.DB_Management.ChaChaNotes_DB:__init__:7657 - Initializing CharactersRAGDB for path: /private/var/folders/sn/m80n2j152t9gw3w8qwk2nykh0000gn/T/pytest-of-macbook-dev/pytest-468/test_default_bootstrap_returns1/1/ChaChaNotes.db [Client ID: 1] (backend=postgresql)
2026-09-16 20:50:04.148 | DEBUG    | tldw_Server_API.app.core.DB_Management.ChaChaNotes_DB:__init__:7664 - CharactersRAGDB initialization completed successfully for /private/var/folders/sn/m80n2j152t9gw3w8qwk2nykh0000gn/T/pytest-of-macbook-dev/pytest-468/test_default_bootstrap_returns1/1/ChaChaNotes.db
2026-09-16 20:50:04.148 | WARNING  | tldw_Server_API.app.core.DB_Management.db_path_utils:resolve_user_db_base_dir:491 - USER_DB_BASE_DIR not configured in tests, using isolated fallback: /private/var/folders/sn/m80n2j152t9gw3w8qwk2nykh0000gn/T/tldw_user_databases_test/default-9888a684
2026-09-16 20:50:04.149 | INFO     | tldw_Server_API.app.core.DB_Management.ChaChaNotes_DB:__init__:7657 - Initializing CharactersRAGDB for path: /private/var/folders/sn/m80n2j152t9gw3w8qwk2nykh0000gn/T/pytest-of-macbook-dev/pytest-468/test_default_bootstrap_returns1/2/ChaChaNotes.db [Client ID: 2] (backend=postgresql)
2026-09-16 20:50:04.303 | DEBUG    | tldw_Server_API.app.core.DB_Management.ChaChaNotes_DB:__init__:7664 - CharactersRAGDB initialization completed successfully for /private/var/folders/sn/m80n2j152t9gw3w8qwk2nykh0000gn/T/pytest-of-macbook-dev/pytest-468/test_default_bootstrap_returns1/2/ChaChaNotes.db
----------------------------- Captured stderr call -----------------------------
2026-09-16 20:50:04.304 | DEBUG    | tldw_Server_API.app.core.DB_Management.ChaChaNotes_DB:_get_connection_for_state:8036 - Acquired backend connection (postgresql) for thread 8346099072
2026-09-16 20:50:04.304 | DEBUG    | tldw_Server_API.app.core.DB_Management.ChaChaNotes_DB:execute_query:8286 - Executing SQL (script=False, backend=postgresql): SELECT 1 FROM character_cards LIMIT 1... Params: None...
2026-09-16 20:50:04.305 | DEBUG    | tldw_Server_API.app.core.DB_Management.ChaChaNotes_DB:execute_query:8286 - Executing SQL (script=False, backend=postgresql): SELECT * FROM character_cards WHERE name = ? AND deleted = ?... Params: ('Helpful AI Assistant', False)...
2026-09-16 20:50:04.306 | INFO     | tldw_Server_API.app.api.v1.API_Deps.ChaCha_Notes_DB_Deps:_ensure_default_character:554 - Default character 'Helpful AI Assistant' not found. Creating now...
2026-09-16 20:50:04.307 | INFO     | tldw_Server_API.app.core.DB_Management.chacha.character_store:add_character_card:162 - Added character card 'Helpful AI Assistant' with ID: 2.
2026-09-16 20:50:04.307 | INFO     | tldw_Server_API.app.api.v1.API_Deps.ChaCha_Notes_DB_Deps:_ensure_default_character:577 - Successfully created default character 'Helpful AI Assistant' with ID: 2.
2026-09-16 20:50:04.307 | DEBUG    | tldw_Server_API.app.core.DB_Management.ChaChaNotes_DB:close_connection:8110 - Returned backend connection (postgresql) for thread 8346099072.
2026-09-16 20:50:04.310 | DEBUG    | tldw_Server_API.app.core.DB_Management.ChaChaNotes_DB:_get_connection_for_state:8036 - Acquired backend connection (postgresql) for thread 8346099072
2026-09-16 20:50:04.311 | DEBUG    | tldw_Server_API.app.core.DB_Management.ChaChaNotes_DB:execute_query:8286 - Executing SQL (script=False, backend=postgresql): SELECT 1 FROM character_cards LIMIT 1... Params: None...
2026-09-16 20:50:04.311 | DEBUG    | tldw_Server_API.app.core.DB_Management.ChaChaNotes_DB:execute_query:8286 - Executing SQL (script=False, backend=postgresql): SELECT * FROM character_cards WHERE name = ? AND deleted = ?... Params: ('Helpful AI Assistant', False)...
2026-09-16 20:50:04.312 | DEBUG    | tldw_Server_API.app.api.v1.API_Deps.ChaCha_Notes_DB_Deps:_ensure_default_character:551 - Default character 'Helpful AI Assistant' already exists with ID: 2.
2026-09-16 20:50:04.312 | DEBUG    | tldw_Server_API.app.core.DB_Management.ChaChaNotes_DB:close_connection:8110 - Returned backend connection (postgresql) for thread 8346099072.
2026-09-16 20:50:04.313 | DEBUG    | tldw_Server_API.app.core.DB_Management.ChaChaNotes_DB:_get_connection_for_state:8036 - Acquired backend connection (postgresql) for thread 8346099072
2026-09-16 20:50:04.314 | DEBUG    | tldw_Server_API.app.core.DB_Management.ChaChaNotes_DB:execute_query:8286 - Executing SQL (script=False, backend=postgresql): SELECT * FROM character_cards WHERE id = ? AND deleted = FALSE... Params: (2,)...
--------------------------- Captured stderr teardown ---------------------------
2026-09-16 20:50:04.318 | DEBUG    | tldw_Server_API.app.core.DB_Management.ChaChaNotes_DB:close_connection:8110 - Returned backend connection (postgresql) for thread 8346099072.
2026-09-16 20:50:04.337 | INFO     | tldw_Server_API.app.api.v1.API_Deps.ChaCha_Notes_DB_Deps:close_all_chacha_db_instances:876 - Closing all cached ChaChaNotesDB instances (0)...
2026-09-16 20:50:04.337 | INFO     | tldw_Server_API.app.api.v1.API_Deps.ChaCha_Notes_DB_Deps:close_all_chacha_db_instances:892 - All ChaChaNotesDB instances closed and cache cleared.
2026-09-16 20:50:04.338 | INFO     | tldw_Server_API.app.api.v1.API_Deps.ChaCha_Notes_DB_Deps:close_all_chacha_db_instances:876 - Closing all cached ChaChaNotesDB instances (0)...
2026-09-16 20:50:04.338 | INFO     | tldw_Server_API.app.api.v1.API_Deps.ChaCha_Notes_DB_Deps:close_all_chacha_db_instances:892 - All ChaChaNotesDB instances closed and cache cleared.
______________________ test_exemplar_default_filter_error ______________________
tldw_Server_API/app/core/DB_Management/ChaChaNotes_DB.py:8306: in execute_query
    cursor.execute(prepared_query, prepared_params or ())
tldw_Server_API/app/core/DB_Management/ChaChaNotes_DB.py:506: in guarded
    return method(self, *args, **kwargs)
           ^^^^^^^^^^^^^^^^^^^^^^^^^^^^^
tldw_Server_API/app/core/DB_Management/ChaChaNotes_DB.py:536: in execute
    self._result = self._backend.execute(
tldw_Server_API/app/core/DB_Management/backends/postgresql_backend.py:1100: in execute
    raise DatabaseError("PostgreSQL query execution failed")
E   tldw_Server_API.app.core.DB_Management.backends.base.DatabaseError: PostgreSQL query execution failed

The above exception was the direct cause of the following exception:
.tmp/uat193-diagnosis-20260917/test_exemplar_default_filters_probe.py:27: in test_exemplar_default_filter_error
    rows, count = db.search_character_exemplars(character, query="Private", emotion="other", scenario="other")
                  ^^^^^^^^^^^^^^^^^^^^^^^^^^^^^^^^^^^^^^^^^^^^^^^^^^^^^^^^^^^^^^^^^^^^^^^^^^^^^^^^^^^^^^^^^^^^
tldw_Server_API/app/core/DB_Management/ChaChaNotes_DB.py:44342: in _delegated
    return getattr(getattr(self, store_attr), method_name)(*args, **kwargs)
           ^^^^^^^^^^^^^^^^^^^^^^^^^^^^^^^^^^^^^^^^^^^^^^^^^^^^^^^^^^^^^^^^
tldw_Server_API/app/core/DB_Management/chacha/character_store.py:2155: in search_character_exemplars
    cursor = self._db.execute_query(sql, tuple(query_params))
             ^^^^^^^^^^^^^^^^^^^^^^^^^^^^^^^^^^^^^^^^^^^^^^^^
tldw_Server_API/app/core/DB_Management/ChaChaNotes_DB.py:492: in guarded
    return method(self, *args, **kwargs)
           ^^^^^^^^^^^^^^^^^^^^^^^^^^^^^
tldw_Server_API/app/core/DB_Management/ChaChaNotes_DB.py:8360: in execute_query
    raise CharactersRAGDBError(f"Query execution failed: {exc}") from exc  # noqa: TRY003
    ^^^^^^^^^^^^^^^^^^^^^^^^^^^^^^^^^^^^^^^^^^^^^^^^^^^^^^^^^^^^^^^^^^^^^
E   tldw_Server_API.app.core.DB_Management.ChaChaNotes_DB.CharactersRAGDBError: Query execution failed: PostgreSQL query execution failed
----------------------------- Captured stderr call -----------------------------
2026-09-16 20:50:04.357 | INFO     | tldw_Server_API.app.core.DB_Management.backends.factory:create_backend:392 - Creating postgresql backend
2026-09-16 20:50:04.357 | INFO     | tldw_Server_API.app.core.config:_buffered_log:210 - Determined ACTUAL_PROJECT_ROOT for database paths: /Users/macbook-dev/Documents/GitHub/tldw_server2
2026-09-16 20:50:04.357 | INFO     | tldw_Server_API.app.core.config:_buffered_log:210 - Early loading environment variables from: /Users/macbook-dev/Documents/GitHub/tldw_server2/tldw_Server_API/Config_Files/.env
2026-09-16 20:50:04.362 | INFO     | tldw_Server_API.app.core.config:_buffered_log:210 - Early loading environment variables from: /Users/macbook-dev/Documents/GitHub/tldw_server2/tldw_Server_API/Config_Files/.ENV
2026-09-16 20:50:04.366 | DEBUG    | tldw_Server_API.app.core.config:_buffered_log:210 - load_and_log_configs(): Loading and logging configurations...
2026-09-16 20:50:04.367 | INFO     | tldw_Server_API.app.core.config:_buffered_log:210 - Loading environment variables from: /Users/macbook-dev/Documents/GitHub/tldw_server2/tldw_Server_API/Config_Files/.env
2026-09-16 20:50:04.371 | INFO     | tldw_Server_API.app.core.config:_buffered_log:210 - Loading environment variables from: /Users/macbook-dev/Documents/GitHub/tldw_server2/tldw_Server_API/Config_Files/.ENV
2026-09-16 20:50:04.375 | INFO     | tldw_Server_API.app.core.config:_buffered_log:210 - Attempting to load comprehensive config from: /Users/macbook-dev/Documents/GitHub/tldw_server2/tldw_Server_API/Config_Files/config.txt
2026-09-16 20:50:04.377 | INFO     | tldw_Server_API.app.core.config:_buffered_log:210 - load_comprehensive_config(): Sections found in config: ['Setup', 'UI', 'Server', 'Files', 'Image-Generation', 'ACP', 'WORKSPACES', 'ACP-WORKSPACE', 'ACP-SANDBOX', 'Audit', 'Processing', 'Media-Processing', 'Chat-Dictionaries', 'Chat-Module', 'Chat-Commands', 'Chat-Templating', 'Character-Chat', 'Settings', 'Auto-Save', 'Prompts', 'Database', 'Chunking', 'Visual-RAG', 'AuthNZ', 'Streaming', 'HTTP', 'Egress', 'Embeddings', 'Claims', 'ClaimsMonitoring', 'RAG', 'Search-Agent', 'ResourceGovernor', 'Jobs', 'SlidesStandaloneHtml', 'Diarization', 'API', 'MLX', 'Local-API', 'LlamaCpp', 'STT-Settings', 'external_providers', 'TTS-Settings', 'VibeVoice', 'Audio-Quota', 'API-Routes', 'Search-Engines', 'Web-Scraper', 'Logging', 'Moderation', 'Redis', 'Web-Scraping', 'personalization', 'persona', 'persona.rbac']
2026-09-16 20:50:04.379 | INFO     | tldw_Server_API.app.core.config:_buffered_log:210 - Ensured main SQLite database directory exists: /Users/macbook-dev/Documents/GitHub/tldw_server2/Databases
2026-09-16 20:50:04.380 | INFO     | tldw_Server_API.app.core.config:_buffered_log:210 - Ensured user data base directory exists: Databases/user_databases
2026-09-16 20:50:04.380 | WARNING  | tldw_Server_API.app.core.DB_Management.db_path_utils:resolve_user_db_base_dir:491 - USER_DB_BASE_DIR not configured in tests, using isolated fallback: /private/var/folders/sn/m80n2j152t9gw3w8qwk2nykh0000gn/T/tldw_user_databases_test/default-9888a684
2026-09-16 20:50:04.380 | INFO     | tldw_Server_API.app.core.DB_Management.ChaChaNotes_DB:__init__:7657 - Initializing CharactersRAGDB for path: /private/var/folders/sn/m80n2j152t9gw3w8qwk2nykh0000gn/T/pytest-of-macbook-dev/pytest-468/test_exemplar_default_filter_e0/probe.db [Client ID: 1] (backend=postgresql)
2026-09-16 20:50:05.771 | DEBUG    | tldw_Server_API.app.core.DB_Management.ChaChaNotes_DB:__init__:7664 - CharactersRAGDB initialization completed successfully for /private/var/folders/sn/m80n2j152t9gw3w8qwk2nykh0000gn/T/pytest-of-macbook-dev/pytest-468/test_exemplar_default_filter_e0/probe.db
2026-09-16 20:50:05.773 | DEBUG    | tldw_Server_API.app.core.DB_Management.ChaChaNotes_DB:_get_connection_for_state:8036 - Acquired backend connection (postgresql) for thread 8346099072
2026-09-16 20:50:05.774 | INFO     | tldw_Server_API.app.core.DB_Management.chacha.character_store:add_character_card:162 - Added character card 'Private filter probe' with ID: 2.
2026-09-16 20:50:05.774 | DEBUG    | tldw_Server_API.app.core.DB_Management.ChaChaNotes_DB:execute_query:8286 - Executing SQL (script=False, backend=postgresql): SELECT * FROM character_cards WHERE id = ? AND deleted = FALSE... Params: (2,)...
2026-09-16 20:50:05.776 | DEBUG    | tldw_Server_API.app.core.DB_Management.ChaChaNotes_DB:execute_query:8286 - Executing SQL (script=False, backend=postgresql):
            SELECT *
            FROM character_exemplars
            WHERE id = ? AND character_id = ?
         AND is_deleted = ? LIMIT 1... Params: ('a8ab7116-4dca-4ddf-9d18-f103732d1383', 2, False)...
2026-09-16 20:50:05.777 | DEBUG    | tldw_Server_API.app.core.DB_Management.ChaChaNotes_DB:execute_query:8286 - Executing SQL (script=False, backend=postgresql):
                    SELECT ce.*, ts_rank(ce.character_exemplars_fts_tsv, to_tsquery('english', ?)) AS rank
                    FROM character_exemplars ce
                    WHERE ce.character_id = ?
                      AND ce.is_deleted = ?
                      AND (? IS NULL OR ce.emotion = ?... Params: ('Private', 2, False, None, None, None, None, 'Private')...
2026-09-16 20:50:05.777 | ERROR    | tldw_Server_API.app.core.DB_Management.backends.postgresql_backend:execute:1089 - PostgreSQL query execution failed
2026-09-16 20:50:05.777 | ERROR    | tldw_Server_API.app.core.DB_Management.ChaChaNotes_DB:execute_query:8354 - Backend query execution failed (postgresql): PostgreSQL query execution failed
2026-09-16 20:50:05.777 | ERROR    | tldw_Server_API.app.core.DB_Management.chacha.character_store:search_character_exemplars:2158 - Error searching character exemplars for character_id=2 query='Private': Query execution failed: PostgreSQL query execution failed
2026-09-16 20:50:05.777 | DEBUG    | tldw_Server_API.app.core.DB_Management.ChaChaNotes_DB:execute_query:8286 - Executing SQL (script=False, backend=postgresql):
                    SELECT ce.*, ts_rank(ce.character_exemplars_fts_tsv, to_tsquery('english', ?)) AS rank
                    FROM character_exemplars ce
                    WHERE ce.character_id = ?
                      AND ce.is_deleted = ?
                      AND (? IS NULL OR ce.emotion = ?... Params: ('Private', 2, False, 'other', 'other', 'other', 'other', 'Private')...
2026-09-16 20:50:05.778 | ERROR    | tldw_Server_API.app.core.DB_Management.backends.postgresql_backend:execute:1089 - PostgreSQL query execution failed
2026-09-16 20:50:05.778 | ERROR    | tldw_Server_API.app.core.DB_Management.ChaChaNotes_DB:execute_query:8354 - Backend query execution failed (postgresql): PostgreSQL query execution failed
2026-09-16 20:50:05.778 | ERROR    | tldw_Server_API.app.core.DB_Management.chacha.character_store:search_character_exemplars:2158 - Error searching character exemplars for character_id=2 query='Private': Query execution failed: PostgreSQL query execution failed
2026-09-16 20:50:05.778 | DEBUG    | tldw_Server_API.app.core.DB_Management.ChaChaNotes_DB:close_connection:8110 - Returned backend connection (postgresql) for thread 8346099072.2026-09-16 20:50:06.413 | INFO     | tldw_Server_API.app.api.v1.API_Deps.Audit_DB_Deps:shutdown_all_audit_services:1034 - Shutting down audit services for 0 instances...
2026-09-16 20:50:06.414 | INFO     | tldw_Server_API.app.api.v1.API_Deps.Audit_DB_Deps:shutdown_all_audit_services:1091 - All audit services shut down successfully.
2026-09-16 20:50:06.426 | DEBUG    | tldw_Server_API.app.core.AuthNZ.settings:_ensure_jwt_secret:899 - Single-user mode - skipping JWT secret initialization
2026-09-16 20:50:06.426 | WARNING  | tldw_Server_API.app.core.AuthNZ.settings:_validate_api_key:1013 - SINGLE_USER_API_KEY uses a legacy format; generate a new server-generated key for improved security.
2026-09-16 20:50:06.426 | INFO     | tldw_Server_API.app.core.AuthNZ.settings:get_settings:1588 - Settings initialized - Auth mode: single_user, profile=local-single-user
2026-09-16 20:50:06.426 | INFO     | tldw_Server_API.app.core.AuthNZ.db_config:_detect_backend:83 - Detected database backend: sqlite
2026-09-16 20:50:06.534 | DEBUG    | tldw_Server_API.app.core.Scheduler.base.registry:decorator:81 - Registered task handler: watchlist_run
2026-09-16 20:50:06.534 | DEBUG    | tldw_Server_API.app.core.Scheduler.base.registry:decorator:81 - Registered task handler: watchlists_enrich_output
2026-09-16 20:50:06.534 | DEBUG    | tldw_Server_API.app.core.Scheduler.base.registry:decorator:81 - Registered task handler: watchlists_deliver_briefing
2026-09-16 20:50:06.534 | DEBUG    | tldw_Server_API.app.core.Scheduler.base.registry:decorator:81 - Registered task handler: acp_run
2026-09-16 20:50:06.535 | DEBUG    | tldw_Server_API.app.core.Scheduler.base.registry:decorator:81 - Registered task handler: workflow_run
2026-09-16 20:50:06.535 | WARNING  | tldw_Server_API.app.core.DB_Management.db_path_utils:resolve_user_db_base_dir:491 - USER_DB_BASE_DIR not configured in tests, using isolated fallback: /private/var/folders/sn/m80n2j152t9gw3w8qwk2nykh0000gn/T/tldw_user_databases_test/default-9888a684
2026-09-16 20:50:06.536 | DEBUG    | tldw_Server_API.app.core.DB_Management.backends.factory:_get_or_create_shared_sqlite_backend:325 - Creating sqlite backend for /private/var/folders/sn/m80n2j152t9gw3w8qwk2nykh0000gn/T/tldw_user_databases_test/default-9888a684/1/workflows/workflows_scheduler.db
2026-09-16 20:50:06.537 | INFO     | tldw_Server_API.app.core.DB_Management.Workflows_Scheduler_DB:__init__:210 - WorkflowsSchedulerDB using SQLite path: /private/var/folders/sn/m80n2j152t9gw3w8qwk2nykh0000gn/T/tldw_user_databases_test/default-9888a684/1/workflows/workflows_scheduler.db
2026-09-16 20:50:06.537 | INFO     | tldw_Server_API.app.services.workflows_scheduler:stop:183 - Workflows recurring scheduler stopped
2026-09-16 20:50:06.537 | INFO     | tldw_Server_API.app.api.v1.API_Deps.ChaCha_Notes_DB_Deps:close_all_chacha_db_instances:876 - Closing all cached ChaChaNotesDB instances (0)...
2026-09-16 20:50:06.537 | INFO     | tldw_Server_API.app.api.v1.API_Deps.ChaCha_Notes_DB_Deps:close_all_chacha_db_instances:892 - All ChaChaNotesDB instances closed and cache cleared.
2026-09-16 20:50:06.537 | INFO     | tldw_Server_API.app.api.v1.API_Deps.DB_Deps:<module>:57 - Using LRUCache for user DB instances (maxsize=100).

=========================== short test summary info ============================
FAILED tldw_Server_API/tests/DB_Management/test_character_shared_owner_contract.py::test_exemplar_child_paths_preserve_parent_ownership[postgres-update]
FAILED tldw_Server_API/tests/DB_Management/test_character_shared_owner_contract.py::test_exemplar_child_paths_preserve_parent_ownership[postgres-search]
FAILED tldw_Server_API/tests/DB_Management/test_character_shared_owner_contract.py::test_other_character_read_paths_exclude_foreign_cards[postgres-tags]
FAILED tldw_Server_API/tests/DB_Management/test_character_shared_owner_contract.py::test_foreign_character_update_cannot_transfer_ownership[postgres]
FAILED tldw_Server_API/tests/DB_Management/test_character_shared_owner_contract.py::test_character_routes_do_not_expose_another_owners_card[postgres-detail]
FAILED tldw_Server_API/tests/DB_Management/test_character_shared_owner_contract.py::test_exemplar_child_paths_preserve_parent_ownership[postgres-delete]
FAILED tldw_Server_API/tests/DB_Management/test_character_shared_owner_contract.py::test_other_character_read_paths_exclude_foreign_cards[postgres-fts]
FAILED tldw_Server_API/tests/DB_Management/test_character_shared_owner_contract.py::test_foreign_card_lifecycle_cannot_change_state_or_owner[postgres-delete]
FAILED tldw_Server_API/tests/DB_Management/test_character_shared_owner_contract.py::test_other_character_read_paths_exclude_foreign_cards[postgres-batch]
FAILED tldw_Server_API/tests/DB_Management/test_character_shared_owner_contract.py::test_foreign_card_lifecycle_cannot_change_state_or_owner[postgres-restore]
FAILED tldw_Server_API/tests/DB_Management/test_character_shared_owner_contract.py::test_other_character_read_paths_exclude_foreign_cards[postgres-setup-query]
FAILED tldw_Server_API/tests/DB_Management/test_character_shared_owner_contract.py::test_exemplar_child_paths_preserve_parent_ownership[postgres-list]
FAILED tldw_Server_API/tests/DB_Management/test_character_shared_owner_contract.py::test_two_owners_can_create_the_same_character_name[postgres]
FAILED tldw_Server_API/tests/DB_Management/test_character_shared_owner_contract.py::test_visible_bootstrap_default_can_create_a_character_chat[postgres]
FAILED tldw_Server_API/tests/DB_Management/test_character_shared_owner_contract.py::test_character_routes_do_not_expose_another_owners_card[postgres-query]
FAILED tldw_Server_API/tests/DB_Management/test_character_shared_owner_contract.py::test_exemplar_child_paths_preserve_parent_ownership[postgres-add]
FAILED tldw_Server_API/tests/DB_Management/test_character_shared_owner_contract.py::test_default_name_lookup_cannot_reuse_another_owners_character[postgres]
FAILED tldw_Server_API/tests/DB_Management/test_character_shared_owner_contract.py::test_character_routes_do_not_expose_another_owners_card[postgres-list]
FAILED tldw_Server_API/tests/DB_Management/test_character_shared_owner_contract.py::test_other_character_read_paths_exclude_foreign_cards[postgres-setup-id]
FAILED tldw_Server_API/tests/DB_Management/test_character_shared_owner_contract.py::test_exemplar_child_paths_preserve_parent_ownership[postgres-get]
FAILED tldw_Server_API/tests/DB_Management/test_character_shared_owner_contract.py::test_default_bootstrap_returns_the_current_owners_character[postgres]
FAILED .tmp/uat193-diagnosis-20260917/test_exemplar_default_filters_probe.py::test_exemplar_default_filter_error
============= 22 failed, 34 passed, 5 warnings in 82.39s (0:01:22) =============
