============================= test session starts ==============================
platform darwin -- Python 3.11.13, pytest-8.4.1, pluggy-1.6.0
benchmark: 5.2.3 (defaults: timer=time.perf_counter disable_gc=False min_rounds=5 min_time=0.000005 max_time=1.0 calibration_precision=10 warmup=False warmup_iterations=100000)
Using --randomly-seed=1686354285
rootdir: /Users/macbook-dev/Documents/GitHub/tldw_server2
configfile: pyproject.toml
plugins: anyio-4.12.1, benchmark-5.2.3, locust-2.43.3, asyncio-1.1.0, xdist-3.8.0, split-0.11.0, timeout-2.4.0, randomly-4.1.0, hypothesis-6.138.2, cov-6.2.1, mock-3.14.1
asyncio: mode=Mode.AUTO, asyncio_default_fixture_loop_scope=function, asyncio_default_test_loop_scope=function
timeout: 300.0s
timeout method: thread
timeout func_only: False
collected 44 items

tldw_Server_API/tests/Visual_Identities/test_visual_identity_backend_support.py F [  2%]
.F.F.FFF.FF....F..F...FFF..F..F.F.F.F....FF                              [100%]

=================================== FAILURES ===================================
__ test_missing_actor_is_not_hidden_by_optional_fallback[postgres-character] ___
tldw_Server_API/tests/Visual_Identities/test_visual_identity_backend_support.py:117: in test_missing_actor_is_not_hidden_by_optional_fallback
    assert response.status_code == 404
E   assert 500 == 404
E    +  where 500 = <Response [500 Internal Server Error]>.status_code
---------------------------- Captured stderr setup -----------------------------
2026-09-16 23:34:56.908 | WARNING  | tldw_Server_API.app.core.DB_Management.db_path_utils:resolve_user_db_base_dir:491 - USER_DB_BASE_DIR not configured in tests, using isolated fallback: /private/var/folders/sn/m80n2j152t9gw3w8qwk2nykh0000gn/T/tldw_user_databases_test/default-68fe53a8
2026-09-16 23:34:56.908 | DEBUG    | tldw_Server_API.app.core.DB_Management.db_path_utils:get_user_base_directory:534 - Created user directory: /private/var/folders/sn/m80n2j152t9gw3w8qwk2nykh0000gn/T/tldw_user_databases_test/default-68fe53a8/1
2026-09-16 23:34:56.909 | WARNING  | tldw_Server_API.app.core.DB_Management.db_path_utils:resolve_user_db_base_dir:491 - USER_DB_BASE_DIR not configured in tests, using isolated fallback: /private/var/folders/sn/m80n2j152t9gw3w8qwk2nykh0000gn/T/tldw_user_databases_test/default-68fe53a8
2026-09-16 23:34:56.909 | WARNING  | tldw_Server_API.app.core.DB_Management.db_path_utils:resolve_user_db_base_dir:491 - USER_DB_BASE_DIR not configured in tests, using isolated fallback: /private/var/folders/sn/m80n2j152t9gw3w8qwk2nykh0000gn/T/tldw_user_databases_test/default-68fe53a8
2026-09-16 23:34:56.909 | WARNING  | tldw_Server_API.app.core.DB_Management.db_path_utils:resolve_user_db_base_dir:491 - USER_DB_BASE_DIR not configured in tests, using isolated fallback: /private/var/folders/sn/m80n2j152t9gw3w8qwk2nykh0000gn/T/tldw_user_databases_test/default-68fe53a8
2026-09-16 23:34:56.931 | INFO     | tldw_Server_API.app.core.DB_Management.backends.factory:create_backend:392 - Creating postgresql backend
2026-09-16 23:34:56.932 | WARNING  | tldw_Server_API.app.core.DB_Management.db_path_utils:resolve_user_db_base_dir:491 - USER_DB_BASE_DIR not configured in tests, using isolated fallback: /private/var/folders/sn/m80n2j152t9gw3w8qwk2nykh0000gn/T/tldw_user_databases_test/default-68fe53a8
2026-09-16 23:34:56.946 | INFO     | tldw_Server_API.app.core.DB_Management.ChaChaNotes_DB:__init__:7657 - Initializing CharactersRAGDB for path: /private/var/folders/sn/m80n2j152t9gw3w8qwk2nykh0000gn/T/pytest-of-macbook-dev/pytest-612/test_missing_actor_is_not_hidd0/visual.db [Client ID: 2] (backend=postgresql)
2026-09-16 23:34:58.249 | DEBUG    | tldw_Server_API.app.core.DB_Management.ChaChaNotes_DB:__init__:7664 - CharactersRAGDB initialization completed successfully for /private/var/folders/sn/m80n2j152t9gw3w8qwk2nykh0000gn/T/pytest-of-macbook-dev/pytest-612/test_missing_actor_is_not_hidd0/visual.db
2026-09-16 23:34:58.250 | DEBUG    | tldw_Server_API.app.core.DB_Management.ChaChaNotes_DB:_get_connection_for_state:8036 - Acquired backend connection (postgresql) for thread 8346099072
2026-09-16 23:34:58.251 | INFO     | tldw_Server_API.app.core.DB_Management.chacha.character_store:add_character_card:199 - Added character card 'Owned optional visual actor' with ID: 2.
--------------------------- Captured stderr teardown ---------------------------
2026-09-16 23:34:58.310 | DEBUG    | tldw_Server_API.app.core.DB_Management.ChaChaNotes_DB:close_connection:8110 - Returned backend connection (postgresql) for thread 8346099072.
2026-09-16 23:34:58.433 | INFO     | tldw_Server_API.app.api.v1.API_Deps.ChaCha_Notes_DB_Deps:close_all_chacha_db_instances:876 - Closing all cached ChaChaNotesDB instances (0)...
2026-09-16 23:34:58.433 | INFO     | tldw_Server_API.app.api.v1.API_Deps.ChaCha_Notes_DB_Deps:close_all_chacha_db_instances:892 - All ChaChaNotesDB instances closed and cache cleared.
2026-09-16 23:34:58.434 | INFO     | tldw_Server_API.app.core.config:_buffered_log:210 - Loading environment variables from: /Users/macbook-dev/Documents/GitHub/tldw_server2/tldw_Server_API/Config_Files/.env
2026-09-16 23:34:58.438 | INFO     | tldw_Server_API.app.core.config:_buffered_log:210 - Loading environment variables from: /Users/macbook-dev/Documents/GitHub/tldw_server2/tldw_Server_API/Config_Files/.ENV
2026-09-16 23:34:58.443 | INFO     | tldw_Server_API.app.core.config:_buffered_log:210 - Attempting to load comprehensive config from: /Users/macbook-dev/Documents/GitHub/tldw_server2/tldw_Server_API/Config_Files/config.txt
2026-09-16 23:34:58.445 | INFO     | tldw_Server_API.app.core.config:_buffered_log:210 - load_comprehensive_config(): Sections found in config: ['Setup', 'UI', 'Server', 'Files', 'Image-Generation', 'ACP', 'WORKSPACES', 'ACP-WORKSPACE', 'ACP-SANDBOX', 'Audit', 'Processing', 'Media-Processing', 'Chat-Dictionaries', 'Chat-Module', 'Chat-Commands', 'Chat-Templating', 'Character-Chat', 'Settings', 'Auto-Save', 'Prompts', 'Database', 'Chunking', 'Visual-RAG', 'AuthNZ', 'Streaming', 'HTTP', 'Egress', 'Embeddings', 'Claims', 'ClaimsMonitoring', 'RAG', 'Search-Agent', 'ResourceGovernor', 'Jobs', 'SlidesStandaloneHtml', 'Diarization', 'API', 'MLX', 'Local-API', 'LlamaCpp', 'STT-Settings', 'external_providers', 'TTS-Settings', 'VibeVoice', 'Audio-Quota', 'API-Routes', 'Search-Engines', 'Web-Scraper', 'Logging', 'Moderation', 'Redis', 'Web-Scraping', 'personalization', 'persona', 'persona.rbac']
2026-09-16 23:34:58.447 | INFO     | tldw_Server_API.app.api.v1.API_Deps.ChaCha_Notes_DB_Deps:close_all_chacha_db_instances:876 - Closing all cached ChaChaNotesDB instances (0)...
2026-09-16 23:34:58.447 | INFO     | tldw_Server_API.app.api.v1.API_Deps.ChaCha_Notes_DB_Deps:close_all_chacha_db_instances:892 - All ChaChaNotesDB instances closed and cache cleared.
___ test_missing_actor_is_not_hidden_by_optional_fallback[postgres-persona] ____
tldw_Server_API/tests/Visual_Identities/test_visual_identity_backend_support.py:117: in test_missing_actor_is_not_hidden_by_optional_fallback
    assert response.status_code == 404
E   assert 500 == 404
E    +  where 500 = <Response [500 Internal Server Error]>.status_code
---------------------------- Captured stderr setup -----------------------------
2026-09-16 23:34:59.085 | INFO     | tldw_Server_API.app.core.DB_Management.backends.factory:create_backend:392 - Creating postgresql backend
2026-09-16 23:34:59.085 | INFO     | tldw_Server_API.app.core.config:_buffered_log:210 - Determined ACTUAL_PROJECT_ROOT for database paths: /Users/macbook-dev/Documents/GitHub/tldw_server2
2026-09-16 23:34:59.085 | INFO     | tldw_Server_API.app.core.config:_buffered_log:210 - Early loading environment variables from: /Users/macbook-dev/Documents/GitHub/tldw_server2/tldw_Server_API/Config_Files/.env
2026-09-16 23:34:59.090 | INFO     | tldw_Server_API.app.core.config:_buffered_log:210 - Early loading environment variables from: /Users/macbook-dev/Documents/GitHub/tldw_server2/tldw_Server_API/Config_Files/.ENV
2026-09-16 23:34:59.094 | DEBUG    | tldw_Server_API.app.core.config:_buffered_log:210 - load_and_log_configs(): Loading and logging configurations...
2026-09-16 23:34:59.094 | INFO     | tldw_Server_API.app.core.config:_buffered_log:210 - Loading environment variables from: /Users/macbook-dev/Documents/GitHub/tldw_server2/tldw_Server_API/Config_Files/.env
2026-09-16 23:34:59.098 | INFO     | tldw_Server_API.app.core.config:_buffered_log:210 - Loading environment variables from: /Users/macbook-dev/Documents/GitHub/tldw_server2/tldw_Server_API/Config_Files/.ENV
2026-09-16 23:34:59.102 | INFO     | tldw_Server_API.app.core.config:_buffered_log:210 - Attempting to load comprehensive config from: /Users/macbook-dev/Documents/GitHub/tldw_server2/tldw_Server_API/Config_Files/config.txt
2026-09-16 23:34:59.105 | INFO     | tldw_Server_API.app.core.config:_buffered_log:210 - load_comprehensive_config(): Sections found in config: ['Setup', 'UI', 'Server', 'Files', 'Image-Generation', 'ACP', 'WORKSPACES', 'ACP-WORKSPACE', 'ACP-SANDBOX', 'Audit', 'Processing', 'Media-Processing', 'Chat-Dictionaries', 'Chat-Module', 'Chat-Commands', 'Chat-Templating', 'Character-Chat', 'Settings', 'Auto-Save', 'Prompts', 'Database', 'Chunking', 'Visual-RAG', 'AuthNZ', 'Streaming', 'HTTP', 'Egress', 'Embeddings', 'Claims', 'ClaimsMonitoring', 'RAG', 'Search-Agent', 'ResourceGovernor', 'Jobs', 'SlidesStandaloneHtml', 'Diarization', 'API', 'MLX', 'Local-API', 'LlamaCpp', 'STT-Settings', 'external_providers', 'TTS-Settings', 'VibeVoice', 'Audio-Quota', 'API-Routes', 'Search-Engines', 'Web-Scraper', 'Logging', 'Moderation', 'Redis', 'Web-Scraping', 'personalization', 'persona', 'persona.rbac']
2026-09-16 23:34:59.107 | INFO     | tldw_Server_API.app.core.config:_buffered_log:210 - Ensured main SQLite database directory exists: /Users/macbook-dev/Documents/GitHub/tldw_server2/Databases
2026-09-16 23:34:59.107 | INFO     | tldw_Server_API.app.core.config:_buffered_log:210 - Ensured user data base directory exists: Databases/user_databases
2026-09-16 23:34:59.107 | WARNING  | tldw_Server_API.app.core.DB_Management.db_path_utils:resolve_user_db_base_dir:491 - USER_DB_BASE_DIR not configured in tests, using isolated fallback: /private/var/folders/sn/m80n2j152t9gw3w8qwk2nykh0000gn/T/tldw_user_databases_test/default-68fe53a8
2026-09-16 23:34:59.107 | INFO     | tldw_Server_API.app.core.DB_Management.ChaChaNotes_DB:__init__:7657 - Initializing CharactersRAGDB for path: /private/var/folders/sn/m80n2j152t9gw3w8qwk2nykh0000gn/T/pytest-of-macbook-dev/pytest-612/test_missing_actor_is_not_hidd1/visual.db [Client ID: 2] (backend=postgresql)
2026-09-16 23:35:00.387 | DEBUG    | tldw_Server_API.app.core.DB_Management.ChaChaNotes_DB:__init__:7664 - CharactersRAGDB initialization completed successfully for /private/var/folders/sn/m80n2j152t9gw3w8qwk2nykh0000gn/T/pytest-of-macbook-dev/pytest-612/test_missing_actor_is_not_hidd1/visual.db
2026-09-16 23:35:00.389 | DEBUG    | tldw_Server_API.app.core.DB_Management.ChaChaNotes_DB:_get_connection_for_state:8036 - Acquired backend connection (postgresql) for thread 8346099072
2026-09-16 23:35:00.390 | INFO     | tldw_Server_API.app.core.DB_Management.chacha.character_store:add_character_card:199 - Added character card 'Owned optional visual actor' with ID: 2.
--------------------------- Captured stderr teardown ---------------------------
2026-09-16 23:35:00.411 | DEBUG    | tldw_Server_API.app.core.DB_Management.ChaChaNotes_DB:close_connection:8110 - Returned backend connection (postgresql) for thread 8346099072.
2026-09-16 23:35:00.559 | INFO     | tldw_Server_API.app.api.v1.API_Deps.ChaCha_Notes_DB_Deps:close_all_chacha_db_instances:876 - Closing all cached ChaChaNotesDB instances (0)...
2026-09-16 23:35:00.559 | INFO     | tldw_Server_API.app.api.v1.API_Deps.ChaCha_Notes_DB_Deps:close_all_chacha_db_instances:892 - All ChaChaNotesDB instances closed and cache cleared.
2026-09-16 23:35:00.560 | INFO     | tldw_Server_API.app.api.v1.API_Deps.ChaCha_Notes_DB_Deps:close_all_chacha_db_instances:876 - Closing all cached ChaChaNotesDB instances (0)...
2026-09-16 23:35:00.560 | INFO     | tldw_Server_API.app.api.v1.API_Deps.ChaCha_Notes_DB_Deps:close_all_chacha_db_instances:892 - All ChaChaNotesDB instances closed and cache cleared.
_ test_owned_optional_resolution_returns_explicit_no_asset[postgres-thoughtful-thinking-persona] _
tldw_Server_API/tests/Visual_Identities/test_visual_identity_backend_support.py:80: in test_owned_optional_resolution_returns_explicit_no_asset
    assert response.status_code == 200, response.text
E   AssertionError: Internal Server Error
E   assert 500 == 200
E    +  where 500 = <Response [500 Internal Server Error]>.status_code
---------------------------- Captured stderr setup -----------------------------
2026-09-16 23:35:01.228 | INFO     | tldw_Server_API.app.core.DB_Management.backends.factory:create_backend:392 - Creating postgresql backend
2026-09-16 23:35:01.228 | INFO     | tldw_Server_API.app.core.config:_buffered_log:210 - Determined ACTUAL_PROJECT_ROOT for database paths: /Users/macbook-dev/Documents/GitHub/tldw_server2
2026-09-16 23:35:01.228 | INFO     | tldw_Server_API.app.core.config:_buffered_log:210 - Early loading environment variables from: /Users/macbook-dev/Documents/GitHub/tldw_server2/tldw_Server_API/Config_Files/.env
2026-09-16 23:35:01.232 | INFO     | tldw_Server_API.app.core.config:_buffered_log:210 - Early loading environment variables from: /Users/macbook-dev/Documents/GitHub/tldw_server2/tldw_Server_API/Config_Files/.ENV
2026-09-16 23:35:01.237 | DEBUG    | tldw_Server_API.app.core.config:_buffered_log:210 - load_and_log_configs(): Loading and logging configurations...
2026-09-16 23:35:01.237 | INFO     | tldw_Server_API.app.core.config:_buffered_log:210 - Loading environment variables from: /Users/macbook-dev/Documents/GitHub/tldw_server2/tldw_Server_API/Config_Files/.env
2026-09-16 23:35:01.241 | INFO     | tldw_Server_API.app.core.config:_buffered_log:210 - Loading environment variables from: /Users/macbook-dev/Documents/GitHub/tldw_server2/tldw_Server_API/Config_Files/.ENV
2026-09-16 23:35:01.245 | INFO     | tldw_Server_API.app.core.config:_buffered_log:210 - Attempting to load comprehensive config from: /Users/macbook-dev/Documents/GitHub/tldw_server2/tldw_Server_API/Config_Files/config.txt
2026-09-16 23:35:01.247 | INFO     | tldw_Server_API.app.core.config:_buffered_log:210 - load_comprehensive_config(): Sections found in config: ['Setup', 'UI', 'Server', 'Files', 'Image-Generation', 'ACP', 'WORKSPACES', 'ACP-WORKSPACE', 'ACP-SANDBOX', 'Audit', 'Processing', 'Media-Processing', 'Chat-Dictionaries', 'Chat-Module', 'Chat-Commands', 'Chat-Templating', 'Character-Chat', 'Settings', 'Auto-Save', 'Prompts', 'Database', 'Chunking', 'Visual-RAG', 'AuthNZ', 'Streaming', 'HTTP', 'Egress', 'Embeddings', 'Claims', 'ClaimsMonitoring', 'RAG', 'Search-Agent', 'ResourceGovernor', 'Jobs', 'SlidesStandaloneHtml', 'Diarization', 'API', 'MLX', 'Local-API', 'LlamaCpp', 'STT-Settings', 'external_providers', 'TTS-Settings', 'VibeVoice', 'Audio-Quota', 'API-Routes', 'Search-Engines', 'Web-Scraper', 'Logging', 'Moderation', 'Redis', 'Web-Scraping', 'personalization', 'persona', 'persona.rbac']
2026-09-16 23:35:01.249 | INFO     | tldw_Server_API.app.core.config:_buffered_log:210 - Ensured main SQLite database directory exists: /Users/macbook-dev/Documents/GitHub/tldw_server2/Databases
2026-09-16 23:35:01.249 | INFO     | tldw_Server_API.app.core.config:_buffered_log:210 - Ensured user data base directory exists: Databases/user_databases
2026-09-16 23:35:01.249 | WARNING  | tldw_Server_API.app.core.DB_Management.db_path_utils:resolve_user_db_base_dir:491 - USER_DB_BASE_DIR not configured in tests, using isolated fallback: /private/var/folders/sn/m80n2j152t9gw3w8qwk2nykh0000gn/T/tldw_user_databases_test/default-68fe53a8
2026-09-16 23:35:01.249 | INFO     | tldw_Server_API.app.core.DB_Management.ChaChaNotes_DB:__init__:7657 - Initializing CharactersRAGDB for path: /private/var/folders/sn/m80n2j152t9gw3w8qwk2nykh0000gn/T/pytest-of-macbook-dev/pytest-612/test_owned_optional_resolution1/visual.db [Client ID: 2] (backend=postgresql)
2026-09-16 23:35:02.461 | DEBUG    | tldw_Server_API.app.core.DB_Management.ChaChaNotes_DB:__init__:7664 - CharactersRAGDB initialization completed successfully for /private/var/folders/sn/m80n2j152t9gw3w8qwk2nykh0000gn/T/pytest-of-macbook-dev/pytest-612/test_owned_optional_resolution1/visual.db
2026-09-16 23:35:02.463 | DEBUG    | tldw_Server_API.app.core.DB_Management.ChaChaNotes_DB:_get_connection_for_state:8036 - Acquired backend connection (postgresql) for thread 8346099072
2026-09-16 23:35:02.463 | INFO     | tldw_Server_API.app.core.DB_Management.chacha.character_store:add_character_card:199 - Added character card 'Owned optional visual actor' with ID: 2.
--------------------------- Captured stderr teardown ---------------------------
2026-09-16 23:35:02.512 | DEBUG    | tldw_Server_API.app.core.DB_Management.ChaChaNotes_DB:close_connection:8110 - Returned backend connection (postgresql) for thread 8346099072.
2026-09-16 23:35:02.527 | INFO     | tldw_Server_API.app.api.v1.API_Deps.ChaCha_Notes_DB_Deps:close_all_chacha_db_instances:876 - Closing all cached ChaChaNotesDB instances (0)...
2026-09-16 23:35:02.528 | INFO     | tldw_Server_API.app.api.v1.API_Deps.ChaCha_Notes_DB_Deps:close_all_chacha_db_instances:892 - All ChaChaNotesDB instances closed and cache cleared.
2026-09-16 23:35:02.528 | INFO     | tldw_Server_API.app.api.v1.API_Deps.ChaCha_Notes_DB_Deps:close_all_chacha_db_instances:876 - Closing all cached ChaChaNotesDB instances (0)...
2026-09-16 23:35:02.528 | INFO     | tldw_Server_API.app.api.v1.API_Deps.ChaCha_Notes_DB_Deps:close_all_chacha_db_instances:892 - All ChaChaNotesDB instances closed and cache cleared.
_ test_owned_optional_resolution_returns_explicit_no_asset[postgres-neutral-neutral-persona] _
tldw_Server_API/tests/Visual_Identities/test_visual_identity_backend_support.py:80: in test_owned_optional_resolution_returns_explicit_no_asset
    assert response.status_code == 200, response.text
E   AssertionError: Internal Server Error
E   assert 500 == 200
E    +  where 500 = <Response [500 Internal Server Error]>.status_code
---------------------------- Captured stderr setup -----------------------------
2026-09-16 23:35:03.162 | INFO     | tldw_Server_API.app.core.DB_Management.backends.factory:create_backend:392 - Creating postgresql backend
2026-09-16 23:35:03.162 | INFO     | tldw_Server_API.app.core.config:_buffered_log:210 - Determined ACTUAL_PROJECT_ROOT for database paths: /Users/macbook-dev/Documents/GitHub/tldw_server2
2026-09-16 23:35:03.163 | INFO     | tldw_Server_API.app.core.config:_buffered_log:210 - Early loading environment variables from: /Users/macbook-dev/Documents/GitHub/tldw_server2/tldw_Server_API/Config_Files/.env
2026-09-16 23:35:03.167 | INFO     | tldw_Server_API.app.core.config:_buffered_log:210 - Early loading environment variables from: /Users/macbook-dev/Documents/GitHub/tldw_server2/tldw_Server_API/Config_Files/.ENV
2026-09-16 23:35:03.171 | DEBUG    | tldw_Server_API.app.core.config:_buffered_log:210 - load_and_log_configs(): Loading and logging configurations...
2026-09-16 23:35:03.171 | INFO     | tldw_Server_API.app.core.config:_buffered_log:210 - Loading environment variables from: /Users/macbook-dev/Documents/GitHub/tldw_server2/tldw_Server_API/Config_Files/.env
2026-09-16 23:35:03.176 | INFO     | tldw_Server_API.app.core.config:_buffered_log:210 - Loading environment variables from: /Users/macbook-dev/Documents/GitHub/tldw_server2/tldw_Server_API/Config_Files/.ENV
2026-09-16 23:35:03.180 | INFO     | tldw_Server_API.app.core.config:_buffered_log:210 - Attempting to load comprehensive config from: /Users/macbook-dev/Documents/GitHub/tldw_server2/tldw_Server_API/Config_Files/config.txt
2026-09-16 23:35:03.183 | INFO     | tldw_Server_API.app.core.config:_buffered_log:210 - load_comprehensive_config(): Sections found in config: ['Setup', 'UI', 'Server', 'Files', 'Image-Generation', 'ACP', 'WORKSPACES', 'ACP-WORKSPACE', 'ACP-SANDBOX', 'Audit', 'Processing', 'Media-Processing', 'Chat-Dictionaries', 'Chat-Module', 'Chat-Commands', 'Chat-Templating', 'Character-Chat', 'Settings', 'Auto-Save', 'Prompts', 'Database', 'Chunking', 'Visual-RAG', 'AuthNZ', 'Streaming', 'HTTP', 'Egress', 'Embeddings', 'Claims', 'ClaimsMonitoring', 'RAG', 'Search-Agent', 'ResourceGovernor', 'Jobs', 'SlidesStandaloneHtml', 'Diarization', 'API', 'MLX', 'Local-API', 'LlamaCpp', 'STT-Settings', 'external_providers', 'TTS-Settings', 'VibeVoice', 'Audio-Quota', 'API-Routes', 'Search-Engines', 'Web-Scraper', 'Logging', 'Moderation', 'Redis', 'Web-Scraping', 'personalization', 'persona', 'persona.rbac']
2026-09-16 23:35:03.185 | INFO     | tldw_Server_API.app.core.config:_buffered_log:210 - Ensured main SQLite database directory exists: /Users/macbook-dev/Documents/GitHub/tldw_server2/Databases
2026-09-16 23:35:03.185 | INFO     | tldw_Server_API.app.core.config:_buffered_log:210 - Ensured user data base directory exists: Databases/user_databases
2026-09-16 23:35:03.185 | WARNING  | tldw_Server_API.app.core.DB_Management.db_path_utils:resolve_user_db_base_dir:491 - USER_DB_BASE_DIR not configured in tests, using isolated fallback: /private/var/folders/sn/m80n2j152t9gw3w8qwk2nykh0000gn/T/tldw_user_databases_test/default-68fe53a8
2026-09-16 23:35:03.185 | INFO     | tldw_Server_API.app.core.DB_Management.ChaChaNotes_DB:__init__:7657 - Initializing CharactersRAGDB for path: /private/var/folders/sn/m80n2j152t9gw3w8qwk2nykh0000gn/T/pytest-of-macbook-dev/pytest-612/test_owned_optional_resolution2/visual.db [Client ID: 2] (backend=postgresql)
2026-09-16 23:35:04.501 | DEBUG    | tldw_Server_API.app.core.DB_Management.ChaChaNotes_DB:__init__:7664 - CharactersRAGDB initialization completed successfully for /private/var/folders/sn/m80n2j152t9gw3w8qwk2nykh0000gn/T/pytest-of-macbook-dev/pytest-612/test_owned_optional_resolution2/visual.db
2026-09-16 23:35:04.503 | DEBUG    | tldw_Server_API.app.core.DB_Management.ChaChaNotes_DB:_get_connection_for_state:8036 - Acquired backend connection (postgresql) for thread 8346099072
2026-09-16 23:35:04.504 | INFO     | tldw_Server_API.app.core.DB_Management.chacha.character_store:add_character_card:199 - Added character card 'Owned optional visual actor' with ID: 2.
--------------------------- Captured stderr teardown ---------------------------
2026-09-16 23:35:04.525 | DEBUG    | tldw_Server_API.app.core.DB_Management.ChaChaNotes_DB:close_connection:8110 - Returned backend connection (postgresql) for thread 8346099072.
2026-09-16 23:35:04.693 | INFO     | tldw_Server_API.app.api.v1.API_Deps.ChaCha_Notes_DB_Deps:close_all_chacha_db_instances:876 - Closing all cached ChaChaNotesDB instances (0)...
2026-09-16 23:35:04.693 | INFO     | tldw_Server_API.app.api.v1.API_Deps.ChaCha_Notes_DB_Deps:close_all_chacha_db_instances:892 - All ChaChaNotesDB instances closed and cache cleared.
2026-09-16 23:35:04.694 | INFO     | tldw_Server_API.app.api.v1.API_Deps.ChaCha_Notes_DB_Deps:close_all_chacha_db_instances:876 - Closing all cached ChaChaNotesDB instances (0)...
2026-09-16 23:35:04.694 | INFO     | tldw_Server_API.app.api.v1.API_Deps.ChaCha_Notes_DB_Deps:close_all_chacha_db_instances:892 - All ChaChaNotesDB instances closed and cache cleared.
_ test_explicit_override_never_becomes_ordinary_placeholder[postgres-params1] __
tldw_Server_API/tests/Visual_Identities/test_visual_identity_backend_support.py:178: in test_explicit_override_never_becomes_ordinary_placeholder
    assert response.status_code == (501 if route.backend_name == "postgres" else 404)
E   assert 500 == 501
E    +  where 500 = <Response [500 Internal Server Error]>.status_code
---------------------------- Captured stderr setup -----------------------------
2026-09-16 23:35:04.709 | INFO     | tldw_Server_API.app.core.DB_Management.backends.factory:create_backend:392 - Creating postgresql backend
2026-09-16 23:35:04.710 | INFO     | tldw_Server_API.app.core.config:_buffered_log:210 - Determined ACTUAL_PROJECT_ROOT for database paths: /Users/macbook-dev/Documents/GitHub/tldw_server2
2026-09-16 23:35:04.710 | INFO     | tldw_Server_API.app.core.config:_buffered_log:210 - Early loading environment variables from: /Users/macbook-dev/Documents/GitHub/tldw_server2/tldw_Server_API/Config_Files/.env
2026-09-16 23:35:04.714 | INFO     | tldw_Server_API.app.core.config:_buffered_log:210 - Early loading environment variables from: /Users/macbook-dev/Documents/GitHub/tldw_server2/tldw_Server_API/Config_Files/.ENV
2026-09-16 23:35:04.718 | DEBUG    | tldw_Server_API.app.core.config:_buffered_log:210 - load_and_log_configs(): Loading and logging configurations...
2026-09-16 23:35:04.719 | INFO     | tldw_Server_API.app.core.config:_buffered_log:210 - Loading environment variables from: /Users/macbook-dev/Documents/GitHub/tldw_server2/tldw_Server_API/Config_Files/.env
2026-09-16 23:35:04.723 | INFO     | tldw_Server_API.app.core.config:_buffered_log:210 - Loading environment variables from: /Users/macbook-dev/Documents/GitHub/tldw_server2/tldw_Server_API/Config_Files/.ENV
2026-09-16 23:35:04.728 | INFO     | tldw_Server_API.app.core.config:_buffered_log:210 - Attempting to load comprehensive config from: /Users/macbook-dev/Documents/GitHub/tldw_server2/tldw_Server_API/Config_Files/config.txt
2026-09-16 23:35:04.730 | INFO     | tldw_Server_API.app.core.config:_buffered_log:210 - load_comprehensive_config(): Sections found in config: ['Setup', 'UI', 'Server', 'Files', 'Image-Generation', 'ACP', 'WORKSPACES', 'ACP-WORKSPACE', 'ACP-SANDBOX', 'Audit', 'Processing', 'Media-Processing', 'Chat-Dictionaries', 'Chat-Module', 'Chat-Commands', 'Chat-Templating', 'Character-Chat', 'Settings', 'Auto-Save', 'Prompts', 'Database', 'Chunking', 'Visual-RAG', 'AuthNZ', 'Streaming', 'HTTP', 'Egress', 'Embeddings', 'Claims', 'ClaimsMonitoring', 'RAG', 'Search-Agent', 'ResourceGovernor', 'Jobs', 'SlidesStandaloneHtml', 'Diarization', 'API', 'MLX', 'Local-API', 'LlamaCpp', 'STT-Settings', 'external_providers', 'TTS-Settings', 'VibeVoice', 'Audio-Quota', 'API-Routes', 'Search-Engines', 'Web-Scraper', 'Logging', 'Moderation', 'Redis', 'Web-Scraping', 'personalization', 'persona', 'persona.rbac']
2026-09-16 23:35:04.732 | INFO     | tldw_Server_API.app.core.config:_buffered_log:210 - Ensured main SQLite database directory exists: /Users/macbook-dev/Documents/GitHub/tldw_server2/Databases
2026-09-16 23:35:04.732 | INFO     | tldw_Server_API.app.core.config:_buffered_log:210 - Ensured user data base directory exists: Databases/user_databases
2026-09-16 23:35:04.732 | WARNING  | tldw_Server_API.app.core.DB_Management.db_path_utils:resolve_user_db_base_dir:491 - USER_DB_BASE_DIR not configured in tests, using isolated fallback: /private/var/folders/sn/m80n2j152t9gw3w8qwk2nykh0000gn/T/tldw_user_databases_test/default-68fe53a8
2026-09-16 23:35:04.733 | INFO     | tldw_Server_API.app.core.DB_Management.ChaChaNotes_DB:__init__:7657 - Initializing CharactersRAGDB for path: /private/var/folders/sn/m80n2j152t9gw3w8qwk2nykh0000gn/T/pytest-of-macbook-dev/pytest-612/test_explicit_override_never_b0/visual.db [Client ID: 2] (backend=postgresql)
2026-09-16 23:35:05.975 | DEBUG    | tldw_Server_API.app.core.DB_Management.ChaChaNotes_DB:__init__:7664 - CharactersRAGDB initialization completed successfully for /private/var/folders/sn/m80n2j152t9gw3w8qwk2nykh0000gn/T/pytest-of-macbook-dev/pytest-612/test_explicit_override_never_b0/visual.db
2026-09-16 23:35:05.976 | DEBUG    | tldw_Server_API.app.core.DB_Management.ChaChaNotes_DB:_get_connection_for_state:8036 - Acquired backend connection (postgresql) for thread 8346099072
2026-09-16 23:35:05.977 | INFO     | tldw_Server_API.app.core.DB_Management.chacha.character_store:add_character_card:199 - Added character card 'Owned optional visual actor' with ID: 2.
--------------------------- Captured stderr teardown ---------------------------
2026-09-16 23:35:05.997 | DEBUG    | tldw_Server_API.app.core.DB_Management.ChaChaNotes_DB:close_connection:8110 - Returned backend connection (postgresql) for thread 8346099072.
2026-09-16 23:35:06.013 | INFO     | tldw_Server_API.app.api.v1.API_Deps.ChaCha_Notes_DB_Deps:close_all_chacha_db_instances:876 - Closing all cached ChaChaNotesDB instances (0)...
2026-09-16 23:35:06.013 | INFO     | tldw_Server_API.app.api.v1.API_Deps.ChaCha_Notes_DB_Deps:close_all_chacha_db_instances:892 - All ChaChaNotesDB instances closed and cache cleared.
2026-09-16 23:35:06.013 | INFO     | tldw_Server_API.app.api.v1.API_Deps.ChaCha_Notes_DB_Deps:close_all_chacha_db_instances:876 - Closing all cached ChaChaNotesDB instances (0)...
2026-09-16 23:35:06.013 | INFO     | tldw_Server_API.app.api.v1.API_Deps.ChaCha_Notes_DB_Deps:close_all_chacha_db_instances:892 - All ChaChaNotesDB instances closed and cache cleared.
______ test_foreign_persona_is_not_hidden_by_optional_fallback[postgres] _______
tldw_Server_API/tests/Visual_Identities/test_visual_identity_backend_support.py:137: in test_foreign_persona_is_not_hidden_by_optional_fallback
    assert response.status_code == 404
E   assert 500 == 404
E    +  where 500 = <Response [500 Internal Server Error]>.status_code
---------------------------- Captured stderr setup -----------------------------
2026-09-16 23:35:06.029 | INFO     | tldw_Server_API.app.core.DB_Management.backends.factory:create_backend:392 - Creating postgresql backend
2026-09-16 23:35:06.029 | INFO     | tldw_Server_API.app.core.config:_buffered_log:210 - Determined ACTUAL_PROJECT_ROOT for database paths: /Users/macbook-dev/Documents/GitHub/tldw_server2
2026-09-16 23:35:06.029 | INFO     | tldw_Server_API.app.core.config:_buffered_log:210 - Early loading environment variables from: /Users/macbook-dev/Documents/GitHub/tldw_server2/tldw_Server_API/Config_Files/.env
2026-09-16 23:35:06.033 | INFO     | tldw_Server_API.app.core.config:_buffered_log:210 - Early loading environment variables from: /Users/macbook-dev/Documents/GitHub/tldw_server2/tldw_Server_API/Config_Files/.ENV
2026-09-16 23:35:06.038 | DEBUG    | tldw_Server_API.app.core.config:_buffered_log:210 - load_and_log_configs(): Loading and logging configurations...
2026-09-16 23:35:06.038 | INFO     | tldw_Server_API.app.core.config:_buffered_log:210 - Loading environment variables from: /Users/macbook-dev/Documents/GitHub/tldw_server2/tldw_Server_API/Config_Files/.env
2026-09-16 23:35:06.042 | INFO     | tldw_Server_API.app.core.config:_buffered_log:210 - Loading environment variables from: /Users/macbook-dev/Documents/GitHub/tldw_server2/tldw_Server_API/Config_Files/.ENV
2026-09-16 23:35:06.046 | INFO     | tldw_Server_API.app.core.config:_buffered_log:210 - Attempting to load comprehensive config from: /Users/macbook-dev/Documents/GitHub/tldw_server2/tldw_Server_API/Config_Files/config.txt
2026-09-16 23:35:06.048 | INFO     | tldw_Server_API.app.core.config:_buffered_log:210 - load_comprehensive_config(): Sections found in config: ['Setup', 'UI', 'Server', 'Files', 'Image-Generation', 'ACP', 'WORKSPACES', 'ACP-WORKSPACE', 'ACP-SANDBOX', 'Audit', 'Processing', 'Media-Processing', 'Chat-Dictionaries', 'Chat-Module', 'Chat-Commands', 'Chat-Templating', 'Character-Chat', 'Settings', 'Auto-Save', 'Prompts', 'Database', 'Chunking', 'Visual-RAG', 'AuthNZ', 'Streaming', 'HTTP', 'Egress', 'Embeddings', 'Claims', 'ClaimsMonitoring', 'RAG', 'Search-Agent', 'ResourceGovernor', 'Jobs', 'SlidesStandaloneHtml', 'Diarization', 'API', 'MLX', 'Local-API', 'LlamaCpp', 'STT-Settings', 'external_providers', 'TTS-Settings', 'VibeVoice', 'Audio-Quota', 'API-Routes', 'Search-Engines', 'Web-Scraper', 'Logging', 'Moderation', 'Redis', 'Web-Scraping', 'personalization', 'persona', 'persona.rbac']
2026-09-16 23:35:06.050 | INFO     | tldw_Server_API.app.core.config:_buffered_log:210 - Ensured main SQLite database directory exists: /Users/macbook-dev/Documents/GitHub/tldw_server2/Databases
2026-09-16 23:35:06.050 | INFO     | tldw_Server_API.app.core.config:_buffered_log:210 - Ensured user data base directory exists: Databases/user_databases
2026-09-16 23:35:06.050 | WARNING  | tldw_Server_API.app.core.DB_Management.db_path_utils:resolve_user_db_base_dir:491 - USER_DB_BASE_DIR not configured in tests, using isolated fallback: /private/var/folders/sn/m80n2j152t9gw3w8qwk2nykh0000gn/T/tldw_user_databases_test/default-68fe53a8
2026-09-16 23:35:06.051 | INFO     | tldw_Server_API.app.core.DB_Management.ChaChaNotes_DB:__init__:7657 - Initializing CharactersRAGDB for path: /private/var/folders/sn/m80n2j152t9gw3w8qwk2nykh0000gn/T/pytest-of-macbook-dev/pytest-612/test_foreign_persona_is_not_hi1/visual.db [Client ID: 2] (backend=postgresql)
2026-09-16 23:35:07.262 | DEBUG    | tldw_Server_API.app.core.DB_Management.ChaChaNotes_DB:__init__:7664 - CharactersRAGDB initialization completed successfully for /private/var/folders/sn/m80n2j152t9gw3w8qwk2nykh0000gn/T/pytest-of-macbook-dev/pytest-612/test_foreign_persona_is_not_hi1/visual.db
2026-09-16 23:35:07.264 | DEBUG    | tldw_Server_API.app.core.DB_Management.ChaChaNotes_DB:_get_connection_for_state:8036 - Acquired backend connection (postgresql) for thread 8346099072
2026-09-16 23:35:07.265 | INFO     | tldw_Server_API.app.core.DB_Management.chacha.character_store:add_character_card:199 - Added character card 'Owned optional visual actor' with ID: 2.
--------------------------- Captured stderr teardown ---------------------------
2026-09-16 23:35:07.285 | DEBUG    | tldw_Server_API.app.core.DB_Management.ChaChaNotes_DB:close_connection:8110 - Returned backend connection (postgresql) for thread 8346099072.
2026-09-16 23:35:07.300 | INFO     | tldw_Server_API.app.api.v1.API_Deps.ChaCha_Notes_DB_Deps:close_all_chacha_db_instances:876 - Closing all cached ChaChaNotesDB instances (0)...
2026-09-16 23:35:07.300 | INFO     | tldw_Server_API.app.api.v1.API_Deps.ChaCha_Notes_DB_Deps:close_all_chacha_db_instances:892 - All ChaChaNotesDB instances closed and cache cleared.
2026-09-16 23:35:07.300 | INFO     | tldw_Server_API.app.api.v1.API_Deps.ChaCha_Notes_DB_Deps:close_all_chacha_db_instances:876 - Closing all cached ChaChaNotesDB instances (0)...
2026-09-16 23:35:07.300 | INFO     | tldw_Server_API.app.api.v1.API_Deps.ChaCha_Notes_DB_Deps:close_all_chacha_db_instances:892 - All ChaChaNotesDB instances closed and cache cleared.
_ test_explicit_override_never_becomes_ordinary_placeholder[postgres-params0] __
tldw_Server_API/tests/Visual_Identities/test_visual_identity_backend_support.py:178: in test_explicit_override_never_becomes_ordinary_placeholder
    assert response.status_code == (501 if route.backend_name == "postgres" else 404)
E   assert 500 == 501
E    +  where 500 = <Response [500 Internal Server Error]>.status_code
---------------------------- Captured stderr setup -----------------------------
2026-09-16 23:35:07.939 | INFO     | tldw_Server_API.app.core.DB_Management.backends.factory:create_backend:392 - Creating postgresql backend
2026-09-16 23:35:07.939 | INFO     | tldw_Server_API.app.core.config:_buffered_log:210 - Determined ACTUAL_PROJECT_ROOT for database paths: /Users/macbook-dev/Documents/GitHub/tldw_server2
2026-09-16 23:35:07.939 | INFO     | tldw_Server_API.app.core.config:_buffered_log:210 - Early loading environment variables from: /Users/macbook-dev/Documents/GitHub/tldw_server2/tldw_Server_API/Config_Files/.env
2026-09-16 23:35:07.943 | INFO     | tldw_Server_API.app.core.config:_buffered_log:210 - Early loading environment variables from: /Users/macbook-dev/Documents/GitHub/tldw_server2/tldw_Server_API/Config_Files/.ENV
2026-09-16 23:35:07.948 | DEBUG    | tldw_Server_API.app.core.config:_buffered_log:210 - load_and_log_configs(): Loading and logging configurations...
2026-09-16 23:35:07.948 | INFO     | tldw_Server_API.app.core.config:_buffered_log:210 - Loading environment variables from: /Users/macbook-dev/Documents/GitHub/tldw_server2/tldw_Server_API/Config_Files/.env
2026-09-16 23:35:07.952 | INFO     | tldw_Server_API.app.core.config:_buffered_log:210 - Loading environment variables from: /Users/macbook-dev/Documents/GitHub/tldw_server2/tldw_Server_API/Config_Files/.ENV
2026-09-16 23:35:07.957 | INFO     | tldw_Server_API.app.core.config:_buffered_log:210 - Attempting to load comprehensive config from: /Users/macbook-dev/Documents/GitHub/tldw_server2/tldw_Server_API/Config_Files/config.txt
2026-09-16 23:35:07.959 | INFO     | tldw_Server_API.app.core.config:_buffered_log:210 - load_comprehensive_config(): Sections found in config: ['Setup', 'UI', 'Server', 'Files', 'Image-Generation', 'ACP', 'WORKSPACES', 'ACP-WORKSPACE', 'ACP-SANDBOX', 'Audit', 'Processing', 'Media-Processing', 'Chat-Dictionaries', 'Chat-Module', 'Chat-Commands', 'Chat-Templating', 'Character-Chat', 'Settings', 'Auto-Save', 'Prompts', 'Database', 'Chunking', 'Visual-RAG', 'AuthNZ', 'Streaming', 'HTTP', 'Egress', 'Embeddings', 'Claims', 'ClaimsMonitoring', 'RAG', 'Search-Agent', 'ResourceGovernor', 'Jobs', 'SlidesStandaloneHtml', 'Diarization', 'API', 'MLX', 'Local-API', 'LlamaCpp', 'STT-Settings', 'external_providers', 'TTS-Settings', 'VibeVoice', 'Audio-Quota', 'API-Routes', 'Search-Engines', 'Web-Scraper', 'Logging', 'Moderation', 'Redis', 'Web-Scraping', 'personalization', 'persona', 'persona.rbac']
2026-09-16 23:35:07.961 | INFO     | tldw_Server_API.app.core.config:_buffered_log:210 - Ensured main SQLite database directory exists: /Users/macbook-dev/Documents/GitHub/tldw_server2/Databases
2026-09-16 23:35:07.961 | INFO     | tldw_Server_API.app.core.config:_buffered_log:210 - Ensured user data base directory exists: Databases/user_databases
2026-09-16 23:35:07.961 | WARNING  | tldw_Server_API.app.core.DB_Management.db_path_utils:resolve_user_db_base_dir:491 - USER_DB_BASE_DIR not configured in tests, using isolated fallback: /private/var/folders/sn/m80n2j152t9gw3w8qwk2nykh0000gn/T/tldw_user_databases_test/default-68fe53a8
2026-09-16 23:35:07.962 | INFO     | tldw_Server_API.app.core.DB_Management.ChaChaNotes_DB:__init__:7657 - Initializing CharactersRAGDB for path: /private/var/folders/sn/m80n2j152t9gw3w8qwk2nykh0000gn/T/pytest-of-macbook-dev/pytest-612/test_explicit_override_never_b1/visual.db [Client ID: 2] (backend=postgresql)
2026-09-16 23:35:09.208 | DEBUG    | tldw_Server_API.app.core.DB_Management.ChaChaNotes_DB:__init__:7664 - CharactersRAGDB initialization completed successfully for /private/var/folders/sn/m80n2j152t9gw3w8qwk2nykh0000gn/T/pytest-of-macbook-dev/pytest-612/test_explicit_override_never_b1/visual.db
2026-09-16 23:35:09.209 | DEBUG    | tldw_Server_API.app.core.DB_Management.ChaChaNotes_DB:_get_connection_for_state:8036 - Acquired backend connection (postgresql) for thread 8346099072
2026-09-16 23:35:09.210 | INFO     | tldw_Server_API.app.core.DB_Management.chacha.character_store:add_character_card:199 - Added character card 'Owned optional visual actor' with ID: 2.
--------------------------- Captured stderr teardown ---------------------------
2026-09-16 23:35:09.231 | DEBUG    | tldw_Server_API.app.core.DB_Management.ChaChaNotes_DB:close_connection:8110 - Returned backend connection (postgresql) for thread 8346099072.
2026-09-16 23:35:09.313 | INFO     | tldw_Server_API.app.api.v1.API_Deps.ChaCha_Notes_DB_Deps:close_all_chacha_db_instances:876 - Closing all cached ChaChaNotesDB instances (0)...
2026-09-16 23:35:09.313 | INFO     | tldw_Server_API.app.api.v1.API_Deps.ChaCha_Notes_DB_Deps:close_all_chacha_db_instances:892 - All ChaChaNotesDB instances closed and cache cleared.
2026-09-16 23:35:09.313 | INFO     | tldw_Server_API.app.api.v1.API_Deps.ChaCha_Notes_DB_Deps:close_all_chacha_db_instances:876 - Closing all cached ChaChaNotesDB instances (0)...
2026-09-16 23:35:09.313 | INFO     | tldw_Server_API.app.api.v1.API_Deps.ChaCha_Notes_DB_Deps:close_all_chacha_db_instances:892 - All ChaChaNotesDB instances closed and cache cleared.
_ test_owned_optional_resolution_returns_explicit_no_asset[postgres-thoughtful-thinking-character] _
tldw_Server_API/tests/Visual_Identities/test_visual_identity_backend_support.py:80: in test_owned_optional_resolution_returns_explicit_no_asset
    assert response.status_code == 200, response.text
E   AssertionError: Internal Server Error
E   assert 500 == 200
E    +  where 500 = <Response [500 Internal Server Error]>.status_code
---------------------------- Captured stderr setup -----------------------------
2026-09-16 23:35:09.330 | INFO     | tldw_Server_API.app.core.DB_Management.backends.factory:create_backend:392 - Creating postgresql backend
2026-09-16 23:35:09.330 | INFO     | tldw_Server_API.app.core.config:_buffered_log:210 - Determined ACTUAL_PROJECT_ROOT for database paths: /Users/macbook-dev/Documents/GitHub/tldw_server2
2026-09-16 23:35:09.331 | INFO     | tldw_Server_API.app.core.config:_buffered_log:210 - Early loading environment variables from: /Users/macbook-dev/Documents/GitHub/tldw_server2/tldw_Server_API/Config_Files/.env
2026-09-16 23:35:09.335 | INFO     | tldw_Server_API.app.core.config:_buffered_log:210 - Early loading environment variables from: /Users/macbook-dev/Documents/GitHub/tldw_server2/tldw_Server_API/Config_Files/.ENV
2026-09-16 23:35:09.339 | DEBUG    | tldw_Server_API.app.core.config:_buffered_log:210 - load_and_log_configs(): Loading and logging configurations...
2026-09-16 23:35:09.340 | INFO     | tldw_Server_API.app.core.config:_buffered_log:210 - Loading environment variables from: /Users/macbook-dev/Documents/GitHub/tldw_server2/tldw_Server_API/Config_Files/.env
2026-09-16 23:35:09.344 | INFO     | tldw_Server_API.app.core.config:_buffered_log:210 - Loading environment variables from: /Users/macbook-dev/Documents/GitHub/tldw_server2/tldw_Server_API/Config_Files/.ENV
2026-09-16 23:35:09.349 | INFO     | tldw_Server_API.app.core.config:_buffered_log:210 - Attempting to load comprehensive config from: /Users/macbook-dev/Documents/GitHub/tldw_server2/tldw_Server_API/Config_Files/config.txt
2026-09-16 23:35:09.351 | INFO     | tldw_Server_API.app.core.config:_buffered_log:210 - load_comprehensive_config(): Sections found in config: ['Setup', 'UI', 'Server', 'Files', 'Image-Generation', 'ACP', 'WORKSPACES', 'ACP-WORKSPACE', 'ACP-SANDBOX', 'Audit', 'Processing', 'Media-Processing', 'Chat-Dictionaries', 'Chat-Module', 'Chat-Commands', 'Chat-Templating', 'Character-Chat', 'Settings', 'Auto-Save', 'Prompts', 'Database', 'Chunking', 'Visual-RAG', 'AuthNZ', 'Streaming', 'HTTP', 'Egress', 'Embeddings', 'Claims', 'ClaimsMonitoring', 'RAG', 'Search-Agent', 'ResourceGovernor', 'Jobs', 'SlidesStandaloneHtml', 'Diarization', 'API', 'MLX', 'Local-API', 'LlamaCpp', 'STT-Settings', 'external_providers', 'TTS-Settings', 'VibeVoice', 'Audio-Quota', 'API-Routes', 'Search-Engines', 'Web-Scraper', 'Logging', 'Moderation', 'Redis', 'Web-Scraping', 'personalization', 'persona', 'persona.rbac']
2026-09-16 23:35:09.353 | INFO     | tldw_Server_API.app.core.config:_buffered_log:210 - Ensured main SQLite database directory exists: /Users/macbook-dev/Documents/GitHub/tldw_server2/Databases
2026-09-16 23:35:09.353 | INFO     | tldw_Server_API.app.core.config:_buffered_log:210 - Ensured user data base directory exists: Databases/user_databases
2026-09-16 23:35:09.353 | WARNING  | tldw_Server_API.app.core.DB_Management.db_path_utils:resolve_user_db_base_dir:491 - USER_DB_BASE_DIR not configured in tests, using isolated fallback: /private/var/folders/sn/m80n2j152t9gw3w8qwk2nykh0000gn/T/tldw_user_databases_test/default-68fe53a8
2026-09-16 23:35:09.353 | INFO     | tldw_Server_API.app.core.DB_Management.ChaChaNotes_DB:__init__:7657 - Initializing CharactersRAGDB for path: /private/var/folders/sn/m80n2j152t9gw3w8qwk2nykh0000gn/T/pytest-of-macbook-dev/pytest-612/test_owned_optional_resolution3/visual.db [Client ID: 2] (backend=postgresql)
2026-09-16 23:35:10.617 | DEBUG    | tldw_Server_API.app.core.DB_Management.ChaChaNotes_DB:__init__:7664 - CharactersRAGDB initialization completed successfully for /private/var/folders/sn/m80n2j152t9gw3w8qwk2nykh0000gn/T/pytest-of-macbook-dev/pytest-612/test_owned_optional_resolution3/visual.db
2026-09-16 23:35:10.618 | DEBUG    | tldw_Server_API.app.core.DB_Management.ChaChaNotes_DB:_get_connection_for_state:8036 - Acquired backend connection (postgresql) for thread 8346099072
2026-09-16 23:35:10.619 | INFO     | tldw_Server_API.app.core.DB_Management.chacha.character_store:add_character_card:199 - Added character card 'Owned optional visual actor' with ID: 2.
--------------------------- Captured stderr teardown ---------------------------
2026-09-16 23:35:10.641 | DEBUG    | tldw_Server_API.app.core.DB_Management.ChaChaNotes_DB:close_connection:8110 - Returned backend connection (postgresql) for thread 8346099072.
2026-09-16 23:35:10.661 | INFO     | tldw_Server_API.app.api.v1.API_Deps.ChaCha_Notes_DB_Deps:close_all_chacha_db_instances:876 - Closing all cached ChaChaNotesDB instances (0)...
2026-09-16 23:35:10.661 | INFO     | tldw_Server_API.app.api.v1.API_Deps.ChaCha_Notes_DB_Deps:close_all_chacha_db_instances:892 - All ChaChaNotesDB instances closed and cache cleared.
2026-09-16 23:35:10.662 | INFO     | tldw_Server_API.app.api.v1.API_Deps.ChaCha_Notes_DB_Deps:close_all_chacha_db_instances:876 - Closing all cached ChaChaNotesDB instances (0)...
2026-09-16 23:35:10.662 | INFO     | tldw_Server_API.app.api.v1.API_Deps.ChaCha_Notes_DB_Deps:close_all_chacha_db_instances:892 - All ChaChaNotesDB instances closed and cache cleared.
______ test_metadata_authoring_stays_explicitly_unsupported[postgres-get] ______
tldw_Server_API/tests/Visual_Identities/test_visual_identity_backend_support.py:188: in test_metadata_authoring_stays_explicitly_unsupported
    assert response.status_code == 501
E   assert 500 == 501
E    +  where 500 = <Response [500 Internal Server Error]>.status_code
---------------------------- Captured stderr setup -----------------------------
2026-09-16 23:35:13.233 | INFO     | tldw_Server_API.app.core.DB_Management.backends.factory:create_backend:392 - Creating postgresql backend
2026-09-16 23:35:13.234 | INFO     | tldw_Server_API.app.core.config:_buffered_log:210 - Determined ACTUAL_PROJECT_ROOT for database paths: /Users/macbook-dev/Documents/GitHub/tldw_server2
2026-09-16 23:35:13.234 | INFO     | tldw_Server_API.app.core.config:_buffered_log:210 - Early loading environment variables from: /Users/macbook-dev/Documents/GitHub/tldw_server2/tldw_Server_API/Config_Files/.env
2026-09-16 23:35:13.239 | INFO     | tldw_Server_API.app.core.config:_buffered_log:210 - Early loading environment variables from: /Users/macbook-dev/Documents/GitHub/tldw_server2/tldw_Server_API/Config_Files/.ENV
2026-09-16 23:35:13.243 | DEBUG    | tldw_Server_API.app.core.config:_buffered_log:210 - load_and_log_configs(): Loading and logging configurations...
2026-09-16 23:35:13.244 | INFO     | tldw_Server_API.app.core.config:_buffered_log:210 - Loading environment variables from: /Users/macbook-dev/Documents/GitHub/tldw_server2/tldw_Server_API/Config_Files/.env
2026-09-16 23:35:13.248 | INFO     | tldw_Server_API.app.core.config:_buffered_log:210 - Loading environment variables from: /Users/macbook-dev/Documents/GitHub/tldw_server2/tldw_Server_API/Config_Files/.ENV
2026-09-16 23:35:13.254 | INFO     | tldw_Server_API.app.core.config:_buffered_log:210 - Attempting to load comprehensive config from: /Users/macbook-dev/Documents/GitHub/tldw_server2/tldw_Server_API/Config_Files/config.txt
2026-09-16 23:35:13.256 | INFO     | tldw_Server_API.app.core.config:_buffered_log:210 - load_comprehensive_config(): Sections found in config: ['Setup', 'UI', 'Server', 'Files', 'Image-Generation', 'ACP', 'WORKSPACES', 'ACP-WORKSPACE', 'ACP-SANDBOX', 'Audit', 'Processing', 'Media-Processing', 'Chat-Dictionaries', 'Chat-Module', 'Chat-Commands', 'Chat-Templating', 'Character-Chat', 'Settings', 'Auto-Save', 'Prompts', 'Database', 'Chunking', 'Visual-RAG', 'AuthNZ', 'Streaming', 'HTTP', 'Egress', 'Embeddings', 'Claims', 'ClaimsMonitoring', 'RAG', 'Search-Agent', 'ResourceGovernor', 'Jobs', 'SlidesStandaloneHtml', 'Diarization', 'API', 'MLX', 'Local-API', 'LlamaCpp', 'STT-Settings', 'external_providers', 'TTS-Settings', 'VibeVoice', 'Audio-Quota', 'API-Routes', 'Search-Engines', 'Web-Scraper', 'Logging', 'Moderation', 'Redis', 'Web-Scraping', 'personalization', 'persona', 'persona.rbac']
2026-09-16 23:35:13.258 | INFO     | tldw_Server_API.app.core.config:_buffered_log:210 - Ensured main SQLite database directory exists: /Users/macbook-dev/Documents/GitHub/tldw_server2/Databases
2026-09-16 23:35:13.258 | INFO     | tldw_Server_API.app.core.config:_buffered_log:210 - Ensured user data base directory exists: Databases/user_databases
2026-09-16 23:35:13.259 | WARNING  | tldw_Server_API.app.core.DB_Management.db_path_utils:resolve_user_db_base_dir:491 - USER_DB_BASE_DIR not configured in tests, using isolated fallback: /private/var/folders/sn/m80n2j152t9gw3w8qwk2nykh0000gn/T/tldw_user_databases_test/default-68fe53a8
2026-09-16 23:35:13.259 | INFO     | tldw_Server_API.app.core.DB_Management.ChaChaNotes_DB:__init__:7657 - Initializing CharactersRAGDB for path: /private/var/folders/sn/m80n2j152t9gw3w8qwk2nykh0000gn/T/pytest-of-macbook-dev/pytest-612/test_metadata_authoring_stays_1/visual.db [Client ID: 2] (backend=postgresql)
2026-09-16 23:35:14.547 | DEBUG    | tldw_Server_API.app.core.DB_Management.ChaChaNotes_DB:__init__:7664 - CharactersRAGDB initialization completed successfully for /private/var/folders/sn/m80n2j152t9gw3w8qwk2nykh0000gn/T/pytest-of-macbook-dev/pytest-612/test_metadata_authoring_stays_1/visual.db
2026-09-16 23:35:14.548 | DEBUG    | tldw_Server_API.app.core.DB_Management.ChaChaNotes_DB:_get_connection_for_state:8036 - Acquired backend connection (postgresql) for thread 8346099072
2026-09-16 23:35:14.549 | INFO     | tldw_Server_API.app.core.DB_Management.chacha.character_store:add_character_card:199 - Added character card 'Owned optional visual actor' with ID: 2.
--------------------------- Captured stderr teardown ---------------------------
2026-09-16 23:35:14.569 | DEBUG    | tldw_Server_API.app.core.DB_Management.ChaChaNotes_DB:close_connection:8110 - Returned backend connection (postgresql) for thread 8346099072.
2026-09-16 23:35:14.584 | INFO     | tldw_Server_API.app.api.v1.API_Deps.ChaCha_Notes_DB_Deps:close_all_chacha_db_instances:876 - Closing all cached ChaChaNotesDB instances (0)...
2026-09-16 23:35:14.584 | INFO     | tldw_Server_API.app.api.v1.API_Deps.ChaCha_Notes_DB_Deps:close_all_chacha_db_instances:892 - All ChaChaNotesDB instances closed and cache cleared.
2026-09-16 23:35:14.584 | INFO     | tldw_Server_API.app.api.v1.API_Deps.ChaCha_Notes_DB_Deps:close_all_chacha_db_instances:876 - Closing all cached ChaChaNotesDB instances (0)...
2026-09-16 23:35:14.584 | INFO     | tldw_Server_API.app.api.v1.API_Deps.ChaCha_Notes_DB_Deps:close_all_chacha_db_instances:892 - All ChaChaNotesDB instances closed and cache cleared.
_____ test_metadata_authoring_stays_explicitly_unsupported[postgres-post] ______
tldw_Server_API/tests/Visual_Identities/test_visual_identity_backend_support.py:188: in test_metadata_authoring_stays_explicitly_unsupported
    assert response.status_code == 501
E   assert 500 == 501
E    +  where 500 = <Response [500 Internal Server Error]>.status_code
---------------------------- Captured stderr setup -----------------------------
2026-09-16 23:35:16.750 | INFO     | tldw_Server_API.app.core.DB_Management.backends.factory:create_backend:392 - Creating postgresql backend
2026-09-16 23:35:16.750 | INFO     | tldw_Server_API.app.core.config:_buffered_log:210 - Determined ACTUAL_PROJECT_ROOT for database paths: /Users/macbook-dev/Documents/GitHub/tldw_server2
2026-09-16 23:35:16.751 | INFO     | tldw_Server_API.app.core.config:_buffered_log:210 - Early loading environment variables from: /Users/macbook-dev/Documents/GitHub/tldw_server2/tldw_Server_API/Config_Files/.env
2026-09-16 23:35:16.755 | INFO     | tldw_Server_API.app.core.config:_buffered_log:210 - Early loading environment variables from: /Users/macbook-dev/Documents/GitHub/tldw_server2/tldw_Server_API/Config_Files/.ENV
2026-09-16 23:35:16.759 | DEBUG    | tldw_Server_API.app.core.config:_buffered_log:210 - load_and_log_configs(): Loading and logging configurations...
2026-09-16 23:35:16.760 | INFO     | tldw_Server_API.app.core.config:_buffered_log:210 - Loading environment variables from: /Users/macbook-dev/Documents/GitHub/tldw_server2/tldw_Server_API/Config_Files/.env
2026-09-16 23:35:16.765 | INFO     | tldw_Server_API.app.core.config:_buffered_log:210 - Loading environment variables from: /Users/macbook-dev/Documents/GitHub/tldw_server2/tldw_Server_API/Config_Files/.ENV
2026-09-16 23:35:16.770 | INFO     | tldw_Server_API.app.core.config:_buffered_log:210 - Attempting to load comprehensive config from: /Users/macbook-dev/Documents/GitHub/tldw_server2/tldw_Server_API/Config_Files/config.txt
2026-09-16 23:35:16.773 | INFO     | tldw_Server_API.app.core.config:_buffered_log:210 - load_comprehensive_config(): Sections found in config: ['Setup', 'UI', 'Server', 'Files', 'Image-Generation', 'ACP', 'WORKSPACES', 'ACP-WORKSPACE', 'ACP-SANDBOX', 'Audit', 'Processing', 'Media-Processing', 'Chat-Dictionaries', 'Chat-Module', 'Chat-Commands', 'Chat-Templating', 'Character-Chat', 'Settings', 'Auto-Save', 'Prompts', 'Database', 'Chunking', 'Visual-RAG', 'AuthNZ', 'Streaming', 'HTTP', 'Egress', 'Embeddings', 'Claims', 'ClaimsMonitoring', 'RAG', 'Search-Agent', 'ResourceGovernor', 'Jobs', 'SlidesStandaloneHtml', 'Diarization', 'API', 'MLX', 'Local-API', 'LlamaCpp', 'STT-Settings', 'external_providers', 'TTS-Settings', 'VibeVoice', 'Audio-Quota', 'API-Routes', 'Search-Engines', 'Web-Scraper', 'Logging', 'Moderation', 'Redis', 'Web-Scraping', 'personalization', 'persona', 'persona.rbac']
2026-09-16 23:35:16.775 | INFO     | tldw_Server_API.app.core.config:_buffered_log:210 - Ensured main SQLite database directory exists: /Users/macbook-dev/Documents/GitHub/tldw_server2/Databases
2026-09-16 23:35:16.775 | INFO     | tldw_Server_API.app.core.config:_buffered_log:210 - Ensured user data base directory exists: Databases/user_databases
2026-09-16 23:35:16.776 | WARNING  | tldw_Server_API.app.core.DB_Management.db_path_utils:resolve_user_db_base_dir:491 - USER_DB_BASE_DIR not configured in tests, using isolated fallback: /private/var/folders/sn/m80n2j152t9gw3w8qwk2nykh0000gn/T/tldw_user_databases_test/default-68fe53a8
2026-09-16 23:35:16.776 | INFO     | tldw_Server_API.app.core.DB_Management.ChaChaNotes_DB:__init__:7657 - Initializing CharactersRAGDB for path: /private/var/folders/sn/m80n2j152t9gw3w8qwk2nykh0000gn/T/pytest-of-macbook-dev/pytest-612/test_metadata_authoring_stays_3/visual.db [Client ID: 2] (backend=postgresql)
2026-09-16 23:35:18.174 | DEBUG    | tldw_Server_API.app.core.DB_Management.ChaChaNotes_DB:__init__:7664 - CharactersRAGDB initialization completed successfully for /private/var/folders/sn/m80n2j152t9gw3w8qwk2nykh0000gn/T/pytest-of-macbook-dev/pytest-612/test_metadata_authoring_stays_3/visual.db
2026-09-16 23:35:18.176 | DEBUG    | tldw_Server_API.app.core.DB_Management.ChaChaNotes_DB:_get_connection_for_state:8036 - Acquired backend connection (postgresql) for thread 8346099072
2026-09-16 23:35:18.177 | INFO     | tldw_Server_API.app.core.DB_Management.chacha.character_store:add_character_card:199 - Added character card 'Owned optional visual actor' with ID: 2.
--------------------------- Captured stderr teardown ---------------------------
2026-09-16 23:35:18.198 | DEBUG    | tldw_Server_API.app.core.DB_Management.ChaChaNotes_DB:close_connection:8110 - Returned backend connection (postgresql) for thread 8346099072.
2026-09-16 23:35:18.330 | INFO     | tldw_Server_API.app.api.v1.API_Deps.ChaCha_Notes_DB_Deps:close_all_chacha_db_instances:876 - Closing all cached ChaChaNotesDB instances (0)...
2026-09-16 23:35:18.330 | INFO     | tldw_Server_API.app.api.v1.API_Deps.ChaCha_Notes_DB_Deps:close_all_chacha_db_instances:892 - All ChaChaNotesDB instances closed and cache cleared.
2026-09-16 23:35:18.331 | INFO     | tldw_Server_API.app.api.v1.API_Deps.ChaCha_Notes_DB_Deps:close_all_chacha_db_instances:876 - Closing all cached ChaChaNotesDB instances (0)...
2026-09-16 23:35:18.331 | INFO     | tldw_Server_API.app.api.v1.API_Deps.ChaCha_Notes_DB_Deps:close_all_chacha_db_instances:892 - All ChaChaNotesDB instances closed and cache cleared.
_ test_capabilities_report_selected_backend_without_changing_formats[postgres] _
tldw_Server_API/tests/Visual_Identities/test_visual_identity_backend_support.py:107: in test_capabilities_report_selected_backend_without_changing_formats
    assert payload["metadata_supported"] is (route.backend_name == "sqlite")
           ^^^^^^^^^^^^^^^^^^^^^^^^^^^^^
E   KeyError: 'metadata_supported'
---------------------------- Captured stderr setup -----------------------------
2026-09-16 23:35:20.429 | INFO     | tldw_Server_API.app.core.DB_Management.backends.factory:create_backend:392 - Creating postgresql backend
2026-09-16 23:35:20.429 | INFO     | tldw_Server_API.app.core.config:_buffered_log:210 - Determined ACTUAL_PROJECT_ROOT for database paths: /Users/macbook-dev/Documents/GitHub/tldw_server2
2026-09-16 23:35:20.429 | INFO     | tldw_Server_API.app.core.config:_buffered_log:210 - Early loading environment variables from: /Users/macbook-dev/Documents/GitHub/tldw_server2/tldw_Server_API/Config_Files/.env
2026-09-16 23:35:20.434 | INFO     | tldw_Server_API.app.core.config:_buffered_log:210 - Early loading environment variables from: /Users/macbook-dev/Documents/GitHub/tldw_server2/tldw_Server_API/Config_Files/.ENV
2026-09-16 23:35:20.438 | DEBUG    | tldw_Server_API.app.core.config:_buffered_log:210 - load_and_log_configs(): Loading and logging configurations...
2026-09-16 23:35:20.438 | INFO     | tldw_Server_API.app.core.config:_buffered_log:210 - Loading environment variables from: /Users/macbook-dev/Documents/GitHub/tldw_server2/tldw_Server_API/Config_Files/.env
2026-09-16 23:35:20.443 | INFO     | tldw_Server_API.app.core.config:_buffered_log:210 - Loading environment variables from: /Users/macbook-dev/Documents/GitHub/tldw_server2/tldw_Server_API/Config_Files/.ENV
2026-09-16 23:35:20.448 | INFO     | tldw_Server_API.app.core.config:_buffered_log:210 - Attempting to load comprehensive config from: /Users/macbook-dev/Documents/GitHub/tldw_server2/tldw_Server_API/Config_Files/config.txt
2026-09-16 23:35:20.449 | INFO     | tldw_Server_API.app.core.config:_buffered_log:210 - load_comprehensive_config(): Sections found in config: ['Setup', 'UI', 'Server', 'Files', 'Image-Generation', 'ACP', 'WORKSPACES', 'ACP-WORKSPACE', 'ACP-SANDBOX', 'Audit', 'Processing', 'Media-Processing', 'Chat-Dictionaries', 'Chat-Module', 'Chat-Commands', 'Chat-Templating', 'Character-Chat', 'Settings', 'Auto-Save', 'Prompts', 'Database', 'Chunking', 'Visual-RAG', 'AuthNZ', 'Streaming', 'HTTP', 'Egress', 'Embeddings', 'Claims', 'ClaimsMonitoring', 'RAG', 'Search-Agent', 'ResourceGovernor', 'Jobs', 'SlidesStandaloneHtml', 'Diarization', 'API', 'MLX', 'Local-API', 'LlamaCpp', 'STT-Settings', 'external_providers', 'TTS-Settings', 'VibeVoice', 'Audio-Quota', 'API-Routes', 'Search-Engines', 'Web-Scraper', 'Logging', 'Moderation', 'Redis', 'Web-Scraping', 'personalization', 'persona', 'persona.rbac']
2026-09-16 23:35:20.452 | INFO     | tldw_Server_API.app.core.config:_buffered_log:210 - Ensured main SQLite database directory exists: /Users/macbook-dev/Documents/GitHub/tldw_server2/Databases
2026-09-16 23:35:20.452 | INFO     | tldw_Server_API.app.core.config:_buffered_log:210 - Ensured user data base directory exists: Databases/user_databases
2026-09-16 23:35:20.452 | WARNING  | tldw_Server_API.app.core.DB_Management.db_path_utils:resolve_user_db_base_dir:491 - USER_DB_BASE_DIR not configured in tests, using isolated fallback: /private/var/folders/sn/m80n2j152t9gw3w8qwk2nykh0000gn/T/tldw_user_databases_test/default-68fe53a8
2026-09-16 23:35:20.452 | INFO     | tldw_Server_API.app.core.DB_Management.ChaChaNotes_DB:__init__:7657 - Initializing CharactersRAGDB for path: /private/var/folders/sn/m80n2j152t9gw3w8qwk2nykh0000gn/T/pytest-of-macbook-dev/pytest-612/test_capabilities_report_selec0/visual.db [Client ID: 2] (backend=postgresql)
2026-09-16 23:35:21.714 | DEBUG    | tldw_Server_API.app.core.DB_Management.ChaChaNotes_DB:__init__:7664 - CharactersRAGDB initialization completed successfully for /private/var/folders/sn/m80n2j152t9gw3w8qwk2nykh0000gn/T/pytest-of-macbook-dev/pytest-612/test_capabilities_report_selec0/visual.db
2026-09-16 23:35:21.715 | DEBUG    | tldw_Server_API.app.core.DB_Management.ChaChaNotes_DB:_get_connection_for_state:8036 - Acquired backend connection (postgresql) for thread 8346099072
2026-09-16 23:35:21.716 | INFO     | tldw_Server_API.app.core.DB_Management.chacha.character_store:add_character_card:199 - Added character card 'Owned optional visual actor' with ID: 2.
--------------------------- Captured stderr teardown ---------------------------
2026-09-16 23:35:21.737 | DEBUG    | tldw_Server_API.app.core.DB_Management.ChaChaNotes_DB:close_connection:8110 - Returned backend connection (postgresql) for thread 8346099072.
2026-09-16 23:35:21.752 | INFO     | tldw_Server_API.app.api.v1.API_Deps.ChaCha_Notes_DB_Deps:close_all_chacha_db_instances:876 - Closing all cached ChaChaNotesDB instances (0)...
2026-09-16 23:35:21.752 | INFO     | tldw_Server_API.app.api.v1.API_Deps.ChaCha_Notes_DB_Deps:close_all_chacha_db_instances:892 - All ChaChaNotesDB instances closed and cache cleared.
2026-09-16 23:35:21.752 | INFO     | tldw_Server_API.app.api.v1.API_Deps.ChaCha_Notes_DB_Deps:close_all_chacha_db_instances:876 - Closing all cached ChaChaNotesDB instances (0)...
2026-09-16 23:35:21.752 | INFO     | tldw_Server_API.app.api.v1.API_Deps.ChaCha_Notes_DB_Deps:close_all_chacha_db_instances:892 - All ChaChaNotesDB instances closed and cache cleared.
__ test_deleted_actor_is_not_hidden_by_optional_fallback[postgres-character] ___
tldw_Server_API/tests/Visual_Identities/test_visual_identity_backend_support.py:130: in test_deleted_actor_is_not_hidden_by_optional_fallback
    assert response.status_code == 404
E   assert 500 == 404
E    +  where 500 = <Response [500 Internal Server Error]>.status_code
---------------------------- Captured stderr setup -----------------------------
2026-09-16 23:35:21.769 | INFO     | tldw_Server_API.app.core.DB_Management.backends.factory:create_backend:392 - Creating postgresql backend
2026-09-16 23:35:21.770 | INFO     | tldw_Server_API.app.core.config:_buffered_log:210 - Determined ACTUAL_PROJECT_ROOT for database paths: /Users/macbook-dev/Documents/GitHub/tldw_server2
2026-09-16 23:35:21.770 | INFO     | tldw_Server_API.app.core.config:_buffered_log:210 - Early loading environment variables from: /Users/macbook-dev/Documents/GitHub/tldw_server2/tldw_Server_API/Config_Files/.env
2026-09-16 23:35:21.775 | INFO     | tldw_Server_API.app.core.config:_buffered_log:210 - Early loading environment variables from: /Users/macbook-dev/Documents/GitHub/tldw_server2/tldw_Server_API/Config_Files/.ENV
2026-09-16 23:35:21.779 | DEBUG    | tldw_Server_API.app.core.config:_buffered_log:210 - load_and_log_configs(): Loading and logging configurations...
2026-09-16 23:35:21.780 | INFO     | tldw_Server_API.app.core.config:_buffered_log:210 - Loading environment variables from: /Users/macbook-dev/Documents/GitHub/tldw_server2/tldw_Server_API/Config_Files/.env
2026-09-16 23:35:21.784 | INFO     | tldw_Server_API.app.core.config:_buffered_log:210 - Loading environment variables from: /Users/macbook-dev/Documents/GitHub/tldw_server2/tldw_Server_API/Config_Files/.ENV
2026-09-16 23:35:21.788 | INFO     | tldw_Server_API.app.core.config:_buffered_log:210 - Attempting to load comprehensive config from: /Users/macbook-dev/Documents/GitHub/tldw_server2/tldw_Server_API/Config_Files/config.txt
2026-09-16 23:35:21.790 | INFO     | tldw_Server_API.app.core.config:_buffered_log:210 - load_comprehensive_config(): Sections found in config: ['Setup', 'UI', 'Server', 'Files', 'Image-Generation', 'ACP', 'WORKSPACES', 'ACP-WORKSPACE', 'ACP-SANDBOX', 'Audit', 'Processing', 'Media-Processing', 'Chat-Dictionaries', 'Chat-Module', 'Chat-Commands', 'Chat-Templating', 'Character-Chat', 'Settings', 'Auto-Save', 'Prompts', 'Database', 'Chunking', 'Visual-RAG', 'AuthNZ', 'Streaming', 'HTTP', 'Egress', 'Embeddings', 'Claims', 'ClaimsMonitoring', 'RAG', 'Search-Agent', 'ResourceGovernor', 'Jobs', 'SlidesStandaloneHtml', 'Diarization', 'API', 'MLX', 'Local-API', 'LlamaCpp', 'STT-Settings', 'external_providers', 'TTS-Settings', 'VibeVoice', 'Audio-Quota', 'API-Routes', 'Search-Engines', 'Web-Scraper', 'Logging', 'Moderation', 'Redis', 'Web-Scraping', 'personalization', 'persona', 'persona.rbac']
2026-09-16 23:35:21.792 | INFO     | tldw_Server_API.app.core.config:_buffered_log:210 - Ensured main SQLite database directory exists: /Users/macbook-dev/Documents/GitHub/tldw_server2/Databases
2026-09-16 23:35:21.792 | INFO     | tldw_Server_API.app.core.config:_buffered_log:210 - Ensured user data base directory exists: Databases/user_databases
2026-09-16 23:35:21.793 | WARNING  | tldw_Server_API.app.core.DB_Management.db_path_utils:resolve_user_db_base_dir:491 - USER_DB_BASE_DIR not configured in tests, using isolated fallback: /private/var/folders/sn/m80n2j152t9gw3w8qwk2nykh0000gn/T/tldw_user_databases_test/default-68fe53a8
2026-09-16 23:35:21.793 | INFO     | tldw_Server_API.app.core.DB_Management.ChaChaNotes_DB:__init__:7657 - Initializing CharactersRAGDB for path: /private/var/folders/sn/m80n2j152t9gw3w8qwk2nykh0000gn/T/pytest-of-macbook-dev/pytest-612/test_deleted_actor_is_not_hidd2/visual.db [Client ID: 2] (backend=postgresql)
2026-09-16 23:35:22.982 | DEBUG    | tldw_Server_API.app.core.DB_Management.ChaChaNotes_DB:__init__:7664 - CharactersRAGDB initialization completed successfully for /private/var/folders/sn/m80n2j152t9gw3w8qwk2nykh0000gn/T/pytest-of-macbook-dev/pytest-612/test_deleted_actor_is_not_hidd2/visual.db
2026-09-16 23:35:22.983 | DEBUG    | tldw_Server_API.app.core.DB_Management.ChaChaNotes_DB:_get_connection_for_state:8036 - Acquired backend connection (postgresql) for thread 8346099072
2026-09-16 23:35:22.984 | INFO     | tldw_Server_API.app.core.DB_Management.chacha.character_store:add_character_card:199 - Added character card 'Owned optional visual actor' with ID: 2.
----------------------------- Captured stderr call -----------------------------
2026-09-16 23:35:23.002 | INFO     | tldw_Server_API.app.core.DB_Management.chacha.character_store:soft_delete_character_card:1256 - Soft-deleted character card ID 2 (was version 1), new version 2.
--------------------------- Captured stderr teardown ---------------------------
2026-09-16 23:35:23.007 | DEBUG    | tldw_Server_API.app.core.DB_Management.ChaChaNotes_DB:close_connection:8110 - Returned backend connection (postgresql) for thread 8346099072.
2026-09-16 23:35:23.022 | INFO     | tldw_Server_API.app.api.v1.API_Deps.ChaCha_Notes_DB_Deps:close_all_chacha_db_instances:876 - Closing all cached ChaChaNotesDB instances (0)...
2026-09-16 23:35:23.023 | INFO     | tldw_Server_API.app.api.v1.API_Deps.ChaCha_Notes_DB_Deps:close_all_chacha_db_instances:892 - All ChaChaNotesDB instances closed and cache cleared.
2026-09-16 23:35:23.023 | INFO     | tldw_Server_API.app.api.v1.API_Deps.ChaCha_Notes_DB_Deps:close_all_chacha_db_instances:876 - Closing all cached ChaChaNotesDB instances (0)...
2026-09-16 23:35:23.023 | INFO     | tldw_Server_API.app.api.v1.API_Deps.ChaCha_Notes_DB_Deps:close_all_chacha_db_instances:892 - All ChaChaNotesDB instances closed and cache cleared.
___ test_deleted_actor_is_not_hidden_by_optional_fallback[postgres-persona] ____
tldw_Server_API/tests/Visual_Identities/test_visual_identity_backend_support.py:130: in test_deleted_actor_is_not_hidden_by_optional_fallback
    assert response.status_code == 404
E   assert 500 == 404
E    +  where 500 = <Response [500 Internal Server Error]>.status_code
---------------------------- Captured stderr setup -----------------------------
2026-09-16 23:35:23.041 | INFO     | tldw_Server_API.app.core.DB_Management.backends.factory:create_backend:392 - Creating postgresql backend
2026-09-16 23:35:23.041 | INFO     | tldw_Server_API.app.core.config:_buffered_log:210 - Determined ACTUAL_PROJECT_ROOT for database paths: /Users/macbook-dev/Documents/GitHub/tldw_server2
2026-09-16 23:35:23.041 | INFO     | tldw_Server_API.app.core.config:_buffered_log:210 - Early loading environment variables from: /Users/macbook-dev/Documents/GitHub/tldw_server2/tldw_Server_API/Config_Files/.env
2026-09-16 23:35:23.046 | INFO     | tldw_Server_API.app.core.config:_buffered_log:210 - Early loading environment variables from: /Users/macbook-dev/Documents/GitHub/tldw_server2/tldw_Server_API/Config_Files/.ENV
2026-09-16 23:35:23.050 | DEBUG    | tldw_Server_API.app.core.config:_buffered_log:210 - load_and_log_configs(): Loading and logging configurations...
2026-09-16 23:35:23.050 | INFO     | tldw_Server_API.app.core.config:_buffered_log:210 - Loading environment variables from: /Users/macbook-dev/Documents/GitHub/tldw_server2/tldw_Server_API/Config_Files/.env
2026-09-16 23:35:23.055 | INFO     | tldw_Server_API.app.core.config:_buffered_log:210 - Loading environment variables from: /Users/macbook-dev/Documents/GitHub/tldw_server2/tldw_Server_API/Config_Files/.ENV
2026-09-16 23:35:23.059 | INFO     | tldw_Server_API.app.core.config:_buffered_log:210 - Attempting to load comprehensive config from: /Users/macbook-dev/Documents/GitHub/tldw_server2/tldw_Server_API/Config_Files/config.txt
2026-09-16 23:35:23.061 | INFO     | tldw_Server_API.app.core.config:_buffered_log:210 - load_comprehensive_config(): Sections found in config: ['Setup', 'UI', 'Server', 'Files', 'Image-Generation', 'ACP', 'WORKSPACES', 'ACP-WORKSPACE', 'ACP-SANDBOX', 'Audit', 'Processing', 'Media-Processing', 'Chat-Dictionaries', 'Chat-Module', 'Chat-Commands', 'Chat-Templating', 'Character-Chat', 'Settings', 'Auto-Save', 'Prompts', 'Database', 'Chunking', 'Visual-RAG', 'AuthNZ', 'Streaming', 'HTTP', 'Egress', 'Embeddings', 'Claims', 'ClaimsMonitoring', 'RAG', 'Search-Agent', 'ResourceGovernor', 'Jobs', 'SlidesStandaloneHtml', 'Diarization', 'API', 'MLX', 'Local-API', 'LlamaCpp', 'STT-Settings', 'external_providers', 'TTS-Settings', 'VibeVoice', 'Audio-Quota', 'API-Routes', 'Search-Engines', 'Web-Scraper', 'Logging', 'Moderation', 'Redis', 'Web-Scraping', 'personalization', 'persona', 'persona.rbac']
2026-09-16 23:35:23.063 | INFO     | tldw_Server_API.app.core.config:_buffered_log:210 - Ensured main SQLite database directory exists: /Users/macbook-dev/Documents/GitHub/tldw_server2/Databases
2026-09-16 23:35:23.063 | INFO     | tldw_Server_API.app.core.config:_buffered_log:210 - Ensured user data base directory exists: Databases/user_databases
2026-09-16 23:35:23.064 | WARNING  | tldw_Server_API.app.core.DB_Management.db_path_utils:resolve_user_db_base_dir:491 - USER_DB_BASE_DIR not configured in tests, using isolated fallback: /private/var/folders/sn/m80n2j152t9gw3w8qwk2nykh0000gn/T/tldw_user_databases_test/default-68fe53a8
2026-09-16 23:35:23.064 | INFO     | tldw_Server_API.app.core.DB_Management.ChaChaNotes_DB:__init__:7657 - Initializing CharactersRAGDB for path: /private/var/folders/sn/m80n2j152t9gw3w8qwk2nykh0000gn/T/pytest-of-macbook-dev/pytest-612/test_deleted_actor_is_not_hidd3/visual.db [Client ID: 2] (backend=postgresql)
2026-09-16 23:35:24.347 | DEBUG    | tldw_Server_API.app.core.DB_Management.ChaChaNotes_DB:__init__:7664 - CharactersRAGDB initialization completed successfully for /private/var/folders/sn/m80n2j152t9gw3w8qwk2nykh0000gn/T/pytest-of-macbook-dev/pytest-612/test_deleted_actor_is_not_hidd3/visual.db
2026-09-16 23:35:24.348 | DEBUG    | tldw_Server_API.app.core.DB_Management.ChaChaNotes_DB:_get_connection_for_state:8036 - Acquired backend connection (postgresql) for thread 8346099072
2026-09-16 23:35:24.349 | INFO     | tldw_Server_API.app.core.DB_Management.chacha.character_store:add_character_card:199 - Added character card 'Owned optional visual actor' with ID: 2.
--------------------------- Captured stderr teardown ---------------------------
2026-09-16 23:35:24.372 | DEBUG    | tldw_Server_API.app.core.DB_Management.ChaChaNotes_DB:close_connection:8110 - Returned backend connection (postgresql) for thread 8346099072.
2026-09-16 23:35:24.389 | INFO     | tldw_Server_API.app.api.v1.API_Deps.ChaCha_Notes_DB_Deps:close_all_chacha_db_instances:876 - Closing all cached ChaChaNotesDB instances (0)...
2026-09-16 23:35:24.389 | INFO     | tldw_Server_API.app.api.v1.API_Deps.ChaCha_Notes_DB_Deps:close_all_chacha_db_instances:892 - All ChaChaNotesDB instances closed and cache cleared.
2026-09-16 23:35:24.389 | INFO     | tldw_Server_API.app.api.v1.API_Deps.ChaCha_Notes_DB_Deps:close_all_chacha_db_instances:876 - Closing all cached ChaChaNotesDB instances (0)...
2026-09-16 23:35:24.389 | INFO     | tldw_Server_API.app.api.v1.API_Deps.ChaCha_Notes_DB_Deps:close_all_chacha_db_instances:892 - All ChaChaNotesDB instances closed and cache cleared.
_____ test_real_lookup_database_failure_is_not_a_no_asset_result[postgres] _____
tldw_Server_API/tests/Visual_Identities/test_visual_identity_backend_support.py:223: in test_real_lookup_database_failure_is_not_a_no_asset_result
    assert len(failures) == 1  # The real lookup failed; an early repository failure cannot satisfy this.
    ^^^^^^^^^^^^^^^^^^^^^^^^^
E   assert 0 == 1
E    +  where 0 = len([])
---------------------------- Captured stderr setup -----------------------------
2026-09-16 23:35:26.272 | INFO     | tldw_Server_API.app.core.DB_Management.backends.factory:create_backend:392 - Creating postgresql backend
2026-09-16 23:35:26.272 | INFO     | tldw_Server_API.app.core.config:_buffered_log:210 - Determined ACTUAL_PROJECT_ROOT for database paths: /Users/macbook-dev/Documents/GitHub/tldw_server2
2026-09-16 23:35:26.273 | INFO     | tldw_Server_API.app.core.config:_buffered_log:210 - Early loading environment variables from: /Users/macbook-dev/Documents/GitHub/tldw_server2/tldw_Server_API/Config_Files/.env
2026-09-16 23:35:26.277 | INFO     | tldw_Server_API.app.core.config:_buffered_log:210 - Early loading environment variables from: /Users/macbook-dev/Documents/GitHub/tldw_server2/tldw_Server_API/Config_Files/.ENV
2026-09-16 23:35:26.281 | DEBUG    | tldw_Server_API.app.core.config:_buffered_log:210 - load_and_log_configs(): Loading and logging configurations...
2026-09-16 23:35:26.281 | INFO     | tldw_Server_API.app.core.config:_buffered_log:210 - Loading environment variables from: /Users/macbook-dev/Documents/GitHub/tldw_server2/tldw_Server_API/Config_Files/.env
2026-09-16 23:35:26.285 | INFO     | tldw_Server_API.app.core.config:_buffered_log:210 - Loading environment variables from: /Users/macbook-dev/Documents/GitHub/tldw_server2/tldw_Server_API/Config_Files/.ENV
2026-09-16 23:35:26.290 | INFO     | tldw_Server_API.app.core.config:_buffered_log:210 - Attempting to load comprehensive config from: /Users/macbook-dev/Documents/GitHub/tldw_server2/tldw_Server_API/Config_Files/config.txt
2026-09-16 23:35:26.292 | INFO     | tldw_Server_API.app.core.config:_buffered_log:210 - load_comprehensive_config(): Sections found in config: ['Setup', 'UI', 'Server', 'Files', 'Image-Generation', 'ACP', 'WORKSPACES', 'ACP-WORKSPACE', 'ACP-SANDBOX', 'Audit', 'Processing', 'Media-Processing', 'Chat-Dictionaries', 'Chat-Module', 'Chat-Commands', 'Chat-Templating', 'Character-Chat', 'Settings', 'Auto-Save', 'Prompts', 'Database', 'Chunking', 'Visual-RAG', 'AuthNZ', 'Streaming', 'HTTP', 'Egress', 'Embeddings', 'Claims', 'ClaimsMonitoring', 'RAG', 'Search-Agent', 'ResourceGovernor', 'Jobs', 'SlidesStandaloneHtml', 'Diarization', 'API', 'MLX', 'Local-API', 'LlamaCpp', 'STT-Settings', 'external_providers', 'TTS-Settings', 'VibeVoice', 'Audio-Quota', 'API-Routes', 'Search-Engines', 'Web-Scraper', 'Logging', 'Moderation', 'Redis', 'Web-Scraping', 'personalization', 'persona', 'persona.rbac']
2026-09-16 23:35:26.294 | INFO     | tldw_Server_API.app.core.config:_buffered_log:210 - Ensured main SQLite database directory exists: /Users/macbook-dev/Documents/GitHub/tldw_server2/Databases
2026-09-16 23:35:26.294 | INFO     | tldw_Server_API.app.core.config:_buffered_log:210 - Ensured user data base directory exists: Databases/user_databases
2026-09-16 23:35:26.295 | WARNING  | tldw_Server_API.app.core.DB_Management.db_path_utils:resolve_user_db_base_dir:491 - USER_DB_BASE_DIR not configured in tests, using isolated fallback: /private/var/folders/sn/m80n2j152t9gw3w8qwk2nykh0000gn/T/tldw_user_databases_test/default-68fe53a8
2026-09-16 23:35:26.295 | INFO     | tldw_Server_API.app.core.DB_Management.ChaChaNotes_DB:__init__:7657 - Initializing CharactersRAGDB for path: /private/var/folders/sn/m80n2j152t9gw3w8qwk2nykh0000gn/T/pytest-of-macbook-dev/pytest-612/test_real_lookup_database_fail0/visual.db [Client ID: 2] (backend=postgresql)
2026-09-16 23:35:27.492 | DEBUG    | tldw_Server_API.app.core.DB_Management.ChaChaNotes_DB:__init__:7664 - CharactersRAGDB initialization completed successfully for /private/var/folders/sn/m80n2j152t9gw3w8qwk2nykh0000gn/T/pytest-of-macbook-dev/pytest-612/test_real_lookup_database_fail0/visual.db
2026-09-16 23:35:27.493 | DEBUG    | tldw_Server_API.app.core.DB_Management.ChaChaNotes_DB:_get_connection_for_state:8036 - Acquired backend connection (postgresql) for thread 8346099072
2026-09-16 23:35:27.494 | INFO     | tldw_Server_API.app.core.DB_Management.chacha.character_store:add_character_card:199 - Added character card 'Owned optional visual actor' with ID: 2.
--------------------------- Captured stderr teardown ---------------------------
2026-09-16 23:35:27.514 | DEBUG    | tldw_Server_API.app.core.DB_Management.ChaChaNotes_DB:close_connection:8110 - Returned backend connection (postgresql) for thread 8346099072.
2026-09-16 23:35:27.527 | INFO     | tldw_Server_API.app.api.v1.API_Deps.ChaCha_Notes_DB_Deps:close_all_chacha_db_instances:876 - Closing all cached ChaChaNotesDB instances (0)...
2026-09-16 23:35:27.528 | INFO     | tldw_Server_API.app.api.v1.API_Deps.ChaCha_Notes_DB_Deps:close_all_chacha_db_instances:892 - All ChaChaNotesDB instances closed and cache cleared.
2026-09-16 23:35:27.528 | INFO     | tldw_Server_API.app.api.v1.API_Deps.ChaCha_Notes_DB_Deps:close_all_chacha_db_instances:876 - Closing all cached ChaChaNotesDB instances (0)...
2026-09-16 23:35:27.528 | INFO     | tldw_Server_API.app.api.v1.API_Deps.ChaCha_Notes_DB_Deps:close_all_chacha_db_instances:892 - All ChaChaNotesDB instances closed and cache cleared.
__ test_capabilities_report_selected_backend_without_changing_formats[sqlite] __
tldw_Server_API/tests/Visual_Identities/test_visual_identity_backend_support.py:107: in test_capabilities_report_selected_backend_without_changing_formats
    assert payload["metadata_supported"] is (route.backend_name == "sqlite")
           ^^^^^^^^^^^^^^^^^^^^^^^^^^^^^
E   KeyError: 'metadata_supported'
---------------------------- Captured stderr setup -----------------------------
2026-09-16 23:35:29.467 | INFO     | tldw_Server_API.app.core.config:_buffered_log:210 - Determined ACTUAL_PROJECT_ROOT for database paths: /Users/macbook-dev/Documents/GitHub/tldw_server2
2026-09-16 23:35:29.467 | INFO     | tldw_Server_API.app.core.config:_buffered_log:210 - Early loading environment variables from: /Users/macbook-dev/Documents/GitHub/tldw_server2/tldw_Server_API/Config_Files/.env
2026-09-16 23:35:29.471 | INFO     | tldw_Server_API.app.core.config:_buffered_log:210 - Early loading environment variables from: /Users/macbook-dev/Documents/GitHub/tldw_server2/tldw_Server_API/Config_Files/.ENV
2026-09-16 23:35:29.475 | DEBUG    | tldw_Server_API.app.core.config:_buffered_log:210 - load_and_log_configs(): Loading and logging configurations...
2026-09-16 23:35:29.476 | INFO     | tldw_Server_API.app.core.config:_buffered_log:210 - Loading environment variables from: /Users/macbook-dev/Documents/GitHub/tldw_server2/tldw_Server_API/Config_Files/.env
2026-09-16 23:35:29.480 | INFO     | tldw_Server_API.app.core.config:_buffered_log:210 - Loading environment variables from: /Users/macbook-dev/Documents/GitHub/tldw_server2/tldw_Server_API/Config_Files/.ENV
2026-09-16 23:35:29.485 | INFO     | tldw_Server_API.app.core.config:_buffered_log:210 - Attempting to load comprehensive config from: /Users/macbook-dev/Documents/GitHub/tldw_server2/tldw_Server_API/Config_Files/config.txt
2026-09-16 23:35:29.486 | INFO     | tldw_Server_API.app.core.config:_buffered_log:210 - load_comprehensive_config(): Sections found in config: ['Setup', 'UI', 'Server', 'Files', 'Image-Generation', 'ACP', 'WORKSPACES', 'ACP-WORKSPACE', 'ACP-SANDBOX', 'Audit', 'Processing', 'Media-Processing', 'Chat-Dictionaries', 'Chat-Module', 'Chat-Commands', 'Chat-Templating', 'Character-Chat', 'Settings', 'Auto-Save', 'Prompts', 'Database', 'Chunking', 'Visual-RAG', 'AuthNZ', 'Streaming', 'HTTP', 'Egress', 'Embeddings', 'Claims', 'ClaimsMonitoring', 'RAG', 'Search-Agent', 'ResourceGovernor', 'Jobs', 'SlidesStandaloneHtml', 'Diarization', 'API', 'MLX', 'Local-API', 'LlamaCpp', 'STT-Settings', 'external_providers', 'TTS-Settings', 'VibeVoice', 'Audio-Quota', 'API-Routes', 'Search-Engines', 'Web-Scraper', 'Logging', 'Moderation', 'Redis', 'Web-Scraping', 'personalization', 'persona', 'persona.rbac']
2026-09-16 23:35:29.488 | INFO     | tldw_Server_API.app.core.config:_buffered_log:210 - Ensured main SQLite database directory exists: /Users/macbook-dev/Documents/GitHub/tldw_server2/Databases
2026-09-16 23:35:29.488 | INFO     | tldw_Server_API.app.core.config:_buffered_log:210 - Ensured user data base directory exists: Databases/user_databases
2026-09-16 23:35:29.489 | WARNING  | tldw_Server_API.app.core.DB_Management.db_path_utils:resolve_user_db_base_dir:491 - USER_DB_BASE_DIR not configured in tests, using isolated fallback: /private/var/folders/sn/m80n2j152t9gw3w8qwk2nykh0000gn/T/tldw_user_databases_test/default-68fe53a8
2026-09-16 23:35:29.489 | WARNING  | tldw_Server_API.app.core.DB_Management.db_path_utils:resolve_user_db_base_dir:491 - USER_DB_BASE_DIR not configured in tests, using isolated fallback: /private/var/folders/sn/m80n2j152t9gw3w8qwk2nykh0000gn/T/tldw_user_databases_test/default-68fe53a8
2026-09-16 23:35:29.489 | INFO     | tldw_Server_API.app.core.DB_Management.ChaChaNotes_DB:__init__:7657 - Initializing CharactersRAGDB for path: /private/var/folders/sn/m80n2j152t9gw3w8qwk2nykh0000gn/T/pytest-of-macbook-dev/pytest-612/test_capabilities_report_selec1/visual.db [Client ID: 2] (backend=sqlite)
2026-09-16 23:35:29.490 | DEBUG    | tldw_Server_API.app.core.DB_Management.ChaChaNotes_DB:_get_connection_for_state:8015 - Opened/Reopened SQLite connection to /private/var/folders/sn/m80n2j152t9gw3w8qwk2nykh0000gn/T/pytest-of-macbook-dev/pytest-612/test_capabilities_report_selec1/visual.db for thread 8346099072
2026-09-16 23:35:29.490 | DEBUG    | tldw_Server_API.app.core.DB_Management.ChaChaNotes_DB:__enter__:45022 - Transaction started (outermost) on thread 8346099072.
2026-09-16 23:35:29.490 | INFO     | tldw_Server_API.app.core.DB_Management.ChaChaNotes_DB:_initialize_schema_sqlite:20341 - Checking DB schema 'rag_char_chat_schema'. Current version: 0. Code supports: 67
2026-09-16 23:35:29.490 | INFO     | tldw_Server_API.app.core.DB_Management.ChaChaNotes_DB:_apply_schema_v4:8715 - Applying schema Version 4 for 'rag_char_chat_schema' to DB: /private/var/folders/sn/m80n2j152t9gw3w8qwk2nykh0000gn/T/pytest-of-macbook-dev/pytest-612/test_capabilities_report_selec1/visual.db...
2026-09-16 23:35:29.496 | DEBUG    | tldw_Server_API.app.core.DB_Management.ChaChaNotes_DB:_apply_schema_v4:8719 - [rag_char_chat_schema V4] Full schema script executed.
2026-09-16 23:35:29.496 | INFO     | tldw_Server_API.app.core.DB_Management.ChaChaNotes_DB:_apply_schema_v4:8725 - [rag_char_chat_schema V4] Schema 4 applied and version confirmed for DB: /private/var/folders/sn/m80n2j152t9gw3w8qwk2nykh0000gn/T/pytest-of-macbook-dev/pytest-612/test_capabilities_report_selec1/visual.db.
2026-09-16 23:35:29.496 | INFO     | tldw_Server_API.app.core.DB_Management.ChaChaNotes_DB:_migrate_from_v4_to_v5:8772 - Migrating 'rag_char_chat_schema' schema from V4 to V5 for DB: /private/var/folders/sn/m80n2j152t9gw3w8qwk2nykh0000gn/T/pytest-of-macbook-dev/pytest-612/test_capabilities_report_selec1/visual.db...
2026-09-16 23:35:29.498 | INFO     | tldw_Server_API.app.core.DB_Management.ChaChaNotes_DB:_migrate_from_v4_to_v5:8779 - [rag_char_chat_schema] Migration to V5 completed.
2026-09-16 23:35:29.499 | INFO     | tldw_Server_API.app.core.DB_Management.ChaChaNotes_DB:_migrate_from_v5_to_v6:8793 - Migrating 'rag_char_chat_schema' schema from V5 to V6 for DB: /private/var/folders/sn/m80n2j152t9gw3w8qwk2nykh0000gn/T/pytest-of-macbook-dev/pytest-612/test_capabilities_report_selec1/visual.db...
2026-09-16 23:35:29.501 | INFO     | tldw_Server_API.app.core.DB_Management.ChaChaNotes_DB:_migrate_from_v5_to_v6:8800 - [rag_char_chat_schema] Migration to V6 completed.
2026-09-16 23:35:29.501 | INFO     | tldw_Server_API.app.core.DB_Management.ChaChaNotes_DB:_migrate_from_v6_to_v7:8812 - Migrating 'rag_char_chat_schema' schema from V6 to V7 for DB: /private/var/folders/sn/m80n2j152t9gw3w8qwk2nykh0000gn/T/pytest-of-macbook-dev/pytest-612/test_capabilities_report_selec1/visual.db...
2026-09-16 23:35:29.502 | INFO     | tldw_Server_API.app.core.DB_Management.ChaChaNotes_DB:_migrate_from_v6_to_v7:8819 - [rag_char_chat_schema] Migration to V7 completed.
2026-09-16 23:35:29.502 | INFO     | tldw_Server_API.app.core.DB_Management.ChaChaNotes_DB:_migrate_from_v7_to_v8:8831 - Migrating 'rag_char_chat_schema' schema from V7 to V8 for DB: /private/var/folders/sn/m80n2j152t9gw3w8qwk2nykh0000gn/T/pytest-of-macbook-dev/pytest-612/test_capabilities_report_selec1/visual.db...
2026-09-16 23:35:29.502 | INFO     | tldw_Server_API.app.core.DB_Management.ChaChaNotes_DB:_migrate_from_v7_to_v8:8838 - [rag_char_chat_schema] Migration to V8 completed.
2026-09-16 23:35:29.502 | INFO     | tldw_Server_API.app.core.DB_Management.ChaChaNotes_DB:_migrate_from_v8_to_v9:8850 - Migrating 'rag_char_chat_schema' schema from V8 to V9 for DB: /private/var/folders/sn/m80n2j152t9gw3w8qwk2nykh0000gn/T/pytest-of-macbook-dev/pytest-612/test_capabilities_report_selec1/visual.db...
2026-09-16 23:35:29.503 | INFO     | tldw_Server_API.app.core.DB_Management.ChaChaNotes_DB:_migrate_from_v8_to_v9:8857 - [rag_char_chat_schema] Migration to V9 completed.
2026-09-16 23:35:29.503 | INFO     | tldw_Server_API.app.core.DB_Management.ChaChaNotes_DB:_migrate_from_v9_to_v10:8869 - Migrating 'rag_char_chat_schema' schema from V9 to V10 for DB: /private/var/folders/sn/m80n2j152t9gw3w8qwk2nykh0000gn/T/pytest-of-macbook-dev/pytest-612/test_capabilities_report_selec1/visual.db...
2026-09-16 23:35:29.511 | INFO     | tldw_Server_API.app.core.DB_Management.ChaChaNotes_DB:_migrate_from_v9_to_v10:8877 - [rag_char_chat_schema] Migration to V10 completed.
2026-09-16 23:35:29.511 | INFO     | tldw_Server_API.app.core.DB_Management.ChaChaNotes_DB:_migrate_from_v10_to_v11:8889 - Migrating 'rag_char_chat_schema' schema from V10 to V11 for DB: /private/var/folders/sn/m80n2j152t9gw3w8qwk2nykh0000gn/T/pytest-of-macbook-dev/pytest-612/test_capabilities_report_selec1/visual.db...
2026-09-16 23:35:29.516 | INFO     | tldw_Server_API.app.core.DB_Management.ChaChaNotes_DB:_migrate_from_v10_to_v11:8908 - [rag_char_chat_schema] Migration to V11 completed.
2026-09-16 23:35:29.516 | INFO     | tldw_Server_API.app.core.DB_Management.ChaChaNotes_DB:_migrate_from_v11_to_v12:8920 - Migrating 'rag_char_chat_schema' schema from V11 to V12 for DB: /private/var/folders/sn/m80n2j152t9gw3w8qwk2nykh0000gn/T/pytest-of-macbook-dev/pytest-612/test_capabilities_report_selec1/visual.db...
2026-09-16 23:35:29.518 | INFO     | tldw_Server_API.app.core.DB_Management.ChaChaNotes_DB:_migrate_from_v11_to_v12:8928 - [rag_char_chat_schema] Migration to V12 completed.
2026-09-16 23:35:29.518 | INFO     | tldw_Server_API.app.core.DB_Management.ChaChaNotes_DB:_migrate_from_v12_to_v13:8940 - Migrating 'rag_char_chat_schema' schema from V12 to V13 for DB: /private/var/folders/sn/m80n2j152t9gw3w8qwk2nykh0000gn/T/pytest-of-macbook-dev/pytest-612/test_capabilities_report_selec1/visual.db...
2026-09-16 23:35:29.518 | INFO     | tldw_Server_API.app.core.DB_Management.ChaChaNotes_DB:_migrate_from_v12_to_v13:8948 - [rag_char_chat_schema] Migration to V13 completed.
2026-09-16 23:35:29.518 | INFO     | tldw_Server_API.app.core.DB_Management.ChaChaNotes_DB:_migrate_from_v13_to_v14:8960 - Migrating 'rag_char_chat_schema' schema from V13 to V14 for DB: /private/var/folders/sn/m80n2j152t9gw3w8qwk2nykh0000gn/T/pytest-of-macbook-dev/pytest-612/test_capabilities_report_selec1/visual.db...
2026-09-16 23:35:29.524 | INFO     | tldw_Server_API.app.core.DB_Management.ChaChaNotes_DB:_migrate_from_v13_to_v14:9026 - [rag_char_chat_schema] Migration to V14 completed.
2026-09-16 23:35:29.524 | INFO     | tldw_Server_API.app.core.DB_Management.ChaChaNotes_DB:_migrate_from_v14_to_v15:9038 - Migrating 'rag_char_chat_schema' schema from V14 to V15 for DB: /private/var/folders/sn/m80n2j152t9gw3w8qwk2nykh0000gn/T/pytest-of-macbook-dev/pytest-612/test_capabilities_report_selec1/visual.db...
2026-09-16 23:35:29.526 | INFO     | tldw_Server_API.app.core.DB_Management.ChaChaNotes_DB:_migrate_from_v14_to_v15:9046 - [rag_char_chat_schema] Migration to V15 completed.
2026-09-16 23:35:29.526 | INFO     | tldw_Server_API.app.core.DB_Management.ChaChaNotes_DB:_migrate_from_v15_to_v16:9058 - Migrating 'rag_char_chat_schema' schema from V15 to V16 for DB: /private/var/folders/sn/m80n2j152t9gw3w8qwk2nykh0000gn/T/pytest-of-macbook-dev/pytest-612/test_capabilities_report_selec1/visual.db...
2026-09-16 23:35:29.527 | INFO     | tldw_Server_API.app.core.DB_Management.ChaChaNotes_DB:_migrate_from_v15_to_v16:9066 - [rag_char_chat_schema] Migration to V16 completed.
2026-09-16 23:35:29.527 | INFO     | tldw_Server_API.app.core.DB_Management.ChaChaNotes_DB:_migrate_from_v16_to_v17:9078 - Migrating 'rag_char_chat_schema' schema from V16 to V17 for DB: /private/var/folders/sn/m80n2j152t9gw3w8qwk2nykh0000gn/T/pytest-of-macbook-dev/pytest-612/test_capabilities_report_selec1/visual.db...
2026-09-16 23:35:29.527 | INFO     | tldw_Server_API.app.core.DB_Management.ChaChaNotes_DB:_migrate_from_v16_to_v17:9105 - [rag_char_chat_schema] Migration to V17 completed.
2026-09-16 23:35:29.527 | INFO     | tldw_Server_API.app.core.DB_Management.ChaChaNotes_DB:_migrate_from_v17_to_v18:9117 - Migrating 'rag_char_chat_schema' schema from V17 to V18 for DB: /private/var/folders/sn/m80n2j152t9gw3w8qwk2nykh0000gn/T/pytest-of-macbook-dev/pytest-612/test_capabilities_report_selec1/visual.db...
2026-09-16 23:35:29.528 | INFO     | tldw_Server_API.app.core.DB_Management.ChaChaNotes_DB:_migrate_from_v17_to_v18:9125 - [rag_char_chat_schema] Migration to V18 completed.
2026-09-16 23:35:29.528 | INFO     | tldw_Server_API.app.core.DB_Management.ChaChaNotes_DB:_migrate_from_v18_to_v19:9137 - Migrating 'rag_char_chat_schema' schema from V18 to V19 for DB: /private/var/folders/sn/m80n2j152t9gw3w8qwk2nykh0000gn/T/pytest-of-macbook-dev/pytest-612/test_capabilities_report_selec1/visual.db...
2026-09-16 23:35:29.529 | INFO     | tldw_Server_API.app.core.DB_Management.ChaChaNotes_DB:_migrate_from_v18_to_v19:9145 - [rag_char_chat_schema] Migration to V19 completed.
2026-09-16 23:35:29.529 | INFO     | tldw_Server_API.app.core.DB_Management.ChaChaNotes_DB:_migrate_from_v19_to_v20:9157 - Migrating 'rag_char_chat_schema' schema from V19 to V20 for DB: /private/var/folders/sn/m80n2j152t9gw3w8qwk2nykh0000gn/T/pytest-of-macbook-dev/pytest-612/test_capabilities_report_selec1/visual.db...
2026-09-16 23:35:29.529 | INFO     | tldw_Server_API.app.core.DB_Management.ChaChaNotes_DB:_migrate_from_v19_to_v20:9165 - [rag_char_chat_schema] Migration to V20 completed.
2026-09-16 23:35:29.529 | INFO     | tldw_Server_API.app.core.DB_Management.ChaChaNotes_DB:_migrate_from_v20_to_v21:9177 - Migrating 'rag_char_chat_schema' schema from V20 to V21 for DB: /private/var/folders/sn/m80n2j152t9gw3w8qwk2nykh0000gn/T/pytest-of-macbook-dev/pytest-612/test_capabilities_report_selec1/visual.db...
2026-09-16 23:35:29.530 | INFO     | tldw_Server_API.app.core.DB_Management.ChaChaNotes_DB:_migrate_from_v20_to_v21:9185 - [rag_char_chat_schema] Migration to V21 completed.
2026-09-16 23:35:29.530 | INFO     | tldw_Server_API.app.core.DB_Management.ChaChaNotes_DB:_migrate_from_v21_to_v22:9197 - Migrating 'rag_char_chat_schema' schema from V21 to V22 for DB: /private/var/folders/sn/m80n2j152t9gw3w8qwk2nykh0000gn/T/pytest-of-macbook-dev/pytest-612/test_capabilities_report_selec1/visual.db...
2026-09-16 23:35:29.530 | INFO     | tldw_Server_API.app.core.DB_Management.ChaChaNotes_DB:_migrate_from_v21_to_v22:9205 - [rag_char_chat_schema] Migration to V22 completed.
2026-09-16 23:35:29.531 | INFO     | tldw_Server_API.app.core.DB_Management.ChaChaNotes_DB:_migrate_from_v22_to_v23:9217 - Migrating 'rag_char_chat_schema' schema from V22 to V23 for DB: /private/var/folders/sn/m80n2j152t9gw3w8qwk2nykh0000gn/T/pytest-of-macbook-dev/pytest-612/test_capabilities_report_selec1/visual.db...
2026-09-16 23:35:29.538 | INFO     | tldw_Server_API.app.core.DB_Management.ChaChaNotes_DB:_migrate_from_v22_to_v23:9225 - [rag_char_chat_schema] Migration to V23 completed.
2026-09-16 23:35:29.538 | INFO     | tldw_Server_API.app.core.DB_Management.ChaChaNotes_DB:_migrate_from_v23_to_v24:9237 - Migrating 'rag_char_chat_schema' schema from V23 to V24 for DB: /private/var/folders/sn/m80n2j152t9gw3w8qwk2nykh0000gn/T/pytest-of-macbook-dev/pytest-612/test_capabilities_report_selec1/visual.db...
2026-09-16 23:35:29.545 | INFO     | tldw_Server_API.app.core.DB_Management.ChaChaNotes_DB:_migrate_from_v23_to_v24:9245 - [rag_char_chat_schema] Migration to V24 completed.
2026-09-16 23:35:29.546 | INFO     | tldw_Server_API.app.core.DB_Management.ChaChaNotes_DB:_migrate_from_v24_to_v25:9257 - Migrating 'rag_char_chat_schema' schema from V24 to V25 for DB: /private/var/folders/sn/m80n2j152t9gw3w8qwk2nykh0000gn/T/pytest-of-macbook-dev/pytest-612/test_capabilities_report_selec1/visual.db...
2026-09-16 23:35:29.551 | INFO     | tldw_Server_API.app.core.DB_Management.ChaChaNotes_DB:_migrate_from_v24_to_v25:9283 - [rag_char_chat_schema] Migration to V25 completed.
2026-09-16 23:35:29.551 | INFO     | tldw_Server_API.app.core.DB_Management.ChaChaNotes_DB:_migrate_from_v25_to_v26:9295 - Migrating 'rag_char_chat_schema' schema from V25 to V26 for DB: /private/var/folders/sn/m80n2j152t9gw3w8qwk2nykh0000gn/T/pytest-of-macbook-dev/pytest-612/test_capabilities_report_selec1/visual.db...
2026-09-16 23:35:29.554 | INFO     | tldw_Server_API.app.core.DB_Management.ChaChaNotes_DB:_migrate_from_v25_to_v26:9303 - [rag_char_chat_schema] Migration to V26 completed.
2026-09-16 23:35:29.554 | INFO     | tldw_Server_API.app.core.DB_Management.ChaChaNotes_DB:_migrate_from_v26_to_v27:9315 - Migrating 'rag_char_chat_schema' schema from V26 to V27 for DB: /private/var/folders/sn/m80n2j152t9gw3w8qwk2nykh0000gn/T/pytest-of-macbook-dev/pytest-612/test_capabilities_report_selec1/visual.db...
2026-09-16 23:35:29.558 | INFO     | tldw_Server_API.app.core.DB_Management.ChaChaNotes_DB:_migrate_from_v26_to_v27:9343 - [rag_char_chat_schema] Migration to V27 completed.
2026-09-16 23:35:29.558 | INFO     | tldw_Server_API.app.core.DB_Management.ChaChaNotes_DB:_migrate_from_v27_to_v28:9355 - Migrating 'rag_char_chat_schema' schema from V27 to V28 for DB: /private/var/folders/sn/m80n2j152t9gw3w8qwk2nykh0000gn/T/pytest-of-macbook-dev/pytest-612/test_capabilities_report_selec1/visual.db...
2026-09-16 23:35:29.560 | INFO     | tldw_Server_API.app.core.DB_Management.ChaChaNotes_DB:_migrate_from_v27_to_v28:9376 - [rag_char_chat_schema] Migration to V28 completed.
2026-09-16 23:35:29.560 | INFO     | tldw_Server_API.app.core.DB_Management.ChaChaNotes_DB:_migrate_from_v28_to_v29:9388 - Migrating 'rag_char_chat_schema' schema from V28 to V29 for DB: /private/var/folders/sn/m80n2j152t9gw3w8qwk2nykh0000gn/T/pytest-of-macbook-dev/pytest-612/test_capabilities_report_selec1/visual.db...
2026-09-16 23:35:29.561 | INFO     | tldw_Server_API.app.core.DB_Management.ChaChaNotes_DB:_migrate_from_v28_to_v29:9396 - [rag_char_chat_schema] Migration to V29 completed.
2026-09-16 23:35:29.561 | INFO     | tldw_Server_API.app.core.DB_Management.ChaChaNotes_DB:_migrate_from_v29_to_v30:9408 - Migrating 'rag_char_chat_schema' schema from V29 to V30 for DB: /private/var/folders/sn/m80n2j152t9gw3w8qwk2nykh0000gn/T/pytest-of-macbook-dev/pytest-612/test_capabilities_report_selec1/visual.db...
2026-09-16 23:35:29.563 | INFO     | tldw_Server_API.app.core.DB_Management.ChaChaNotes_DB:_migrate_from_v29_to_v30:9426 - [rag_char_chat_schema] Migration to V30 completed.
2026-09-16 23:35:29.563 | INFO     | tldw_Server_API.app.core.DB_Management.ChaChaNotes_DB:_migrate_from_v30_to_v31:9438 - Migrating 'rag_char_chat_schema' schema from V30 to V31 for DB: /private/var/folders/sn/m80n2j152t9gw3w8qwk2nykh0000gn/T/pytest-of-macbook-dev/pytest-612/test_capabilities_report_selec1/visual.db...
2026-09-16 23:35:29.568 | INFO     | tldw_Server_API.app.core.DB_Management.ChaChaNotes_DB:_migrate_from_v30_to_v31:9460 - [rag_char_chat_schema] Migration to V31 completed.
2026-09-16 23:35:29.568 | INFO     | tldw_Server_API.app.core.DB_Management.ChaChaNotes_DB:_migrate_from_v31_to_v32:9472 - Migrating 'rag_char_chat_schema' schema from V31 to V32 for DB: /private/var/folders/sn/m80n2j152t9gw3w8qwk2nykh0000gn/T/pytest-of-macbook-dev/pytest-612/test_capabilities_report_selec1/visual.db...
2026-09-16 23:35:29.575 | INFO     | tldw_Server_API.app.core.DB_Management.ChaChaNotes_DB:_migrate_from_v31_to_v32:9516 - [rag_char_chat_schema] Migration to V32 completed.
2026-09-16 23:35:29.575 | INFO     | tldw_Server_API.app.core.DB_Management.ChaChaNotes_DB:_migrate_from_v32_to_v33:9528 - Migrating 'rag_char_chat_schema' schema from V32 to V33 for DB: /private/var/folders/sn/m80n2j152t9gw3w8qwk2nykh0000gn/T/pytest-of-macbook-dev/pytest-612/test_capabilities_report_selec1/visual.db...
2026-09-16 23:35:29.575 | INFO     | tldw_Server_API.app.core.DB_Management.ChaChaNotes_DB:_migrate_from_v32_to_v33:9536 - [rag_char_chat_schema] Migration to V33 completed.
2026-09-16 23:35:29.575 | INFO     | tldw_Server_API.app.core.DB_Management.ChaChaNotes_DB:_migrate_from_v33_to_v34:9548 - Migrating 'rag_char_chat_schema' schema from V33 to V34 for DB: /private/var/folders/sn/m80n2j152t9gw3w8qwk2nykh0000gn/T/pytest-of-macbook-dev/pytest-612/test_capabilities_report_selec1/visual.db...
2026-09-16 23:35:29.577 | INFO     | tldw_Server_API.app.core.DB_Management.ChaChaNotes_DB:_migrate_from_v33_to_v34:9568 - [rag_char_chat_schema] Migration to V34 completed.
2026-09-16 23:35:29.577 | INFO     | tldw_Server_API.app.core.DB_Management.ChaChaNotes_DB:_migrate_from_v34_to_v35:9580 - Migrating 'rag_char_chat_schema' schema from V34 to V35 for DB: /private/var/folders/sn/m80n2j152t9gw3w8qwk2nykh0000gn/T/pytest-of-macbook-dev/pytest-612/test_capabilities_report_selec1/visual.db...
2026-09-16 23:35:29.579 | INFO     | tldw_Server_API.app.core.DB_Management.ChaChaNotes_DB:_migrate_from_v34_to_v35:9600 - [rag_char_chat_schema] Migration to V35 completed.
2026-09-16 23:35:29.579 | INFO     | tldw_Server_API.app.core.DB_Management.ChaChaNotes_DB:_migrate_from_v35_to_v36:9612 - Migrating 'rag_char_chat_schema' schema from V35 to V36 for DB: /private/var/folders/sn/m80n2j152t9gw3w8qwk2nykh0000gn/T/pytest-of-macbook-dev/pytest-612/test_capabilities_report_selec1/visual.db...
2026-09-16 23:35:29.583 | INFO     | tldw_Server_API.app.core.DB_Management.ChaChaNotes_DB:_migrate_from_v35_to_v36:9663 - [rag_char_chat_schema] Migration to V36 completed.
2026-09-16 23:35:29.583 | INFO     | tldw_Server_API.app.core.DB_Management.ChaChaNotes_DB:_migrate_from_v36_to_v37:9675 - Migrating 'rag_char_chat_schema' schema from V36 to V37 for DB: /private/var/folders/sn/m80n2j152t9gw3w8qwk2nykh0000gn/T/pytest-of-macbook-dev/pytest-612/test_capabilities_report_selec1/visual.db...
2026-09-16 23:35:29.635 | INFO     | tldw_Server_API.app.core.DB_Management.ChaChaNotes_DB:_migrate_from_v36_to_v37:9686 - [rag_char_chat_schema] Migration to V37 completed.
2026-09-16 23:35:29.635 | INFO     | tldw_Server_API.app.core.DB_Management.ChaChaNotes_DB:_migrate_from_v37_to_v38:9698 - Migrating 'rag_char_chat_schema' schema from V37 to V38 for DB: /private/var/folders/sn/m80n2j152t9gw3w8qwk2nykh0000gn/T/pytest-of-macbook-dev/pytest-612/test_capabilities_report_selec1/visual.db...
2026-09-16 23:35:29.635 | INFO     | tldw_Server_API.app.core.DB_Management.ChaChaNotes_DB:_migrate_from_v37_to_v38:9707 - [rag_char_chat_schema] Migration to V38 completed.
2026-09-16 23:35:29.635 | INFO     | tldw_Server_API.app.core.DB_Management.ChaChaNotes_DB:_migrate_from_v38_to_v39:9719 - Migrating 'rag_char_chat_schema' schema from V38 to V39 for DB: /private/var/folders/sn/m80n2j152t9gw3w8qwk2nykh0000gn/T/pytest-of-macbook-dev/pytest-612/test_capabilities_report_selec1/visual.db...
2026-09-16 23:35:29.638 | INFO     | tldw_Server_API.app.core.DB_Management.ChaChaNotes_DB:_migrate_from_v38_to_v39:9728 - [rag_char_chat_schema] Migration to V39 completed.
2026-09-16 23:35:29.638 | INFO     | tldw_Server_API.app.core.DB_Management.ChaChaNotes_DB:_migrate_from_v39_to_v40:9740 - Migrating 'rag_char_chat_schema' schema from V39 to V40 for DB: /private/var/folders/sn/m80n2j152t9gw3w8qwk2nykh0000gn/T/pytest-of-macbook-dev/pytest-612/test_capabilities_report_selec1/visual.db...
2026-09-16 23:35:29.638 | INFO     | tldw_Server_API.app.core.DB_Management.ChaChaNotes_DB:_migrate_from_v39_to_v40:9748 - [rag_char_chat_schema] Migration to V40 completed.
2026-09-16 23:35:29.638 | INFO     | tldw_Server_API.app.core.DB_Management.ChaChaNotes_DB:_migrate_from_v40_to_v41:9760 - Migrating 'rag_char_chat_schema' schema from V40 to V41 for DB: /private/var/folders/sn/m80n2j152t9gw3w8qwk2nykh0000gn/T/pytest-of-macbook-dev/pytest-612/test_capabilities_report_selec1/visual.db...
2026-09-16 23:35:29.641 | INFO     | tldw_Server_API.app.core.DB_Management.ChaChaNotes_DB:_migrate_from_v40_to_v41:9768 - [rag_char_chat_schema] Migration to V41 completed.
2026-09-16 23:35:29.641 | INFO     | tldw_Server_API.app.core.DB_Management.ChaChaNotes_DB:_migrate_from_v41_to_v42:9780 - Migrating 'rag_char_chat_schema' schema from V41 to V42 for DB: /private/var/folders/sn/m80n2j152t9gw3w8qwk2nykh0000gn/T/pytest-of-macbook-dev/pytest-612/test_capabilities_report_selec1/visual.db...
2026-09-16 23:35:29.646 | INFO     | tldw_Server_API.app.core.DB_Management.ChaChaNotes_DB:_migrate_from_v41_to_v42:9788 - [rag_char_chat_schema] Migration to V42 completed.
2026-09-16 23:35:29.646 | INFO     | tldw_Server_API.app.core.DB_Management.ChaChaNotes_DB:_migrate_from_v42_to_v43:9800 - Migrating 'rag_char_chat_schema' schema from V42 to V43 for DB: /private/var/folders/sn/m80n2j152t9gw3w8qwk2nykh0000gn/T/pytest-of-macbook-dev/pytest-612/test_capabilities_report_selec1/visual.db...
2026-09-16 23:35:29.647 | INFO     | tldw_Server_API.app.core.DB_Management.ChaChaNotes_DB:_migrate_from_v42_to_v43:9808 - [rag_char_chat_schema] Migration to V43 completed.
2026-09-16 23:35:29.647 | INFO     | tldw_Server_API.app.core.DB_Management.ChaChaNotes_DB:_migrate_from_v43_to_v44:9820 - Migrating 'rag_char_chat_schema' schema from V43 to V44 for DB: /private/var/folders/sn/m80n2j152t9gw3w8qwk2nykh0000gn/T/pytest-of-macbook-dev/pytest-612/test_capabilities_report_selec1/visual.db...
2026-09-16 23:35:29.648 | INFO     | tldw_Server_API.app.core.DB_Management.ChaChaNotes_DB:_migrate_from_v43_to_v44:9841 - [rag_char_chat_schema] Migration to V44 completed.
2026-09-16 23:35:29.648 | INFO     | tldw_Server_API.app.core.DB_Management.ChaChaNotes_DB:_migrate_from_v44_to_v45:9853 - Migrating 'rag_char_chat_schema' schema from V44 to V45 for DB: /private/var/folders/sn/m80n2j152t9gw3w8qwk2nykh0000gn/T/pytest-of-macbook-dev/pytest-612/test_capabilities_report_selec1/visual.db...
2026-09-16 23:35:29.656 | INFO     | tldw_Server_API.app.core.DB_Management.ChaChaNotes_DB:_migrate_from_v44_to_v45:9862 - [rag_char_chat_schema] Migration to V45 completed.
2026-09-16 23:35:29.656 | INFO     | tldw_Server_API.app.core.DB_Management.ChaChaNotes_DB:_migrate_from_v45_to_v46:9874 - Migrating 'rag_char_chat_schema' schema from V45 to V46 for DB: /private/var/folders/sn/m80n2j152t9gw3w8qwk2nykh0000gn/T/pytest-of-macbook-dev/pytest-612/test_capabilities_report_selec1/visual.db...
2026-09-16 23:35:29.656 | INFO     | tldw_Server_API.app.core.DB_Management.ChaChaNotes_DB:_migrate_from_v45_to_v46:9882 - [rag_char_chat_schema] Migration to V46 completed.
2026-09-16 23:35:29.657 | INFO     | tldw_Server_API.app.core.DB_Management.ChaChaNotes_DB:_migrate_from_v46_to_v47:9894 - Migrating 'rag_char_chat_schema' schema from V46 to V47 for DB: /private/var/folders/sn/m80n2j152t9gw3w8qwk2nykh0000gn/T/pytest-of-macbook-dev/pytest-612/test_capabilities_report_selec1/visual.db...
2026-09-16 23:35:29.661 | INFO     | tldw_Server_API.app.core.DB_Management.ChaChaNotes_DB:_migrate_from_v46_to_v47:9909 - [rag_char_chat_schema] Migration to V47 completed.
2026-09-16 23:35:29.661 | INFO     | tldw_Server_API.app.core.DB_Management.ChaChaNotes_DB:_migrate_from_v47_to_v48:9921 - Migrating 'rag_char_chat_schema' schema from V47 to V48 for DB: /private/var/folders/sn/m80n2j152t9gw3w8qwk2nykh0000gn/T/pytest-of-macbook-dev/pytest-612/test_capabilities_report_selec1/visual.db...
2026-09-16 23:35:29.662 | INFO     | tldw_Server_API.app.core.DB_Management.ChaChaNotes_DB:_migrate_from_v47_to_v48:9929 - [rag_char_chat_schema] Migration to V48 completed.
2026-09-16 23:35:29.662 | INFO     | tldw_Server_API.app.core.DB_Management.ChaChaNotes_DB:_migrate_from_v48_to_v49:9941 - Migrating 'rag_char_chat_schema' schema from V48 to V49 for DB: /private/var/folders/sn/m80n2j152t9gw3w8qwk2nykh0000gn/T/pytest-of-macbook-dev/pytest-612/test_capabilities_report_selec1/visual.db...
2026-09-16 23:35:29.662 | INFO     | tldw_Server_API.app.core.DB_Management.ChaChaNotes_DB:_migrate_from_v48_to_v49:9950 - [rag_char_chat_schema] Migration to V49 completed.
2026-09-16 23:35:29.662 | INFO     | tldw_Server_API.app.core.DB_Management.ChaChaNotes_DB:_migrate_from_v49_to_v50:9962 - Migrating 'rag_char_chat_schema' schema from V49 to V50 for DB: /private/var/folders/sn/m80n2j152t9gw3w8qwk2nykh0000gn/T/pytest-of-macbook-dev/pytest-612/test_capabilities_report_selec1/visual.db...
2026-09-16 23:35:29.663 | INFO     | tldw_Server_API.app.core.DB_Management.ChaChaNotes_DB:_migrate_from_v49_to_v50:9971 - [rag_char_chat_schema] Migration to V50 completed.
2026-09-16 23:35:29.663 | INFO     | tldw_Server_API.app.core.DB_Management.ChaChaNotes_DB:_migrate_from_v50_to_v51:9983 - Migrating 'rag_char_chat_schema' schema from V50 to V51 for DB: /private/var/folders/sn/m80n2j152t9gw3w8qwk2nykh0000gn/T/pytest-of-macbook-dev/pytest-612/test_capabilities_report_selec1/visual.db...
2026-09-16 23:35:29.664 | INFO     | tldw_Server_API.app.core.DB_Management.ChaChaNotes_DB:_migrate_from_v50_to_v51:9999 - [rag_char_chat_schema] Migration to V51 completed.
2026-09-16 23:35:29.664 | INFO     | tldw_Server_API.app.core.DB_Management.ChaChaNotes_DB:_migrate_from_v51_to_v52:10011 - Migrating 'rag_char_chat_schema' schema from V51 to V52 for DB: /private/var/folders/sn/m80n2j152t9gw3w8qwk2nykh0000gn/T/pytest-of-macbook-dev/pytest-612/test_capabilities_report_selec1/visual.db...
2026-09-16 23:35:29.667 | INFO     | tldw_Server_API.app.core.DB_Management.ChaChaNotes_DB:_migrate_from_v51_to_v52:10023 - [rag_char_chat_schema] Migration to V52 completed.
2026-09-16 23:35:29.667 | INFO     | tldw_Server_API.app.core.DB_Management.ChaChaNotes_DB:_migrate_from_v52_to_v53:10037 - Migrating 'rag_char_chat_schema' schema from V52 to V53 for DB: /private/var/folders/sn/m80n2j152t9gw3w8qwk2nykh0000gn/T/pytest-of-macbook-dev/pytest-612/test_capabilities_report_selec1/visual.db...
2026-09-16 23:35:29.675 | INFO     | tldw_Server_API.app.core.DB_Management.ChaChaNotes_DB:_migrate_from_v52_to_v53:10050 - [rag_char_chat_schema] Migration to V53 completed.
2026-09-16 23:35:29.675 | INFO     | tldw_Server_API.app.core.DB_Management.ChaChaNotes_DB:_migrate_from_v53_to_v54:10064 - Migrating 'rag_char_chat_schema' schema from V53 to V54 for DB: /private/var/folders/sn/m80n2j152t9gw3w8qwk2nykh0000gn/T/pytest-of-macbook-dev/pytest-612/test_capabilities_report_selec1/visual.db...
2026-09-16 23:35:29.675 | INFO     | tldw_Server_API.app.core.DB_Management.ChaChaNotes_DB:_migrate_from_v53_to_v54:10076 - [rag_char_chat_schema] Migration to V54 completed.
2026-09-16 23:35:29.675 | INFO     | tldw_Server_API.app.core.DB_Management.ChaChaNotes_DB:_migrate_from_v54_to_v55:10090 - Migrating 'rag_char_chat_schema' schema from V54 to V55 for DB: /private/var/folders/sn/m80n2j152t9gw3w8qwk2nykh0000gn/T/pytest-of-macbook-dev/pytest-612/test_capabilities_report_selec1/visual.db...
2026-09-16 23:35:29.677 | INFO     | tldw_Server_API.app.core.DB_Management.ChaChaNotes_DB:_migrate_from_v54_to_v55:10168 - [rag_char_chat_schema] Migration to V55 completed.
2026-09-16 23:35:29.677 | INFO     | tldw_Server_API.app.core.DB_Management.ChaChaNotes_DB:_migrate_from_v55_to_v56:10272 - Migrating 'rag_char_chat_schema' schema from V55 to V56 for DB: /private/var/folders/sn/m80n2j152t9gw3w8qwk2nykh0000gn/T/pytest-of-macbook-dev/pytest-612/test_capabilities_report_selec1/visual.db...
2026-09-16 23:35:29.950 | INFO     | tldw_Server_API.app.core.DB_Management.ChaChaNotes_DB:_migrate_from_v64_to_v65:17796 - Migrating 'rag_char_chat_schema' schema from V64 to V65 for DB: /private/var/folders/sn/m80n2j152t9gw3w8qwk2nykh0000gn/T/pytest-of-macbook-dev/pytest-612/test_capabilities_report_selec1/visual.db...
2026-09-16 23:35:29.960 | INFO     | tldw_Server_API.app.core.DB_Management.ChaChaNotes_DB:_migrate_from_v64_to_v65:17813 - [rag_char_chat_schema] Migration to V65 completed.
2026-09-16 23:35:30.056 | WARNING  | tldw_Server_API.app.core.DB_Management.ChaChaNotes_DB:_self_heal_character_cards_fts_sqlite:24822 - character_cards_fts out of sync (active=1 indexed=0); rebuilding.
2026-09-16 23:35:30.056 | INFO     | tldw_Server_API.app.core.DB_Management.ChaChaNotes_DB:_initialize_schema_sqlite:21121 - Database schema 'rag_char_chat_schema' successfully initialized/migrated to version 67.
2026-09-16 23:35:30.056 | DEBUG    | tldw_Server_API.app.core.DB_Management.ChaChaNotes_DB:__exit__:45050 - Transaction (outermost) committed successfully on thread 8346099072.
2026-09-16 23:35:30.056 | DEBUG    | tldw_Server_API.app.core.DB_Management.ChaChaNotes_DB:execute_query:8286 - Executing SQL (script=False, backend=sqlite):
                CREATE TABLE IF NOT EXISTS message_metadata(
                  message_id TEXT PRIMARY KEY REFERENCES messages(id) ON DELETE CASCADE,
                  tool_calls_json TEXT,
                  extra_json TEXT,
                  last_modified DATETIME NOT NULL DEFAULT CURRENT_TIMESTAM... Params: None...
2026-09-16 23:35:30.057 | DEBUG    | tldw_Server_API.app.core.DB_Management.ChaChaNotes_DB:execute_query:8313 - Committed directly by execute_query.
2026-09-16 23:35:30.057 | DEBUG    | tldw_Server_API.app.core.DB_Management.ChaChaNotes_DB:execute_query:8286 - Executing SQL (script=False, backend=sqlite):
                CREATE TABLE IF NOT EXISTS persona_live_voice_session_summaries(
                  id INTEGER PRIMARY KEY AUTOINCREMENT,
                  user_id INTEGER NOT NULL,
                  persona_id TEXT NOT NULL,
                  session_id TEXT NOT NULL,
                  created_at D... Params: None...
2026-09-16 23:35:30.057 | DEBUG    | tldw_Server_API.app.core.DB_Management.ChaChaNotes_DB:execute_query:8313 - Committed directly by execute_query.
2026-09-16 23:35:30.057 | DEBUG    | tldw_Server_API.app.core.DB_Management.ChaChaNotes_DB:execute_query:8286 - Executing SQL (script=False, backend=sqlite):
                CREATE INDEX IF NOT EXISTS idx_persona_live_voice_session_summaries_persona_time
                ON persona_live_voice_session_summaries(persona_id, started_at, updated_at)
                ... Params: None...
2026-09-16 23:35:30.057 | DEBUG    | tldw_Server_API.app.core.DB_Management.ChaChaNotes_DB:execute_query:8313 - Committed directly by execute_query.
2026-09-16 23:35:30.057 | DEBUG    | tldw_Server_API.app.core.DB_Management.ChaChaNotes_DB:execute_query:8286 - Executing SQL (script=False, backend=sqlite):
                CREATE TABLE IF NOT EXISTS conversation_settings(
                  conversation_id TEXT PRIMARY KEY REFERENCES conversations(id) ON DELETE CASCADE,
                  settings_json TEXT NOT NULL,
                  settings_version INTEGER NOT NULL DEFAULT 1 CHECK(settings_version >=... Params: None...
2026-09-16 23:35:30.057 | DEBUG    | tldw_Server_API.app.core.DB_Management.ChaChaNotes_DB:execute_query:8313 - Committed directly by execute_query.
2026-09-16 23:35:30.057 | DEBUG    | tldw_Server_API.app.core.DB_Management.ChaChaNotes_DB:__init__:7664 - CharactersRAGDB initialization completed successfully for /private/var/folders/sn/m80n2j152t9gw3w8qwk2nykh0000gn/T/pytest-of-macbook-dev/pytest-612/test_capabilities_report_selec1/visual.db
2026-09-16 23:35:30.057 | DEBUG    | tldw_Server_API.app.core.DB_Management.ChaChaNotes_DB:__enter__:45022 - Transaction started (outermost) on thread 8346099072.
2026-09-16 23:35:30.057 | INFO     | tldw_Server_API.app.core.DB_Management.chacha.character_store:add_character_card:199 - Added character card 'Owned optional visual actor' with ID: 2.
2026-09-16 23:35:30.058 | DEBUG    | tldw_Server_API.app.core.DB_Management.ChaChaNotes_DB:__exit__:45050 - Transaction (outermost) committed successfully on thread 8346099072.
2026-09-16 23:35:30.058 | DEBUG    | tldw_Server_API.app.core.DB_Management.ChaChaNotes_DB:execute_query:8286 - Executing SQL (script=False, backend=sqlite): INSERT INTO persona_profiles(id, user_id, name, character_card_id, origin_character_id, origin_character_name, origin_character_snapshot_at, mode, system_prompt, voice_defaults_json, setup_json, is_active, use_persona_state_context_default, created_at, last_modified, deleted, version) VALUES (?, ?, ... Params: ('4898e988-b157-42a3-9622-3798931ab305', '2', 'Owned persona', None, None, None, None, 'session_scoped', None, None, None, 1, 1, '2026-09-17T06:35:30.058Z', '2026-09-17T06:35:30.058Z', 0, 1)...
2026-09-16 23:35:30.058 | DEBUG    | tldw_Server_API.app.core.DB_Management.ChaChaNotes_DB:execute_query:8313 - Committed directly by execute_query.
--------------------------- Captured stderr teardown ---------------------------
2026-09-16 23:35:30.076 | DEBUG    | tldw_Server_API.app.core.DB_Management.ChaChaNotes_DB:close_connection:8092 - Attempting WAL checkpoint (TRUNCATE) before closing /private/var/folders/sn/m80n2j152t9gw3w8qwk2nykh0000gn/T/pytest-of-macbook-dev/pytest-612/test_capabilities_report_selec1/visual.db on thread 8346099072.
2026-09-16 23:35:30.076 | DEBUG    | tldw_Server_API.app.core.DB_Management.ChaChaNotes_DB:close_connection:8098 - WAL checkpoint TRUNCATE executed for /private/var/folders/sn/m80n2j152t9gw3w8qwk2nykh0000gn/T/pytest-of-macbook-dev/pytest-612/test_capabilities_report_selec1/visual.db.
2026-09-16 23:35:30.077 | DEBUG    | tldw_Server_API.app.core.DB_Management.ChaChaNotes_DB:close_connection:8103 - Closed SQLite connection for thread 8346099072 to /private/var/folders/sn/m80n2j152t9gw3w8qwk2nykh0000gn/T/pytest-of-macbook-dev/pytest-612/test_capabilities_report_selec1/visual.db.
2026-09-16 23:35:30.077 | INFO     | tldw_Server_API.app.api.v1.API_Deps.ChaCha_Notes_DB_Deps:close_all_chacha_db_instances:876 - Closing all cached ChaChaNotesDB instances (0)...
2026-09-16 23:35:30.077 | INFO     | tldw_Server_API.app.api.v1.API_Deps.ChaCha_Notes_DB_Deps:close_all_chacha_db_instances:892 - All ChaChaNotesDB instances closed and cache cleared.
2026-09-16 23:35:30.078 | INFO     | tldw_Server_API.app.api.v1.API_Deps.ChaCha_Notes_DB_Deps:close_all_chacha_db_instances:876 - Closing all cached ChaChaNotesDB instances (0)...
2026-09-16 23:35:30.078 | INFO     | tldw_Server_API.app.api.v1.API_Deps.ChaCha_Notes_DB_Deps:close_all_chacha_db_instances:892 - All ChaChaNotesDB instances closed and cache cleared.
_______ test_character_owner_filter_preserves_backend_contract[postgres] _______
tldw_Server_API/tests/Visual_Identities/test_visual_identity_backend_support.py:154: in test_character_owner_filter_preserves_backend_contract
    assert response.status_code == (404 if route.backend_name == "postgres" else 200)
E   assert 500 == 404
E    +  where 500 = <Response [500 Internal Server Error]>.status_code
---------------------------- Captured stderr setup -----------------------------
2026-09-16 23:35:30.718 | INFO     | tldw_Server_API.app.core.DB_Management.backends.factory:create_backend:392 - Creating postgresql backend
2026-09-16 23:35:30.719 | INFO     | tldw_Server_API.app.core.config:_buffered_log:210 - Determined ACTUAL_PROJECT_ROOT for database paths: /Users/macbook-dev/Documents/GitHub/tldw_server2
2026-09-16 23:35:30.719 | INFO     | tldw_Server_API.app.core.config:_buffered_log:210 - Early loading environment variables from: /Users/macbook-dev/Documents/GitHub/tldw_server2/tldw_Server_API/Config_Files/.env
2026-09-16 23:35:30.723 | INFO     | tldw_Server_API.app.core.config:_buffered_log:210 - Early loading environment variables from: /Users/macbook-dev/Documents/GitHub/tldw_server2/tldw_Server_API/Config_Files/.ENV
2026-09-16 23:35:30.727 | DEBUG    | tldw_Server_API.app.core.config:_buffered_log:210 - load_and_log_configs(): Loading and logging configurations...
2026-09-16 23:35:30.728 | INFO     | tldw_Server_API.app.core.config:_buffered_log:210 - Loading environment variables from: /Users/macbook-dev/Documents/GitHub/tldw_server2/tldw_Server_API/Config_Files/.env
2026-09-16 23:35:30.732 | INFO     | tldw_Server_API.app.core.config:_buffered_log:210 - Loading environment variables from: /Users/macbook-dev/Documents/GitHub/tldw_server2/tldw_Server_API/Config_Files/.ENV
2026-09-16 23:35:30.736 | INFO     | tldw_Server_API.app.core.config:_buffered_log:210 - Attempting to load comprehensive config from: /Users/macbook-dev/Documents/GitHub/tldw_server2/tldw_Server_API/Config_Files/config.txt
2026-09-16 23:35:30.738 | INFO     | tldw_Server_API.app.core.config:_buffered_log:210 - load_comprehensive_config(): Sections found in config: ['Setup', 'UI', 'Server', 'Files', 'Image-Generation', 'ACP', 'WORKSPACES', 'ACP-WORKSPACE', 'ACP-SANDBOX', 'Audit', 'Processing', 'Media-Processing', 'Chat-Dictionaries', 'Chat-Module', 'Chat-Commands', 'Chat-Templating', 'Character-Chat', 'Settings', 'Auto-Save', 'Prompts', 'Database', 'Chunking', 'Visual-RAG', 'AuthNZ', 'Streaming', 'HTTP', 'Egress', 'Embeddings', 'Claims', 'ClaimsMonitoring', 'RAG', 'Search-Agent', 'ResourceGovernor', 'Jobs', 'SlidesStandaloneHtml', 'Diarization', 'API', 'MLX', 'Local-API', 'LlamaCpp', 'STT-Settings', 'external_providers', 'TTS-Settings', 'VibeVoice', 'Audio-Quota', 'API-Routes', 'Search-Engines', 'Web-Scraper', 'Logging', 'Moderation', 'Redis', 'Web-Scraping', 'personalization', 'persona', 'persona.rbac']
2026-09-16 23:35:30.740 | INFO     | tldw_Server_API.app.core.config:_buffered_log:210 - Ensured main SQLite database directory exists: /Users/macbook-dev/Documents/GitHub/tldw_server2/Databases
2026-09-16 23:35:30.740 | INFO     | tldw_Server_API.app.core.config:_buffered_log:210 - Ensured user data base directory exists: Databases/user_databases
2026-09-16 23:35:30.741 | WARNING  | tldw_Server_API.app.core.DB_Management.db_path_utils:resolve_user_db_base_dir:491 - USER_DB_BASE_DIR not configured in tests, using isolated fallback: /private/var/folders/sn/m80n2j152t9gw3w8qwk2nykh0000gn/T/tldw_user_databases_test/default-68fe53a8
2026-09-16 23:35:30.741 | INFO     | tldw_Server_API.app.core.DB_Management.ChaChaNotes_DB:__init__:7657 - Initializing CharactersRAGDB for path: /private/var/folders/sn/m80n2j152t9gw3w8qwk2nykh0000gn/T/pytest-of-macbook-dev/pytest-612/test_character_owner_filter_pr0/visual.db [Client ID: 2] (backend=postgresql)
2026-09-16 23:35:31.956 | DEBUG    | tldw_Server_API.app.core.DB_Management.ChaChaNotes_DB:__init__:7664 - CharactersRAGDB initialization completed successfully for /private/var/folders/sn/m80n2j152t9gw3w8qwk2nykh0000gn/T/pytest-of-macbook-dev/pytest-612/test_character_owner_filter_pr0/visual.db
2026-09-16 23:35:31.957 | DEBUG    | tldw_Server_API.app.core.DB_Management.ChaChaNotes_DB:_get_connection_for_state:8036 - Acquired backend connection (postgresql) for thread 8346099072
2026-09-16 23:35:31.958 | INFO     | tldw_Server_API.app.core.DB_Management.chacha.character_store:add_character_card:199 - Added character card 'Owned optional visual actor' with ID: 2.
----------------------------- Captured stderr call -----------------------------
2026-09-16 23:35:31.974 | WARNING  | tldw_Server_API.app.core.DB_Management.db_path_utils:resolve_user_db_base_dir:491 - USER_DB_BASE_DIR not configured in tests, using isolated fallback: /private/var/folders/sn/m80n2j152t9gw3w8qwk2nykh0000gn/T/tldw_user_databases_test/default-68fe53a8
2026-09-16 23:35:31.974 | INFO     | tldw_Server_API.app.core.DB_Management.ChaChaNotes_DB:__init__:7657 - Initializing CharactersRAGDB for path: /private/var/folders/sn/m80n2j152t9gw3w8qwk2nykh0000gn/T/pytest-of-macbook-dev/pytest-612/test_character_owner_filter_pr0/other.db [Client ID: 3] (backend=postgresql)
2026-09-16 23:35:32.114 | DEBUG    | tldw_Server_API.app.core.DB_Management.ChaChaNotes_DB:__init__:7664 - CharactersRAGDB initialization completed successfully for /private/var/folders/sn/m80n2j152t9gw3w8qwk2nykh0000gn/T/pytest-of-macbook-dev/pytest-612/test_character_owner_filter_pr0/other.db
2026-09-16 23:35:32.115 | DEBUG    | tldw_Server_API.app.core.DB_Management.ChaChaNotes_DB:_get_connection_for_state:8036 - Acquired backend connection (postgresql) for thread 8346099072
2026-09-16 23:35:32.116 | INFO     | tldw_Server_API.app.core.DB_Management.chacha.character_store:add_character_card:199 - Added character card 'Other client actor' with ID: 3.
2026-09-16 23:35:32.116 | DEBUG    | tldw_Server_API.app.core.DB_Management.ChaChaNotes_DB:close_connection:8110 - Returned backend connection (postgresql) for thread 8346099072.
--------------------------- Captured stderr teardown ---------------------------
2026-09-16 23:35:32.120 | DEBUG    | tldw_Server_API.app.core.DB_Management.ChaChaNotes_DB:close_connection:8110 - Returned backend connection (postgresql) for thread 8346099072.
2026-09-16 23:35:32.135 | INFO     | tldw_Server_API.app.api.v1.API_Deps.ChaCha_Notes_DB_Deps:close_all_chacha_db_instances:876 - Closing all cached ChaChaNotesDB instances (0)...
2026-09-16 23:35:32.135 | INFO     | tldw_Server_API.app.api.v1.API_Deps.ChaCha_Notes_DB_Deps:close_all_chacha_db_instances:892 - All ChaChaNotesDB instances closed and cache cleared.
2026-09-16 23:35:32.135 | INFO     | tldw_Server_API.app.api.v1.API_Deps.ChaCha_Notes_DB_Deps:close_all_chacha_db_instances:876 - Closing all cached ChaChaNotesDB instances (0)...
2026-09-16 23:35:32.135 | INFO     | tldw_Server_API.app.api.v1.API_Deps.ChaCha_Notes_DB_Deps:close_all_chacha_db_instances:892 - All ChaChaNotesDB instances closed and cache cleared.
_______ test_invalid_query_remains_validation_failure[postgres-params2] ________
tldw_Server_API/tests/Visual_Identities/test_visual_identity_backend_support.py:166: in test_invalid_query_remains_validation_failure
    assert route.resolve(**params).status_code == 422
E   AssertionError: assert 500 == 422
E    +  where 500 = <Response [500 Internal Server Error]>.status_code
E    +    where <Response [500 Internal Server Error]> = resolve(**{'override_pack_id': 0})
E    +      where resolve = Route(app=<fastapi.applications.FastAPI object at 0x11157fb10>, client=<starlette.testclient.TestClient object at 0x11...GDB object at 0x111716190>, backend_name='postgres', character_id=2, persona_id='e61d1b4d-b2f8-4aea-b605-9d9fc19e783b').resolve
---------------------------- Captured stderr setup -----------------------------
2026-09-16 23:35:32.768 | INFO     | tldw_Server_API.app.core.DB_Management.backends.factory:create_backend:392 - Creating postgresql backend
2026-09-16 23:35:32.769 | INFO     | tldw_Server_API.app.core.config:_buffered_log:210 - Determined ACTUAL_PROJECT_ROOT for database paths: /Users/macbook-dev/Documents/GitHub/tldw_server2
2026-09-16 23:35:32.769 | INFO     | tldw_Server_API.app.core.config:_buffered_log:210 - Early loading environment variables from: /Users/macbook-dev/Documents/GitHub/tldw_server2/tldw_Server_API/Config_Files/.env
2026-09-16 23:35:32.773 | INFO     | tldw_Server_API.app.core.config:_buffered_log:210 - Early loading environment variables from: /Users/macbook-dev/Documents/GitHub/tldw_server2/tldw_Server_API/Config_Files/.ENV
2026-09-16 23:35:32.777 | DEBUG    | tldw_Server_API.app.core.config:_buffered_log:210 - load_and_log_configs(): Loading and logging configurations...
2026-09-16 23:35:32.778 | INFO     | tldw_Server_API.app.core.config:_buffered_log:210 - Loading environment variables from: /Users/macbook-dev/Documents/GitHub/tldw_server2/tldw_Server_API/Config_Files/.env
2026-09-16 23:35:32.782 | INFO     | tldw_Server_API.app.core.config:_buffered_log:210 - Loading environment variables from: /Users/macbook-dev/Documents/GitHub/tldw_server2/tldw_Server_API/Config_Files/.ENV
2026-09-16 23:35:32.786 | INFO     | tldw_Server_API.app.core.config:_buffered_log:210 - Attempting to load comprehensive config from: /Users/macbook-dev/Documents/GitHub/tldw_server2/tldw_Server_API/Config_Files/config.txt
2026-09-16 23:35:32.789 | INFO     | tldw_Server_API.app.core.config:_buffered_log:210 - load_comprehensive_config(): Sections found in config: ['Setup', 'UI', 'Server', 'Files', 'Image-Generation', 'ACP', 'WORKSPACES', 'ACP-WORKSPACE', 'ACP-SANDBOX', 'Audit', 'Processing', 'Media-Processing', 'Chat-Dictionaries', 'Chat-Module', 'Chat-Commands', 'Chat-Templating', 'Character-Chat', 'Settings', 'Auto-Save', 'Prompts', 'Database', 'Chunking', 'Visual-RAG', 'AuthNZ', 'Streaming', 'HTTP', 'Egress', 'Embeddings', 'Claims', 'ClaimsMonitoring', 'RAG', 'Search-Agent', 'ResourceGovernor', 'Jobs', 'SlidesStandaloneHtml', 'Diarization', 'API', 'MLX', 'Local-API', 'LlamaCpp', 'STT-Settings', 'external_providers', 'TTS-Settings', 'VibeVoice', 'Audio-Quota', 'API-Routes', 'Search-Engines', 'Web-Scraper', 'Logging', 'Moderation', 'Redis', 'Web-Scraping', 'personalization', 'persona', 'persona.rbac']
2026-09-16 23:35:32.791 | INFO     | tldw_Server_API.app.core.config:_buffered_log:210 - Ensured main SQLite database directory exists: /Users/macbook-dev/Documents/GitHub/tldw_server2/Databases
2026-09-16 23:35:32.791 | INFO     | tldw_Server_API.app.core.config:_buffered_log:210 - Ensured user data base directory exists: Databases/user_databases
2026-09-16 23:35:32.792 | WARNING  | tldw_Server_API.app.core.DB_Management.db_path_utils:resolve_user_db_base_dir:491 - USER_DB_BASE_DIR not configured in tests, using isolated fallback: /private/var/folders/sn/m80n2j152t9gw3w8qwk2nykh0000gn/T/tldw_user_databases_test/default-68fe53a8
2026-09-16 23:35:32.792 | INFO     | tldw_Server_API.app.core.DB_Management.ChaChaNotes_DB:__init__:7657 - Initializing CharactersRAGDB for path: /private/var/folders/sn/m80n2j152t9gw3w8qwk2nykh0000gn/T/pytest-of-macbook-dev/pytest-612/test_invalid_query_remains_val3/visual.db [Client ID: 2] (backend=postgresql)
2026-09-16 23:35:33.948 | DEBUG    | tldw_Server_API.app.core.DB_Management.ChaChaNotes_DB:__init__:7664 - CharactersRAGDB initialization completed successfully for /private/var/folders/sn/m80n2j152t9gw3w8qwk2nykh0000gn/T/pytest-of-macbook-dev/pytest-612/test_invalid_query_remains_val3/visual.db
2026-09-16 23:35:33.949 | DEBUG    | tldw_Server_API.app.core.DB_Management.ChaChaNotes_DB:_get_connection_for_state:8036 - Acquired backend connection (postgresql) for thread 8346099072
2026-09-16 23:35:33.950 | INFO     | tldw_Server_API.app.core.DB_Management.chacha.character_store:add_character_card:199 - Added character card 'Owned optional visual actor' with ID: 2.
--------------------------- Captured stderr teardown ---------------------------
2026-09-16 23:35:33.969 | DEBUG    | tldw_Server_API.app.core.DB_Management.ChaChaNotes_DB:close_connection:8110 - Returned backend connection (postgresql) for thread 8346099072.
2026-09-16 23:35:33.984 | INFO     | tldw_Server_API.app.api.v1.API_Deps.ChaCha_Notes_DB_Deps:close_all_chacha_db_instances:876 - Closing all cached ChaChaNotesDB instances (0)...
2026-09-16 23:35:33.984 | INFO     | tldw_Server_API.app.api.v1.API_Deps.ChaCha_Notes_DB_Deps:close_all_chacha_db_instances:892 - All ChaChaNotesDB instances closed and cache cleared.
2026-09-16 23:35:33.984 | INFO     | tldw_Server_API.app.api.v1.API_Deps.ChaCha_Notes_DB_Deps:close_all_chacha_db_instances:876 - Closing all cached ChaChaNotesDB instances (0)...
2026-09-16 23:35:33.984 | INFO     | tldw_Server_API.app.api.v1.API_Deps.ChaCha_Notes_DB_Deps:close_all_chacha_db_instances:892 - All ChaChaNotesDB instances closed and cache cleared.
_______ test_invalid_query_remains_validation_failure[postgres-params0] ________
tldw_Server_API/tests/Visual_Identities/test_visual_identity_backend_support.py:166: in test_invalid_query_remains_validation_failure
    assert route.resolve(**params).status_code == 422
E   AssertionError: assert 500 == 422
E    +  where 500 = <Response [500 Internal Server Error]>.status_code
E    +    where <Response [500 Internal Server Error]> = resolve(**{'expression_key': '!!!'})
E    +      where resolve = Route(app=<fastapi.applications.FastAPI object at 0x11167a4d0>, client=<starlette.testclient.TestClient object at 0x11...GDB object at 0x1116eab50>, backend_name='postgres', character_id=2, persona_id='24096391-7119-4bd7-9f13-26a8ca7adabd').resolve
---------------------------- Captured stderr setup -----------------------------
2026-09-16 23:35:34.730 | INFO     | tldw_Server_API.app.core.DB_Management.backends.factory:create_backend:392 - Creating postgresql backend
2026-09-16 23:35:34.731 | INFO     | tldw_Server_API.app.core.config:_buffered_log:210 - Determined ACTUAL_PROJECT_ROOT for database paths: /Users/macbook-dev/Documents/GitHub/tldw_server2
2026-09-16 23:35:34.731 | INFO     | tldw_Server_API.app.core.config:_buffered_log:210 - Early loading environment variables from: /Users/macbook-dev/Documents/GitHub/tldw_server2/tldw_Server_API/Config_Files/.env
2026-09-16 23:35:34.736 | INFO     | tldw_Server_API.app.core.config:_buffered_log:210 - Early loading environment variables from: /Users/macbook-dev/Documents/GitHub/tldw_server2/tldw_Server_API/Config_Files/.ENV
2026-09-16 23:35:34.740 | DEBUG    | tldw_Server_API.app.core.config:_buffered_log:210 - load_and_log_configs(): Loading and logging configurations...
2026-09-16 23:35:34.741 | INFO     | tldw_Server_API.app.core.config:_buffered_log:210 - Loading environment variables from: /Users/macbook-dev/Documents/GitHub/tldw_server2/tldw_Server_API/Config_Files/.env
2026-09-16 23:35:34.745 | INFO     | tldw_Server_API.app.core.config:_buffered_log:210 - Loading environment variables from: /Users/macbook-dev/Documents/GitHub/tldw_server2/tldw_Server_API/Config_Files/.ENV
2026-09-16 23:35:34.750 | INFO     | tldw_Server_API.app.core.config:_buffered_log:210 - Attempting to load comprehensive config from: /Users/macbook-dev/Documents/GitHub/tldw_server2/tldw_Server_API/Config_Files/config.txt
2026-09-16 23:35:34.751 | INFO     | tldw_Server_API.app.core.config:_buffered_log:210 - load_comprehensive_config(): Sections found in config: ['Setup', 'UI', 'Server', 'Files', 'Image-Generation', 'ACP', 'WORKSPACES', 'ACP-WORKSPACE', 'ACP-SANDBOX', 'Audit', 'Processing', 'Media-Processing', 'Chat-Dictionaries', 'Chat-Module', 'Chat-Commands', 'Chat-Templating', 'Character-Chat', 'Settings', 'Auto-Save', 'Prompts', 'Database', 'Chunking', 'Visual-RAG', 'AuthNZ', 'Streaming', 'HTTP', 'Egress', 'Embeddings', 'Claims', 'ClaimsMonitoring', 'RAG', 'Search-Agent', 'ResourceGovernor', 'Jobs', 'SlidesStandaloneHtml', 'Diarization', 'API', 'MLX', 'Local-API', 'LlamaCpp', 'STT-Settings', 'external_providers', 'TTS-Settings', 'VibeVoice', 'Audio-Quota', 'API-Routes', 'Search-Engines', 'Web-Scraper', 'Logging', 'Moderation', 'Redis', 'Web-Scraping', 'personalization', 'persona', 'persona.rbac']
2026-09-16 23:35:34.753 | INFO     | tldw_Server_API.app.core.config:_buffered_log:210 - Ensured main SQLite database directory exists: /Users/macbook-dev/Documents/GitHub/tldw_server2/Databases
2026-09-16 23:35:34.753 | INFO     | tldw_Server_API.app.core.config:_buffered_log:210 - Ensured user data base directory exists: Databases/user_databases
2026-09-16 23:35:34.754 | WARNING  | tldw_Server_API.app.core.DB_Management.db_path_utils:resolve_user_db_base_dir:491 - USER_DB_BASE_DIR not configured in tests, using isolated fallback: /private/var/folders/sn/m80n2j152t9gw3w8qwk2nykh0000gn/T/tldw_user_databases_test/default-68fe53a8
2026-09-16 23:35:34.754 | INFO     | tldw_Server_API.app.core.DB_Management.ChaChaNotes_DB:__init__:7657 - Initializing CharactersRAGDB for path: /private/var/folders/sn/m80n2j152t9gw3w8qwk2nykh0000gn/T/pytest-of-macbook-dev/pytest-612/test_invalid_query_remains_val4/visual.db [Client ID: 2] (backend=postgresql)
2026-09-16 23:35:36.070 | DEBUG    | tldw_Server_API.app.core.DB_Management.ChaChaNotes_DB:__init__:7664 - CharactersRAGDB initialization completed successfully for /private/var/folders/sn/m80n2j152t9gw3w8qwk2nykh0000gn/T/pytest-of-macbook-dev/pytest-612/test_invalid_query_remains_val4/visual.db
2026-09-16 23:35:36.071 | DEBUG    | tldw_Server_API.app.core.DB_Management.ChaChaNotes_DB:_get_connection_for_state:8036 - Acquired backend connection (postgresql) for thread 8346099072
2026-09-16 23:35:36.072 | INFO     | tldw_Server_API.app.core.DB_Management.chacha.character_store:add_character_card:199 - Added character card 'Owned optional visual actor' with ID: 2.
--------------------------- Captured stderr teardown ---------------------------
2026-09-16 23:35:36.093 | DEBUG    | tldw_Server_API.app.core.DB_Management.ChaChaNotes_DB:close_connection:8110 - Returned backend connection (postgresql) for thread 8346099072.
2026-09-16 23:35:36.109 | INFO     | tldw_Server_API.app.api.v1.API_Deps.ChaCha_Notes_DB_Deps:close_all_chacha_db_instances:876 - Closing all cached ChaChaNotesDB instances (0)...
2026-09-16 23:35:36.109 | INFO     | tldw_Server_API.app.api.v1.API_Deps.ChaCha_Notes_DB_Deps:close_all_chacha_db_instances:892 - All ChaChaNotesDB instances closed and cache cleared.
2026-09-16 23:35:36.109 | INFO     | tldw_Server_API.app.api.v1.API_Deps.ChaCha_Notes_DB_Deps:close_all_chacha_db_instances:876 - Closing all cached ChaChaNotesDB instances (0)...
2026-09-16 23:35:36.109 | INFO     | tldw_Server_API.app.api.v1.API_Deps.ChaCha_Notes_DB_Deps:close_all_chacha_db_instances:892 - All ChaChaNotesDB instances closed and cache cleared.
_ test_owned_optional_resolution_returns_explicit_no_asset[postgres-neutral-neutral-character] _
tldw_Server_API/tests/Visual_Identities/test_visual_identity_backend_support.py:80: in test_owned_optional_resolution_returns_explicit_no_asset
    assert response.status_code == 200, response.text
E   AssertionError: Internal Server Error
E   assert 500 == 200
E    +  where 500 = <Response [500 Internal Server Error]>.status_code
---------------------------- Captured stderr setup -----------------------------
2026-09-16 23:35:38.660 | INFO     | tldw_Server_API.app.core.DB_Management.backends.factory:create_backend:392 - Creating postgresql backend
2026-09-16 23:35:38.661 | INFO     | tldw_Server_API.app.core.config:_buffered_log:210 - Determined ACTUAL_PROJECT_ROOT for database paths: /Users/macbook-dev/Documents/GitHub/tldw_server2
2026-09-16 23:35:38.661 | INFO     | tldw_Server_API.app.core.config:_buffered_log:210 - Early loading environment variables from: /Users/macbook-dev/Documents/GitHub/tldw_server2/tldw_Server_API/Config_Files/.env
2026-09-16 23:35:38.666 | INFO     | tldw_Server_API.app.core.config:_buffered_log:210 - Early loading environment variables from: /Users/macbook-dev/Documents/GitHub/tldw_server2/tldw_Server_API/Config_Files/.ENV
2026-09-16 23:35:38.671 | DEBUG    | tldw_Server_API.app.core.config:_buffered_log:210 - load_and_log_configs(): Loading and logging configurations...
2026-09-16 23:35:38.671 | INFO     | tldw_Server_API.app.core.config:_buffered_log:210 - Loading environment variables from: /Users/macbook-dev/Documents/GitHub/tldw_server2/tldw_Server_API/Config_Files/.env
2026-09-16 23:35:38.675 | INFO     | tldw_Server_API.app.core.config:_buffered_log:210 - Loading environment variables from: /Users/macbook-dev/Documents/GitHub/tldw_server2/tldw_Server_API/Config_Files/.ENV
2026-09-16 23:35:38.680 | INFO     | tldw_Server_API.app.core.config:_buffered_log:210 - Attempting to load comprehensive config from: /Users/macbook-dev/Documents/GitHub/tldw_server2/tldw_Server_API/Config_Files/config.txt
2026-09-16 23:35:38.681 | INFO     | tldw_Server_API.app.core.config:_buffered_log:210 - load_comprehensive_config(): Sections found in config: ['Setup', 'UI', 'Server', 'Files', 'Image-Generation', 'ACP', 'WORKSPACES', 'ACP-WORKSPACE', 'ACP-SANDBOX', 'Audit', 'Processing', 'Media-Processing', 'Chat-Dictionaries', 'Chat-Module', 'Chat-Commands', 'Chat-Templating', 'Character-Chat', 'Settings', 'Auto-Save', 'Prompts', 'Database', 'Chunking', 'Visual-RAG', 'AuthNZ', 'Streaming', 'HTTP', 'Egress', 'Embeddings', 'Claims', 'ClaimsMonitoring', 'RAG', 'Search-Agent', 'ResourceGovernor', 'Jobs', 'SlidesStandaloneHtml', 'Diarization', 'API', 'MLX', 'Local-API', 'LlamaCpp', 'STT-Settings', 'external_providers', 'TTS-Settings', 'VibeVoice', 'Audio-Quota', 'API-Routes', 'Search-Engines', 'Web-Scraper', 'Logging', 'Moderation', 'Redis', 'Web-Scraping', 'personalization', 'persona', 'persona.rbac']
2026-09-16 23:35:38.683 | INFO     | tldw_Server_API.app.core.config:_buffered_log:210 - Ensured main SQLite database directory exists: /Users/macbook-dev/Documents/GitHub/tldw_server2/Databases
2026-09-16 23:35:38.683 | INFO     | tldw_Server_API.app.core.config:_buffered_log:210 - Ensured user data base directory exists: Databases/user_databases
2026-09-16 23:35:38.684 | WARNING  | tldw_Server_API.app.core.DB_Management.db_path_utils:resolve_user_db_base_dir:491 - USER_DB_BASE_DIR not configured in tests, using isolated fallback: /private/var/folders/sn/m80n2j152t9gw3w8qwk2nykh0000gn/T/tldw_user_databases_test/default-68fe53a8
2026-09-16 23:35:38.684 | INFO     | tldw_Server_API.app.core.DB_Management.ChaChaNotes_DB:__init__:7657 - Initializing CharactersRAGDB for path: /private/var/folders/sn/m80n2j152t9gw3w8qwk2nykh0000gn/T/pytest-of-macbook-dev/pytest-612/test_owned_optional_resolution7/visual.db [Client ID: 2] (backend=postgresql)
2026-09-16 23:35:39.903 | DEBUG    | tldw_Server_API.app.core.DB_Management.ChaChaNotes_DB:__init__:7664 - CharactersRAGDB initialization completed successfully for /private/var/folders/sn/m80n2j152t9gw3w8qwk2nykh0000gn/T/pytest-of-macbook-dev/pytest-612/test_owned_optional_resolution7/visual.db
2026-09-16 23:35:39.905 | DEBUG    | tldw_Server_API.app.core.DB_Management.ChaChaNotes_DB:_get_connection_for_state:8036 - Acquired backend connection (postgresql) for thread 8346099072
2026-09-16 23:35:39.906 | INFO     | tldw_Server_API.app.core.DB_Management.chacha.character_store:add_character_card:199 - Added character card 'Owned optional visual actor' with ID: 2.
--------------------------- Captured stderr teardown ---------------------------
2026-09-16 23:35:39.926 | DEBUG    | tldw_Server_API.app.core.DB_Management.ChaChaNotes_DB:close_connection:8110 - Returned backend connection (postgresql) for thread 8346099072.
2026-09-16 23:35:39.940 | INFO     | tldw_Server_API.app.api.v1.API_Deps.ChaCha_Notes_DB_Deps:close_all_chacha_db_instances:876 - Closing all cached ChaChaNotesDB instances (0)...
2026-09-16 23:35:39.940 | INFO     | tldw_Server_API.app.api.v1.API_Deps.ChaCha_Notes_DB_Deps:close_all_chacha_db_instances:892 - All ChaChaNotesDB instances closed and cache cleared.
2026-09-16 23:35:39.940 | INFO     | tldw_Server_API.app.api.v1.API_Deps.ChaCha_Notes_DB_Deps:close_all_chacha_db_instances:876 - Closing all cached ChaChaNotesDB instances (0)...
2026-09-16 23:35:39.940 | INFO     | tldw_Server_API.app.api.v1.API_Deps.ChaCha_Notes_DB_Deps:close_all_chacha_db_instances:892 - All ChaChaNotesDB instances closed and cache cleared.
_______ test_invalid_query_remains_validation_failure[postgres-params1] ________
tldw_Server_API/tests/Visual_Identities/test_visual_identity_backend_support.py:166: in test_invalid_query_remains_validation_failure
    assert route.resolve(**params).status_code == 422
E   AssertionError: assert 500 == 422
E    +  where 500 = <Response [500 Internal Server Error]>.status_code
E    +    where <Response [500 Internal Server Error]> = resolve(**{'actor_kind': 'invalid'})
E    +      where resolve = Route(app=<fastapi.applications.FastAPI object at 0x1114f4950>, client=<starlette.testclient.TestClient object at 0x11...GDB object at 0x111a4d550>, backend_name='postgres', character_id=2, persona_id='bc955f69-8f1b-42c7-842a-27f9252f7fbc').resolve
---------------------------- Captured stderr setup -----------------------------
2026-09-16 23:35:39.955 | INFO     | tldw_Server_API.app.core.DB_Management.backends.factory:create_backend:392 - Creating postgresql backend
2026-09-16 23:35:39.956 | INFO     | tldw_Server_API.app.core.config:_buffered_log:210 - Determined ACTUAL_PROJECT_ROOT for database paths: /Users/macbook-dev/Documents/GitHub/tldw_server2
2026-09-16 23:35:39.956 | INFO     | tldw_Server_API.app.core.config:_buffered_log:210 - Early loading environment variables from: /Users/macbook-dev/Documents/GitHub/tldw_server2/tldw_Server_API/Config_Files/.env
2026-09-16 23:35:39.960 | INFO     | tldw_Server_API.app.core.config:_buffered_log:210 - Early loading environment variables from: /Users/macbook-dev/Documents/GitHub/tldw_server2/tldw_Server_API/Config_Files/.ENV
2026-09-16 23:35:39.964 | DEBUG    | tldw_Server_API.app.core.config:_buffered_log:210 - load_and_log_configs(): Loading and logging configurations...
2026-09-16 23:35:39.965 | INFO     | tldw_Server_API.app.core.config:_buffered_log:210 - Loading environment variables from: /Users/macbook-dev/Documents/GitHub/tldw_server2/tldw_Server_API/Config_Files/.env
2026-09-16 23:35:39.969 | INFO     | tldw_Server_API.app.core.config:_buffered_log:210 - Loading environment variables from: /Users/macbook-dev/Documents/GitHub/tldw_server2/tldw_Server_API/Config_Files/.ENV
2026-09-16 23:35:39.974 | INFO     | tldw_Server_API.app.core.config:_buffered_log:210 - Attempting to load comprehensive config from: /Users/macbook-dev/Documents/GitHub/tldw_server2/tldw_Server_API/Config_Files/config.txt
2026-09-16 23:35:39.976 | INFO     | tldw_Server_API.app.core.config:_buffered_log:210 - load_comprehensive_config(): Sections found in config: ['Setup', 'UI', 'Server', 'Files', 'Image-Generation', 'ACP', 'WORKSPACES', 'ACP-WORKSPACE', 'ACP-SANDBOX', 'Audit', 'Processing', 'Media-Processing', 'Chat-Dictionaries', 'Chat-Module', 'Chat-Commands', 'Chat-Templating', 'Character-Chat', 'Settings', 'Auto-Save', 'Prompts', 'Database', 'Chunking', 'Visual-RAG', 'AuthNZ', 'Streaming', 'HTTP', 'Egress', 'Embeddings', 'Claims', 'ClaimsMonitoring', 'RAG', 'Search-Agent', 'ResourceGovernor', 'Jobs', 'SlidesStandaloneHtml', 'Diarization', 'API', 'MLX', 'Local-API', 'LlamaCpp', 'STT-Settings', 'external_providers', 'TTS-Settings', 'VibeVoice', 'Audio-Quota', 'API-Routes', 'Search-Engines', 'Web-Scraper', 'Logging', 'Moderation', 'Redis', 'Web-Scraping', 'personalization', 'persona', 'persona.rbac']
2026-09-16 23:35:39.978 | INFO     | tldw_Server_API.app.core.config:_buffered_log:210 - Ensured main SQLite database directory exists: /Users/macbook-dev/Documents/GitHub/tldw_server2/Databases
2026-09-16 23:35:39.978 | INFO     | tldw_Server_API.app.core.config:_buffered_log:210 - Ensured user data base directory exists: Databases/user_databases
2026-09-16 23:35:39.978 | WARNING  | tldw_Server_API.app.core.DB_Management.db_path_utils:resolve_user_db_base_dir:491 - USER_DB_BASE_DIR not configured in tests, using isolated fallback: /private/var/folders/sn/m80n2j152t9gw3w8qwk2nykh0000gn/T/tldw_user_databases_test/default-68fe53a8
2026-09-16 23:35:39.978 | INFO     | tldw_Server_API.app.core.DB_Management.ChaChaNotes_DB:__init__:7657 - Initializing CharactersRAGDB for path: /private/var/folders/sn/m80n2j152t9gw3w8qwk2nykh0000gn/T/pytest-of-macbook-dev/pytest-612/test_invalid_query_remains_val5/visual.db [Client ID: 2] (backend=postgresql)
2026-09-16 23:35:41.175 | DEBUG    | tldw_Server_API.app.core.DB_Management.ChaChaNotes_DB:__init__:7664 - CharactersRAGDB initialization completed successfully for /private/var/folders/sn/m80n2j152t9gw3w8qwk2nykh0000gn/T/pytest-of-macbook-dev/pytest-612/test_invalid_query_remains_val5/visual.db
2026-09-16 23:35:41.177 | DEBUG    | tldw_Server_API.app.core.DB_Management.ChaChaNotes_DB:_get_connection_for_state:8036 - Acquired backend connection (postgresql) for thread 8346099072
2026-09-16 23:35:41.178 | INFO     | tldw_Server_API.app.core.DB_Management.chacha.character_store:add_character_card:199 - Added character card 'Owned optional visual actor' with ID: 2.2026-09-16 23:35:41.239 | INFO     | tldw_Server_API.app.core.config:_buffered_log:210 - Determined ACTUAL_PROJECT_ROOT for database paths: /Users/macbook-dev/Documents/GitHub/tldw_server2
2026-09-16 23:35:41.239 | INFO     | tldw_Server_API.app.core.config:_buffered_log:210 - Early loading environment variables from: /Users/macbook-dev/Documents/GitHub/tldw_server2/tldw_Server_API/Config_Files/.env
2026-09-16 23:35:41.243 | INFO     | tldw_Server_API.app.core.config:_buffered_log:210 - Early loading environment variables from: /Users/macbook-dev/Documents/GitHub/tldw_server2/tldw_Server_API/Config_Files/.ENV
2026-09-16 23:35:41.247 | DEBUG    | tldw_Server_API.app.core.config:_buffered_log:210 - load_and_log_configs(): Loading and logging configurations...
2026-09-16 23:35:41.248 | INFO     | tldw_Server_API.app.core.config:_buffered_log:210 - Loading environment variables from: /Users/macbook-dev/Documents/GitHub/tldw_server2/tldw_Server_API/Config_Files/.env
2026-09-16 23:35:41.252 | INFO     | tldw_Server_API.app.core.config:_buffered_log:210 - Loading environment variables from: /Users/macbook-dev/Documents/GitHub/tldw_server2/tldw_Server_API/Config_Files/.ENV
2026-09-16 23:35:41.256 | INFO     | tldw_Server_API.app.core.config:_buffered_log:210 - Attempting to load comprehensive config from: /Users/macbook-dev/Documents/GitHub/tldw_server2/tldw_Server_API/Config_Files/config.txt
2026-09-16 23:35:41.258 | INFO     | tldw_Server_API.app.core.config:_buffered_log:210 - load_comprehensive_config(): Sections found in config: ['Setup', 'UI', 'Server', 'Files', 'Image-Generation', 'ACP', 'WORKSPACES', 'ACP-WORKSPACE', 'ACP-SANDBOX', 'Audit', 'Processing', 'Media-Processing', 'Chat-Dictionaries', 'Chat-Module', 'Chat-Commands', 'Chat-Templating', 'Character-Chat', 'Settings', 'Auto-Save', 'Prompts', 'Database', 'Chunking', 'Visual-RAG', 'AuthNZ', 'Streaming', 'HTTP', 'Egress', 'Embeddings', 'Claims', 'ClaimsMonitoring', 'RAG', 'Search-Agent', 'ResourceGovernor', 'Jobs', 'SlidesStandaloneHtml', 'Diarization', 'API', 'MLX', 'Local-API', 'LlamaCpp', 'STT-Settings', 'external_providers', 'TTS-Settings', 'VibeVoice', 'Audio-Quota', 'API-Routes', 'Search-Engines', 'Web-Scraper', 'Logging', 'Moderation', 'Redis', 'Web-Scraping', 'personalization', 'persona', 'persona.rbac']
2026-09-16 23:35:41.260 | INFO     | tldw_Server_API.app.core.config:_buffered_log:210 - Ensured main SQLite database directory exists: /Users/macbook-dev/Documents/GitHub/tldw_server2/Databases
2026-09-16 23:35:41.260 | INFO     | tldw_Server_API.app.core.config:_buffered_log:210 - Ensured user data base directory exists: Databases/user_databases
2026-09-16 23:35:41.260 | INFO     | tldw_Server_API.app.api.v1.API_Deps.Audit_DB_Deps:<module>:532 - Using cachetools.LRUCache for audit service instances (maxsize=20).
2026-09-16 23:35:41.261 | INFO     | tldw_Server_API.app.api.v1.API_Deps.Audit_DB_Deps:shutdown_all_audit_services:1034 - Shutting down audit services for 0 instances...
2026-09-16 23:35:41.261 | INFO     | tldw_Server_API.app.api.v1.API_Deps.Audit_DB_Deps:shutdown_all_audit_services:1091 - All audit services shut down successfully.
2026-09-16 23:35:41.272 | DEBUG    | tldw_Server_API.app.core.AuthNZ.settings:_ensure_jwt_secret:899 - Single-user mode - skipping JWT secret initialization
2026-09-16 23:35:41.272 | WARNING  | tldw_Server_API.app.core.AuthNZ.settings:_validate_api_key:1013 - SINGLE_USER_API_KEY uses a legacy format; generate a new server-generated key for improved security.
2026-09-16 23:35:41.272 | INFO     | tldw_Server_API.app.core.AuthNZ.settings:get_settings:1588 - Settings initialized - Auth mode: single_user, profile=local-single-user
2026-09-16 23:35:41.272 | INFO     | tldw_Server_API.app.core.AuthNZ.db_config:_detect_backend:83 - Detected database backend: sqlite
2026-09-16 23:35:41.379 | DEBUG    | tldw_Server_API.app.core.config:_buffered_log:210 - load_and_log_configs(): Loading and logging configurations...
2026-09-16 23:35:41.385 | DEBUG    | tldw_Server_API.app.core.config:_buffered_log:210 - load_and_log_configs(): Loading and logging configurations...
2026-09-16 23:35:41.417 | INFO     | tldw_Server_API.app.core.Chat.prompt_template_manager:<module>:201 - Prompt templates directory: /Users/macbook-dev/Documents/GitHub/tldw_server2/tldw_Server_API/app/core/Chat/prompt_templates
2026-09-16 23:35:41.417 | INFO     | tldw_Server_API.app.core.Chat.prompt_template_manager:<module>:202 - Available templates found: []
2026-09-16 23:35:41.481 | DEBUG    | tldw_Server_API.app.core.Scheduler.base.registry:decorator:81 - Registered task handler: watchlist_run
2026-09-16 23:35:41.482 | DEBUG    | tldw_Server_API.app.core.Scheduler.base.registry:decorator:81 - Registered task handler: watchlists_enrich_output
2026-09-16 23:35:41.482 | DEBUG    | tldw_Server_API.app.core.Scheduler.base.registry:decorator:81 - Registered task handler: watchlists_deliver_briefing
2026-09-16 23:35:41.482 | DEBUG    | tldw_Server_API.app.core.Scheduler.base.registry:decorator:81 - Registered task handler: acp_run
2026-09-16 23:35:41.482 | DEBUG    | tldw_Server_API.app.core.Scheduler.base.registry:decorator:81 - Registered task handler: workflow_run
2026-09-16 23:35:41.482 | WARNING  | tldw_Server_API.app.core.DB_Management.db_path_utils:resolve_user_db_base_dir:491 - USER_DB_BASE_DIR not configured in tests, using isolated fallback: /private/var/folders/sn/m80n2j152t9gw3w8qwk2nykh0000gn/T/tldw_user_databases_test/default-68fe53a8
2026-09-16 23:35:41.483 | DEBUG    | tldw_Server_API.app.core.DB_Management.backends.factory:_get_or_create_shared_sqlite_backend:325 - Creating sqlite backend for /private/var/folders/sn/m80n2j152t9gw3w8qwk2nykh0000gn/T/tldw_user_databases_test/default-68fe53a8/1/workflows/workflows_scheduler.db
2026-09-16 23:35:41.484 | INFO     | tldw_Server_API.app.core.DB_Management.Workflows_Scheduler_DB:__init__:210 - WorkflowsSchedulerDB using SQLite path: /private/var/folders/sn/m80n2j152t9gw3w8qwk2nykh0000gn/T/tldw_user_databases_test/default-68fe53a8/1/workflows/workflows_scheduler.db
2026-09-16 23:35:41.484 | INFO     | tldw_Server_API.app.services.workflows_scheduler:stop:183 - Workflows recurring scheduler stopped
2026-09-16 23:35:41.484 | INFO     | tldw_Server_API.app.api.v1.API_Deps.ChaCha_Notes_DB_Deps:close_all_chacha_db_instances:876 - Closing all cached ChaChaNotesDB instances (0)...
2026-09-16 23:35:41.484 | INFO     | tldw_Server_API.app.api.v1.API_Deps.ChaCha_Notes_DB_Deps:close_all_chacha_db_instances:892 - All ChaChaNotesDB instances closed and cache cleared.
2026-09-16 23:35:41.488 | INFO     | tldw_Server_API.app.api.v1.API_Deps.DB_Deps:<module>:57 - Using LRUCache for user DB instances (maxsize=100).
2026-09-16 23:35:41.559 | DEBUG    | tldw_Server_API.app.core.Metrics.metrics_manager:register_metric:1885 - Registered metric: chunker_cache_get_total
2026-09-16 23:35:41.559 | DEBUG    | tldw_Server_API.app.core.Metrics.metrics_manager:register_metric:1885 - Registered metric: chunker_cache_put_total
2026-09-16 23:35:41.559 | DEBUG    | tldw_Server_API.app.core.Metrics.metrics_manager:register_metric:1885 - Registered metric: chunker_process_total
2026-09-16 23:35:41.559 | DEBUG    | tldw_Server_API.app.core.Metrics.metrics_manager:register_metric:1885 - Registered metric: chunker_frontmatter_duration_seconds
2026-09-16 23:35:41.559 | DEBUG    | tldw_Server_API.app.core.Metrics.metrics_manager:register_metric:1885 - Registered metric: chunker_header_extract_seconds
2026-09-16 23:35:41.559 | DEBUG    | tldw_Server_API.app.core.Metrics.metrics_manager:register_metric:1885 - Registered metric: chunker_chunking_duration_seconds
2026-09-16 23:35:41.560 | DEBUG    | tldw_Server_API.app.core.Metrics.metrics_manager:register_metric:1885 - Registered metric: chunker_normalization_seconds
2026-09-16 23:35:41.560 | DEBUG    | tldw_Server_API.app.core.Metrics.metrics_manager:register_metric:1885 - Registered metric: chunker_last_chunk_count
2026-09-16 23:35:41.560 | DEBUG    | tldw_Server_API.app.core.Metrics.metrics_manager:register_metric:1885 - Registered metric: chunker_output_bytes
2026-09-16 23:35:41.560 | DEBUG    | tldw_Server_API.app.core.Metrics.metrics_manager:register_metric:1885 - Registered metric: chunker_input_bytes
2026-09-16 23:35:41.560 | DEBUG    | tldw_Server_API.app.core.Metrics.metrics_manager:register_metric:1885 - Registered metric: chunker_process_total_seconds
2026-09-16 23:35:41.560 | DEBUG    | tldw_Server_API.app.core.config:_buffered_log:210 - load_and_log_configs(): Loading and logging configurations...
2026-09-16 23:35:41.561 | DEBUG    | tldw_Server_API.app.core.config:_buffered_log:210 - load_and_log_configs(): Loading and logging configurations...

--------------------------- Captured stderr teardown ---------------------------
2026-09-16 23:35:41.197 | DEBUG    | tldw_Server_API.app.core.DB_Management.ChaChaNotes_DB:close_connection:8110 - Returned backend connection (postgresql) for thread 8346099072.
2026-09-16 23:35:41.211 | INFO     | tldw_Server_API.app.api.v1.API_Deps.ChaCha_Notes_DB_Deps:close_all_chacha_db_instances:876 - Closing all cached ChaChaNotesDB instances (0)...
2026-09-16 23:35:41.211 | INFO     | tldw_Server_API.app.api.v1.API_Deps.ChaCha_Notes_DB_Deps:close_all_chacha_db_instances:892 - All ChaChaNotesDB instances closed and cache cleared.
2026-09-16 23:35:41.211 | INFO     | tldw_Server_API.app.api.v1.API_Deps.ChaCha_Notes_DB_Deps:close_all_chacha_db_instances:876 - Closing all cached ChaChaNotesDB instances (0)...
2026-09-16 23:35:41.212 | INFO     | tldw_Server_API.app.api.v1.API_Deps.ChaCha_Notes_DB_Deps:close_all_chacha_db_instances:892 - All ChaChaNotesDB instances closed and cache cleared.
=========================== short test summary info ============================
FAILED tldw_Server_API/tests/Visual_Identities/test_visual_identity_backend_support.py::test_missing_actor_is_not_hidden_by_optional_fallback[postgres-character]
FAILED tldw_Server_API/tests/Visual_Identities/test_visual_identity_backend_support.py::test_missing_actor_is_not_hidden_by_optional_fallback[postgres-persona]
FAILED tldw_Server_API/tests/Visual_Identities/test_visual_identity_backend_support.py::test_owned_optional_resolution_returns_explicit_no_asset[postgres-thoughtful-thinking-persona]
FAILED tldw_Server_API/tests/Visual_Identities/test_visual_identity_backend_support.py::test_owned_optional_resolution_returns_explicit_no_asset[postgres-neutral-neutral-persona]
FAILED tldw_Server_API/tests/Visual_Identities/test_visual_identity_backend_support.py::test_explicit_override_never_becomes_ordinary_placeholder[postgres-params1]
FAILED tldw_Server_API/tests/Visual_Identities/test_visual_identity_backend_support.py::test_foreign_persona_is_not_hidden_by_optional_fallback[postgres]
FAILED tldw_Server_API/tests/Visual_Identities/test_visual_identity_backend_support.py::test_explicit_override_never_becomes_ordinary_placeholder[postgres-params0]
FAILED tldw_Server_API/tests/Visual_Identities/test_visual_identity_backend_support.py::test_owned_optional_resolution_returns_explicit_no_asset[postgres-thoughtful-thinking-character]
FAILED tldw_Server_API/tests/Visual_Identities/test_visual_identity_backend_support.py::test_metadata_authoring_stays_explicitly_unsupported[postgres-get]
FAILED tldw_Server_API/tests/Visual_Identities/test_visual_identity_backend_support.py::test_metadata_authoring_stays_explicitly_unsupported[postgres-post]
FAILED tldw_Server_API/tests/Visual_Identities/test_visual_identity_backend_support.py::test_capabilities_report_selected_backend_without_changing_formats[postgres]
FAILED tldw_Server_API/tests/Visual_Identities/test_visual_identity_backend_support.py::test_deleted_actor_is_not_hidden_by_optional_fallback[postgres-character]
FAILED tldw_Server_API/tests/Visual_Identities/test_visual_identity_backend_support.py::test_deleted_actor_is_not_hidden_by_optional_fallback[postgres-persona]
FAILED tldw_Server_API/tests/Visual_Identities/test_visual_identity_backend_support.py::test_real_lookup_database_failure_is_not_a_no_asset_result[postgres]
FAILED tldw_Server_API/tests/Visual_Identities/test_visual_identity_backend_support.py::test_capabilities_report_selected_backend_without_changing_formats[sqlite]
FAILED tldw_Server_API/tests/Visual_Identities/test_visual_identity_backend_support.py::test_character_owner_filter_preserves_backend_contract[postgres]
FAILED tldw_Server_API/tests/Visual_Identities/test_visual_identity_backend_support.py::test_invalid_query_remains_validation_failure[postgres-params2]
FAILED tldw_Server_API/tests/Visual_Identities/test_visual_identity_backend_support.py::test_invalid_query_remains_validation_failure[postgres-params0]
FAILED tldw_Server_API/tests/Visual_Identities/test_visual_identity_backend_support.py::test_owned_optional_resolution_returns_explicit_no_asset[postgres-neutral-neutral-character]
FAILED tldw_Server_API/tests/Visual_Identities/test_visual_identity_backend_support.py::test_invalid_query_remains_validation_failure[postgres-params1]
================== 20 failed, 24 passed, 5 warnings in 45.00s ==================
