============================= test session starts ==============================
platform darwin -- Python 3.11.13, pytest-8.4.1, pluggy-1.6.0
benchmark: 5.2.3 (defaults: timer=time.perf_counter disable_gc=False min_rounds=5 min_time=0.000005 max_time=1.0 calibration_precision=10 warmup=False warmup_iterations=100000)
Using --randomly-seed=3248902618
rootdir: /Users/macbook-dev/Documents/GitHub/tldw_server2
configfile: pyproject.toml
plugins: anyio-4.12.1, benchmark-5.2.3, locust-2.43.3, asyncio-1.1.0, xdist-3.8.0, split-0.11.0, timeout-2.4.0, randomly-4.1.0, hypothesis-6.138.2, cov-6.2.1, mock-3.14.1
asyncio: mode=Mode.AUTO, asyncio_default_fixture_loop_scope=function, asyncio_default_test_loop_scope=function
timeout: 300.0s
timeout method: thread
timeout func_only: False
collected 2 items

.tmp/uat218-independent-20260917/test_operation_literal_whitespace_probe.py F [ 50%]
F                                                                        [100%]

=================================== FAILURES ===================================
__ test_unknown_operation_literal_is_not_rewritten_on_reopen[trailing-space] ___
.tmp/uat218-independent-20260917/test_operation_literal_whitespace_probe.py:49: in test_unknown_operation_literal_is_not_rewritten_on_reopen
    assert error is not None, 'Unknown literal was accepted and its constraint rewritten'
E   AssertionError: Unknown literal was accepted and its constraint rewritten
E   assert None is not None
----------------------------- Captured stderr call -----------------------------
2026-09-17 01:04:17.699 | INFO     | tldw_Server_API.app.core.DB_Management.backends.factory:create_backend:392 - Creating postgresql backend
2026-09-17 01:04:17.699 | INFO     | tldw_Server_API.app.core.DB_Management.media_db.runtime.bootstrap_lifecycle_ops:initialize_media_database:79 - Initializing Database object for path: /private/var/folders/sn/m80n2j152t9gw3w8qwk2nykh0000gn/T/pytest-of-macbook-dev/pytest-686/test_unknown_operation_literal0/media.db [Client ID: 2]
2026-09-17 01:04:17.709 | DEBUG    | tldw_Server_API.app.core.DB_Management.media_db.schema.features.core_media:apply_postgres_core_media_schema:419 - Applying Postgres base table DDL: CREATE TABLE IF NOT EXISTS schema_version ( version BIGINT PRIMARY KEY NOT NULL );...
2026-09-17 01:04:17.710 | DEBUG    | tldw_Server_API.app.core.DB_Management.media_db.schema.features.core_media:apply_postgres_core_media_schema:419 - Applying Postgres base table DDL: CREATE TABLE IF NOT EXISTS Media ( id BIGSERIAL PRIMARY KEY, url TEXT UNIQUE, title TEXT NOT NULL, type TEXT NOT NULL, c...
2026-09-17 01:04:17.712 | DEBUG    | tldw_Server_API.app.core.DB_Management.media_db.schema.features.core_media:apply_postgres_core_media_schema:419 - Applying Postgres base table DDL: CREATE TABLE IF NOT EXISTS Keywords ( id BIGSERIAL PRIMARY KEY, keyword TEXT NOT NULL UNIQUE , uuid TEXT UNIQUE NOT NULL...
2026-09-17 01:04:17.713 | DEBUG    | tldw_Server_API.app.core.DB_Management.media_db.schema.features.core_media:apply_postgres_core_media_schema:419 - Applying Postgres base table DDL: CREATE TABLE IF NOT EXISTS MediaKeywords ( id BIGSERIAL PRIMARY KEY, media_id INTEGER NOT NULL, keyword_id INTEGER NOT N...
2026-09-17 01:04:17.714 | DEBUG    | tldw_Server_API.app.core.DB_Management.media_db.schema.features.core_media:apply_postgres_core_media_schema:419 - Applying Postgres base table DDL: CREATE TABLE IF NOT EXISTS OperationOwnedCloneKeywords ( media_id INTEGER NOT NULL, keyword TEXT NOT NULL CHECK ( length...
2026-09-17 01:04:17.715 | DEBUG    | tldw_Server_API.app.core.DB_Management.media_db.schema.features.core_media:apply_postgres_core_media_schema:419 - Applying Postgres base table DDL: CREATE TABLE IF NOT EXISTS Transcripts ( id BIGSERIAL PRIMARY KEY, media_id INTEGER NOT NULL, whisper_model TEXT, transc...
2026-09-17 01:04:17.716 | DEBUG    | tldw_Server_API.app.core.DB_Management.media_db.schema.features.core_media:apply_postgres_core_media_schema:419 - Applying Postgres base table DDL: CREATE TABLE IF NOT EXISTS MediaChunks ( id BIGSERIAL PRIMARY KEY, media_id INTEGER NOT NULL, chunk_text TEXT NOT NULL, ...
2026-09-17 01:04:17.717 | DEBUG    | tldw_Server_API.app.core.DB_Management.media_db.schema.features.core_media:apply_postgres_core_media_schema:419 - Applying Postgres base table DDL: CREATE TABLE IF NOT EXISTS UnvectorizedMediaChunks ( id BIGSERIAL PRIMARY KEY, media_id INTEGER NOT NULL, chunk_text TEX...
2026-09-17 01:04:17.719 | DEBUG    | tldw_Server_API.app.core.DB_Management.media_db.schema.features.core_media:apply_postgres_core_media_schema:419 - Applying Postgres base table DDL: CREATE TABLE IF NOT EXISTS VisualDocuments ( id BIGSERIAL PRIMARY KEY, media_id INTEGER NOT NULL, location TEXT, page_nu...
2026-09-17 01:04:17.720 | DEBUG    | tldw_Server_API.app.core.DB_Management.media_db.schema.features.core_media:apply_postgres_core_media_schema:419 - Applying Postgres base table DDL: CREATE TABLE IF NOT EXISTS DocumentVersions ( id BIGSERIAL PRIMARY KEY, media_id INTEGER NOT NULL, version_number INTEGE...
2026-09-17 01:04:17.721 | DEBUG    | tldw_Server_API.app.core.DB_Management.media_db.schema.features.core_media:apply_postgres_core_media_schema:419 - Applying Postgres base table DDL: CREATE TABLE IF NOT EXISTS DocumentVersionIdentifiers ( dv_id BIGINT PRIMARY KEY, doi TEXT, pmid TEXT, pmcid TEXT, arxiv...
2026-09-17 01:04:17.721 | DEBUG    | tldw_Server_API.app.core.DB_Management.media_db.schema.features.core_media:apply_postgres_core_media_schema:419 - Applying Postgres base table DDL: CREATE TABLE IF NOT EXISTS DocumentStructureIndex ( id BIGSERIAL PRIMARY KEY, media_id INTEGER NOT NULL, parent_id INTEG...
2026-09-17 01:04:17.722 | DEBUG    | tldw_Server_API.app.core.DB_Management.media_db.schema.features.core_media:apply_postgres_core_media_schema:419 - Applying Postgres base table DDL: CREATE TABLE IF NOT EXISTS sync_log ( change_id BIGSERIAL PRIMARY KEY, entity TEXT NOT NULL, entity_uuid TEXT NOT NULL, ...
2026-09-17 01:04:17.723 | DEBUG    | tldw_Server_API.app.core.DB_Management.media_db.schema.features.core_media:apply_postgres_core_media_schema:419 - Applying Postgres base table DDL: CREATE TABLE IF NOT EXISTS ChunkingTemplates ( id BIGSERIAL PRIMARY KEY, uuid TEXT UNIQUE NOT NULL, name TEXT NOT NULL, ...
2026-09-17 01:04:17.724 | DEBUG    | tldw_Server_API.app.core.DB_Management.media_db.schema.features.core_media:apply_postgres_core_media_schema:419 - Applying Postgres base table DDL: CREATE TABLE IF NOT EXISTS Claims ( id BIGSERIAL PRIMARY KEY, media_id INTEGER NOT NULL, chunk_index INTEGER NOT NULL, s...
2026-09-17 01:04:17.725 | DEBUG    | tldw_Server_API.app.core.DB_Management.media_db.schema.features.core_media:apply_postgres_core_media_schema:419 - Applying Postgres base table DDL: CREATE TABLE IF NOT EXISTS claims_review_log ( id BIGSERIAL PRIMARY KEY, claim_id INTEGER NOT NULL, old_status TEXT, new...
2026-09-17 01:04:17.726 | DEBUG    | tldw_Server_API.app.core.DB_Management.media_db.schema.features.core_media:apply_postgres_core_media_schema:419 - Applying Postgres base table DDL: CREATE TABLE IF NOT EXISTS claims_review_extractor_metrics_daily ( id BIGSERIAL PRIMARY KEY, user_id TEXT NOT NULL, repo...
2026-09-17 01:04:17.727 | DEBUG    | tldw_Server_API.app.core.DB_Management.media_db.schema.features.core_media:apply_postgres_core_media_schema:419 - Applying Postgres base table DDL: CREATE TABLE IF NOT EXISTS claims_review_rules ( id BIGSERIAL PRIMARY KEY, user_id TEXT NOT NULL, priority INTEGER NOT N...
2026-09-17 01:04:17.728 | DEBUG    | tldw_Server_API.app.core.DB_Management.media_db.schema.features.core_media:apply_postgres_core_media_schema:419 - Applying Postgres base table DDL: CREATE TABLE IF NOT EXISTS claims_monitoring_events ( id BIGSERIAL PRIMARY KEY, user_id TEXT NOT NULL, event_type TEXT N...
2026-09-17 01:04:17.728 | DEBUG    | tldw_Server_API.app.core.DB_Management.media_db.schema.features.core_media:apply_postgres_core_media_schema:419 - Applying Postgres base table DDL: CREATE TABLE IF NOT EXISTS claims_monitoring_settings ( id BIGSERIAL PRIMARY KEY, user_id TEXT NOT NULL, threshold_ratio...
2026-09-17 01:04:17.729 | DEBUG    | tldw_Server_API.app.core.DB_Management.media_db.schema.features.core_media:apply_postgres_core_media_schema:419 - Applying Postgres base table DDL: CREATE TABLE IF NOT EXISTS claims_monitoring_alerts ( id BIGSERIAL PRIMARY KEY, user_id TEXT NOT NULL, name TEXT NOT NUL...
2026-09-17 01:04:17.730 | DEBUG    | tldw_Server_API.app.core.DB_Management.media_db.schema.features.core_media:apply_postgres_core_media_schema:419 - Applying Postgres base table DDL: CREATE TABLE IF NOT EXISTS claims_monitoring_config ( id BIGSERIAL PRIMARY KEY, user_id TEXT NOT NULL, threshold_ratio D...
2026-09-17 01:04:17.731 | DEBUG    | tldw_Server_API.app.core.DB_Management.media_db.schema.features.core_media:apply_postgres_core_media_schema:419 - Applying Postgres base table DDL: CREATE TABLE IF NOT EXISTS claims_monitoring_health ( id BIGSERIAL PRIMARY KEY, user_id TEXT NOT NULL, queue_size INTEGE...
2026-09-17 01:04:17.731 | DEBUG    | tldw_Server_API.app.core.DB_Management.media_db.schema.features.core_media:apply_postgres_core_media_schema:419 - Applying Postgres base table DDL: CREATE TABLE IF NOT EXISTS claims_analytics_exports ( export_id TEXT PRIMARY KEY, user_id TEXT NOT NULL, format TEXT NOT...
2026-09-17 01:04:17.732 | DEBUG    | tldw_Server_API.app.core.DB_Management.media_db.schema.features.core_media:apply_postgres_core_media_schema:419 - Applying Postgres base table DDL: CREATE TABLE IF NOT EXISTS claims_notifications ( id BIGSERIAL PRIMARY KEY, user_id TEXT NOT NULL, kind TEXT NOT NULL, t...
2026-09-17 01:04:17.733 | DEBUG    | tldw_Server_API.app.core.DB_Management.media_db.schema.features.core_media:apply_postgres_core_media_schema:419 - Applying Postgres base table DDL: CREATE TABLE IF NOT EXISTS claim_clusters ( id BIGSERIAL PRIMARY KEY, user_id TEXT NOT NULL, canonical_claim_text TEXT, ...
2026-09-17 01:04:17.734 | DEBUG    | tldw_Server_API.app.core.DB_Management.media_db.schema.features.core_media:apply_postgres_core_media_schema:419 - Applying Postgres base table DDL: CREATE TABLE IF NOT EXISTS claim_cluster_membership ( cluster_id INTEGER NOT NULL, claim_id INTEGER NOT NULL, similarity...
2026-09-17 01:04:17.734 | DEBUG    | tldw_Server_API.app.core.DB_Management.media_db.schema.features.core_media:apply_postgres_core_media_schema:419 - Applying Postgres base table DDL: CREATE TABLE IF NOT EXISTS claim_cluster_links ( parent_cluster_id INTEGER NOT NULL, child_cluster_id INTEGER NOT NULL, ...
2026-09-17 01:04:17.735 | DEBUG    | tldw_Server_API.app.core.DB_Management.media_db.schema.features.core_media:apply_postgres_core_media_schema:419 - Applying Postgres base table DDL: CREATE TABLE IF NOT EXISTS MediaFiles ( id BIGSERIAL PRIMARY KEY, media_id INTEGER NOT NULL, file_type TEXT NOT NULL DEF...
2026-09-17 01:04:17.736 | DEBUG    | tldw_Server_API.app.core.DB_Management.media_db.schema.features.core_media:apply_postgres_core_media_schema:419 - Applying Postgres base table DDL: CREATE TABLE IF NOT EXISTS tts_history ( id BIGSERIAL PRIMARY KEY, user_id TEXT NOT NULL, created_at TEXT NOT NULL, text...
2026-09-17 01:04:17.736 | DEBUG    | tldw_Server_API.app.core.DB_Management.media_db.schema.features.core_media:apply_postgres_core_media_schema:419 - Applying Postgres base table DDL: CREATE TABLE IF NOT EXISTS audio_presets ( id TEXT PRIMARY KEY, user_id TEXT NOT NULL, kind TEXT NOT NULL, name TEXT NOT...
2026-09-17 01:04:17.737 | DEBUG    | tldw_Server_API.app.core.DB_Management.media_db.schema.features.core_media:apply_postgres_core_media_schema:419 - Applying Postgres base table DDL: CREATE TABLE IF NOT EXISTS data_tables ( id BIGSERIAL PRIMARY KEY, uuid TEXT UNIQUE NOT NULL, name TEXT NOT NULL, descri...
2026-09-17 01:04:17.738 | DEBUG    | tldw_Server_API.app.core.DB_Management.media_db.schema.features.core_media:apply_postgres_core_media_schema:419 - Applying Postgres base table DDL: CREATE TABLE IF NOT EXISTS data_table_columns ( id BIGSERIAL PRIMARY KEY, table_id INTEGER NOT NULL, column_id TEXT NOT ...
2026-09-17 01:04:17.739 | DEBUG    | tldw_Server_API.app.core.DB_Management.media_db.schema.features.core_media:apply_postgres_core_media_schema:419 - Applying Postgres base table DDL: CREATE TABLE IF NOT EXISTS data_table_rows ( id BIGSERIAL PRIMARY KEY, table_id INTEGER NOT NULL, row_id TEXT NOT NULL, ...
2026-09-17 01:04:17.740 | DEBUG    | tldw_Server_API.app.core.DB_Management.media_db.schema.features.core_media:apply_postgres_core_media_schema:419 - Applying Postgres base table DDL: CREATE TABLE IF NOT EXISTS data_table_sources ( id BIGSERIAL PRIMARY KEY, table_id INTEGER NOT NULL, source_type TEXT NO...
2026-09-17 01:04:17.741 | DEBUG    | tldw_Server_API.app.core.DB_Management.media_db.schema.features.core_media:apply_postgres_core_media_schema:423 - Applying Postgres base initializer DDL: INSERT INTO schema_version (version) VALUES (0) ON CONFLICT DO NOTHING;...
2026-09-17 01:04:17.741 | DEBUG    | tldw_Server_API.app.core.DB_Management.media_db.schema.features.core_media:apply_postgres_core_media_schema:423 - Applying Postgres base initializer DDL: CREATE INDEX IF NOT EXISTS idx_claims_media_id ON Claims(media_id);...
2026-09-17 01:04:17.741 | DEBUG    | tldw_Server_API.app.core.DB_Management.media_db.schema.features.core_media:apply_postgres_core_media_schema:423 - Applying Postgres base initializer DDL: CREATE INDEX IF NOT EXISTS idx_claims_media_chunk ON Claims(media_id, chunk_index);...
2026-09-17 01:04:17.742 | DEBUG    | tldw_Server_API.app.core.DB_Management.media_db.schema.features.core_media:apply_postgres_core_media_schema:423 - Applying Postgres base initializer DDL: CREATE UNIQUE INDEX IF NOT EXISTS idx_claims_uuid ON Claims(uuid);...
2026-09-17 01:04:17.742 | DEBUG    | tldw_Server_API.app.core.DB_Management.media_db.schema.features.core_media:apply_postgres_core_media_schema:423 - Applying Postgres base initializer DDL: CREATE INDEX IF NOT EXISTS idx_claims_deleted ON Claims(deleted);...
2026-09-17 01:04:17.742 | DEBUG    | tldw_Server_API.app.core.DB_Management.media_db.schema.features.core_media:apply_postgres_core_media_schema:423 - Applying Postgres base initializer DDL: CREATE INDEX IF NOT EXISTS idx_claims_review_status ON Claims(review_status);...
2026-09-17 01:04:17.743 | DEBUG    | tldw_Server_API.app.core.DB_Management.media_db.schema.features.core_media:apply_postgres_core_media_schema:423 - Applying Postgres base initializer DDL: CREATE INDEX IF NOT EXISTS idx_claims_reviewer_id ON Claims(reviewer_id);...
2026-09-17 01:04:17.743 | DEBUG    | tldw_Server_API.app.core.DB_Management.media_db.schema.features.core_media:apply_postgres_core_media_schema:423 - Applying Postgres base initializer DDL: CREATE INDEX IF NOT EXISTS idx_claims_review_group ON Claims(review_group);...
2026-09-17 01:04:17.743 | DEBUG    | tldw_Server_API.app.core.DB_Management.media_db.schema.features.core_media:apply_postgres_core_media_schema:423 - Applying Postgres base initializer DDL: CREATE INDEX IF NOT EXISTS idx_claims_cluster_id ON Claims(claim_cluster_id);...
2026-09-17 01:04:17.743 | DEBUG    | tldw_Server_API.app.core.DB_Management.media_db.schema.features.core_media:apply_postgres_core_media_schema:423 - Applying Postgres base initializer DDL: CREATE INDEX IF NOT EXISTS idx_claims_review_log_claim ON claims_review_log(claim_id);...
2026-09-17 01:04:17.744 | DEBUG    | tldw_Server_API.app.core.DB_Management.media_db.schema.features.core_media:apply_postgres_core_media_schema:423 - Applying Postgres base initializer DDL: CREATE INDEX IF NOT EXISTS idx_claims_review_log_reviewer ON claims_review_log(reviewer_id);...
2026-09-17 01:04:17.744 | DEBUG    | tldw_Server_API.app.core.DB_Management.media_db.schema.features.core_media:apply_postgres_core_media_schema:423 - Applying Postgres base initializer DDL: CREATE INDEX IF NOT EXISTS idx_claims_review_log_created ON claims_review_log(created_at);...
2026-09-17 01:04:17.744 | DEBUG    | tldw_Server_API.app.core.DB_Management.media_db.schema.features.core_media:apply_postgres_core_media_schema:423 - Applying Postgres base initializer DDL: CREATE INDEX IF NOT EXISTS idx_claims_review_metrics_user ON claims_review_extractor_metrics_daily(user_id);...
2026-09-17 01:04:17.745 | DEBUG    | tldw_Server_API.app.core.DB_Management.media_db.schema.features.core_media:apply_postgres_core_media_schema:423 - Applying Postgres base initializer DDL: CREATE INDEX IF NOT EXISTS idx_claims_review_metrics_date ON claims_review_extractor_metrics_daily(report_date);...
2026-09-17 01:04:17.745 | DEBUG    | tldw_Server_API.app.core.DB_Management.media_db.schema.features.core_media:apply_postgres_core_media_schema:423 - Applying Postgres base initializer DDL: CREATE INDEX IF NOT EXISTS idx_claims_review_metrics_extractor ON claims_review_extractor_metrics_daily(extractor);...
2026-09-17 01:04:17.745 | DEBUG    | tldw_Server_API.app.core.DB_Management.media_db.schema.features.core_media:apply_postgres_core_media_schema:423 - Applying Postgres base initializer DDL: CREATE INDEX IF NOT EXISTS idx_claims_review_rules_user ON claims_review_rules(user_id);...
2026-09-17 01:04:17.745 | DEBUG    | tldw_Server_API.app.core.DB_Management.media_db.schema.features.core_media:apply_postgres_core_media_schema:423 - Applying Postgres base initializer DDL: CREATE INDEX IF NOT EXISTS idx_claims_review_rules_active ON claims_review_rules(active);...
2026-09-17 01:04:17.746 | DEBUG    | tldw_Server_API.app.core.DB_Management.media_db.schema.features.core_media:apply_postgres_core_media_schema:423 - Applying Postgres base initializer DDL: CREATE INDEX IF NOT EXISTS idx_claims_monitoring_events_user ON claims_monitoring_events(user_id);...
2026-09-17 01:04:17.746 | DEBUG    | tldw_Server_API.app.core.DB_Management.media_db.schema.features.core_media:apply_postgres_core_media_schema:423 - Applying Postgres base initializer DDL: CREATE INDEX IF NOT EXISTS idx_claims_monitoring_events_user_created_id ON claims_monitoring_events(user_id, created_at,...
2026-09-17 01:04:17.746 | DEBUG    | tldw_Server_API.app.core.DB_Management.media_db.schema.features.core_media:apply_postgres_core_media_schema:423 - Applying Postgres base initializer DDL: CREATE INDEX IF NOT EXISTS idx_claims_monitoring_events_user_id ON claims_monitoring_events(user_id, id);...
2026-09-17 01:04:17.746 | DEBUG    | tldw_Server_API.app.core.DB_Management.media_db.schema.features.core_media:apply_postgres_core_media_schema:423 - Applying Postgres base initializer DDL: CREATE INDEX IF NOT EXISTS idx_claims_monitoring_events_type ON claims_monitoring_events(event_type);...
2026-09-17 01:04:17.747 | DEBUG    | tldw_Server_API.app.core.DB_Management.media_db.schema.features.core_media:apply_postgres_core_media_schema:423 - Applying Postgres base initializer DDL: CREATE INDEX IF NOT EXISTS idx_claims_monitoring_events_delivered ON claims_monitoring_events(delivered_at);...
2026-09-17 01:04:17.747 | DEBUG    | tldw_Server_API.app.core.DB_Management.media_db.schema.features.core_media:apply_postgres_core_media_schema:423 - Applying Postgres base initializer DDL: CREATE UNIQUE INDEX IF NOT EXISTS idx_claims_monitoring_settings_user ON claims_monitoring_settings(user_id);...
2026-09-17 01:04:17.747 | DEBUG    | tldw_Server_API.app.core.DB_Management.media_db.schema.features.core_media:apply_postgres_core_media_schema:423 - Applying Postgres base initializer DDL: CREATE INDEX IF NOT EXISTS idx_claims_monitoring_alerts_user ON claims_monitoring_alerts(user_id);...
2026-09-17 01:04:17.748 | DEBUG    | tldw_Server_API.app.core.DB_Management.media_db.schema.features.core_media:apply_postgres_core_media_schema:423 - Applying Postgres base initializer DDL: CREATE INDEX IF NOT EXISTS idx_claims_monitoring_user ON claims_monitoring_config(user_id);...
2026-09-17 01:04:17.748 | DEBUG    | tldw_Server_API.app.core.DB_Management.media_db.schema.features.core_media:apply_postgres_core_media_schema:423 - Applying Postgres base initializer DDL: CREATE UNIQUE INDEX IF NOT EXISTS idx_claims_monitoring_health_user ON claims_monitoring_health(user_id);...
2026-09-17 01:04:17.748 | DEBUG    | tldw_Server_API.app.core.DB_Management.media_db.schema.features.core_media:apply_postgres_core_media_schema:423 - Applying Postgres base initializer DDL: CREATE INDEX IF NOT EXISTS idx_claims_analytics_exports_user ON claims_analytics_exports(user_id);...
2026-09-17 01:04:17.749 | DEBUG    | tldw_Server_API.app.core.DB_Management.media_db.schema.features.core_media:apply_postgres_core_media_schema:423 - Applying Postgres base initializer DDL: CREATE INDEX IF NOT EXISTS idx_claims_analytics_exports_job_id ON claims_analytics_exports(job_id);...
2026-09-17 01:04:17.749 | DEBUG    | tldw_Server_API.app.core.DB_Management.media_db.schema.features.core_media:apply_postgres_core_media_schema:423 - Applying Postgres base initializer DDL: CREATE INDEX IF NOT EXISTS idx_claims_analytics_exports_user_status_export_id ON claims_analytics_exports(user_id, statu...
2026-09-17 01:04:17.749 | DEBUG    | tldw_Server_API.app.core.DB_Management.media_db.schema.features.core_media:apply_postgres_core_media_schema:423 - Applying Postgres base initializer DDL: CREATE INDEX IF NOT EXISTS idx_claims_analytics_exports_user_status_updated_export_id ON claims_analytics_exports(user_i...
2026-09-17 01:04:17.750 | DEBUG    | tldw_Server_API.app.core.DB_Management.media_db.schema.features.core_media:apply_postgres_core_media_schema:423 - Applying Postgres base initializer DDL: CREATE INDEX IF NOT EXISTS idx_claims_notifications_user ON claims_notifications(user_id);...
2026-09-17 01:04:17.750 | DEBUG    | tldw_Server_API.app.core.DB_Management.media_db.schema.features.core_media:apply_postgres_core_media_schema:423 - Applying Postgres base initializer DDL: CREATE INDEX IF NOT EXISTS idx_claims_notifications_kind ON claims_notifications(kind);...
2026-09-17 01:04:17.750 | DEBUG    | tldw_Server_API.app.core.DB_Management.media_db.schema.features.core_media:apply_postgres_core_media_schema:423 - Applying Postgres base initializer DDL: CREATE INDEX IF NOT EXISTS idx_claims_notifications_target_user ON claims_notifications(target_user_id);...
2026-09-17 01:04:17.750 | DEBUG    | tldw_Server_API.app.core.DB_Management.media_db.schema.features.core_media:apply_postgres_core_media_schema:423 - Applying Postgres base initializer DDL: CREATE INDEX IF NOT EXISTS idx_claims_notifications_review_group ON claims_notifications(target_review_group);...
2026-09-17 01:04:17.751 | DEBUG    | tldw_Server_API.app.core.DB_Management.media_db.schema.features.core_media:apply_postgres_core_media_schema:423 - Applying Postgres base initializer DDL: CREATE INDEX IF NOT EXISTS idx_claims_notifications_resource ON claims_notifications(resource_type, resource_id);...
2026-09-17 01:04:17.751 | DEBUG    | tldw_Server_API.app.core.DB_Management.media_db.schema.features.core_media:apply_postgres_core_media_schema:423 - Applying Postgres base initializer DDL: CREATE INDEX IF NOT EXISTS idx_claims_notifications_delivered ON claims_notifications(delivered_at);...
2026-09-17 01:04:17.751 | DEBUG    | tldw_Server_API.app.core.DB_Management.media_db.schema.features.core_media:apply_postgres_core_media_schema:423 - Applying Postgres base initializer DDL: CREATE INDEX IF NOT EXISTS idx_claim_clusters_user ON claim_clusters(user_id);...
2026-09-17 01:04:17.752 | DEBUG    | tldw_Server_API.app.core.DB_Management.media_db.schema.features.core_media:apply_postgres_core_media_schema:423 - Applying Postgres base initializer DDL: CREATE INDEX IF NOT EXISTS idx_claim_clusters_updated ON claim_clusters(updated_at);...
2026-09-17 01:04:17.752 | DEBUG    | tldw_Server_API.app.core.DB_Management.media_db.schema.features.core_media:apply_postgres_core_media_schema:423 - Applying Postgres base initializer DDL: CREATE INDEX IF NOT EXISTS idx_claim_cluster_membership_claim ON claim_cluster_membership(claim_id);...
2026-09-17 01:04:17.752 | DEBUG    | tldw_Server_API.app.core.DB_Management.media_db.schema.features.core_media:apply_postgres_core_media_schema:423 - Applying Postgres base initializer DDL: CREATE INDEX IF NOT EXISTS idx_media_files_media_id ON MediaFiles(media_id);...
2026-09-17 01:04:17.753 | DEBUG    | tldw_Server_API.app.core.DB_Management.media_db.schema.features.core_media:apply_postgres_core_media_schema:423 - Applying Postgres base initializer DDL: CREATE INDEX IF NOT EXISTS idx_media_files_type ON MediaFiles(file_type);...
2026-09-17 01:04:17.753 | DEBUG    | tldw_Server_API.app.core.DB_Management.media_db.schema.features.core_media:apply_postgres_core_media_schema:423 - Applying Postgres base initializer DDL: CREATE UNIQUE INDEX IF NOT EXISTS idx_media_files_uuid ON MediaFiles(uuid);...
2026-09-17 01:04:17.753 | DEBUG    | tldw_Server_API.app.core.DB_Management.media_db.schema.features.core_media:apply_postgres_core_media_schema:423 - Applying Postgres base initializer DDL: CREATE INDEX IF NOT EXISTS idx_media_files_deleted ON MediaFiles(deleted);...
2026-09-17 01:04:17.753 | DEBUG    | tldw_Server_API.app.core.DB_Management.media_db.schema.features.core_media:apply_postgres_core_media_schema:423 - Applying Postgres base initializer DDL: CREATE INDEX IF NOT EXISTS idx_tts_history_user_created ON tts_history(user_id, created_at DESC);...
2026-09-17 01:04:17.754 | DEBUG    | tldw_Server_API.app.core.DB_Management.media_db.schema.features.core_media:apply_postgres_core_media_schema:423 - Applying Postgres base initializer DDL: CREATE INDEX IF NOT EXISTS idx_tts_history_user_favorite ON tts_history(user_id, favorite);...
2026-09-17 01:04:17.754 | DEBUG    | tldw_Server_API.app.core.DB_Management.media_db.schema.features.core_media:apply_postgres_core_media_schema:423 - Applying Postgres base initializer DDL: CREATE INDEX IF NOT EXISTS idx_tts_history_user_provider ON tts_history(user_id, provider);...
2026-09-17 01:04:17.754 | DEBUG    | tldw_Server_API.app.core.DB_Management.media_db.schema.features.core_media:apply_postgres_core_media_schema:423 - Applying Postgres base initializer DDL: CREATE INDEX IF NOT EXISTS idx_tts_history_user_model ON tts_history(user_id, model);...
2026-09-17 01:04:17.755 | DEBUG    | tldw_Server_API.app.core.DB_Management.media_db.schema.features.core_media:apply_postgres_core_media_schema:423 - Applying Postgres base initializer DDL: CREATE INDEX IF NOT EXISTS idx_tts_history_user_voice_id ON tts_history(user_id, voice_id);...
2026-09-17 01:04:17.755 | DEBUG    | tldw_Server_API.app.core.DB_Management.media_db.schema.features.core_media:apply_postgres_core_media_schema:423 - Applying Postgres base initializer DDL: CREATE INDEX IF NOT EXISTS idx_tts_history_user_text_hash ON tts_history(user_id, text_hash);...
2026-09-17 01:04:17.755 | DEBUG    | tldw_Server_API.app.core.DB_Management.media_db.schema.features.core_media:apply_postgres_core_media_schema:423 - Applying Postgres base initializer DDL: CREATE INDEX IF NOT EXISTS idx_audio_presets_user_kind_updated ON audio_presets(user_id, kind, deleted, updated_at DESC)...
2026-09-17 01:04:17.755 | DEBUG    | tldw_Server_API.app.core.DB_Management.media_db.schema.features.core_media:apply_postgres_core_media_schema:423 - Applying Postgres base initializer DDL: CREATE INDEX IF NOT EXISTS idx_audio_presets_user_kind_favorite ON audio_presets(user_id, kind, favorite, deleted);...
2026-09-17 01:04:17.756 | DEBUG    | tldw_Server_API.app.core.DB_Management.media_db.schema.features.core_media:apply_postgres_core_media_schema:423 - Applying Postgres base initializer DDL: CREATE INDEX IF NOT EXISTS idx_audio_presets_user_kind_default ON audio_presets(user_id, kind, is_default, deleted);...
2026-09-17 01:04:17.756 | DEBUG    | tldw_Server_API.app.core.DB_Management.media_db.schema.features.core_media:apply_postgres_core_media_schema:423 - Applying Postgres base initializer DDL: CREATE UNIQUE INDEX IF NOT EXISTS ux_audio_presets_user_kind_name_active ON audio_presets(user_id, kind, LOWER(name)) WH...
2026-09-17 01:04:17.757 | DEBUG    | tldw_Server_API.app.core.DB_Management.media_db.schema.features.core_media:apply_postgres_core_media_schema:423 - Applying Postgres base initializer DDL: CREATE UNIQUE INDEX IF NOT EXISTS ux_audio_presets_user_kind_default_active ON audio_presets(user_id, kind) WHERE is_def...
2026-09-17 01:04:17.757 | DEBUG    | tldw_Server_API.app.core.DB_Management.media_db.schema.features.core_media:apply_postgres_core_media_schema:423 - Applying Postgres base initializer DDL: CREATE INDEX IF NOT EXISTS idx_data_tables_status ON data_tables(status);...
2026-09-17 01:04:17.757 | DEBUG    | tldw_Server_API.app.core.DB_Management.media_db.schema.features.core_media:apply_postgres_core_media_schema:423 - Applying Postgres base initializer DDL: CREATE INDEX IF NOT EXISTS idx_data_tables_updated ON data_tables(updated_at DESC);...
2026-09-17 01:04:17.758 | DEBUG    | tldw_Server_API.app.core.DB_Management.media_db.schema.features.core_media:apply_postgres_core_media_schema:423 - Applying Postgres base initializer DDL: CREATE INDEX IF NOT EXISTS idx_data_tables_deleted ON data_tables(deleted);...
2026-09-17 01:04:17.758 | DEBUG    | tldw_Server_API.app.core.DB_Management.media_db.schema.features.core_media:apply_postgres_core_media_schema:423 - Applying Postgres base initializer DDL: CREATE INDEX IF NOT EXISTS idx_data_tables_workspace_tag ON data_tables(workspace_tag);...
2026-09-17 01:04:17.758 | DEBUG    | tldw_Server_API.app.core.DB_Management.media_db.schema.features.core_media:apply_postgres_core_media_schema:423 - Applying Postgres base initializer DDL: CREATE UNIQUE INDEX IF NOT EXISTS ux_data_table_columns_table_column ON data_table_columns(table_id, column_id);...
2026-09-17 01:04:17.758 | DEBUG    | tldw_Server_API.app.core.DB_Management.media_db.schema.features.core_media:apply_postgres_core_media_schema:423 - Applying Postgres base initializer DDL: CREATE INDEX IF NOT EXISTS idx_data_table_columns_table_position ON data_table_columns(table_id, position);...
2026-09-17 01:04:17.759 | DEBUG    | tldw_Server_API.app.core.DB_Management.media_db.schema.features.core_media:apply_postgres_core_media_schema:423 - Applying Postgres base initializer DDL: CREATE UNIQUE INDEX IF NOT EXISTS ux_data_table_columns_table_position_active ON data_table_columns(table_id, position, ...
2026-09-17 01:04:17.759 | DEBUG    | tldw_Server_API.app.core.DB_Management.media_db.schema.features.core_media:apply_postgres_core_media_schema:423 - Applying Postgres base initializer DDL: CREATE UNIQUE INDEX IF NOT EXISTS ux_data_table_rows_table_row ON data_table_rows(table_id, row_id);...
2026-09-17 01:04:17.759 | DEBUG    | tldw_Server_API.app.core.DB_Management.media_db.schema.features.core_media:apply_postgres_core_media_schema:423 - Applying Postgres base initializer DDL: CREATE INDEX IF NOT EXISTS idx_data_table_rows_table_index ON data_table_rows(table_id, row_index);...
2026-09-17 01:04:17.760 | DEBUG    | tldw_Server_API.app.core.DB_Management.media_db.schema.features.core_media:apply_postgres_core_media_schema:423 - Applying Postgres base initializer DDL: CREATE UNIQUE INDEX IF NOT EXISTS ux_data_table_rows_table_index_active ON data_table_rows(table_id, row_index, deleted)...
2026-09-17 01:04:17.760 | DEBUG    | tldw_Server_API.app.core.DB_Management.media_db.schema.features.core_media:apply_postgres_core_media_schema:423 - Applying Postgres base initializer DDL: CREATE INDEX IF NOT EXISTS idx_data_table_sources_table ON data_table_sources(table_id);...
2026-09-17 01:04:17.769 | DEBUG    | tldw_Server_API.app.core.DB_Management.media_db.schema.features.core_media:apply_postgres_core_media_schema:438 - Applying Postgres index DDL: CREATE INDEX IF NOT EXISTS idx_media_title ON Media(title);...
2026-09-17 01:04:17.769 | DEBUG    | tldw_Server_API.app.core.DB_Management.media_db.schema.features.core_media:apply_postgres_core_media_schema:438 - Applying Postgres index DDL: CREATE INDEX IF NOT EXISTS idx_media_type ON Media(type);...
2026-09-17 01:04:17.770 | DEBUG    | tldw_Server_API.app.core.DB_Management.media_db.schema.features.core_media:apply_postgres_core_media_schema:438 - Applying Postgres index DDL: CREATE INDEX IF NOT EXISTS idx_media_author ON Media(author);...
2026-09-17 01:04:17.770 | DEBUG    | tldw_Server_API.app.core.DB_Management.media_db.schema.features.core_media:apply_postgres_core_media_schema:438 - Applying Postgres index DDL: CREATE INDEX IF NOT EXISTS idx_media_ingestion_date ON Media(ingestion_date);...
2026-09-17 01:04:17.770 | DEBUG    | tldw_Server_API.app.core.DB_Management.media_db.schema.features.core_media:apply_postgres_core_media_schema:438 - Applying Postgres index DDL: CREATE INDEX IF NOT EXISTS idx_media_chunking_status ON Media(chunking_status);...
2026-09-17 01:04:17.770 | DEBUG    | tldw_Server_API.app.core.DB_Management.media_db.schema.features.core_media:apply_postgres_core_media_schema:438 - Applying Postgres index DDL: CREATE INDEX IF NOT EXISTS idx_media_vector_processing ON Media(vector_processing);...
2026-09-17 01:04:17.771 | DEBUG    | tldw_Server_API.app.core.DB_Management.media_db.schema.features.core_media:apply_postgres_core_media_schema:438 - Applying Postgres index DDL: CREATE INDEX IF NOT EXISTS idx_media_is_trash ON Media(is_trash);...
2026-09-17 01:04:17.771 | DEBUG    | tldw_Server_API.app.core.DB_Management.media_db.schema.features.core_media:apply_postgres_core_media_schema:438 - Applying Postgres index DDL: CREATE INDEX IF NOT EXISTS idx_media_content_hash ON Media(content_hash);...
2026-09-17 01:04:17.771 | DEBUG    | tldw_Server_API.app.core.DB_Management.media_db.schema.features.core_media:apply_postgres_core_media_schema:438 - Applying Postgres index DDL: CREATE INDEX IF NOT EXISTS idx_media_source_hash ON Media(source_hash);...
2026-09-17 01:04:17.772 | DEBUG    | tldw_Server_API.app.core.DB_Management.media_db.schema.features.core_media:apply_postgres_core_media_schema:438 - Applying Postgres index DDL: CREATE UNIQUE INDEX IF NOT EXISTS idx_media_uuid ON Media(uuid);...
2026-09-17 01:04:17.772 | DEBUG    | tldw_Server_API.app.core.DB_Management.media_db.schema.features.core_media:apply_postgres_core_media_schema:438 - Applying Postgres index DDL: CREATE INDEX IF NOT EXISTS idx_media_last_modified ON Media(last_modified);...
2026-09-17 01:04:17.772 | DEBUG    | tldw_Server_API.app.core.DB_Management.media_db.schema.features.core_media:apply_postgres_core_media_schema:438 - Applying Postgres index DDL: CREATE INDEX IF NOT EXISTS idx_media_deleted ON Media(deleted);...
2026-09-17 01:04:17.773 | DEBUG    | tldw_Server_API.app.core.DB_Management.media_db.schema.features.core_media:apply_postgres_core_media_schema:438 - Applying Postgres index DDL: CREATE INDEX IF NOT EXISTS idx_media_prev_version ON Media(prev_version);...
2026-09-17 01:04:17.773 | DEBUG    | tldw_Server_API.app.core.DB_Management.media_db.schema.features.core_media:apply_postgres_core_media_schema:438 - Applying Postgres index DDL: CREATE INDEX IF NOT EXISTS idx_media_merge_parent_uuid ON Media(merge_parent_uuid);...
2026-09-17 01:04:17.773 | DEBUG    | tldw_Server_API.app.core.DB_Management.media_db.schema.features.core_media:apply_postgres_core_media_schema:438 - Applying Postgres index DDL: CREATE INDEX IF NOT EXISTS idx_media_org_id ON Media(org_id);...
2026-09-17 01:04:17.774 | DEBUG    | tldw_Server_API.app.core.DB_Management.media_db.schema.features.core_media:apply_postgres_core_media_schema:438 - Applying Postgres index DDL: CREATE INDEX IF NOT EXISTS idx_media_team_id ON Media(team_id);...
2026-09-17 01:04:17.774 | DEBUG    | tldw_Server_API.app.core.DB_Management.media_db.schema.features.core_media:apply_postgres_core_media_schema:438 - Applying Postgres index DDL: CREATE INDEX IF NOT EXISTS idx_media_visibility ON Media(visibility);...
2026-09-17 01:04:17.774 | DEBUG    | tldw_Server_API.app.core.DB_Management.media_db.schema.features.core_media:apply_postgres_core_media_schema:438 - Applying Postgres index DDL: CREATE INDEX IF NOT EXISTS idx_media_owner_user_id ON Media(owner_user_id);...
2026-09-17 01:04:17.774 | DEBUG    | tldw_Server_API.app.core.DB_Management.media_db.schema.features.core_media:apply_postgres_core_media_schema:438 - Applying Postgres index DDL: CREATE INDEX IF NOT EXISTS idx_media_latest_transcription_run_id ON Media(latest_transcription_run_id);...
2026-09-17 01:04:17.775 | DEBUG    | tldw_Server_API.app.core.DB_Management.media_db.schema.features.core_media:apply_postgres_core_media_schema:438 - Applying Postgres index DDL: CREATE INDEX IF NOT EXISTS idx_media_next_transcription_run_id ON Media(next_transcription_run_id);...
2026-09-17 01:04:17.775 | DEBUG    | tldw_Server_API.app.core.DB_Management.media_db.schema.features.core_media:apply_postgres_core_media_schema:438 - Applying Postgres index DDL: CREATE UNIQUE INDEX IF NOT EXISTS ux_media_system_operation_source ON Media(system_operation_kind, system_operation_id, ...
2026-09-17 01:04:17.775 | DEBUG    | tldw_Server_API.app.core.DB_Management.media_db.schema.features.core_media:apply_postgres_core_media_schema:438 - Applying Postgres index DDL: CREATE UNIQUE INDEX IF NOT EXISTS idx_keywords_uuid ON Keywords(uuid);...
2026-09-17 01:04:17.776 | DEBUG    | tldw_Server_API.app.core.DB_Management.media_db.schema.features.core_media:apply_postgres_core_media_schema:438 - Applying Postgres index DDL: CREATE INDEX IF NOT EXISTS idx_keywords_last_modified ON Keywords(last_modified);...
2026-09-17 01:04:17.776 | DEBUG    | tldw_Server_API.app.core.DB_Management.media_db.schema.features.core_media:apply_postgres_core_media_schema:438 - Applying Postgres index DDL: CREATE INDEX IF NOT EXISTS idx_keywords_deleted ON Keywords(deleted);...
2026-09-17 01:04:17.776 | DEBUG    | tldw_Server_API.app.core.DB_Management.media_db.schema.features.core_media:apply_postgres_core_media_schema:438 - Applying Postgres index DDL: CREATE INDEX IF NOT EXISTS idx_keywords_prev_version ON Keywords(prev_version);...
2026-09-17 01:04:17.776 | DEBUG    | tldw_Server_API.app.core.DB_Management.media_db.schema.features.core_media:apply_postgres_core_media_schema:438 - Applying Postgres index DDL: CREATE INDEX IF NOT EXISTS idx_keywords_merge_parent_uuid ON Keywords(merge_parent_uuid);...
2026-09-17 01:04:17.777 | DEBUG    | tldw_Server_API.app.core.DB_Management.media_db.schema.features.core_media:apply_postgres_core_media_schema:438 - Applying Postgres index DDL: CREATE INDEX IF NOT EXISTS idx_mediakeywords_media_id ON MediaKeywords(media_id);...
2026-09-17 01:04:17.777 | DEBUG    | tldw_Server_API.app.core.DB_Management.media_db.schema.features.core_media:apply_postgres_core_media_schema:438 - Applying Postgres index DDL: CREATE INDEX IF NOT EXISTS idx_mediakeywords_keyword_id ON MediaKeywords(keyword_id);...
2026-09-17 01:04:17.777 | DEBUG    | tldw_Server_API.app.core.DB_Management.media_db.schema.features.core_media:apply_postgres_core_media_schema:438 - Applying Postgres index DDL: CREATE INDEX IF NOT EXISTS idx_owned_clone_keywords_keyword ON OperationOwnedCloneKeywords(keyword);...
2026-09-17 01:04:17.777 | DEBUG    | tldw_Server_API.app.core.DB_Management.media_db.schema.features.core_media:apply_postgres_core_media_schema:438 - Applying Postgres index DDL: CREATE INDEX IF NOT EXISTS idx_owned_clone_keywords_operation ON OperationOwnedCloneKeywords(operation_id, source_identi...
2026-09-17 01:04:17.778 | DEBUG    | tldw_Server_API.app.core.DB_Management.media_db.schema.features.core_media:apply_postgres_core_media_schema:438 - Applying Postgres index DDL: CREATE INDEX IF NOT EXISTS idx_transcripts_media_id ON Transcripts(media_id);...
2026-09-17 01:04:17.778 | DEBUG    | tldw_Server_API.app.core.DB_Management.media_db.schema.features.core_media:apply_postgres_core_media_schema:438 - Applying Postgres index DDL: CREATE UNIQUE INDEX IF NOT EXISTS idx_transcripts_uuid ON Transcripts(uuid);...
2026-09-17 01:04:17.778 | DEBUG    | tldw_Server_API.app.core.DB_Management.media_db.schema.features.core_media:apply_postgres_core_media_schema:438 - Applying Postgres index DDL: CREATE INDEX IF NOT EXISTS idx_transcripts_last_modified ON Transcripts(last_modified);...
2026-09-17 01:04:17.778 | DEBUG    | tldw_Server_API.app.core.DB_Management.media_db.schema.features.core_media:apply_postgres_core_media_schema:438 - Applying Postgres index DDL: CREATE INDEX IF NOT EXISTS idx_transcripts_deleted ON Transcripts(deleted);...
2026-09-17 01:04:17.779 | DEBUG    | tldw_Server_API.app.core.DB_Management.media_db.schema.features.core_media:apply_postgres_core_media_schema:438 - Applying Postgres index DDL: CREATE INDEX IF NOT EXISTS idx_transcripts_prev_version ON Transcripts(prev_version);...
2026-09-17 01:04:17.779 | DEBUG    | tldw_Server_API.app.core.DB_Management.media_db.schema.features.core_media:apply_postgres_core_media_schema:438 - Applying Postgres index DDL: CREATE INDEX IF NOT EXISTS idx_transcripts_merge_parent_uuid ON Transcripts(merge_parent_uuid);...
2026-09-17 01:04:17.779 | DEBUG    | tldw_Server_API.app.core.DB_Management.media_db.schema.features.core_media:apply_postgres_core_media_schema:438 - Applying Postgres index DDL: CREATE UNIQUE INDEX IF NOT EXISTS idx_transcripts_media_run_id ON Transcripts(media_id, transcription_run_id DESC) WHERE...
2026-09-17 01:04:17.779 | DEBUG    | tldw_Server_API.app.core.DB_Management.media_db.schema.features.core_media:apply_postgres_core_media_schema:438 - Applying Postgres index DDL: CREATE INDEX IF NOT EXISTS idx_transcripts_supersedes_run_id ON Transcripts(supersedes_run_id);...
2026-09-17 01:04:17.780 | DEBUG    | tldw_Server_API.app.core.DB_Management.media_db.schema.features.core_media:apply_postgres_core_media_schema:438 - Applying Postgres index DDL: CREATE UNIQUE INDEX IF NOT EXISTS idx_transcripts_media_idempotency_key ON Transcripts(media_id, idempotency_key) WHERE ...
2026-09-17 01:04:17.780 | DEBUG    | tldw_Server_API.app.core.DB_Management.media_db.schema.features.core_media:apply_postgres_core_media_schema:438 - Applying Postgres index DDL: CREATE INDEX IF NOT EXISTS idx_mediachunks_media_id ON MediaChunks(media_id);...
2026-09-17 01:04:17.780 | DEBUG    | tldw_Server_API.app.core.DB_Management.media_db.schema.features.core_media:apply_postgres_core_media_schema:438 - Applying Postgres index DDL: CREATE UNIQUE INDEX IF NOT EXISTS idx_mediachunks_uuid ON MediaChunks(uuid);...
2026-09-17 01:04:17.780 | DEBUG    | tldw_Server_API.app.core.DB_Management.media_db.schema.features.core_media:apply_postgres_core_media_schema:438 - Applying Postgres index DDL: CREATE INDEX IF NOT EXISTS idx_mediachunks_last_modified ON MediaChunks(last_modified);...
2026-09-17 01:04:17.781 | DEBUG    | tldw_Server_API.app.core.DB_Management.media_db.schema.features.core_media:apply_postgres_core_media_schema:438 - Applying Postgres index DDL: CREATE INDEX IF NOT EXISTS idx_mediachunks_deleted ON MediaChunks(deleted);...
2026-09-17 01:04:17.781 | DEBUG    | tldw_Server_API.app.core.DB_Management.media_db.schema.features.core_media:apply_postgres_core_media_schema:438 - Applying Postgres index DDL: CREATE INDEX IF NOT EXISTS idx_mediachunks_prev_version ON MediaChunks(prev_version);...
2026-09-17 01:04:17.781 | DEBUG    | tldw_Server_API.app.core.DB_Management.media_db.schema.features.core_media:apply_postgres_core_media_schema:438 - Applying Postgres index DDL: CREATE INDEX IF NOT EXISTS idx_mediachunks_merge_parent_uuid ON MediaChunks(merge_parent_uuid);...
2026-09-17 01:04:17.781 | DEBUG    | tldw_Server_API.app.core.DB_Management.media_db.schema.features.core_media:apply_postgres_core_media_schema:438 - Applying Postgres index DDL: CREATE INDEX IF NOT EXISTS idx_unvectorized_media_chunks_media_id ON UnvectorizedMediaChunks(media_id);...
2026-09-17 01:04:17.782 | DEBUG    | tldw_Server_API.app.core.DB_Management.media_db.schema.features.core_media:apply_postgres_core_media_schema:438 - Applying Postgres index DDL: CREATE INDEX IF NOT EXISTS idx_unvectorized_media_chunks_is_processed ON UnvectorizedMediaChunks(is_processed);...
2026-09-17 01:04:17.782 | DEBUG    | tldw_Server_API.app.core.DB_Management.media_db.schema.features.core_media:apply_postgres_core_media_schema:438 - Applying Postgres index DDL: CREATE INDEX IF NOT EXISTS idx_unvectorized_media_chunks_chunk_type ON UnvectorizedMediaChunks(chunk_type);...
2026-09-17 01:04:17.782 | DEBUG    | tldw_Server_API.app.core.DB_Management.media_db.schema.features.core_media:apply_postgres_core_media_schema:438 - Applying Postgres index DDL: CREATE UNIQUE INDEX IF NOT EXISTS idx_unvectorizedmediachunks_uuid ON UnvectorizedMediaChunks(uuid);...
2026-09-17 01:04:17.783 | DEBUG    | tldw_Server_API.app.core.DB_Management.media_db.schema.features.core_media:apply_postgres_core_media_schema:438 - Applying Postgres index DDL: CREATE INDEX IF NOT EXISTS idx_unvectorizedmediachunks_last_modified ON UnvectorizedMediaChunks(last_modified);...
2026-09-17 01:04:17.783 | DEBUG    | tldw_Server_API.app.core.DB_Management.media_db.schema.features.core_media:apply_postgres_core_media_schema:438 - Applying Postgres index DDL: CREATE INDEX IF NOT EXISTS idx_unvectorizedmediachunks_deleted ON UnvectorizedMediaChunks(deleted);...
2026-09-17 01:04:17.783 | DEBUG    | tldw_Server_API.app.core.DB_Management.media_db.schema.features.core_media:apply_postgres_core_media_schema:438 - Applying Postgres index DDL: CREATE INDEX IF NOT EXISTS idx_unvectorizedmediachunks_prev_version ON UnvectorizedMediaChunks(prev_version);...
2026-09-17 01:04:17.783 | DEBUG    | tldw_Server_API.app.core.DB_Management.media_db.schema.features.core_media:apply_postgres_core_media_schema:438 - Applying Postgres index DDL: CREATE INDEX IF NOT EXISTS idx_unvectorizedmediachunks_merge_parent_uuid ON UnvectorizedMediaChunks(merge_parent_uuid);...
2026-09-17 01:04:17.784 | DEBUG    | tldw_Server_API.app.core.DB_Management.media_db.schema.features.core_media:apply_postgres_core_media_schema:438 - Applying Postgres index DDL: CREATE INDEX IF NOT EXISTS idx_visualdocs_media_id ON VisualDocuments(media_id);...
2026-09-17 01:04:17.784 | DEBUG    | tldw_Server_API.app.core.DB_Management.media_db.schema.features.core_media:apply_postgres_core_media_schema:438 - Applying Postgres index DDL: CREATE UNIQUE INDEX IF NOT EXISTS idx_visualdocs_uuid ON VisualDocuments(uuid);...
2026-09-17 01:04:17.784 | DEBUG    | tldw_Server_API.app.core.DB_Management.media_db.schema.features.core_media:apply_postgres_core_media_schema:438 - Applying Postgres index DDL: CREATE INDEX IF NOT EXISTS idx_visualdocs_last_modified ON VisualDocuments(last_modified);...
2026-09-17 01:04:17.784 | DEBUG    | tldw_Server_API.app.core.DB_Management.media_db.schema.features.core_media:apply_postgres_core_media_schema:438 - Applying Postgres index DDL: CREATE INDEX IF NOT EXISTS idx_visualdocs_deleted ON VisualDocuments(deleted);...
2026-09-17 01:04:17.785 | DEBUG    | tldw_Server_API.app.core.DB_Management.media_db.schema.features.core_media:apply_postgres_core_media_schema:438 - Applying Postgres index DDL: CREATE INDEX IF NOT EXISTS idx_visualdocs_prev_version ON VisualDocuments(prev_version);...
2026-09-17 01:04:17.785 | DEBUG    | tldw_Server_API.app.core.DB_Management.media_db.schema.features.core_media:apply_postgres_core_media_schema:438 - Applying Postgres index DDL: CREATE INDEX IF NOT EXISTS idx_visualdocs_merge_parent_uuid ON VisualDocuments(merge_parent_uuid);...
2026-09-17 01:04:17.785 | DEBUG    | tldw_Server_API.app.core.DB_Management.media_db.schema.features.core_media:apply_postgres_core_media_schema:438 - Applying Postgres index DDL: CREATE INDEX IF NOT EXISTS idx_visualdocs_page_frame ON VisualDocuments(media_id, page_number, frame_index);...
2026-09-17 01:04:17.785 | DEBUG    | tldw_Server_API.app.core.DB_Management.media_db.schema.features.core_media:apply_postgres_core_media_schema:438 - Applying Postgres index DDL: CREATE INDEX IF NOT EXISTS idx_visualdocs_caption ON VisualDocuments(caption);...
2026-09-17 01:04:17.786 | DEBUG    | tldw_Server_API.app.core.DB_Management.media_db.schema.features.core_media:apply_postgres_core_media_schema:438 - Applying Postgres index DDL: CREATE INDEX IF NOT EXISTS idx_visualdocs_tags ON VisualDocuments(tags);...
2026-09-17 01:04:17.786 | DEBUG    | tldw_Server_API.app.core.DB_Management.media_db.schema.features.core_media:apply_postgres_core_media_schema:438 - Applying Postgres index DDL: CREATE INDEX IF NOT EXISTS idx_document_versions_media_id ON DocumentVersions(media_id);...
2026-09-17 01:04:17.786 | DEBUG    | tldw_Server_API.app.core.DB_Management.media_db.schema.features.core_media:apply_postgres_core_media_schema:438 - Applying Postgres index DDL: CREATE INDEX IF NOT EXISTS idx_document_versions_version_number ON DocumentVersions(version_number);...
2026-09-17 01:04:17.786 | DEBUG    | tldw_Server_API.app.core.DB_Management.media_db.schema.features.core_media:apply_postgres_core_media_schema:438 - Applying Postgres index DDL: CREATE UNIQUE INDEX IF NOT EXISTS idx_documentversions_uuid ON DocumentVersions(uuid);...
2026-09-17 01:04:17.787 | DEBUG    | tldw_Server_API.app.core.DB_Management.media_db.schema.features.core_media:apply_postgres_core_media_schema:438 - Applying Postgres index DDL: CREATE INDEX IF NOT EXISTS idx_documentversions_last_modified ON DocumentVersions(last_modified);...
2026-09-17 01:04:17.787 | DEBUG    | tldw_Server_API.app.core.DB_Management.media_db.schema.features.core_media:apply_postgres_core_media_schema:438 - Applying Postgres index DDL: CREATE INDEX IF NOT EXISTS idx_documentversions_deleted ON DocumentVersions(deleted);...
2026-09-17 01:04:17.787 | DEBUG    | tldw_Server_API.app.core.DB_Management.media_db.schema.features.core_media:apply_postgres_core_media_schema:438 - Applying Postgres index DDL: CREATE INDEX IF NOT EXISTS idx_documentversions_prev_version ON DocumentVersions(prev_version);...
2026-09-17 01:04:17.787 | DEBUG    | tldw_Server_API.app.core.DB_Management.media_db.schema.features.core_media:apply_postgres_core_media_schema:438 - Applying Postgres index DDL: CREATE INDEX IF NOT EXISTS idx_documentversions_merge_parent_uuid ON DocumentVersions(merge_parent_uuid);...
2026-09-17 01:04:17.788 | DEBUG    | tldw_Server_API.app.core.DB_Management.media_db.schema.features.core_media:apply_postgres_core_media_schema:438 - Applying Postgres index DDL: CREATE INDEX IF NOT EXISTS idx_dvi_doi ON DocumentVersionIdentifiers(doi);...
2026-09-17 01:04:17.788 | DEBUG    | tldw_Server_API.app.core.DB_Management.media_db.schema.features.core_media:apply_postgres_core_media_schema:438 - Applying Postgres index DDL: CREATE INDEX IF NOT EXISTS idx_dvi_pmid ON DocumentVersionIdentifiers(pmid);...
2026-09-17 01:04:17.788 | DEBUG    | tldw_Server_API.app.core.DB_Management.media_db.schema.features.core_media:apply_postgres_core_media_schema:438 - Applying Postgres index DDL: CREATE INDEX IF NOT EXISTS idx_dvi_pmcid ON DocumentVersionIdentifiers(pmcid);...
2026-09-17 01:04:17.788 | DEBUG    | tldw_Server_API.app.core.DB_Management.media_db.schema.features.core_media:apply_postgres_core_media_schema:438 - Applying Postgres index DDL: CREATE INDEX IF NOT EXISTS idx_dvi_arxiv ON DocumentVersionIdentifiers(arxiv_id);...
2026-09-17 01:04:17.788 | DEBUG    | tldw_Server_API.app.core.DB_Management.media_db.schema.features.core_media:apply_postgres_core_media_schema:438 - Applying Postgres index DDL: CREATE INDEX IF NOT EXISTS idx_dvi_s2 ON DocumentVersionIdentifiers(s2_paper_id);...
2026-09-17 01:04:17.789 | DEBUG    | tldw_Server_API.app.core.DB_Management.media_db.schema.features.core_media:apply_postgres_core_media_schema:438 - Applying Postgres index DDL: CREATE INDEX IF NOT EXISTS idx_dsi_media_kind ON DocumentStructureIndex(media_id, kind);...
2026-09-17 01:04:17.789 | DEBUG    | tldw_Server_API.app.core.DB_Management.media_db.schema.features.core_media:apply_postgres_core_media_schema:438 - Applying Postgres index DDL: CREATE INDEX IF NOT EXISTS idx_dsi_media_start ON DocumentStructureIndex(media_id, start_char);...
2026-09-17 01:04:17.789 | DEBUG    | tldw_Server_API.app.core.DB_Management.media_db.schema.features.core_media:apply_postgres_core_media_schema:438 - Applying Postgres index DDL: CREATE INDEX IF NOT EXISTS idx_dsi_media_parent ON DocumentStructureIndex(parent_id);...
2026-09-17 01:04:17.790 | DEBUG    | tldw_Server_API.app.core.DB_Management.media_db.schema.features.core_media:apply_postgres_core_media_schema:438 - Applying Postgres index DDL: CREATE INDEX IF NOT EXISTS idx_dsi_media_path ON DocumentStructureIndex(media_id, path);...
2026-09-17 01:04:17.790 | DEBUG    | tldw_Server_API.app.core.DB_Management.media_db.schema.features.core_media:apply_postgres_core_media_schema:438 - Applying Postgres index DDL: CREATE INDEX IF NOT EXISTS idx_sync_log_ts ON sync_log(timestamp);...
2026-09-17 01:04:17.790 | DEBUG    | tldw_Server_API.app.core.DB_Management.media_db.schema.features.core_media:apply_postgres_core_media_schema:438 - Applying Postgres index DDL: CREATE INDEX IF NOT EXISTS idx_sync_log_entity_uuid ON sync_log(entity_uuid);...
2026-09-17 01:04:17.790 | DEBUG    | tldw_Server_API.app.core.DB_Management.media_db.schema.features.core_media:apply_postgres_core_media_schema:438 - Applying Postgres index DDL: CREATE INDEX IF NOT EXISTS idx_sync_log_client_id ON sync_log(client_id);...
2026-09-17 01:04:17.791 | DEBUG    | tldw_Server_API.app.core.DB_Management.media_db.schema.features.core_media:apply_postgres_core_media_schema:438 - Applying Postgres index DDL: CREATE INDEX IF NOT EXISTS idx_sync_log_org_id ON sync_log(org_id);...
2026-09-17 01:04:17.791 | DEBUG    | tldw_Server_API.app.core.DB_Management.media_db.schema.features.core_media:apply_postgres_core_media_schema:438 - Applying Postgres index DDL: CREATE INDEX IF NOT EXISTS idx_sync_log_team_id ON sync_log(team_id);...
2026-09-17 01:04:17.791 | DEBUG    | tldw_Server_API.app.core.DB_Management.media_db.schema.features.core_media:apply_postgres_core_media_schema:438 - Applying Postgres index DDL: CREATE UNIQUE INDEX IF NOT EXISTS idx_unique_template_name ON ChunkingTemplates(name) WHERE deleted = FALSE;...
2026-09-17 01:04:17.791 | DEBUG    | tldw_Server_API.app.core.DB_Management.media_db.schema.features.core_media:apply_postgres_core_media_schema:438 - Applying Postgres index DDL: CREATE INDEX IF NOT EXISTS idx_template_is_builtin ON ChunkingTemplates(is_builtin);...
2026-09-17 01:04:17.791 | DEBUG    | tldw_Server_API.app.core.DB_Management.media_db.schema.features.core_media:apply_postgres_core_media_schema:438 - Applying Postgres index DDL: CREATE INDEX IF NOT EXISTS idx_template_deleted ON ChunkingTemplates(deleted);...
2026-09-17 01:04:17.792 | DEBUG    | tldw_Server_API.app.core.DB_Management.media_db.schema.features.core_media:apply_postgres_core_media_schema:438 - Applying Postgres index DDL: CREATE INDEX IF NOT EXISTS idx_template_tags ON ChunkingTemplates(tags);...
2026-09-17 01:04:17.870 | DEBUG    | tldw_Server_API.app.core.DB_Management.media_db.runtime.bootstrap_lifecycle_ops:initialize_media_database:138 - Database initialization completed successfully for /private/var/folders/sn/m80n2j152t9gw3w8qwk2nykh0000gn/T/pytest-of-macbook-dev/pytest-686/test_unknown_operation_literal0/media.db
2026-09-17 01:04:17.880 | INFO     | tldw_Server_API.app.core.DB_Management.media_db.runtime.bootstrap_lifecycle_ops:initialize_media_database:79 - Initializing Database object for path: /private/var/folders/sn/m80n2j152t9gw3w8qwk2nykh0000gn/T/pytest-of-macbook-dev/pytest-686/test_unknown_operation_literal0/media.db [Client ID: 2]
2026-09-17 01:04:17.943 | DEBUG    | tldw_Server_API.app.core.DB_Management.media_db.runtime.bootstrap_lifecycle_ops:initialize_media_database:138 - Database initialization completed successfully for /private/var/folders/sn/m80n2j152t9gw3w8qwk2nykh0000gn/T/pytest-of-macbook-dev/pytest-686/test_unknown_operation_literal0/media.db
__ test_unknown_operation_literal_is_not_rewritten_on_reopen[embedded-space] ___
.tmp/uat218-independent-20260917/test_operation_literal_whitespace_probe.py:49: in test_unknown_operation_literal_is_not_rewritten_on_reopen
    assert error is not None, 'Unknown literal was accepted and its constraint rewritten'
E   AssertionError: Unknown literal was accepted and its constraint rewritten
E   assert None is not None
----------------------------- Captured stderr call -----------------------------
2026-09-17 01:04:18.007 | INFO     | tldw_Server_API.app.core.DB_Management.backends.factory:create_backend:392 - Creating postgresql backend
2026-09-17 01:04:18.007 | INFO     | tldw_Server_API.app.core.DB_Management.media_db.runtime.bootstrap_lifecycle_ops:initialize_media_database:79 - Initializing Database object for path: /private/var/folders/sn/m80n2j152t9gw3w8qwk2nykh0000gn/T/pytest-of-macbook-dev/pytest-686/test_unknown_operation_literal1/media.db [Client ID: 2]
2026-09-17 01:04:18.015 | DEBUG    | tldw_Server_API.app.core.DB_Management.media_db.schema.features.core_media:apply_postgres_core_media_schema:419 - Applying Postgres base table DDL: CREATE TABLE IF NOT EXISTS schema_version ( version BIGINT PRIMARY KEY NOT NULL );...
2026-09-17 01:04:18.016 | DEBUG    | tldw_Server_API.app.core.DB_Management.media_db.schema.features.core_media:apply_postgres_core_media_schema:419 - Applying Postgres base table DDL: CREATE TABLE IF NOT EXISTS Media ( id BIGSERIAL PRIMARY KEY, url TEXT UNIQUE, title TEXT NOT NULL, type TEXT NOT NULL, c...
2026-09-17 01:04:18.018 | DEBUG    | tldw_Server_API.app.core.DB_Management.media_db.schema.features.core_media:apply_postgres_core_media_schema:419 - Applying Postgres base table DDL: CREATE TABLE IF NOT EXISTS Keywords ( id BIGSERIAL PRIMARY KEY, keyword TEXT NOT NULL UNIQUE , uuid TEXT UNIQUE NOT NULL...
2026-09-17 01:04:18.019 | DEBUG    | tldw_Server_API.app.core.DB_Management.media_db.schema.features.core_media:apply_postgres_core_media_schema:419 - Applying Postgres base table DDL: CREATE TABLE IF NOT EXISTS MediaKeywords ( id BIGSERIAL PRIMARY KEY, media_id INTEGER NOT NULL, keyword_id INTEGER NOT N...
2026-09-17 01:04:18.019 | DEBUG    | tldw_Server_API.app.core.DB_Management.media_db.schema.features.core_media:apply_postgres_core_media_schema:419 - Applying Postgres base table DDL: CREATE TABLE IF NOT EXISTS OperationOwnedCloneKeywords ( media_id INTEGER NOT NULL, keyword TEXT NOT NULL CHECK ( length...
2026-09-17 01:04:18.020 | DEBUG    | tldw_Server_API.app.core.DB_Management.media_db.schema.features.core_media:apply_postgres_core_media_schema:419 - Applying Postgres base table DDL: CREATE TABLE IF NOT EXISTS Transcripts ( id BIGSERIAL PRIMARY KEY, media_id INTEGER NOT NULL, whisper_model TEXT, transc...
2026-09-17 01:04:18.021 | DEBUG    | tldw_Server_API.app.core.DB_Management.media_db.schema.features.core_media:apply_postgres_core_media_schema:419 - Applying Postgres base table DDL: CREATE TABLE IF NOT EXISTS MediaChunks ( id BIGSERIAL PRIMARY KEY, media_id INTEGER NOT NULL, chunk_text TEXT NOT NULL, ...
2026-09-17 01:04:18.022 | DEBUG    | tldw_Server_API.app.core.DB_Management.media_db.schema.features.core_media:apply_postgres_core_media_schema:419 - Applying Postgres base table DDL: CREATE TABLE IF NOT EXISTS UnvectorizedMediaChunks ( id BIGSERIAL PRIMARY KEY, media_id INTEGER NOT NULL, chunk_text TEX...
2026-09-17 01:04:18.023 | DEBUG    | tldw_Server_API.app.core.DB_Management.media_db.schema.features.core_media:apply_postgres_core_media_schema:419 - Applying Postgres base table DDL: CREATE TABLE IF NOT EXISTS VisualDocuments ( id BIGSERIAL PRIMARY KEY, media_id INTEGER NOT NULL, location TEXT, page_nu...
2026-09-17 01:04:18.024 | DEBUG    | tldw_Server_API.app.core.DB_Management.media_db.schema.features.core_media:apply_postgres_core_media_schema:419 - Applying Postgres base table DDL: CREATE TABLE IF NOT EXISTS DocumentVersions ( id BIGSERIAL PRIMARY KEY, media_id INTEGER NOT NULL, version_number INTEGE...
2026-09-17 01:04:18.025 | DEBUG    | tldw_Server_API.app.core.DB_Management.media_db.schema.features.core_media:apply_postgres_core_media_schema:419 - Applying Postgres base table DDL: CREATE TABLE IF NOT EXISTS DocumentVersionIdentifiers ( dv_id BIGINT PRIMARY KEY, doi TEXT, pmid TEXT, pmcid TEXT, arxiv...
2026-09-17 01:04:18.025 | DEBUG    | tldw_Server_API.app.core.DB_Management.media_db.schema.features.core_media:apply_postgres_core_media_schema:419 - Applying Postgres base table DDL: CREATE TABLE IF NOT EXISTS DocumentStructureIndex ( id BIGSERIAL PRIMARY KEY, media_id INTEGER NOT NULL, parent_id INTEG...
2026-09-17 01:04:18.026 | DEBUG    | tldw_Server_API.app.core.DB_Management.media_db.schema.features.core_media:apply_postgres_core_media_schema:419 - Applying Postgres base table DDL: CREATE TABLE IF NOT EXISTS sync_log ( change_id BIGSERIAL PRIMARY KEY, entity TEXT NOT NULL, entity_uuid TEXT NOT NULL, ...
2026-09-17 01:04:18.027 | DEBUG    | tldw_Server_API.app.core.DB_Management.media_db.schema.features.core_media:apply_postgres_core_media_schema:419 - Applying Postgres base table DDL: CREATE TABLE IF NOT EXISTS ChunkingTemplates ( id BIGSERIAL PRIMARY KEY, uuid TEXT UNIQUE NOT NULL, name TEXT NOT NULL, ...
2026-09-17 01:04:18.027 | DEBUG    | tldw_Server_API.app.core.DB_Management.media_db.schema.features.core_media:apply_postgres_core_media_schema:419 - Applying Postgres base table DDL: CREATE TABLE IF NOT EXISTS Claims ( id BIGSERIAL PRIMARY KEY, media_id INTEGER NOT NULL, chunk_index INTEGER NOT NULL, s...
2026-09-17 01:04:18.028 | DEBUG    | tldw_Server_API.app.core.DB_Management.media_db.schema.features.core_media:apply_postgres_core_media_schema:419 - Applying Postgres base table DDL: CREATE TABLE IF NOT EXISTS claims_review_log ( id BIGSERIAL PRIMARY KEY, claim_id INTEGER NOT NULL, old_status TEXT, new...
2026-09-17 01:04:18.029 | DEBUG    | tldw_Server_API.app.core.DB_Management.media_db.schema.features.core_media:apply_postgres_core_media_schema:419 - Applying Postgres base table DDL: CREATE TABLE IF NOT EXISTS claims_review_extractor_metrics_daily ( id BIGSERIAL PRIMARY KEY, user_id TEXT NOT NULL, repo...
2026-09-17 01:04:18.029 | DEBUG    | tldw_Server_API.app.core.DB_Management.media_db.schema.features.core_media:apply_postgres_core_media_schema:419 - Applying Postgres base table DDL: CREATE TABLE IF NOT EXISTS claims_review_rules ( id BIGSERIAL PRIMARY KEY, user_id TEXT NOT NULL, priority INTEGER NOT N...
2026-09-17 01:04:18.030 | DEBUG    | tldw_Server_API.app.core.DB_Management.media_db.schema.features.core_media:apply_postgres_core_media_schema:419 - Applying Postgres base table DDL: CREATE TABLE IF NOT EXISTS claims_monitoring_events ( id BIGSERIAL PRIMARY KEY, user_id TEXT NOT NULL, event_type TEXT N...
2026-09-17 01:04:18.031 | DEBUG    | tldw_Server_API.app.core.DB_Management.media_db.schema.features.core_media:apply_postgres_core_media_schema:419 - Applying Postgres base table DDL: CREATE TABLE IF NOT EXISTS claims_monitoring_settings ( id BIGSERIAL PRIMARY KEY, user_id TEXT NOT NULL, threshold_ratio...
2026-09-17 01:04:18.031 | DEBUG    | tldw_Server_API.app.core.DB_Management.media_db.schema.features.core_media:apply_postgres_core_media_schema:419 - Applying Postgres base table DDL: CREATE TABLE IF NOT EXISTS claims_monitoring_alerts ( id BIGSERIAL PRIMARY KEY, user_id TEXT NOT NULL, name TEXT NOT NUL...
2026-09-17 01:04:18.032 | DEBUG    | tldw_Server_API.app.core.DB_Management.media_db.schema.features.core_media:apply_postgres_core_media_schema:419 - Applying Postgres base table DDL: CREATE TABLE IF NOT EXISTS claims_monitoring_config ( id BIGSERIAL PRIMARY KEY, user_id TEXT NOT NULL, threshold_ratio D...
2026-09-17 01:04:18.033 | DEBUG    | tldw_Server_API.app.core.DB_Management.media_db.schema.features.core_media:apply_postgres_core_media_schema:419 - Applying Postgres base table DDL: CREATE TABLE IF NOT EXISTS claims_monitoring_health ( id BIGSERIAL PRIMARY KEY, user_id TEXT NOT NULL, queue_size INTEGE...
2026-09-17 01:04:18.033 | DEBUG    | tldw_Server_API.app.core.DB_Management.media_db.schema.features.core_media:apply_postgres_core_media_schema:419 - Applying Postgres base table DDL: CREATE TABLE IF NOT EXISTS claims_analytics_exports ( export_id TEXT PRIMARY KEY, user_id TEXT NOT NULL, format TEXT NOT...
2026-09-17 01:04:18.034 | DEBUG    | tldw_Server_API.app.core.DB_Management.media_db.schema.features.core_media:apply_postgres_core_media_schema:419 - Applying Postgres base table DDL: CREATE TABLE IF NOT EXISTS claims_notifications ( id BIGSERIAL PRIMARY KEY, user_id TEXT NOT NULL, kind TEXT NOT NULL, t...
2026-09-17 01:04:18.034 | DEBUG    | tldw_Server_API.app.core.DB_Management.media_db.schema.features.core_media:apply_postgres_core_media_schema:419 - Applying Postgres base table DDL: CREATE TABLE IF NOT EXISTS claim_clusters ( id BIGSERIAL PRIMARY KEY, user_id TEXT NOT NULL, canonical_claim_text TEXT, ...
2026-09-17 01:04:18.035 | DEBUG    | tldw_Server_API.app.core.DB_Management.media_db.schema.features.core_media:apply_postgres_core_media_schema:419 - Applying Postgres base table DDL: CREATE TABLE IF NOT EXISTS claim_cluster_membership ( cluster_id INTEGER NOT NULL, claim_id INTEGER NOT NULL, similarity...
2026-09-17 01:04:18.035 | DEBUG    | tldw_Server_API.app.core.DB_Management.media_db.schema.features.core_media:apply_postgres_core_media_schema:419 - Applying Postgres base table DDL: CREATE TABLE IF NOT EXISTS claim_cluster_links ( parent_cluster_id INTEGER NOT NULL, child_cluster_id INTEGER NOT NULL, ...
2026-09-17 01:04:18.036 | DEBUG    | tldw_Server_API.app.core.DB_Management.media_db.schema.features.core_media:apply_postgres_core_media_schema:419 - Applying Postgres base table DDL: CREATE TABLE IF NOT EXISTS MediaFiles ( id BIGSERIAL PRIMARY KEY, media_id INTEGER NOT NULL, file_type TEXT NOT NULL DEF...
2026-09-17 01:04:18.036 | DEBUG    | tldw_Server_API.app.core.DB_Management.media_db.schema.features.core_media:apply_postgres_core_media_schema:419 - Applying Postgres base table DDL: CREATE TABLE IF NOT EXISTS tts_history ( id BIGSERIAL PRIMARY KEY, user_id TEXT NOT NULL, created_at TEXT NOT NULL, text...
2026-09-17 01:04:18.037 | DEBUG    | tldw_Server_API.app.core.DB_Management.media_db.schema.features.core_media:apply_postgres_core_media_schema:419 - Applying Postgres base table DDL: CREATE TABLE IF NOT EXISTS audio_presets ( id TEXT PRIMARY KEY, user_id TEXT NOT NULL, kind TEXT NOT NULL, name TEXT NOT...
2026-09-17 01:04:18.038 | DEBUG    | tldw_Server_API.app.core.DB_Management.media_db.schema.features.core_media:apply_postgres_core_media_schema:419 - Applying Postgres base table DDL: CREATE TABLE IF NOT EXISTS data_tables ( id BIGSERIAL PRIMARY KEY, uuid TEXT UNIQUE NOT NULL, name TEXT NOT NULL, descri...
2026-09-17 01:04:18.038 | DEBUG    | tldw_Server_API.app.core.DB_Management.media_db.schema.features.core_media:apply_postgres_core_media_schema:419 - Applying Postgres base table DDL: CREATE TABLE IF NOT EXISTS data_table_columns ( id BIGSERIAL PRIMARY KEY, table_id INTEGER NOT NULL, column_id TEXT NOT ...
2026-09-17 01:04:18.039 | DEBUG    | tldw_Server_API.app.core.DB_Management.media_db.schema.features.core_media:apply_postgres_core_media_schema:419 - Applying Postgres base table DDL: CREATE TABLE IF NOT EXISTS data_table_rows ( id BIGSERIAL PRIMARY KEY, table_id INTEGER NOT NULL, row_id TEXT NOT NULL, ...
2026-09-17 01:04:18.040 | DEBUG    | tldw_Server_API.app.core.DB_Management.media_db.schema.features.core_media:apply_postgres_core_media_schema:419 - Applying Postgres base table DDL: CREATE TABLE IF NOT EXISTS data_table_sources ( id BIGSERIAL PRIMARY KEY, table_id INTEGER NOT NULL, source_type TEXT NO...
2026-09-17 01:04:18.041 | DEBUG    | tldw_Server_API.app.core.DB_Management.media_db.schema.features.core_media:apply_postgres_core_media_schema:423 - Applying Postgres base initializer DDL: INSERT INTO schema_version (version) VALUES (0) ON CONFLICT DO NOTHING;...
2026-09-17 01:04:18.041 | DEBUG    | tldw_Server_API.app.core.DB_Management.media_db.schema.features.core_media:apply_postgres_core_media_schema:423 - Applying Postgres base initializer DDL: CREATE INDEX IF NOT EXISTS idx_claims_media_id ON Claims(media_id);...
2026-09-17 01:04:18.041 | DEBUG    | tldw_Server_API.app.core.DB_Management.media_db.schema.features.core_media:apply_postgres_core_media_schema:423 - Applying Postgres base initializer DDL: CREATE INDEX IF NOT EXISTS idx_claims_media_chunk ON Claims(media_id, chunk_index);...
2026-09-17 01:04:18.042 | DEBUG    | tldw_Server_API.app.core.DB_Management.media_db.schema.features.core_media:apply_postgres_core_media_schema:423 - Applying Postgres base initializer DDL: CREATE UNIQUE INDEX IF NOT EXISTS idx_claims_uuid ON Claims(uuid);...
2026-09-17 01:04:18.042 | DEBUG    | tldw_Server_API.app.core.DB_Management.media_db.schema.features.core_media:apply_postgres_core_media_schema:423 - Applying Postgres base initializer DDL: CREATE INDEX IF NOT EXISTS idx_claims_deleted ON Claims(deleted);...
2026-09-17 01:04:18.042 | DEBUG    | tldw_Server_API.app.core.DB_Management.media_db.schema.features.core_media:apply_postgres_core_media_schema:423 - Applying Postgres base initializer DDL: CREATE INDEX IF NOT EXISTS idx_claims_review_status ON Claims(review_status);...
2026-09-17 01:04:18.042 | DEBUG    | tldw_Server_API.app.core.DB_Management.media_db.schema.features.core_media:apply_postgres_core_media_schema:423 - Applying Postgres base initializer DDL: CREATE INDEX IF NOT EXISTS idx_claims_reviewer_id ON Claims(reviewer_id);...
2026-09-17 01:04:18.042 | DEBUG    | tldw_Server_API.app.core.DB_Management.media_db.schema.features.core_media:apply_postgres_core_media_schema:423 - Applying Postgres base initializer DDL: CREATE INDEX IF NOT EXISTS idx_claims_review_group ON Claims(review_group);...
2026-09-17 01:04:18.043 | DEBUG    | tldw_Server_API.app.core.DB_Management.media_db.schema.features.core_media:apply_postgres_core_media_schema:423 - Applying Postgres base initializer DDL: CREATE INDEX IF NOT EXISTS idx_claims_cluster_id ON Claims(claim_cluster_id);...
2026-09-17 01:04:18.043 | DEBUG    | tldw_Server_API.app.core.DB_Management.media_db.schema.features.core_media:apply_postgres_core_media_schema:423 - Applying Postgres base initializer DDL: CREATE INDEX IF NOT EXISTS idx_claims_review_log_claim ON claims_review_log(claim_id);...
2026-09-17 01:04:18.043 | DEBUG    | tldw_Server_API.app.core.DB_Management.media_db.schema.features.core_media:apply_postgres_core_media_schema:423 - Applying Postgres base initializer DDL: CREATE INDEX IF NOT EXISTS idx_claims_review_log_reviewer ON claims_review_log(reviewer_id);...
2026-09-17 01:04:18.043 | DEBUG    | tldw_Server_API.app.core.DB_Management.media_db.schema.features.core_media:apply_postgres_core_media_schema:423 - Applying Postgres base initializer DDL: CREATE INDEX IF NOT EXISTS idx_claims_review_log_created ON claims_review_log(created_at);...
2026-09-17 01:04:18.044 | DEBUG    | tldw_Server_API.app.core.DB_Management.media_db.schema.features.core_media:apply_postgres_core_media_schema:423 - Applying Postgres base initializer DDL: CREATE INDEX IF NOT EXISTS idx_claims_review_metrics_user ON claims_review_extractor_metrics_daily(user_id);...
2026-09-17 01:04:18.044 | DEBUG    | tldw_Server_API.app.core.DB_Management.media_db.schema.features.core_media:apply_postgres_core_media_schema:423 - Applying Postgres base initializer DDL: CREATE INDEX IF NOT EXISTS idx_claims_review_metrics_date ON claims_review_extractor_metrics_daily(report_date);...
2026-09-17 01:04:18.044 | DEBUG    | tldw_Server_API.app.core.DB_Management.media_db.schema.features.core_media:apply_postgres_core_media_schema:423 - Applying Postgres base initializer DDL: CREATE INDEX IF NOT EXISTS idx_claims_review_metrics_extractor ON claims_review_extractor_metrics_daily(extractor);...
2026-09-17 01:04:18.044 | DEBUG    | tldw_Server_API.app.core.DB_Management.media_db.schema.features.core_media:apply_postgres_core_media_schema:423 - Applying Postgres base initializer DDL: CREATE INDEX IF NOT EXISTS idx_claims_review_rules_user ON claims_review_rules(user_id);...
2026-09-17 01:04:18.044 | DEBUG    | tldw_Server_API.app.core.DB_Management.media_db.schema.features.core_media:apply_postgres_core_media_schema:423 - Applying Postgres base initializer DDL: CREATE INDEX IF NOT EXISTS idx_claims_review_rules_active ON claims_review_rules(active);...
2026-09-17 01:04:18.045 | DEBUG    | tldw_Server_API.app.core.DB_Management.media_db.schema.features.core_media:apply_postgres_core_media_schema:423 - Applying Postgres base initializer DDL: CREATE INDEX IF NOT EXISTS idx_claims_monitoring_events_user ON claims_monitoring_events(user_id);...
2026-09-17 01:04:18.045 | DEBUG    | tldw_Server_API.app.core.DB_Management.media_db.schema.features.core_media:apply_postgres_core_media_schema:423 - Applying Postgres base initializer DDL: CREATE INDEX IF NOT EXISTS idx_claims_monitoring_events_user_created_id ON claims_monitoring_events(user_id, created_at,...
2026-09-17 01:04:18.045 | DEBUG    | tldw_Server_API.app.core.DB_Management.media_db.schema.features.core_media:apply_postgres_core_media_schema:423 - Applying Postgres base initializer DDL: CREATE INDEX IF NOT EXISTS idx_claims_monitoring_events_user_id ON claims_monitoring_events(user_id, id);...
2026-09-17 01:04:18.045 | DEBUG    | tldw_Server_API.app.core.DB_Management.media_db.schema.features.core_media:apply_postgres_core_media_schema:423 - Applying Postgres base initializer DDL: CREATE INDEX IF NOT EXISTS idx_claims_monitoring_events_type ON claims_monitoring_events(event_type);...
2026-09-17 01:04:18.045 | DEBUG    | tldw_Server_API.app.core.DB_Management.media_db.schema.features.core_media:apply_postgres_core_media_schema:423 - Applying Postgres base initializer DDL: CREATE INDEX IF NOT EXISTS idx_claims_monitoring_events_delivered ON claims_monitoring_events(delivered_at);...
2026-09-17 01:04:18.046 | DEBUG    | tldw_Server_API.app.core.DB_Management.media_db.schema.features.core_media:apply_postgres_core_media_schema:423 - Applying Postgres base initializer DDL: CREATE UNIQUE INDEX IF NOT EXISTS idx_claims_monitoring_settings_user ON claims_monitoring_settings(user_id);...
2026-09-17 01:04:18.046 | DEBUG    | tldw_Server_API.app.core.DB_Management.media_db.schema.features.core_media:apply_postgres_core_media_schema:423 - Applying Postgres base initializer DDL: CREATE INDEX IF NOT EXISTS idx_claims_monitoring_alerts_user ON claims_monitoring_alerts(user_id);...
2026-09-17 01:04:18.046 | DEBUG    | tldw_Server_API.app.core.DB_Management.media_db.schema.features.core_media:apply_postgres_core_media_schema:423 - Applying Postgres base initializer DDL: CREATE INDEX IF NOT EXISTS idx_claims_monitoring_user ON claims_monitoring_config(user_id);...
2026-09-17 01:04:18.046 | DEBUG    | tldw_Server_API.app.core.DB_Management.media_db.schema.features.core_media:apply_postgres_core_media_schema:423 - Applying Postgres base initializer DDL: CREATE UNIQUE INDEX IF NOT EXISTS idx_claims_monitoring_health_user ON claims_monitoring_health(user_id);...
2026-09-17 01:04:18.047 | DEBUG    | tldw_Server_API.app.core.DB_Management.media_db.schema.features.core_media:apply_postgres_core_media_schema:423 - Applying Postgres base initializer DDL: CREATE INDEX IF NOT EXISTS idx_claims_analytics_exports_user ON claims_analytics_exports(user_id);...
2026-09-17 01:04:18.047 | DEBUG    | tldw_Server_API.app.core.DB_Management.media_db.schema.features.core_media:apply_postgres_core_media_schema:423 - Applying Postgres base initializer DDL: CREATE INDEX IF NOT EXISTS idx_claims_analytics_exports_job_id ON claims_analytics_exports(job_id);...
2026-09-17 01:04:18.047 | DEBUG    | tldw_Server_API.app.core.DB_Management.media_db.schema.features.core_media:apply_postgres_core_media_schema:423 - Applying Postgres base initializer DDL: CREATE INDEX IF NOT EXISTS idx_claims_analytics_exports_user_status_export_id ON claims_analytics_exports(user_id, statu...
2026-09-17 01:04:18.047 | DEBUG    | tldw_Server_API.app.core.DB_Management.media_db.schema.features.core_media:apply_postgres_core_media_schema:423 - Applying Postgres base initializer DDL: CREATE INDEX IF NOT EXISTS idx_claims_analytics_exports_user_status_updated_export_id ON claims_analytics_exports(user_i...
2026-09-17 01:04:18.048 | DEBUG    | tldw_Server_API.app.core.DB_Management.media_db.schema.features.core_media:apply_postgres_core_media_schema:423 - Applying Postgres base initializer DDL: CREATE INDEX IF NOT EXISTS idx_claims_notifications_user ON claims_notifications(user_id);...
2026-09-17 01:04:18.048 | DEBUG    | tldw_Server_API.app.core.DB_Management.media_db.schema.features.core_media:apply_postgres_core_media_schema:423 - Applying Postgres base initializer DDL: CREATE INDEX IF NOT EXISTS idx_claims_notifications_kind ON claims_notifications(kind);...
2026-09-17 01:04:18.048 | DEBUG    | tldw_Server_API.app.core.DB_Management.media_db.schema.features.core_media:apply_postgres_core_media_schema:423 - Applying Postgres base initializer DDL: CREATE INDEX IF NOT EXISTS idx_claims_notifications_target_user ON claims_notifications(target_user_id);...
2026-09-17 01:04:18.048 | DEBUG    | tldw_Server_API.app.core.DB_Management.media_db.schema.features.core_media:apply_postgres_core_media_schema:423 - Applying Postgres base initializer DDL: CREATE INDEX IF NOT EXISTS idx_claims_notifications_review_group ON claims_notifications(target_review_group);...
2026-09-17 01:04:18.049 | DEBUG    | tldw_Server_API.app.core.DB_Management.media_db.schema.features.core_media:apply_postgres_core_media_schema:423 - Applying Postgres base initializer DDL: CREATE INDEX IF NOT EXISTS idx_claims_notifications_resource ON claims_notifications(resource_type, resource_id);...
2026-09-17 01:04:18.049 | DEBUG    | tldw_Server_API.app.core.DB_Management.media_db.schema.features.core_media:apply_postgres_core_media_schema:423 - Applying Postgres base initializer DDL: CREATE INDEX IF NOT EXISTS idx_claims_notifications_delivered ON claims_notifications(delivered_at);...
2026-09-17 01:04:18.049 | DEBUG    | tldw_Server_API.app.core.DB_Management.media_db.schema.features.core_media:apply_postgres_core_media_schema:423 - Applying Postgres base initializer DDL: CREATE INDEX IF NOT EXISTS idx_claim_clusters_user ON claim_clusters(user_id);...
2026-09-17 01:04:18.049 | DEBUG    | tldw_Server_API.app.core.DB_Management.media_db.schema.features.core_media:apply_postgres_core_media_schema:423 - Applying Postgres base initializer DDL: CREATE INDEX IF NOT EXISTS idx_claim_clusters_updated ON claim_clusters(updated_at);...
2026-09-17 01:04:18.049 | DEBUG    | tldw_Server_API.app.core.DB_Management.media_db.schema.features.core_media:apply_postgres_core_media_schema:423 - Applying Postgres base initializer DDL: CREATE INDEX IF NOT EXISTS idx_claim_cluster_membership_claim ON claim_cluster_membership(claim_id);...
2026-09-17 01:04:18.050 | DEBUG    | tldw_Server_API.app.core.DB_Management.media_db.schema.features.core_media:apply_postgres_core_media_schema:423 - Applying Postgres base initializer DDL: CREATE INDEX IF NOT EXISTS idx_media_files_media_id ON MediaFiles(media_id);...
2026-09-17 01:04:18.050 | DEBUG    | tldw_Server_API.app.core.DB_Management.media_db.schema.features.core_media:apply_postgres_core_media_schema:423 - Applying Postgres base initializer DDL: CREATE INDEX IF NOT EXISTS idx_media_files_type ON MediaFiles(file_type);...
2026-09-17 01:04:18.050 | DEBUG    | tldw_Server_API.app.core.DB_Management.media_db.schema.features.core_media:apply_postgres_core_media_schema:423 - Applying Postgres base initializer DDL: CREATE UNIQUE INDEX IF NOT EXISTS idx_media_files_uuid ON MediaFiles(uuid);...
2026-09-17 01:04:18.050 | DEBUG    | tldw_Server_API.app.core.DB_Management.media_db.schema.features.core_media:apply_postgres_core_media_schema:423 - Applying Postgres base initializer DDL: CREATE INDEX IF NOT EXISTS idx_media_files_deleted ON MediaFiles(deleted);...
2026-09-17 01:04:18.051 | DEBUG    | tldw_Server_API.app.core.DB_Management.media_db.schema.features.core_media:apply_postgres_core_media_schema:423 - Applying Postgres base initializer DDL: CREATE INDEX IF NOT EXISTS idx_tts_history_user_created ON tts_history(user_id, created_at DESC);...
2026-09-17 01:04:18.051 | DEBUG    | tldw_Server_API.app.core.DB_Management.media_db.schema.features.core_media:apply_postgres_core_media_schema:423 - Applying Postgres base initializer DDL: CREATE INDEX IF NOT EXISTS idx_tts_history_user_favorite ON tts_history(user_id, favorite);...
2026-09-17 01:04:18.051 | DEBUG    | tldw_Server_API.app.core.DB_Management.media_db.schema.features.core_media:apply_postgres_core_media_schema:423 - Applying Postgres base initializer DDL: CREATE INDEX IF NOT EXISTS idx_tts_history_user_provider ON tts_history(user_id, provider);...
2026-09-17 01:04:18.051 | DEBUG    | tldw_Server_API.app.core.DB_Management.media_db.schema.features.core_media:apply_postgres_core_media_schema:423 - Applying Postgres base initializer DDL: CREATE INDEX IF NOT EXISTS idx_tts_history_user_model ON tts_history(user_id, model);...
2026-09-17 01:04:18.051 | DEBUG    | tldw_Server_API.app.core.DB_Management.media_db.schema.features.core_media:apply_postgres_core_media_schema:423 - Applying Postgres base initializer DDL: CREATE INDEX IF NOT EXISTS idx_tts_history_user_voice_id ON tts_history(user_id, voice_id);...
2026-09-17 01:04:18.052 | DEBUG    | tldw_Server_API.app.core.DB_Management.media_db.schema.features.core_media:apply_postgres_core_media_schema:423 - Applying Postgres base initializer DDL: CREATE INDEX IF NOT EXISTS idx_tts_history_user_text_hash ON tts_history(user_id, text_hash);...
2026-09-17 01:04:18.052 | DEBUG    | tldw_Server_API.app.core.DB_Management.media_db.schema.features.core_media:apply_postgres_core_media_schema:423 - Applying Postgres base initializer DDL: CREATE INDEX IF NOT EXISTS idx_audio_presets_user_kind_updated ON audio_presets(user_id, kind, deleted, updated_at DESC)...
2026-09-17 01:04:18.052 | DEBUG    | tldw_Server_API.app.core.DB_Management.media_db.schema.features.core_media:apply_postgres_core_media_schema:423 - Applying Postgres base initializer DDL: CREATE INDEX IF NOT EXISTS idx_audio_presets_user_kind_favorite ON audio_presets(user_id, kind, favorite, deleted);...
2026-09-17 01:04:18.052 | DEBUG    | tldw_Server_API.app.core.DB_Management.media_db.schema.features.core_media:apply_postgres_core_media_schema:423 - Applying Postgres base initializer DDL: CREATE INDEX IF NOT EXISTS idx_audio_presets_user_kind_default ON audio_presets(user_id, kind, is_default, deleted);...
2026-09-17 01:04:18.052 | DEBUG    | tldw_Server_API.app.core.DB_Management.media_db.schema.features.core_media:apply_postgres_core_media_schema:423 - Applying Postgres base initializer DDL: CREATE UNIQUE INDEX IF NOT EXISTS ux_audio_presets_user_kind_name_active ON audio_presets(user_id, kind, LOWER(name)) WH...
2026-09-17 01:04:18.053 | DEBUG    | tldw_Server_API.app.core.DB_Management.media_db.schema.features.core_media:apply_postgres_core_media_schema:423 - Applying Postgres base initializer DDL: CREATE UNIQUE INDEX IF NOT EXISTS ux_audio_presets_user_kind_default_active ON audio_presets(user_id, kind) WHERE is_def...
2026-09-17 01:04:18.053 | DEBUG    | tldw_Server_API.app.core.DB_Management.media_db.schema.features.core_media:apply_postgres_core_media_schema:423 - Applying Postgres base initializer DDL: CREATE INDEX IF NOT EXISTS idx_data_tables_status ON data_tables(status);...
2026-09-17 01:04:18.053 | DEBUG    | tldw_Server_API.app.core.DB_Management.media_db.schema.features.core_media:apply_postgres_core_media_schema:423 - Applying Postgres base initializer DDL: CREATE INDEX IF NOT EXISTS idx_data_tables_updated ON data_tables(updated_at DESC);...
2026-09-17 01:04:18.053 | DEBUG    | tldw_Server_API.app.core.DB_Management.media_db.schema.features.core_media:apply_postgres_core_media_schema:423 - Applying Postgres base initializer DDL: CREATE INDEX IF NOT EXISTS idx_data_tables_deleted ON data_tables(deleted);...
2026-09-17 01:04:18.054 | DEBUG    | tldw_Server_API.app.core.DB_Management.media_db.schema.features.core_media:apply_postgres_core_media_schema:423 - Applying Postgres base initializer DDL: CREATE INDEX IF NOT EXISTS idx_data_tables_workspace_tag ON data_tables(workspace_tag);...
2026-09-17 01:04:18.054 | DEBUG    | tldw_Server_API.app.core.DB_Management.media_db.schema.features.core_media:apply_postgres_core_media_schema:423 - Applying Postgres base initializer DDL: CREATE UNIQUE INDEX IF NOT EXISTS ux_data_table_columns_table_column ON data_table_columns(table_id, column_id);...
2026-09-17 01:04:18.054 | DEBUG    | tldw_Server_API.app.core.DB_Management.media_db.schema.features.core_media:apply_postgres_core_media_schema:423 - Applying Postgres base initializer DDL: CREATE INDEX IF NOT EXISTS idx_data_table_columns_table_position ON data_table_columns(table_id, position);...
2026-09-17 01:04:18.054 | DEBUG    | tldw_Server_API.app.core.DB_Management.media_db.schema.features.core_media:apply_postgres_core_media_schema:423 - Applying Postgres base initializer DDL: CREATE UNIQUE INDEX IF NOT EXISTS ux_data_table_columns_table_position_active ON data_table_columns(table_id, position, ...
2026-09-17 01:04:18.054 | DEBUG    | tldw_Server_API.app.core.DB_Management.media_db.schema.features.core_media:apply_postgres_core_media_schema:423 - Applying Postgres base initializer DDL: CREATE UNIQUE INDEX IF NOT EXISTS ux_data_table_rows_table_row ON data_table_rows(table_id, row_id);...
2026-09-17 01:04:18.055 | DEBUG    | tldw_Server_API.app.core.DB_Management.media_db.schema.features.core_media:apply_postgres_core_media_schema:423 - Applying Postgres base initializer DDL: CREATE INDEX IF NOT EXISTS idx_data_table_rows_table_index ON data_table_rows(table_id, row_index);...
2026-09-17 01:04:18.055 | DEBUG    | tldw_Server_API.app.core.DB_Management.media_db.schema.features.core_media:apply_postgres_core_media_schema:423 - Applying Postgres base initializer DDL: CREATE UNIQUE INDEX IF NOT EXISTS ux_data_table_rows_table_index_active ON data_table_rows(table_id, row_index, deleted)...
2026-09-17 01:04:18.055 | DEBUG    | tldw_Server_API.app.core.DB_Management.media_db.schema.features.core_media:apply_postgres_core_media_schema:423 - Applying Postgres base initializer DDL: CREATE INDEX IF NOT EXISTS idx_data_table_sources_table ON data_table_sources(table_id);...
2026-09-17 01:04:18.062 | DEBUG    | tldw_Server_API.app.core.DB_Management.media_db.schema.features.core_media:apply_postgres_core_media_schema:438 - Applying Postgres index DDL: CREATE INDEX IF NOT EXISTS idx_media_title ON Media(title);...
2026-09-17 01:04:18.063 | DEBUG    | tldw_Server_API.app.core.DB_Management.media_db.schema.features.core_media:apply_postgres_core_media_schema:438 - Applying Postgres index DDL: CREATE INDEX IF NOT EXISTS idx_media_type ON Media(type);...
2026-09-17 01:04:18.063 | DEBUG    | tldw_Server_API.app.core.DB_Management.media_db.schema.features.core_media:apply_postgres_core_media_schema:438 - Applying Postgres index DDL: CREATE INDEX IF NOT EXISTS idx_media_author ON Media(author);...
2026-09-17 01:04:18.063 | DEBUG    | tldw_Server_API.app.core.DB_Management.media_db.schema.features.core_media:apply_postgres_core_media_schema:438 - Applying Postgres index DDL: CREATE INDEX IF NOT EXISTS idx_media_ingestion_date ON Media(ingestion_date);...
2026-09-17 01:04:18.063 | DEBUG    | tldw_Server_API.app.core.DB_Management.media_db.schema.features.core_media:apply_postgres_core_media_schema:438 - Applying Postgres index DDL: CREATE INDEX IF NOT EXISTS idx_media_chunking_status ON Media(chunking_status);...
2026-09-17 01:04:18.064 | DEBUG    | tldw_Server_API.app.core.DB_Management.media_db.schema.features.core_media:apply_postgres_core_media_schema:438 - Applying Postgres index DDL: CREATE INDEX IF NOT EXISTS idx_media_vector_processing ON Media(vector_processing);...
2026-09-17 01:04:18.064 | DEBUG    | tldw_Server_API.app.core.DB_Management.media_db.schema.features.core_media:apply_postgres_core_media_schema:438 - Applying Postgres index DDL: CREATE INDEX IF NOT EXISTS idx_media_is_trash ON Media(is_trash);...
2026-09-17 01:04:18.064 | DEBUG    | tldw_Server_API.app.core.DB_Management.media_db.schema.features.core_media:apply_postgres_core_media_schema:438 - Applying Postgres index DDL: CREATE INDEX IF NOT EXISTS idx_media_content_hash ON Media(content_hash);...
2026-09-17 01:04:18.064 | DEBUG    | tldw_Server_API.app.core.DB_Management.media_db.schema.features.core_media:apply_postgres_core_media_schema:438 - Applying Postgres index DDL: CREATE INDEX IF NOT EXISTS idx_media_source_hash ON Media(source_hash);...
2026-09-17 01:04:18.065 | DEBUG    | tldw_Server_API.app.core.DB_Management.media_db.schema.features.core_media:apply_postgres_core_media_schema:438 - Applying Postgres index DDL: CREATE UNIQUE INDEX IF NOT EXISTS idx_media_uuid ON Media(uuid);...
2026-09-17 01:04:18.065 | DEBUG    | tldw_Server_API.app.core.DB_Management.media_db.schema.features.core_media:apply_postgres_core_media_schema:438 - Applying Postgres index DDL: CREATE INDEX IF NOT EXISTS idx_media_last_modified ON Media(last_modified);...
2026-09-17 01:04:18.065 | DEBUG    | tldw_Server_API.app.core.DB_Management.media_db.schema.features.core_media:apply_postgres_core_media_schema:438 - Applying Postgres index DDL: CREATE INDEX IF NOT EXISTS idx_media_deleted ON Media(deleted);...
2026-09-17 01:04:18.065 | DEBUG    | tldw_Server_API.app.core.DB_Management.media_db.schema.features.core_media:apply_postgres_core_media_schema:438 - Applying Postgres index DDL: CREATE INDEX IF NOT EXISTS idx_media_prev_version ON Media(prev_version);...
2026-09-17 01:04:18.066 | DEBUG    | tldw_Server_API.app.core.DB_Management.media_db.schema.features.core_media:apply_postgres_core_media_schema:438 - Applying Postgres index DDL: CREATE INDEX IF NOT EXISTS idx_media_merge_parent_uuid ON Media(merge_parent_uuid);...
2026-09-17 01:04:18.066 | DEBUG    | tldw_Server_API.app.core.DB_Management.media_db.schema.features.core_media:apply_postgres_core_media_schema:438 - Applying Postgres index DDL: CREATE INDEX IF NOT EXISTS idx_media_org_id ON Media(org_id);...
2026-09-17 01:04:18.066 | DEBUG    | tldw_Server_API.app.core.DB_Management.media_db.schema.features.core_media:apply_postgres_core_media_schema:438 - Applying Postgres index DDL: CREATE INDEX IF NOT EXISTS idx_media_team_id ON Media(team_id);...
2026-09-17 01:04:18.066 | DEBUG    | tldw_Server_API.app.core.DB_Management.media_db.schema.features.core_media:apply_postgres_core_media_schema:438 - Applying Postgres index DDL: CREATE INDEX IF NOT EXISTS idx_media_visibility ON Media(visibility);...
2026-09-17 01:04:18.067 | DEBUG    | tldw_Server_API.app.core.DB_Management.media_db.schema.features.core_media:apply_postgres_core_media_schema:438 - Applying Postgres index DDL: CREATE INDEX IF NOT EXISTS idx_media_owner_user_id ON Media(owner_user_id);...
2026-09-17 01:04:18.067 | DEBUG    | tldw_Server_API.app.core.DB_Management.media_db.schema.features.core_media:apply_postgres_core_media_schema:438 - Applying Postgres index DDL: CREATE INDEX IF NOT EXISTS idx_media_latest_transcription_run_id ON Media(latest_transcription_run_id);...
2026-09-17 01:04:18.067 | DEBUG    | tldw_Server_API.app.core.DB_Management.media_db.schema.features.core_media:apply_postgres_core_media_schema:438 - Applying Postgres index DDL: CREATE INDEX IF NOT EXISTS idx_media_next_transcription_run_id ON Media(next_transcription_run_id);...
2026-09-17 01:04:18.067 | DEBUG    | tldw_Server_API.app.core.DB_Management.media_db.schema.features.core_media:apply_postgres_core_media_schema:438 - Applying Postgres index DDL: CREATE UNIQUE INDEX IF NOT EXISTS ux_media_system_operation_source ON Media(system_operation_kind, system_operation_id, ...
2026-09-17 01:04:18.068 | DEBUG    | tldw_Server_API.app.core.DB_Management.media_db.schema.features.core_media:apply_postgres_core_media_schema:438 - Applying Postgres index DDL: CREATE UNIQUE INDEX IF NOT EXISTS idx_keywords_uuid ON Keywords(uuid);...
2026-09-17 01:04:18.068 | DEBUG    | tldw_Server_API.app.core.DB_Management.media_db.schema.features.core_media:apply_postgres_core_media_schema:438 - Applying Postgres index DDL: CREATE INDEX IF NOT EXISTS idx_keywords_last_modified ON Keywords(last_modified);...
2026-09-17 01:04:18.068 | DEBUG    | tldw_Server_API.app.core.DB_Management.media_db.schema.features.core_media:apply_postgres_core_media_schema:438 - Applying Postgres index DDL: CREATE INDEX IF NOT EXISTS idx_keywords_deleted ON Keywords(deleted);...
2026-09-17 01:04:18.068 | DEBUG    | tldw_Server_API.app.core.DB_Management.media_db.schema.features.core_media:apply_postgres_core_media_schema:438 - Applying Postgres index DDL: CREATE INDEX IF NOT EXISTS idx_keywords_prev_version ON Keywords(prev_version);...
2026-09-17 01:04:18.068 | DEBUG    | tldw_Server_API.app.core.DB_Management.media_db.schema.features.core_media:apply_postgres_core_media_schema:438 - Applying Postgres index DDL: CREATE INDEX IF NOT EXISTS idx_keywords_merge_parent_uuid ON Keywords(merge_parent_uuid);...
2026-09-17 01:04:18.069 | DEBUG    | tldw_Server_API.app.core.DB_Management.media_db.schema.features.core_media:apply_postgres_core_media_schema:438 - Applying Postgres index DDL: CREATE INDEX IF NOT EXISTS idx_mediakeywords_media_id ON MediaKeywords(media_id);...
2026-09-17 01:04:18.069 | DEBUG    | tldw_Server_API.app.core.DB_Management.media_db.schema.features.core_media:apply_postgres_core_media_schema:438 - Applying Postgres index DDL: CREATE INDEX IF NOT EXISTS idx_mediakeywords_keyword_id ON MediaKeywords(keyword_id);...
2026-09-17 01:04:18.069 | DEBUG    | tldw_Server_API.app.core.DB_Management.media_db.schema.features.core_media:apply_postgres_core_media_schema:438 - Applying Postgres index DDL: CREATE INDEX IF NOT EXISTS idx_owned_clone_keywords_keyword ON OperationOwnedCloneKeywords(keyword);...
2026-09-17 01:04:18.069 | DEBUG    | tldw_Server_API.app.core.DB_Management.media_db.schema.features.core_media:apply_postgres_core_media_schema:438 - Applying Postgres index DDL: CREATE INDEX IF NOT EXISTS idx_owned_clone_keywords_operation ON OperationOwnedCloneKeywords(operation_id, source_identi...
2026-09-17 01:04:18.069 | DEBUG    | tldw_Server_API.app.core.DB_Management.media_db.schema.features.core_media:apply_postgres_core_media_schema:438 - Applying Postgres index DDL: CREATE INDEX IF NOT EXISTS idx_transcripts_media_id ON Transcripts(media_id);...
2026-09-17 01:04:18.070 | DEBUG    | tldw_Server_API.app.core.DB_Management.media_db.schema.features.core_media:apply_postgres_core_media_schema:438 - Applying Postgres index DDL: CREATE UNIQUE INDEX IF NOT EXISTS idx_transcripts_uuid ON Transcripts(uuid);...
2026-09-17 01:04:18.070 | DEBUG    | tldw_Server_API.app.core.DB_Management.media_db.schema.features.core_media:apply_postgres_core_media_schema:438 - Applying Postgres index DDL: CREATE INDEX IF NOT EXISTS idx_transcripts_last_modified ON Transcripts(last_modified);...
2026-09-17 01:04:18.070 | DEBUG    | tldw_Server_API.app.core.DB_Management.media_db.schema.features.core_media:apply_postgres_core_media_schema:438 - Applying Postgres index DDL: CREATE INDEX IF NOT EXISTS idx_transcripts_deleted ON Transcripts(deleted);...
2026-09-17 01:04:18.070 | DEBUG    | tldw_Server_API.app.core.DB_Management.media_db.schema.features.core_media:apply_postgres_core_media_schema:438 - Applying Postgres index DDL: CREATE INDEX IF NOT EXISTS idx_transcripts_prev_version ON Transcripts(prev_version);...
2026-09-17 01:04:18.070 | DEBUG    | tldw_Server_API.app.core.DB_Management.media_db.schema.features.core_media:apply_postgres_core_media_schema:438 - Applying Postgres index DDL: CREATE INDEX IF NOT EXISTS idx_transcripts_merge_parent_uuid ON Transcripts(merge_parent_uuid);...
2026-09-17 01:04:18.071 | DEBUG    | tldw_Server_API.app.core.DB_Management.media_db.schema.features.core_media:apply_postgres_core_media_schema:438 - Applying Postgres index DDL: CREATE UNIQUE INDEX IF NOT EXISTS idx_transcripts_media_run_id ON Transcripts(media_id, transcription_run_id DESC) WHERE...
2026-09-17 01:04:18.071 | DEBUG    | tldw_Server_API.app.core.DB_Management.media_db.schema.features.core_media:apply_postgres_core_media_schema:438 - Applying Postgres index DDL: CREATE INDEX IF NOT EXISTS idx_transcripts_supersedes_run_id ON Transcripts(supersedes_run_id);...
2026-09-17 01:04:18.071 | DEBUG    | tldw_Server_API.app.core.DB_Management.media_db.schema.features.core_media:apply_postgres_core_media_schema:438 - Applying Postgres index DDL: CREATE UNIQUE INDEX IF NOT EXISTS idx_transcripts_media_idempotency_key ON Transcripts(media_id, idempotency_key) WHERE ...
2026-09-17 01:04:18.071 | DEBUG    | tldw_Server_API.app.core.DB_Management.media_db.schema.features.core_media:apply_postgres_core_media_schema:438 - Applying Postgres index DDL: CREATE INDEX IF NOT EXISTS idx_mediachunks_media_id ON MediaChunks(media_id);...
2026-09-17 01:04:18.072 | DEBUG    | tldw_Server_API.app.core.DB_Management.media_db.schema.features.core_media:apply_postgres_core_media_schema:438 - Applying Postgres index DDL: CREATE UNIQUE INDEX IF NOT EXISTS idx_mediachunks_uuid ON MediaChunks(uuid);...
2026-09-17 01:04:18.072 | DEBUG    | tldw_Server_API.app.core.DB_Management.media_db.schema.features.core_media:apply_postgres_core_media_schema:438 - Applying Postgres index DDL: CREATE INDEX IF NOT EXISTS idx_mediachunks_last_modified ON MediaChunks(last_modified);...
2026-09-17 01:04:18.072 | DEBUG    | tldw_Server_API.app.core.DB_Management.media_db.schema.features.core_media:apply_postgres_core_media_schema:438 - Applying Postgres index DDL: CREATE INDEX IF NOT EXISTS idx_mediachunks_deleted ON MediaChunks(deleted);...
2026-09-17 01:04:18.072 | DEBUG    | tldw_Server_API.app.core.DB_Management.media_db.schema.features.core_media:apply_postgres_core_media_schema:438 - Applying Postgres index DDL: CREATE INDEX IF NOT EXISTS idx_mediachunks_prev_version ON MediaChunks(prev_version);...
2026-09-17 01:04:18.073 | DEBUG    | tldw_Server_API.app.core.DB_Management.media_db.schema.features.core_media:apply_postgres_core_media_schema:438 - Applying Postgres index DDL: CREATE INDEX IF NOT EXISTS idx_mediachunks_merge_parent_uuid ON MediaChunks(merge_parent_uuid);...
2026-09-17 01:04:18.073 | DEBUG    | tldw_Server_API.app.core.DB_Management.media_db.schema.features.core_media:apply_postgres_core_media_schema:438 - Applying Postgres index DDL: CREATE INDEX IF NOT EXISTS idx_unvectorized_media_chunks_media_id ON UnvectorizedMediaChunks(media_id);...
2026-09-17 01:04:18.073 | DEBUG    | tldw_Server_API.app.core.DB_Management.media_db.schema.features.core_media:apply_postgres_core_media_schema:438 - Applying Postgres index DDL: CREATE INDEX IF NOT EXISTS idx_unvectorized_media_chunks_is_processed ON UnvectorizedMediaChunks(is_processed);...
2026-09-17 01:04:18.073 | DEBUG    | tldw_Server_API.app.core.DB_Management.media_db.schema.features.core_media:apply_postgres_core_media_schema:438 - Applying Postgres index DDL: CREATE INDEX IF NOT EXISTS idx_unvectorized_media_chunks_chunk_type ON UnvectorizedMediaChunks(chunk_type);...
2026-09-17 01:04:18.074 | DEBUG    | tldw_Server_API.app.core.DB_Management.media_db.schema.features.core_media:apply_postgres_core_media_schema:438 - Applying Postgres index DDL: CREATE UNIQUE INDEX IF NOT EXISTS idx_unvectorizedmediachunks_uuid ON UnvectorizedMediaChunks(uuid);...
2026-09-17 01:04:18.074 | DEBUG    | tldw_Server_API.app.core.DB_Management.media_db.schema.features.core_media:apply_postgres_core_media_schema:438 - Applying Postgres index DDL: CREATE INDEX IF NOT EXISTS idx_unvectorizedmediachunks_last_modified ON UnvectorizedMediaChunks(last_modified);...
2026-09-17 01:04:18.074 | DEBUG    | tldw_Server_API.app.core.DB_Management.media_db.schema.features.core_media:apply_postgres_core_media_schema:438 - Applying Postgres index DDL: CREATE INDEX IF NOT EXISTS idx_unvectorizedmediachunks_deleted ON UnvectorizedMediaChunks(deleted);...
2026-09-17 01:04:18.074 | DEBUG    | tldw_Server_API.app.core.DB_Management.media_db.schema.features.core_media:apply_postgres_core_media_schema:438 - Applying Postgres index DDL: CREATE INDEX IF NOT EXISTS idx_unvectorizedmediachunks_prev_version ON UnvectorizedMediaChunks(prev_version);...
2026-09-17 01:04:18.074 | DEBUG    | tldw_Server_API.app.core.DB_Management.media_db.schema.features.core_media:apply_postgres_core_media_schema:438 - Applying Postgres index DDL: CREATE INDEX IF NOT EXISTS idx_unvectorizedmediachunks_merge_parent_uuid ON UnvectorizedMediaChunks(merge_parent_uuid);...
2026-09-17 01:04:18.075 | DEBUG    | tldw_Server_API.app.core.DB_Management.media_db.schema.features.core_media:apply_postgres_core_media_schema:438 - Applying Postgres index DDL: CREATE INDEX IF NOT EXISTS idx_visualdocs_media_id ON VisualDocuments(media_id);...
2026-09-17 01:04:18.075 | DEBUG    | tldw_Server_API.app.core.DB_Management.media_db.schema.features.core_media:apply_postgres_core_media_schema:438 - Applying Postgres index DDL: CREATE UNIQUE INDEX IF NOT EXISTS idx_visualdocs_uuid ON VisualDocuments(uuid);...
2026-09-17 01:04:18.075 | DEBUG    | tldw_Server_API.app.core.DB_Management.media_db.schema.features.core_media:apply_postgres_core_media_schema:438 - Applying Postgres index DDL: CREATE INDEX IF NOT EXISTS idx_visualdocs_last_modified ON VisualDocuments(last_modified);...
2026-09-17 01:04:18.075 | DEBUG    | tldw_Server_API.app.core.DB_Management.media_db.schema.features.core_media:apply_postgres_core_media_schema:438 - Applying Postgres index DDL: CREATE INDEX IF NOT EXISTS idx_visualdocs_deleted ON VisualDocuments(deleted);...
2026-09-17 01:04:18.075 | DEBUG    | tldw_Server_API.app.core.DB_Management.media_db.schema.features.core_media:apply_postgres_core_media_schema:438 - Applying Postgres index DDL: CREATE INDEX IF NOT EXISTS idx_visualdocs_prev_version ON VisualDocuments(prev_version);...
2026-09-17 01:04:18.076 | DEBUG    | tldw_Server_API.app.core.DB_Management.media_db.schema.features.core_media:apply_postgres_core_media_schema:438 - Applying Postgres index DDL: CREATE INDEX IF NOT EXISTS idx_visualdocs_merge_parent_uuid ON VisualDocuments(merge_parent_uuid);...
2026-09-17 01:04:18.076 | DEBUG    | tldw_Server_API.app.core.DB_Management.media_db.schema.features.core_media:apply_postgres_core_media_schema:438 - Applying Postgres index DDL: CREATE INDEX IF NOT EXISTS idx_visualdocs_page_frame ON VisualDocuments(media_id, page_number, frame_index);...
2026-09-17 01:04:18.076 | DEBUG    | tldw_Server_API.app.core.DB_Management.media_db.schema.features.core_media:apply_postgres_core_media_schema:438 - Applying Postgres index DDL: CREATE INDEX IF NOT EXISTS idx_visualdocs_caption ON VisualDocuments(caption);...
2026-09-17 01:04:18.076 | DEBUG    | tldw_Server_API.app.core.DB_Management.media_db.schema.features.core_media:apply_postgres_core_media_schema:438 - Applying Postgres index DDL: CREATE INDEX IF NOT EXISTS idx_visualdocs_tags ON VisualDocuments(tags);...
2026-09-17 01:04:18.077 | DEBUG    | tldw_Server_API.app.core.DB_Management.media_db.schema.features.core_media:apply_postgres_core_media_schema:438 - Applying Postgres index DDL: CREATE INDEX IF NOT EXISTS idx_document_versions_media_id ON DocumentVersions(media_id);...
2026-09-17 01:04:18.077 | DEBUG    | tldw_Server_API.app.core.DB_Management.media_db.schema.features.core_media:apply_postgres_core_media_schema:438 - Applying Postgres index DDL: CREATE INDEX IF NOT EXISTS idx_document_versions_version_number ON DocumentVersions(version_number);...
2026-09-17 01:04:18.077 | DEBUG    | tldw_Server_API.app.core.DB_Management.media_db.schema.features.core_media:apply_postgres_core_media_schema:438 - Applying Postgres index DDL: CREATE UNIQUE INDEX IF NOT EXISTS idx_documentversions_uuid ON DocumentVersions(uuid);...
2026-09-17 01:04:18.077 | DEBUG    | tldw_Server_API.app.core.DB_Management.media_db.schema.features.core_media:apply_postgres_core_media_schema:438 - Applying Postgres index DDL: CREATE INDEX IF NOT EXISTS idx_documentversions_last_modified ON DocumentVersions(last_modified);...
2026-09-17 01:04:18.077 | DEBUG    | tldw_Server_API.app.core.DB_Management.media_db.schema.features.core_media:apply_postgres_core_media_schema:438 - Applying Postgres index DDL: CREATE INDEX IF NOT EXISTS idx_documentversions_deleted ON DocumentVersions(deleted);...
2026-09-17 01:04:18.078 | DEBUG    | tldw_Server_API.app.core.DB_Management.media_db.schema.features.core_media:apply_postgres_core_media_schema:438 - Applying Postgres index DDL: CREATE INDEX IF NOT EXISTS idx_documentversions_prev_version ON DocumentVersions(prev_version);...
2026-09-17 01:04:18.078 | DEBUG    | tldw_Server_API.app.core.DB_Management.media_db.schema.features.core_media:apply_postgres_core_media_schema:438 - Applying Postgres index DDL: CREATE INDEX IF NOT EXISTS idx_documentversions_merge_parent_uuid ON DocumentVersions(merge_parent_uuid);...
2026-09-17 01:04:18.078 | DEBUG    | tldw_Server_API.app.core.DB_Management.media_db.schema.features.core_media:apply_postgres_core_media_schema:438 - Applying Postgres index DDL: CREATE INDEX IF NOT EXISTS idx_dvi_doi ON DocumentVersionIdentifiers(doi);...
2026-09-17 01:04:18.078 | DEBUG    | tldw_Server_API.app.core.DB_Management.media_db.schema.features.core_media:apply_postgres_core_media_schema:438 - Applying Postgres index DDL: CREATE INDEX IF NOT EXISTS idx_dvi_pmid ON DocumentVersionIdentifiers(pmid);...
2026-09-17 01:04:18.078 | DEBUG    | tldw_Server_API.app.core.DB_Management.media_db.schema.features.core_media:apply_postgres_core_media_schema:438 - Applying Postgres index DDL: CREATE INDEX IF NOT EXISTS idx_dvi_pmcid ON DocumentVersionIdentifiers(pmcid);...
2026-09-17 01:04:18.079 | DEBUG    | tldw_Server_API.app.core.DB_Management.media_db.schema.features.core_media:apply_postgres_core_media_schema:438 - Applying Postgres index DDL: CREATE INDEX IF NOT EXISTS idx_dvi_arxiv ON DocumentVersionIdentifiers(arxiv_id);...
2026-09-17 01:04:18.079 | DEBUG    | tldw_Server_API.app.core.DB_Management.media_db.schema.features.core_media:apply_postgres_core_media_schema:438 - Applying Postgres index DDL: CREATE INDEX IF NOT EXISTS idx_dvi_s2 ON DocumentVersionIdentifiers(s2_paper_id);...
2026-09-17 01:04:18.079 | DEBUG    | tldw_Server_API.app.core.DB_Management.media_db.schema.features.core_media:apply_postgres_core_media_schema:438 - Applying Postgres index DDL: CREATE INDEX IF NOT EXISTS idx_dsi_media_kind ON DocumentStructureIndex(media_id, kind);...
2026-09-17 01:04:18.079 | DEBUG    | tldw_Server_API.app.core.DB_Management.media_db.schema.features.core_media:apply_postgres_core_media_schema:438 - Applying Postgres index DDL: CREATE INDEX IF NOT EXISTS idx_dsi_media_start ON DocumentStructureIndex(media_id, start_char);...
2026-09-17 01:04:18.080 | DEBUG    | tldw_Server_API.app.core.DB_Management.media_db.schema.features.core_media:apply_postgres_core_media_schema:438 - Applying Postgres index DDL: CREATE INDEX IF NOT EXISTS idx_dsi_media_parent ON DocumentStructureIndex(parent_id);...
2026-09-17 01:04:18.080 | DEBUG    | tldw_Server_API.app.core.DB_Management.media_db.schema.features.core_media:apply_postgres_core_media_schema:438 - Applying Postgres index DDL: CREATE INDEX IF NOT EXISTS idx_dsi_media_path ON DocumentStructureIndex(media_id, path);...
2026-09-17 01:04:18.080 | DEBUG    | tldw_Server_API.app.core.DB_Management.media_db.schema.features.core_media:apply_postgres_core_media_schema:438 - Applying Postgres index DDL: CREATE INDEX IF NOT EXISTS idx_sync_log_ts ON sync_log(timestamp);...
2026-09-17 01:04:18.080 | DEBUG    | tldw_Server_API.app.core.DB_Management.media_db.schema.features.core_media:apply_postgres_core_media_schema:438 - Applying Postgres index DDL: CREATE INDEX IF NOT EXISTS idx_sync_log_entity_uuid ON sync_log(entity_uuid);...
2026-09-17 01:04:18.080 | DEBUG    | tldw_Server_API.app.core.DB_Management.media_db.schema.features.core_media:apply_postgres_core_media_schema:438 - Applying Postgres index DDL: CREATE INDEX IF NOT EXISTS idx_sync_log_client_id ON sync_log(client_id);...
2026-09-17 01:04:18.081 | DEBUG    | tldw_Server_API.app.core.DB_Management.media_db.schema.features.core_media:apply_postgres_core_media_schema:438 - Applying Postgres index DDL: CREATE INDEX IF NOT EXISTS idx_sync_log_org_id ON sync_log(org_id);...
2026-09-17 01:04:18.081 | DEBUG    | tldw_Server_API.app.core.DB_Management.media_db.schema.features.core_media:apply_postgres_core_media_schema:438 - Applying Postgres index DDL: CREATE INDEX IF NOT EXISTS idx_sync_log_team_id ON sync_log(team_id);...
2026-09-17 01:04:18.081 | DEBUG    | tldw_Server_API.app.core.DB_Management.media_db.schema.features.core_media:apply_postgres_core_media_schema:438 - Applying Postgres index DDL: CREATE UNIQUE INDEX IF NOT EXISTS idx_unique_template_name ON ChunkingTemplates(name) WHERE deleted = FALSE;...
2026-09-17 01:04:18.082 | DEBUG    | tldw_Server_API.app.core.DB_Management.media_db.schema.features.core_media:apply_postgres_core_media_schema:438 - Applying Postgres index DDL: CREATE INDEX IF NOT EXISTS idx_template_is_builtin ON ChunkingTemplates(is_builtin);...
2026-09-17 01:04:18.082 | DEBUG    | tldw_Server_API.app.core.DB_Management.media_db.schema.features.core_media:apply_postgres_core_media_schema:438 - Applying Postgres index DDL: CREATE INDEX IF NOT EXISTS idx_template_deleted ON ChunkingTemplates(deleted);...
2026-09-17 01:04:18.082 | DEBUG    | tldw_Server_API.app.core.DB_Management.media_db.schema.features.core_media:apply_postgres_core_media_schema:438 - Applying Postgres index DDL: CREATE INDEX IF NOT EXISTS idx_template_tags ON ChunkingTemplates(tags);...
2026-09-17 01:04:18.154 | DEBUG    | tldw_Server_API.app.core.DB_Management.media_db.runtime.bootstrap_lifecycle_ops:initialize_media_database:138 - Database initialization completed successfully for /private/var/folders/sn/m80n2j152t9gw3w8qwk2nykh0000gn/T/pytest-of-macbook-dev/pytest-686/test_unknown_operation_literal1/media.db
2026-09-17 01:04:18.164 | INFO     | tldw_Server_API.app.core.DB_Management.media_db.runtime.bootstrap_lifecycle_ops:initialize_media_database:79 - Initializing Database object for path: /private/var/folders/sn/m80n2j152t9gw3w8qwk2nykh0000gn/T/pytest-of-macbook-dev/pytest-686/test_unknown_operation_literal1/media.db [Client ID: 2]
2026-09-17 01:04:18.225 | DEBUG    | tldw_Server_API.app.core.DB_Management.media_db.runtime.bootstrap_lifecycle_ops:initialize_media_database:138 - Database initialization completed successfully for /private/var/folders/sn/m80n2j152t9gw3w8qwk2nykh0000gn/T/pytest-of-macbook-dev/pytest-686/test_unknown_operation_literal1/media.db
=========================== short test summary info ============================
FAILED .tmp/uat218-independent-20260917/test_operation_literal_whitespace_probe.py::test_unknown_operation_literal_is_not_rewritten_on_reopen[trailing-space]
FAILED .tmp/uat218-independent-20260917/test_operation_literal_whitespace_probe.py::test_unknown_operation_literal_is_not_rewritten_on_reopen[embedded-space]
========================= 2 failed, 1 warning in 0.96s =========================
