============================= test session starts ==============================
platform darwin -- Python 3.11.13, pytest-8.4.1, pluggy-1.6.0
benchmark: 5.2.3 (defaults: timer=time.perf_counter disable_gc=False min_rounds=5 min_time=0.000005 max_time=1.0 calibration_precision=10 warmup=False warmup_iterations=100000)
Using --randomly-seed=4289071091
rootdir: /Users/macbook-dev/Documents/GitHub/tldw_server2
configfile: pyproject.toml
plugins: anyio-4.12.1, benchmark-5.2.3, locust-2.43.3, asyncio-1.1.0, xdist-3.8.0, split-0.11.0, timeout-2.4.0, randomly-4.1.0, hypothesis-6.138.2, cov-6.2.1, mock-3.14.1
asyncio: mode=Mode.AUTO, asyncio_default_fixture_loop_scope=function, asyncio_default_test_loop_scope=function
timeout: 300.0s
timeout method: thread
timeout func_only: False
collected 26 items / 23 deselected / 3 selected

tldw_Server_API/tests/Chat/integration/test_persona_backed_chat_conversations.py 2026-09-15 21:59:55.188 | INFO     | trace= span= tp= req= job= ps=: | tldw_Server_API.app.core.Jobs.manager:acquire_next_job:6185 - [JM TEST] acquire_next_job enter backend=sqlite domain=chatbooks queue=default job_type=None owner=None gate=False db=/Users/macbook-dev/Documents/GitHub/tldw_server2/Databases/jobs.db
2026-09-15 21:59:55.191 | INFO     | trace= span= tp= req= job= ps=: | tldw_Server_API.app.core.Jobs.manager:acquire_next_job:6196 - [JM TEST] queue flags paused=False drain=False
2026-09-15 21:59:55.193 | INFO     | trace= span= tp= req= job= ps=: | tldw_Server_API.app.core.Jobs.manager:acquire_next_job:6209 - [JM TEST] inflight quota=0 owner=None
F [ 33%]
FF                                                                       [100%]2026-09-15 22:00:04.327 | INFO     | trace= span= tp= req= job= ps=: | tldw_Server_API.app.core.config:_buffered_log:210 - Determined ACTUAL_PROJECT_ROOT for database paths: /Users/macbook-dev/Documents/GitHub/tldw_server2
2026-09-15 22:00:04.329 | INFO     | trace= span= tp= req= job= ps=: | tldw_Server_API.app.core.config:_buffered_log:210 - Early loading environment variables from: /Users/macbook-dev/Documents/GitHub/tldw_server2/tldw_Server_API/Config_Files/.env
2026-09-15 22:00:04.344 | INFO     | trace= span= tp= req= job= ps=: | tldw_Server_API.app.core.config:_buffered_log:210 - Early loading environment variables from: /Users/macbook-dev/Documents/GitHub/tldw_server2/tldw_Server_API/Config_Files/.ENV
2026-09-15 22:00:04.359 | INFO     | trace= span= tp= req= job= ps=: | tldw_Server_API.app.core.config:_buffered_log:210 - Loading environment variables from: /Users/macbook-dev/Documents/GitHub/tldw_server2/tldw_Server_API/Config_Files/.env
2026-09-15 22:00:04.371 | INFO     | trace= span= tp= req= job= ps=: | tldw_Server_API.app.core.config:_buffered_log:210 - Loading environment variables from: /Users/macbook-dev/Documents/GitHub/tldw_server2/tldw_Server_API/Config_Files/.ENV
2026-09-15 22:00:04.387 | INFO     | trace= span= tp= req= job= ps=: | tldw_Server_API.app.core.config:_buffered_log:210 - Attempting to load comprehensive config from: /Users/macbook-dev/Documents/GitHub/tldw_server2/tldw_Server_API/Config_Files/config.txt
2026-09-15 22:00:04.395 | INFO     | trace= span= tp= req= job= ps=: | tldw_Server_API.app.core.config:_buffered_log:210 - load_comprehensive_config(): Sections found in config: ['Setup', 'UI', 'Server', 'Files', 'Image-Generation', 'ACP', 'WORKSPACES', 'ACP-WORKSPACE', 'ACP-SANDBOX', 'Audit', 'Processing', 'Media-Processing', 'Chat-Dictionaries', 'Chat-Module', 'Chat-Commands', 'Chat-Templating', 'Character-Chat', 'Settings', 'Auto-Save', 'Prompts', 'Database', 'Chunking', 'Visual-RAG', 'AuthNZ', 'Streaming', 'HTTP', 'Egress', 'Embeddings', 'Claims', 'ClaimsMonitoring', 'RAG', 'Search-Agent', 'ResourceGovernor', 'Jobs', 'SlidesStandaloneHtml', 'Diarization', 'API', 'MLX', 'Local-API', 'LlamaCpp', 'STT-Settings', 'external_providers', 'TTS-Settings', 'VibeVoice', 'Audio-Quota', 'API-Routes', 'Search-Engines', 'Web-Scraper', 'Logging', 'Moderation', 'Redis', 'Web-Scraping', 'personalization', 'persona', 'persona.rbac']
2026-09-15 22:00:04.401 | INFO     | trace= span= tp= req= job= ps=: | tldw_Server_API.app.core.config:_buffered_log:210 - Ensured main SQLite database directory exists: /Users/macbook-dev/Documents/GitHub/tldw_server2/Databases
2026-09-15 22:00:04.402 | INFO     | trace= span= tp= req= job= ps=: | tldw_Server_API.app.core.config:_buffered_log:210 - Ensured user data base directory exists: Databases/user_databases
2026-09-15 22:00:04.404 | INFO     | trace= span= tp= req= job= ps=: | tldw_Server_API.app.api.v1.API_Deps.Audit_DB_Deps:shutdown_all_audit_services:1034 - Shutting down audit services for 0 instances...
2026-09-15 22:00:04.404 | INFO     | trace= span= tp= req= job= ps=: | tldw_Server_API.app.api.v1.API_Deps.Audit_DB_Deps:shutdown_all_audit_services:1091 - All audit services shut down successfully.
2026-09-15 22:00:04.438 | WARNING  | trace= span= tp= req= job= ps=: | tldw_Server_API.app.core.AuthNZ.settings:_validate_api_key:1013 - SINGLE_USER_API_KEY uses a legacy format; generate a new server-generated key for improved security.
2026-09-15 22:00:04.439 | INFO     | trace= span= tp= req= job= ps=: | tldw_Server_API.app.core.AuthNZ.settings:get_settings:1588 - Settings initialized - Auth mode: single_user, profile=local-single-user
2026-09-15 22:00:04.440 | INFO     | trace= span= tp= req= job= ps=: | tldw_Server_API.app.core.AuthNZ.db_config:_detect_backend:83 - Detected database backend: sqlite
2026-09-15 22:00:04.441 | INFO     | trace= span= tp= req= job= ps=: | tldw_Server_API.app.core.AuthNZ.database:close:1665 - Database pool closed
2026-09-15 22:00:04.443 | INFO     | trace= span= tp= req= job= ps=: | tldw_Server_API.app.core.MCP_unified.server:shutdown:885 - Shutting down MCP Server
2026-09-15 22:00:04.444 | INFO     | trace= span= tp= req= job= ps=: | tldw_Server_API.app.core.MCP_unified.modules.registry:shutdown_all:530 - Shutting down all modules
2026-09-15 22:00:04.445 | INFO     | trace= span= tp= req= job= ps=: | tldw_Server_API.app.core.MCP_unified.modules.registry:shutdown_all:559 - All modules shut down
2026-09-15 22:00:04.448 | WARNING  | trace= span= tp= req= job= ps=: | tldw_Server_API.app.core.DB_Management.db_path_utils:resolve_user_db_base_dir:491 - USER_DB_BASE_DIR not configured in tests, using isolated fallback: /private/var/folders/sn/m80n2j152t9gw3w8qwk2nykh0000gn/T/tldw_user_databases_test/default-c1688388
2026-09-15 22:00:04.453 | INFO     | trace= span= tp= req= job= ps=: | tldw_Server_API.app.core.DB_Management.Workflows_Scheduler_DB:__init__:210 - WorkflowsSchedulerDB using SQLite path: /private/var/folders/sn/m80n2j152t9gw3w8qwk2nykh0000gn/T/tldw_user_databases_test/default-c1688388/1/workflows/workflows_scheduler.db
2026-09-15 22:00:04.455 | INFO     | trace= span= tp= req= job= ps=: | tldw_Server_API.app.services.workflows_scheduler:stop:183 - Workflows recurring scheduler stopped
2026-09-15 22:00:04.456 | INFO     | trace= span= tp= req= job= ps=: | tldw_Server_API.app.api.v1.API_Deps.ChaCha_Notes_DB_Deps:close_all_chacha_db_instances:862 - Closing all cached ChaChaNotesDB instances (0)...
2026-09-15 22:00:04.457 | INFO     | trace= span= tp= req= job= ps=: | tldw_Server_API.app.api.v1.API_Deps.ChaCha_Notes_DB_Deps:close_all_chacha_db_instances:878 - All ChaChaNotesDB instances closed and cache cleared.


=================================== FAILURES ===================================
____ test_failed_retry_refuses_extra_unmatched_users_without_partial_writes ____
tldw_Server_API/tests/Chat/integration/test_persona_backed_chat_conversations.py:328: in test_failed_retry_refuses_extra_unmatched_users_without_partial_writes
    assert response.status_code == 409
E   assert 200 == 409
E    +  where 200 = <Response [200 OK]>.status_code
---------------------------- Captured stderr setup -----------------------------
2026-09-15 21:59:52.289 | INFO     | trace= span= tp= req= job= ps=: | tldw_Server_API.app.core.DB_Management.ChaChaNotes_DB:__init__:7605 - Initializing CharactersRAGDB for path: /private/var/folders/sn/m80n2j152t9gw3w8qwk2nykh0000gn/T/pytest-of-macbook-dev/pytest-11851/test_failed_retry_refuses_extr0/user_dbs/1/ChaChaNotes.db [Client ID: 1] (backend=sqlite)
2026-09-15 21:59:52.291 | INFO     | trace= span= tp= req= job= ps=: | tldw_Server_API.app.core.DB_Management.ChaChaNotes_DB:_initialize_schema_sqlite:20154 - Checking DB schema 'rag_char_chat_schema'. Current version: 0. Code supports: 67
2026-09-15 21:59:52.291 | INFO     | trace= span= tp= req= job= ps=: | tldw_Server_API.app.core.DB_Management.ChaChaNotes_DB:_apply_schema_v4:8623 - Applying schema Version 4 for 'rag_char_chat_schema' to DB: /private/var/folders/sn/m80n2j152t9gw3w8qwk2nykh0000gn/T/pytest-of-macbook-dev/pytest-11851/test_failed_retry_refuses_extr0/user_dbs/1/ChaChaNotes.db...
2026-09-15 21:59:52.299 | INFO     | trace= span= tp= req= job= ps=: | tldw_Server_API.app.core.DB_Management.ChaChaNotes_DB:_apply_schema_v4:8633 - [rag_char_chat_schema V4] Schema 4 applied and version confirmed for DB: /private/var/folders/sn/m80n2j152t9gw3w8qwk2nykh0000gn/T/pytest-of-macbook-dev/pytest-11851/test_failed_retry_refuses_extr0/user_dbs/1/ChaChaNotes.db.
2026-09-15 21:59:52.300 | INFO     | trace= span= tp= req= job= ps=: | tldw_Server_API.app.core.DB_Management.ChaChaNotes_DB:_migrate_from_v4_to_v5:8680 - Migrating 'rag_char_chat_schema' schema from V4 to V5 for DB: /private/var/folders/sn/m80n2j152t9gw3w8qwk2nykh0000gn/T/pytest-of-macbook-dev/pytest-11851/test_failed_retry_refuses_extr0/user_dbs/1/ChaChaNotes.db...
2026-09-15 21:59:52.303 | INFO     | trace= span= tp= req= job= ps=: | tldw_Server_API.app.core.DB_Management.ChaChaNotes_DB:_migrate_from_v4_to_v5:8687 - [rag_char_chat_schema] Migration to V5 completed.
2026-09-15 21:59:52.304 | INFO     | trace= span= tp= req= job= ps=: | tldw_Server_API.app.core.DB_Management.ChaChaNotes_DB:_migrate_from_v5_to_v6:8701 - Migrating 'rag_char_chat_schema' schema from V5 to V6 for DB: /private/var/folders/sn/m80n2j152t9gw3w8qwk2nykh0000gn/T/pytest-of-macbook-dev/pytest-11851/test_failed_retry_refuses_extr0/user_dbs/1/ChaChaNotes.db...
2026-09-15 21:59:52.307 | INFO     | trace= span= tp= req= job= ps=: | tldw_Server_API.app.core.DB_Management.ChaChaNotes_DB:_migrate_from_v5_to_v6:8708 - [rag_char_chat_schema] Migration to V6 completed.
2026-09-15 21:59:52.308 | INFO     | trace= span= tp= req= job= ps=: | tldw_Server_API.app.core.DB_Management.ChaChaNotes_DB:_migrate_from_v6_to_v7:8720 - Migrating 'rag_char_chat_schema' schema from V6 to V7 for DB: /private/var/folders/sn/m80n2j152t9gw3w8qwk2nykh0000gn/T/pytest-of-macbook-dev/pytest-11851/test_failed_retry_refuses_extr0/user_dbs/1/ChaChaNotes.db...
2026-09-15 21:59:52.310 | INFO     | trace= span= tp= req= job= ps=: | tldw_Server_API.app.core.DB_Management.ChaChaNotes_DB:_migrate_from_v6_to_v7:8727 - [rag_char_chat_schema] Migration to V7 completed.
2026-09-15 21:59:52.310 | INFO     | trace= span= tp= req= job= ps=: | tldw_Server_API.app.core.DB_Management.ChaChaNotes_DB:_migrate_from_v7_to_v8:8739 - Migrating 'rag_char_chat_schema' schema from V7 to V8 for DB: /private/var/folders/sn/m80n2j152t9gw3w8qwk2nykh0000gn/T/pytest-of-macbook-dev/pytest-11851/test_failed_retry_refuses_extr0/user_dbs/1/ChaChaNotes.db...
2026-09-15 21:59:52.311 | INFO     | trace= span= tp= req= job= ps=: | tldw_Server_API.app.core.DB_Management.ChaChaNotes_DB:_migrate_from_v7_to_v8:8746 - [rag_char_chat_schema] Migration to V8 completed.
2026-09-15 21:59:52.311 | INFO     | trace= span= tp= req= job= ps=: | tldw_Server_API.app.core.DB_Management.ChaChaNotes_DB:_migrate_from_v8_to_v9:8758 - Migrating 'rag_char_chat_schema' schema from V8 to V9 for DB: /private/var/folders/sn/m80n2j152t9gw3w8qwk2nykh0000gn/T/pytest-of-macbook-dev/pytest-11851/test_failed_retry_refuses_extr0/user_dbs/1/ChaChaNotes.db...
2026-09-15 21:59:52.312 | INFO     | trace= span= tp= req= job= ps=: | tldw_Server_API.app.core.DB_Management.ChaChaNotes_DB:_migrate_from_v8_to_v9:8765 - [rag_char_chat_schema] Migration to V9 completed.
2026-09-15 21:59:52.313 | INFO     | trace= span= tp= req= job= ps=: | tldw_Server_API.app.core.DB_Management.ChaChaNotes_DB:_migrate_from_v9_to_v10:8777 - Migrating 'rag_char_chat_schema' schema from V9 to V10 for DB: /private/var/folders/sn/m80n2j152t9gw3w8qwk2nykh0000gn/T/pytest-of-macbook-dev/pytest-11851/test_failed_retry_refuses_extr0/user_dbs/1/ChaChaNotes.db...
2026-09-15 21:59:52.322 | INFO     | trace= span= tp= req= job= ps=: | tldw_Server_API.app.core.DB_Management.ChaChaNotes_DB:_migrate_from_v9_to_v10:8785 - [rag_char_chat_schema] Migration to V10 completed.
2026-09-15 21:59:52.323 | INFO     | trace= span= tp= req= job= ps=: | tldw_Server_API.app.core.DB_Management.ChaChaNotes_DB:_migrate_from_v10_to_v11:8797 - Migrating 'rag_char_chat_schema' schema from V10 to V11 for DB: /private/var/folders/sn/m80n2j152t9gw3w8qwk2nykh0000gn/T/pytest-of-macbook-dev/pytest-11851/test_failed_retry_refuses_extr0/user_dbs/1/ChaChaNotes.db...
2026-09-15 21:59:52.330 | INFO     | trace= span= tp= req= job= ps=: | tldw_Server_API.app.core.DB_Management.ChaChaNotes_DB:_migrate_from_v10_to_v11:8816 - [rag_char_chat_schema] Migration to V11 completed.
2026-09-15 21:59:52.331 | INFO     | trace= span= tp= req= job= ps=: | tldw_Server_API.app.core.DB_Management.ChaChaNotes_DB:_migrate_from_v11_to_v12:8828 - Migrating 'rag_char_chat_schema' schema from V11 to V12 for DB: /private/var/folders/sn/m80n2j152t9gw3w8qwk2nykh0000gn/T/pytest-of-macbook-dev/pytest-11851/test_failed_retry_refuses_extr0/user_dbs/1/ChaChaNotes.db...
2026-09-15 21:59:52.333 | INFO     | trace= span= tp= req= job= ps=: | tldw_Server_API.app.core.DB_Management.ChaChaNotes_DB:_migrate_from_v11_to_v12:8836 - [rag_char_chat_schema] Migration to V12 completed.
2026-09-15 21:59:52.333 | INFO     | trace= span= tp= req= job= ps=: | tldw_Server_API.app.core.DB_Management.ChaChaNotes_DB:_migrate_from_v12_to_v13:8848 - Migrating 'rag_char_chat_schema' schema from V12 to V13 for DB: /private/var/folders/sn/m80n2j152t9gw3w8qwk2nykh0000gn/T/pytest-of-macbook-dev/pytest-11851/test_failed_retry_refuses_extr0/user_dbs/1/ChaChaNotes.db...
2026-09-15 21:59:52.334 | INFO     | trace= span= tp= req= job= ps=: | tldw_Server_API.app.core.DB_Management.ChaChaNotes_DB:_migrate_from_v12_to_v13:8856 - [rag_char_chat_schema] Migration to V13 completed.
2026-09-15 21:59:52.335 | INFO     | trace= span= tp= req= job= ps=: | tldw_Server_API.app.core.DB_Management.ChaChaNotes_DB:_migrate_from_v13_to_v14:8868 - Migrating 'rag_char_chat_schema' schema from V13 to V14 for DB: /private/var/folders/sn/m80n2j152t9gw3w8qwk2nykh0000gn/T/pytest-of-macbook-dev/pytest-11851/test_failed_retry_refuses_extr0/user_dbs/1/ChaChaNotes.db...
2026-09-15 21:59:52.343 | INFO     | trace= span= tp= req= job= ps=: | tldw_Server_API.app.core.DB_Management.ChaChaNotes_DB:_migrate_from_v13_to_v14:8934 - [rag_char_chat_schema] Migration to V14 completed.
2026-09-15 21:59:52.343 | INFO     | trace= span= tp= req= job= ps=: | tldw_Server_API.app.core.DB_Management.ChaChaNotes_DB:_migrate_from_v14_to_v15:8946 - Migrating 'rag_char_chat_schema' schema from V14 to V15 for DB: /private/var/folders/sn/m80n2j152t9gw3w8qwk2nykh0000gn/T/pytest-of-macbook-dev/pytest-11851/test_failed_retry_refuses_extr0/user_dbs/1/ChaChaNotes.db...
2026-09-15 21:59:52.346 | INFO     | trace= span= tp= req= job= ps=: | tldw_Server_API.app.core.DB_Management.ChaChaNotes_DB:_migrate_from_v14_to_v15:8954 - [rag_char_chat_schema] Migration to V15 completed.
2026-09-15 21:59:52.347 | INFO     | trace= span= tp= req= job= ps=: | tldw_Server_API.app.core.DB_Management.ChaChaNotes_DB:_migrate_from_v15_to_v16:8966 - Migrating 'rag_char_chat_schema' schema from V15 to V16 for DB: /private/var/folders/sn/m80n2j152t9gw3w8qwk2nykh0000gn/T/pytest-of-macbook-dev/pytest-11851/test_failed_retry_refuses_extr0/user_dbs/1/ChaChaNotes.db...
2026-09-15 21:59:52.348 | INFO     | trace= span= tp= req= job= ps=: | tldw_Server_API.app.core.DB_Management.ChaChaNotes_DB:_migrate_from_v15_to_v16:8974 - [rag_char_chat_schema] Migration to V16 completed.
2026-09-15 21:59:52.348 | INFO     | trace= span= tp= req= job= ps=: | tldw_Server_API.app.core.DB_Management.ChaChaNotes_DB:_migrate_from_v16_to_v17:8986 - Migrating 'rag_char_chat_schema' schema from V16 to V17 for DB: /private/var/folders/sn/m80n2j152t9gw3w8qwk2nykh0000gn/T/pytest-of-macbook-dev/pytest-11851/test_failed_retry_refuses_extr0/user_dbs/1/ChaChaNotes.db...
2026-09-15 21:59:52.349 | INFO     | trace= span= tp= req= job= ps=: | tldw_Server_API.app.core.DB_Management.ChaChaNotes_DB:_migrate_from_v16_to_v17:9013 - [rag_char_chat_schema] Migration to V17 completed.
2026-09-15 21:59:52.350 | INFO     | trace= span= tp= req= job= ps=: | tldw_Server_API.app.core.DB_Management.ChaChaNotes_DB:_migrate_from_v17_to_v18:9025 - Migrating 'rag_char_chat_schema' schema from V17 to V18 for DB: /private/var/folders/sn/m80n2j152t9gw3w8qwk2nykh0000gn/T/pytest-of-macbook-dev/pytest-11851/test_failed_retry_refuses_extr0/user_dbs/1/ChaChaNotes.db...
2026-09-15 21:59:52.351 | INFO     | trace= span= tp= req= job= ps=: | tldw_Server_API.app.core.DB_Management.ChaChaNotes_DB:_migrate_from_v17_to_v18:9033 - [rag_char_chat_schema] Migration to V18 completed.
2026-09-15 21:59:52.351 | INFO     | trace= span= tp= req= job= ps=: | tldw_Server_API.app.core.DB_Management.ChaChaNotes_DB:_migrate_from_v18_to_v19:9045 - Migrating 'rag_char_chat_schema' schema from V18 to V19 for DB: /private/var/folders/sn/m80n2j152t9gw3w8qwk2nykh0000gn/T/pytest-of-macbook-dev/pytest-11851/test_failed_retry_refuses_extr0/user_dbs/1/ChaChaNotes.db...
2026-09-15 21:59:52.352 | INFO     | trace= span= tp= req= job= ps=: | tldw_Server_API.app.core.DB_Management.ChaChaNotes_DB:_migrate_from_v18_to_v19:9053 - [rag_char_chat_schema] Migration to V19 completed.
2026-09-15 21:59:52.352 | INFO     | trace= span= tp= req= job= ps=: | tldw_Server_API.app.core.DB_Management.ChaChaNotes_DB:_migrate_from_v19_to_v20:9065 - Migrating 'rag_char_chat_schema' schema from V19 to V20 for DB: /private/var/folders/sn/m80n2j152t9gw3w8qwk2nykh0000gn/T/pytest-of-macbook-dev/pytest-11851/test_failed_retry_refuses_extr0/user_dbs/1/ChaChaNotes.db...
2026-09-15 21:59:52.353 | INFO     | trace= span= tp= req= job= ps=: | tldw_Server_API.app.core.DB_Management.ChaChaNotes_DB:_migrate_from_v19_to_v20:9073 - [rag_char_chat_schema] Migration to V20 completed.
2026-09-15 21:59:52.354 | INFO     | trace= span= tp= req= job= ps=: | tldw_Server_API.app.core.DB_Management.ChaChaNotes_DB:_migrate_from_v20_to_v21:9085 - Migrating 'rag_char_chat_schema' schema from V20 to V21 for DB: /private/var/folders/sn/m80n2j152t9gw3w8qwk2nykh0000gn/T/pytest-of-macbook-dev/pytest-11851/test_failed_retry_refuses_extr0/user_dbs/1/ChaChaNotes.db...
2026-09-15 21:59:52.354 | INFO     | trace= span= tp= req= job= ps=: | tldw_Server_API.app.core.DB_Management.ChaChaNotes_DB:_migrate_from_v20_to_v21:9093 - [rag_char_chat_schema] Migration to V21 completed.
2026-09-15 21:59:52.355 | INFO     | trace= span= tp= req= job= ps=: | tldw_Server_API.app.core.DB_Management.ChaChaNotes_DB:_migrate_from_v21_to_v22:9105 - Migrating 'rag_char_chat_schema' schema from V21 to V22 for DB: /private/var/folders/sn/m80n2j152t9gw3w8qwk2nykh0000gn/T/pytest-of-macbook-dev/pytest-11851/test_failed_retry_refuses_extr0/user_dbs/1/ChaChaNotes.db...
2026-09-15 21:59:52.356 | INFO     | trace= span= tp= req= job= ps=: | tldw_Server_API.app.core.DB_Management.ChaChaNotes_DB:_migrate_from_v21_to_v22:9113 - [rag_char_chat_schema] Migration to V22 completed.
2026-09-15 21:59:52.357 | INFO     | trace= span= tp= req= job= ps=: | tldw_Server_API.app.core.DB_Management.ChaChaNotes_DB:_migrate_from_v22_to_v23:9125 - Migrating 'rag_char_chat_schema' schema from V22 to V23 for DB: /private/var/folders/sn/m80n2j152t9gw3w8qwk2nykh0000gn/T/pytest-of-macbook-dev/pytest-11851/test_failed_retry_refuses_extr0/user_dbs/1/ChaChaNotes.db...
2026-09-15 21:59:52.366 | INFO     | trace= span= tp= req= job= ps=: | tldw_Server_API.app.core.DB_Management.ChaChaNotes_DB:_migrate_from_v22_to_v23:9133 - [rag_char_chat_schema] Migration to V23 completed.
2026-09-15 21:59:52.367 | INFO     | trace= span= tp= req= job= ps=: | tldw_Server_API.app.core.DB_Management.ChaChaNotes_DB:_migrate_from_v23_to_v24:9145 - Migrating 'rag_char_chat_schema' schema from V23 to V24 for DB: /private/var/folders/sn/m80n2j152t9gw3w8qwk2nykh0000gn/T/pytest-of-macbook-dev/pytest-11851/test_failed_retry_refuses_extr0/user_dbs/1/ChaChaNotes.db...
2026-09-15 21:59:52.377 | INFO     | trace= span= tp= req= job= ps=: | tldw_Server_API.app.core.DB_Management.ChaChaNotes_DB:_migrate_from_v23_to_v24:9153 - [rag_char_chat_schema] Migration to V24 completed.
2026-09-15 21:59:52.377 | INFO     | trace= span= tp= req= job= ps=: | tldw_Server_API.app.core.DB_Management.ChaChaNotes_DB:_migrate_from_v24_to_v25:9165 - Migrating 'rag_char_chat_schema' schema from V24 to V25 for DB: /private/var/folders/sn/m80n2j152t9gw3w8qwk2nykh0000gn/T/pytest-of-macbook-dev/pytest-11851/test_failed_retry_refuses_extr0/user_dbs/1/ChaChaNotes.db...
2026-09-15 21:59:52.384 | INFO     | trace= span= tp= req= job= ps=: | tldw_Server_API.app.core.DB_Management.ChaChaNotes_DB:_migrate_from_v24_to_v25:9191 - [rag_char_chat_schema] Migration to V25 completed.
2026-09-15 21:59:52.385 | INFO     | trace= span= tp= req= job= ps=: | tldw_Server_API.app.core.DB_Management.ChaChaNotes_DB:_migrate_from_v25_to_v26:9203 - Migrating 'rag_char_chat_schema' schema from V25 to V26 for DB: /private/var/folders/sn/m80n2j152t9gw3w8qwk2nykh0000gn/T/pytest-of-macbook-dev/pytest-11851/test_failed_retry_refuses_extr0/user_dbs/1/ChaChaNotes.db...
2026-09-15 21:59:52.390 | INFO     | trace= span= tp= req= job= ps=: | tldw_Server_API.app.core.DB_Management.ChaChaNotes_DB:_migrate_from_v25_to_v26:9211 - [rag_char_chat_schema] Migration to V26 completed.
2026-09-15 21:59:52.390 | INFO     | trace= span= tp= req= job= ps=: | tldw_Server_API.app.core.DB_Management.ChaChaNotes_DB:_migrate_from_v26_to_v27:9223 - Migrating 'rag_char_chat_schema' schema from V26 to V27 for DB: /private/var/folders/sn/m80n2j152t9gw3w8qwk2nykh0000gn/T/pytest-of-macbook-dev/pytest-11851/test_failed_retry_refuses_extr0/user_dbs/1/ChaChaNotes.db...
2026-09-15 21:59:52.395 | INFO     | trace= span= tp= req= job= ps=: | tldw_Server_API.app.core.DB_Management.ChaChaNotes_DB:_migrate_from_v26_to_v27:9251 - [rag_char_chat_schema] Migration to V27 completed.
2026-09-15 21:59:52.395 | INFO     | trace= span= tp= req= job= ps=: | tldw_Server_API.app.core.DB_Management.ChaChaNotes_DB:_migrate_from_v27_to_v28:9263 - Migrating 'rag_char_chat_schema' schema from V27 to V28 for DB: /private/var/folders/sn/m80n2j152t9gw3w8qwk2nykh0000gn/T/pytest-of-macbook-dev/pytest-11851/test_failed_retry_refuses_extr0/user_dbs/1/ChaChaNotes.db...
2026-09-15 21:59:52.398 | INFO     | trace= span= tp= req= job= ps=: | tldw_Server_API.app.core.DB_Management.ChaChaNotes_DB:_migrate_from_v27_to_v28:9284 - [rag_char_chat_schema] Migration to V28 completed.
2026-09-15 21:59:52.398 | INFO     | trace= span= tp= req= job= ps=: | tldw_Server_API.app.core.DB_Management.ChaChaNotes_DB:_migrate_from_v28_to_v29:9296 - Migrating 'rag_char_chat_schema' schema from V28 to V29 for DB: /private/var/folders/sn/m80n2j152t9gw3w8qwk2nykh0000gn/T/pytest-of-macbook-dev/pytest-11851/test_failed_retry_refuses_extr0/user_dbs/1/ChaChaNotes.db...
2026-09-15 21:59:52.399 | INFO     | trace= span= tp= req= job= ps=: | tldw_Server_API.app.core.DB_Management.ChaChaNotes_DB:_migrate_from_v28_to_v29:9304 - [rag_char_chat_schema] Migration to V29 completed.
2026-09-15 21:59:52.400 | INFO     | trace= span= tp= req= job= ps=: | tldw_Server_API.app.core.DB_Management.ChaChaNotes_DB:_migrate_from_v29_to_v30:9316 - Migrating 'rag_char_chat_schema' schema from V29 to V30 for DB: /private/var/folders/sn/m80n2j152t9gw3w8qwk2nykh0000gn/T/pytest-of-macbook-dev/pytest-11851/test_failed_retry_refuses_extr0/user_dbs/1/ChaChaNotes.db...
2026-09-15 21:59:52.402 | INFO     | trace= span= tp= req= job= ps=: | tldw_Server_API.app.core.DB_Management.ChaChaNotes_DB:_migrate_from_v29_to_v30:9334 - [rag_char_chat_schema] Migration to V30 completed.
2026-09-15 21:59:52.403 | INFO     | trace= span= tp= req= job= ps=: | tldw_Server_API.app.core.DB_Management.ChaChaNotes_DB:_migrate_from_v30_to_v31:9346 - Migrating 'rag_char_chat_schema' schema from V30 to V31 for DB: /private/var/folders/sn/m80n2j152t9gw3w8qwk2nykh0000gn/T/pytest-of-macbook-dev/pytest-11851/test_failed_retry_refuses_extr0/user_dbs/1/ChaChaNotes.db...
2026-09-15 21:59:52.409 | INFO     | trace= span= tp= req= job= ps=: | tldw_Server_API.app.core.DB_Management.ChaChaNotes_DB:_migrate_from_v30_to_v31:9368 - [rag_char_chat_schema] Migration to V31 completed.
2026-09-15 21:59:52.410 | INFO     | trace= span= tp= req= job= ps=: | tldw_Server_API.app.core.DB_Management.ChaChaNotes_DB:_migrate_from_v31_to_v32:9380 - Migrating 'rag_char_chat_schema' schema from V31 to V32 for DB: /private/var/folders/sn/m80n2j152t9gw3w8qwk2nykh0000gn/T/pytest-of-macbook-dev/pytest-11851/test_failed_retry_refuses_extr0/user_dbs/1/ChaChaNotes.db...
2026-09-15 21:59:52.417 | INFO     | trace= span= tp= req= job= ps=: | tldw_Server_API.app.core.DB_Management.ChaChaNotes_DB:_migrate_from_v31_to_v32:9424 - [rag_char_chat_schema] Migration to V32 completed.
2026-09-15 21:59:52.417 | INFO     | trace= span= tp= req= job= ps=: | tldw_Server_API.app.core.DB_Management.ChaChaNotes_DB:_migrate_from_v32_to_v33:9436 - Migrating 'rag_char_chat_schema' schema from V32 to V33 for DB: /private/var/folders/sn/m80n2j152t9gw3w8qwk2nykh0000gn/T/pytest-of-macbook-dev/pytest-11851/test_failed_retry_refuses_extr0/user_dbs/1/ChaChaNotes.db...
2026-09-15 21:59:52.418 | INFO     | trace= span= tp= req= job= ps=: | tldw_Server_API.app.core.DB_Management.ChaChaNotes_DB:_migrate_from_v32_to_v33:9444 - [rag_char_chat_schema] Migration to V33 completed.
2026-09-15 21:59:52.419 | INFO     | trace= span= tp= req= job= ps=: | tldw_Server_API.app.core.DB_Management.ChaChaNotes_DB:_migrate_from_v33_to_v34:9456 - Migrating 'rag_char_chat_schema' schema from V33 to V34 for DB: /private/var/folders/sn/m80n2j152t9gw3w8qwk2nykh0000gn/T/pytest-of-macbook-dev/pytest-11851/test_failed_retry_refuses_extr0/user_dbs/1/ChaChaNotes.db...
2026-09-15 21:59:52.421 | INFO     | trace= span= tp= req= job= ps=: | tldw_Server_API.app.core.DB_Management.ChaChaNotes_DB:_migrate_from_v33_to_v34:9476 - [rag_char_chat_schema] Migration to V34 completed.
2026-09-15 21:59:52.422 | INFO     | trace= span= tp= req= job= ps=: | tldw_Server_API.app.core.DB_Management.ChaChaNotes_DB:_migrate_from_v34_to_v35:9488 - Migrating 'rag_char_chat_schema' schema from V34 to V35 for DB: /private/var/folders/sn/m80n2j152t9gw3w8qwk2nykh0000gn/T/pytest-of-macbook-dev/pytest-11851/test_failed_retry_refuses_extr0/user_dbs/1/ChaChaNotes.db...
2026-09-15 21:59:52.425 | INFO     | trace= span= tp= req= job= ps=: | tldw_Server_API.app.core.DB_Management.ChaChaNotes_DB:_migrate_from_v34_to_v35:9508 - [rag_char_chat_schema] Migration to V35 completed.
2026-09-15 21:59:52.425 | INFO     | trace= span= tp= req= job= ps=: | tldw_Server_API.app.core.DB_Management.ChaChaNotes_DB:_migrate_from_v35_to_v36:9520 - Migrating 'rag_char_chat_schema' schema from V35 to V36 for DB: /private/var/folders/sn/m80n2j152t9gw3w8qwk2nykh0000gn/T/pytest-of-macbook-dev/pytest-11851/test_failed_retry_refuses_extr0/user_dbs/1/ChaChaNotes.db...
2026-09-15 21:59:52.431 | INFO     | trace= span= tp= req= job= ps=: | tldw_Server_API.app.core.DB_Management.ChaChaNotes_DB:_migrate_from_v35_to_v36:9571 - [rag_char_chat_schema] Migration to V36 completed.
2026-09-15 21:59:52.431 | INFO     | trace= span= tp= req= job= ps=: | tldw_Server_API.app.core.DB_Management.ChaChaNotes_DB:_migrate_from_v36_to_v37:9583 - Migrating 'rag_char_chat_schema' schema from V36 to V37 for DB: /private/var/folders/sn/m80n2j152t9gw3w8qwk2nykh0000gn/T/pytest-of-macbook-dev/pytest-11851/test_failed_retry_refuses_extr0/user_dbs/1/ChaChaNotes.db...
2026-09-15 21:59:52.490 | INFO     | trace= span= tp= req= job= ps=: | tldw_Server_API.app.core.DB_Management.ChaChaNotes_DB:_migrate_from_v36_to_v37:9594 - [rag_char_chat_schema] Migration to V37 completed.
2026-09-15 21:59:52.490 | INFO     | trace= span= tp= req= job= ps=: | tldw_Server_API.app.core.DB_Management.ChaChaNotes_DB:_migrate_from_v37_to_v38:9606 - Migrating 'rag_char_chat_schema' schema from V37 to V38 for DB: /private/var/folders/sn/m80n2j152t9gw3w8qwk2nykh0000gn/T/pytest-of-macbook-dev/pytest-11851/test_failed_retry_refuses_extr0/user_dbs/1/ChaChaNotes.db...
2026-09-15 21:59:52.491 | INFO     | trace= span= tp= req= job= ps=: | tldw_Server_API.app.core.DB_Management.ChaChaNotes_DB:_migrate_from_v37_to_v38:9615 - [rag_char_chat_schema] Migration to V38 completed.
2026-09-15 21:59:52.492 | INFO     | trace= span= tp= req= job= ps=: | tldw_Server_API.app.core.DB_Management.ChaChaNotes_DB:_migrate_from_v38_to_v39:9627 - Migrating 'rag_char_chat_schema' schema from V38 to V39 for DB: /private/var/folders/sn/m80n2j152t9gw3w8qwk2nykh0000gn/T/pytest-of-macbook-dev/pytest-11851/test_failed_retry_refuses_extr0/user_dbs/1/ChaChaNotes.db...
2026-09-15 21:59:52.496 | INFO     | trace= span= tp= req= job= ps=: | tldw_Server_API.app.core.DB_Management.ChaChaNotes_DB:_migrate_from_v38_to_v39:9636 - [rag_char_chat_schema] Migration to V39 completed.
2026-09-15 21:59:52.496 | INFO     | trace= span= tp= req= job= ps=: | tldw_Server_API.app.core.DB_Management.ChaChaNotes_DB:_migrate_from_v39_to_v40:9648 - Migrating 'rag_char_chat_schema' schema from V39 to V40 for DB: /private/var/folders/sn/m80n2j152t9gw3w8qwk2nykh0000gn/T/pytest-of-macbook-dev/pytest-11851/test_failed_retry_refuses_extr0/user_dbs/1/ChaChaNotes.db...
2026-09-15 21:59:52.497 | INFO     | trace= span= tp= req= job= ps=: | tldw_Server_API.app.core.DB_Management.ChaChaNotes_DB:_migrate_from_v39_to_v40:9656 - [rag_char_chat_schema] Migration to V40 completed.
2026-09-15 21:59:52.498 | INFO     | trace= span= tp= req= job= ps=: | tldw_Server_API.app.core.DB_Management.ChaChaNotes_DB:_migrate_from_v40_to_v41:9668 - Migrating 'rag_char_chat_schema' schema from V40 to V41 for DB: /private/var/folders/sn/m80n2j152t9gw3w8qwk2nykh0000gn/T/pytest-of-macbook-dev/pytest-11851/test_failed_retry_refuses_extr0/user_dbs/1/ChaChaNotes.db...
2026-09-15 21:59:52.502 | INFO     | trace= span= tp= req= job= ps=: | tldw_Server_API.app.core.DB_Management.ChaChaNotes_DB:_migrate_from_v40_to_v41:9676 - [rag_char_chat_schema] Migration to V41 completed.
2026-09-15 21:59:52.503 | INFO     | trace= span= tp= req= job= ps=: | tldw_Server_API.app.core.DB_Management.ChaChaNotes_DB:_migrate_from_v41_to_v42:9688 - Migrating 'rag_char_chat_schema' schema from V41 to V42 for DB: /private/var/folders/sn/m80n2j152t9gw3w8qwk2nykh0000gn/T/pytest-of-macbook-dev/pytest-11851/test_failed_retry_refuses_extr0/user_dbs/1/ChaChaNotes.db...
2026-09-15 21:59:52.509 | INFO     | trace= span= tp= req= job= ps=: | tldw_Server_API.app.core.DB_Management.ChaChaNotes_DB:_migrate_from_v41_to_v42:9696 - [rag_char_chat_schema] Migration to V42 completed.
2026-09-15 21:59:52.510 | INFO     | trace= span= tp= req= job= ps=: | tldw_Server_API.app.core.DB_Management.ChaChaNotes_DB:_migrate_from_v42_to_v43:9708 - Migrating 'rag_char_chat_schema' schema from V42 to V43 for DB: /private/var/folders/sn/m80n2j152t9gw3w8qwk2nykh0000gn/T/pytest-of-macbook-dev/pytest-11851/test_failed_retry_refuses_extr0/user_dbs/1/ChaChaNotes.db...
2026-09-15 21:59:52.511 | INFO     | trace= span= tp= req= job= ps=: | tldw_Server_API.app.core.DB_Management.ChaChaNotes_DB:_migrate_from_v42_to_v43:9716 - [rag_char_chat_schema] Migration to V43 completed.
2026-09-15 21:59:52.512 | INFO     | trace= span= tp= req= job= ps=: | tldw_Server_API.app.core.DB_Management.ChaChaNotes_DB:_migrate_from_v43_to_v44:9728 - Migrating 'rag_char_chat_schema' schema from V43 to V44 for DB: /private/var/folders/sn/m80n2j152t9gw3w8qwk2nykh0000gn/T/pytest-of-macbook-dev/pytest-11851/test_failed_retry_refuses_extr0/user_dbs/1/ChaChaNotes.db...
2026-09-15 21:59:52.513 | INFO     | trace= span= tp= req= job= ps=: | tldw_Server_API.app.core.DB_Management.ChaChaNotes_DB:_migrate_from_v43_to_v44:9749 - [rag_char_chat_schema] Migration to V44 completed.
2026-09-15 21:59:52.513 | INFO     | trace= span= tp= req= job= ps=: | tldw_Server_API.app.core.DB_Management.ChaChaNotes_DB:_migrate_from_v44_to_v45:9761 - Migrating 'rag_char_chat_schema' schema from V44 to V45 for DB: /private/var/folders/sn/m80n2j152t9gw3w8qwk2nykh0000gn/T/pytest-of-macbook-dev/pytest-11851/test_failed_retry_refuses_extr0/user_dbs/1/ChaChaNotes.db...
2026-09-15 21:59:52.524 | INFO     | trace= span= tp= req= job= ps=: | tldw_Server_API.app.core.DB_Management.ChaChaNotes_DB:_migrate_from_v44_to_v45:9770 - [rag_char_chat_schema] Migration to V45 completed.
2026-09-15 21:59:52.524 | INFO     | trace= span= tp= req= job= ps=: | tldw_Server_API.app.core.DB_Management.ChaChaNotes_DB:_migrate_from_v45_to_v46:9782 - Migrating 'rag_char_chat_schema' schema from V45 to V46 for DB: /private/var/folders/sn/m80n2j152t9gw3w8qwk2nykh0000gn/T/pytest-of-macbook-dev/pytest-11851/test_failed_retry_refuses_extr0/user_dbs/1/ChaChaNotes.db...
2026-09-15 21:59:52.525 | INFO     | trace= span= tp= req= job= ps=: | tldw_Server_API.app.core.DB_Management.ChaChaNotes_DB:_migrate_from_v45_to_v46:9790 - [rag_char_chat_schema] Migration to V46 completed.
2026-09-15 21:59:52.525 | INFO     | trace= span= tp= req= job= ps=: | tldw_Server_API.app.core.DB_Management.ChaChaNotes_DB:_migrate_from_v46_to_v47:9802 - Migrating 'rag_char_chat_schema' schema from V46 to V47 for DB: /private/var/folders/sn/m80n2j152t9gw3w8qwk2nykh0000gn/T/pytest-of-macbook-dev/pytest-11851/test_failed_retry_refuses_extr0/user_dbs/1/ChaChaNotes.db...
2026-09-15 21:59:52.530 | INFO     | trace= span= tp= req= job= ps=: | tldw_Server_API.app.core.DB_Management.ChaChaNotes_DB:_migrate_from_v46_to_v47:9817 - [rag_char_chat_schema] Migration to V47 completed.
2026-09-15 21:59:52.531 | INFO     | trace= span= tp= req= job= ps=: | tldw_Server_API.app.core.DB_Management.ChaChaNotes_DB:_migrate_from_v47_to_v48:9829 - Migrating 'rag_char_chat_schema' schema from V47 to V48 for DB: /private/var/folders/sn/m80n2j152t9gw3w8qwk2nykh0000gn/T/pytest-of-macbook-dev/pytest-11851/test_failed_retry_refuses_extr0/user_dbs/1/ChaChaNotes.db...
2026-09-15 21:59:52.533 | INFO     | trace= span= tp= req= job= ps=: | tldw_Server_API.app.core.DB_Management.ChaChaNotes_DB:_migrate_from_v47_to_v48:9837 - [rag_char_chat_schema] Migration to V48 completed.
2026-09-15 21:59:52.534 | INFO     | trace= span= tp= req= job= ps=: | tldw_Server_API.app.core.DB_Management.ChaChaNotes_DB:_migrate_from_v48_to_v49:9849 - Migrating 'rag_char_chat_schema' schema from V48 to V49 for DB: /private/var/folders/sn/m80n2j152t9gw3w8qwk2nykh0000gn/T/pytest-of-macbook-dev/pytest-11851/test_failed_retry_refuses_extr0/user_dbs/1/ChaChaNotes.db...
2026-09-15 21:59:52.534 | INFO     | trace= span= tp= req= job= ps=: | tldw_Server_API.app.core.DB_Management.ChaChaNotes_DB:_migrate_from_v48_to_v49:9858 - [rag_char_chat_schema] Migration to V49 completed.
2026-09-15 21:59:52.535 | INFO     | trace= span= tp= req= job= ps=: | tldw_Server_API.app.core.DB_Management.ChaChaNotes_DB:_migrate_from_v49_to_v50:9870 - Migrating 'rag_char_chat_schema' schema from V49 to V50 for DB: /private/var/folders/sn/m80n2j152t9gw3w8qwk2nykh0000gn/T/pytest-of-macbook-dev/pytest-11851/test_failed_retry_refuses_extr0/user_dbs/1/ChaChaNotes.db...
2026-09-15 21:59:52.535 | INFO     | trace= span= tp= req= job= ps=: | tldw_Server_API.app.core.DB_Management.ChaChaNotes_DB:_migrate_from_v49_to_v50:9879 - [rag_char_chat_schema] Migration to V50 completed.
2026-09-15 21:59:52.536 | INFO     | trace= span= tp= req= job= ps=: | tldw_Server_API.app.core.DB_Management.ChaChaNotes_DB:_migrate_from_v50_to_v51:9891 - Migrating 'rag_char_chat_schema' schema from V50 to V51 for DB: /private/var/folders/sn/m80n2j152t9gw3w8qwk2nykh0000gn/T/pytest-of-macbook-dev/pytest-11851/test_failed_retry_refuses_extr0/user_dbs/1/ChaChaNotes.db...
2026-09-15 21:59:52.537 | INFO     | trace= span= tp= req= job= ps=: | tldw_Server_API.app.core.DB_Management.ChaChaNotes_DB:_migrate_from_v50_to_v51:9907 - [rag_char_chat_schema] Migration to V51 completed.
2026-09-15 21:59:52.538 | INFO     | trace= span= tp= req= job= ps=: | tldw_Server_API.app.core.DB_Management.ChaChaNotes_DB:_migrate_from_v51_to_v52:9919 - Migrating 'rag_char_chat_schema' schema from V51 to V52 for DB: /private/var/folders/sn/m80n2j152t9gw3w8qwk2nykh0000gn/T/pytest-of-macbook-dev/pytest-11851/test_failed_retry_refuses_extr0/user_dbs/1/ChaChaNotes.db...
2026-09-15 21:59:52.542 | INFO     | trace= span= tp= req= job= ps=: | tldw_Server_API.app.core.DB_Management.ChaChaNotes_DB:_migrate_from_v51_to_v52:9931 - [rag_char_chat_schema] Migration to V52 completed.
2026-09-15 21:59:52.542 | INFO     | trace= span= tp= req= job= ps=: | tldw_Server_API.app.core.DB_Management.ChaChaNotes_DB:_migrate_from_v52_to_v53:9945 - Migrating 'rag_char_chat_schema' schema from V52 to V53 for DB: /private/var/folders/sn/m80n2j152t9gw3w8qwk2nykh0000gn/T/pytest-of-macbook-dev/pytest-11851/test_failed_retry_refuses_extr0/user_dbs/1/ChaChaNotes.db...
2026-09-15 21:59:52.552 | INFO     | trace= span= tp= req= job= ps=: | tldw_Server_API.app.core.DB_Management.ChaChaNotes_DB:_migrate_from_v52_to_v53:9958 - [rag_char_chat_schema] Migration to V53 completed.
2026-09-15 21:59:52.553 | INFO     | trace= span= tp= req= job= ps=: | tldw_Server_API.app.core.DB_Management.ChaChaNotes_DB:_migrate_from_v53_to_v54:9972 - Migrating 'rag_char_chat_schema' schema from V53 to V54 for DB: /private/var/folders/sn/m80n2j152t9gw3w8qwk2nykh0000gn/T/pytest-of-macbook-dev/pytest-11851/test_failed_retry_refuses_extr0/user_dbs/1/ChaChaNotes.db...
2026-09-15 21:59:52.553 | INFO     | trace= span= tp= req= job= ps=: | tldw_Server_API.app.core.DB_Management.ChaChaNotes_DB:_migrate_from_v53_to_v54:9984 - [rag_char_chat_schema] Migration to V54 completed.
2026-09-15 21:59:52.554 | INFO     | trace= span= tp= req= job= ps=: | tldw_Server_API.app.core.DB_Management.ChaChaNotes_DB:_migrate_from_v54_to_v55:9998 - Migrating 'rag_char_chat_schema' schema from V54 to V55 for DB: /private/var/folders/sn/m80n2j152t9gw3w8qwk2nykh0000gn/T/pytest-of-macbook-dev/pytest-11851/test_failed_retry_refuses_extr0/user_dbs/1/ChaChaNotes.db...
2026-09-15 21:59:52.556 | INFO     | trace= span= tp= req= job= ps=: | tldw_Server_API.app.core.DB_Management.ChaChaNotes_DB:_migrate_from_v54_to_v55:10076 - [rag_char_chat_schema] Migration to V55 completed.
2026-09-15 21:59:52.557 | INFO     | trace= span= tp= req= job= ps=: | tldw_Server_API.app.core.DB_Management.ChaChaNotes_DB:_migrate_from_v55_to_v56:10180 - Migrating 'rag_char_chat_schema' schema from V55 to V56 for DB: /private/var/folders/sn/m80n2j152t9gw3w8qwk2nykh0000gn/T/pytest-of-macbook-dev/pytest-11851/test_failed_retry_refuses_extr0/user_dbs/1/ChaChaNotes.db...
2026-09-15 21:59:52.871 | INFO     | trace= span= tp= req= job= ps=: | tldw_Server_API.app.core.DB_Management.ChaChaNotes_DB:_migrate_from_v64_to_v65:17609 - Migrating 'rag_char_chat_schema' schema from V64 to V65 for DB: /private/var/folders/sn/m80n2j152t9gw3w8qwk2nykh0000gn/T/pytest-of-macbook-dev/pytest-11851/test_failed_retry_refuses_extr0/user_dbs/1/ChaChaNotes.db...
2026-09-15 21:59:52.883 | INFO     | trace= span= tp= req= job= ps=: | tldw_Server_API.app.core.DB_Management.ChaChaNotes_DB:_migrate_from_v64_to_v65:17626 - [rag_char_chat_schema] Migration to V65 completed.
2026-09-15 21:59:52.999 | WARNING  | trace= span= tp= req= job= ps=: | tldw_Server_API.app.core.DB_Management.ChaChaNotes_DB:_self_heal_character_cards_fts_sqlite:24635 - character_cards_fts out of sync (active=1 indexed=0); rebuilding.
2026-09-15 21:59:53.000 | INFO     | trace= span= tp= req= job= ps=: | tldw_Server_API.app.core.DB_Management.ChaChaNotes_DB:_initialize_schema_sqlite:20934 - Database schema 'rag_char_chat_schema' successfully initialized/migrated to version 67.
2026-09-15 21:59:53.005 | INFO     | trace= span= tp= req= job= ps=: | tldw_Server_API.app.core.DB_Management.chacha.character_store:add_character_card:162 - Added character card 'Helpful AI Assistant' with ID: 2.
2026-09-15 21:59:53.006 | INFO     | trace= span= tp= req= job= ps=: | tldw_Server_API.app.core.DB_Management.chacha.character_store:add_character_card:162 - Added character card 'Source Character' with ID: 3.
2026-09-15 21:59:53.008 | INFO     | trace= span= tp= req= job= ps=: | tldw_Server_API.app.core.AuthNZ.csrf_protection:__init__:281 - CSRF Protection Middleware initialized (enabled=False)
2026-09-15 21:59:53.015 | INFO     | trace= span= tp= req= job= ps=: | tldw_Server_API.app.core.startup_preflight:run_preflight_checks:202 - Preflight [ffmpeg_available]: ok - found at /opt/homebrew/bin/ffmpeg
2026-09-15 21:59:53.015 | INFO     | trace= span= tp= req= job= ps=: | tldw_Server_API.app.core.startup_preflight:run_preflight_checks:202 - Preflight [disk_space]: ok - 83881 MB free
2026-09-15 21:59:53.016 | INFO     | trace= span= tp= req= job= ps=: | tldw_Server_API.app.core.startup_preflight:run_preflight_checks:202 - Preflight [database_directories]: ok - /Users/macbook-dev/Documents/GitHub/tldw_server2/tldw_Server_API/Databases
2026-09-15 21:59:53.016 | INFO     | trace= span= tp= req= job= ps=: | tldw_Server_API.app.core.startup_preflight:run_preflight_checks:202 - Preflight [python_dependencies]: ok
2026-09-15 21:59:53.016 | INFO     | trace= span= tp= req= job= ps=: | tldw_Server_API.app.core.startup_preflight:run_preflight_checks:202 - Preflight [database_connectivity]: ok - SQLite (no remote check needed)
2026-09-15 21:59:53.017 | INFO     | trace= span= tp= req= job= ps=: | tldw_Server_API.app.services.startup_preflight_reporting:run_startup_preflight_checks:17 - Preflight: 5 checks, 0 warnings, 0 failures
2026-09-15 21:59:53.020 | INFO     | trace= span= tp= req= job= ps=: | tldw_Server_API.app.services.startup_acp_validation:validate_startup_acp_configuration:30 - App Startup: ACP runner configuration validated
2026-09-15 21:59:53.021 | INFO     | trace= span= tp= req= job= ps=: | tldw_Server_API.app.services.startup_content_backend_validation:validate_startup_content_backend:13 - App Startup: PostgreSQL content backend validated
2026-09-15 21:59:53.023 | INFO     | trace= span= tp= req= job= ps=: | tldw_Server_API.app.services.startup_claims_prompt_validation:validate_startup_claims_prompt_validation:31 - App Startup: Claims prompt validation completed (mode=warning, strict=False)
2026-09-15 21:59:53.024 | INFO     | trace= span= tp= req= job= ps=: | tldw_Server_API.app.services.startup_telemetry:initialize_startup_telemetry:16 - App Startup: Initializing telemetry and metrics...
2026-09-15 21:59:53.024 | INFO     | trace= span= tp= req= job= ps=: | tldw_Server_API.app.core.Metrics.telemetry:__init__:460 - OpenTelemetry SDK disabled via OTEL_SDK_DISABLED
2026-09-15 21:59:53.025 | INFO     | trace= span= tp= req= job= ps=: | tldw_Server_API.app.services.startup_telemetry:initialize_startup_telemetry:21 - App Startup: OpenTelemetry initialized for service: tldw_server
2026-09-15 21:59:53.029 | WARNING  | trace= span= tp= req= job= ps=: | tldw_Server_API.app.services.startup_validation:run_startup_validations:31 - First-time setup is enabled. The setup API is local-only and blocks proxied requests. If running behind a reverse proxy, ensure /setup and /api/v1/setup are not publicly exposed, or set TLDW_SETUP_ALLOW_REMOTE=1 temporarily on trusted networks.
2026-09-15 21:59:53.063 | INFO     | trace= span= tp= req= job= ps=: | tldw_Server_API.app.core.AuthNZ.startup_integrity:verify_authnz_sqlite_startup_integrity:173 - AuthNZ startup integrity check passed for /Users/macbook-dev/Documents/GitHub/tldw_server2/Databases/users.db
2026-09-15 21:59:53.063 | INFO     | trace= span= tp= req= job= ps=: | tldw_Server_API.app.services.startup_core_initialization:initialize_startup_core_components:36 - App Startup: Initializing authentication services...
2026-09-15 21:59:53.065 | INFO     | trace= span= tp= req= job= ps=: | tldw_Server_API.app.core.AuthNZ.database:initialize:942 - Using SQLite database
2026-09-15 21:59:53.069 | INFO     | trace= span= tp= req= job= ps=: | tldw_Server_API.app.core.AuthNZ.database:_create_sqlite_schema:1150 - SQLite schema harmonization: ensuring AuthNZ tables
2026-09-15 21:59:53.092 | INFO     | trace= span= tp= req= job= ps=: | tldw_Server_API.app.core.AuthNZ.database:initialize:948 - Database pool initialized successfully
2026-09-15 21:59:53.092 | INFO     | trace= span= tp= req= job= ps=: | tldw_Server_API.app.services.startup_auth:init_auth_services:45 - App Startup: Database pool initialized
2026-09-15 21:59:53.106 | INFO     | trace= span= tp= req= job= ps=: | tldw_Server_API.app.core.AuthNZ.initialize:ensure_authnz_schema_ready_once:677 - AuthNZ Startup: ensured SQLite schema at ./Databases/users.db
2026-09-15 21:59:53.133 | INFO     | trace= span= tp= req= job= ps=: | tldw_Server_API.app.core.AuthNZ.settings:get_settings:1588 - Settings initialized - Auth mode: single_user, profile=local-single-user
2026-09-15 21:59:53.133 | INFO     | trace= span= tp= req= job= ps=: | tldw_Server_API.app.core.AuthNZ.db_config:_detect_backend:83 - Detected database backend: sqlite
2026-09-15 21:59:53.134 | INFO     | trace= span= tp= req= job= ps=: | tldw_Server_API.app.core.AuthNZ.database:close:1665 - Database pool closed
2026-09-15 21:59:53.152 | INFO     | trace= span= tp= req= job= ps=: | tldw_Server_API.app.core.AuthNZ.settings:get_settings:1588 - Settings initialized - Auth mode: single_user, profile=local-single-user
2026-09-15 21:59:53.152 | INFO     | trace= span= tp= req= job= ps=: | tldw_Server_API.app.core.AuthNZ.database:initialize:942 - Using SQLite database
2026-09-15 21:59:53.157 | INFO     | trace= span= tp= req= job= ps=: | tldw_Server_API.app.core.AuthNZ.database:_create_sqlite_schema:1150 - SQLite schema harmonization: ensuring AuthNZ tables
2026-09-15 21:59:53.174 | INFO     | trace= span= tp= req= job= ps=: | tldw_Server_API.app.core.AuthNZ.database:initialize:948 - Database pool initialized successfully
2026-09-15 21:59:53.244 | INFO     | trace= span= tp= req= job= ps=: | tldw_Server_API.app.services.startup_auth:init_auth_services:74 - App Startup: Ensured single-user RBAC seed (baseline roles/permissions)
2026-09-15 21:59:53.245 | INFO     | trace= span= tp= req= job= ps=: | tldw_Server_API.app.core.AuthNZ.database:initialize:942 - Using SQLite database
2026-09-15 21:59:53.252 | INFO     | trace= span= tp= req= job= ps=: | tldw_Server_API.app.core.AuthNZ.database:_create_sqlite_schema:1150 - SQLite schema harmonization: ensuring AuthNZ tables
2026-09-15 21:59:53.275 | INFO     | trace= span= tp= req= job= ps=: | tldw_Server_API.app.core.AuthNZ.database:initialize:948 - Database pool initialized successfully
2026-09-15 21:59:53.281 | INFO     | trace= span= tp= req= job= ps=: | tldw_Server_API.app.services.startup_auth:init_auth_services:87 - App Startup: Loaded LLM provider overrides
2026-09-15 21:59:53.300 | INFO     | trace= span= tp= req= job= ps=: | tldw_Server_API.app.core.Resource_Governance.policy_loader:load_once:134 - ResourceGovernor policy loaded: version=1, policies=43, path=/Users/macbook-dev/Documents/GitHub/tldw_server2/tldw_Server_API/Config_Files/resource_governor_policies.yaml
2026-09-15 21:59:53.306 | INFO     | trace= span= tp= req= job= ps=: | tldw_Server_API.app.services.startup_resource_governor:init_resource_governor:106 - ResourceGovernor initialized (memory backend)
2026-09-15 21:59:53.320 | WARNING  | trace= span= tp= req= job= ps=: | tldw_Server_API.app.services.startup_resource_governor:_audit_route_map_coverage:227 - RG route_map missing coverage for 387 routes; sample: /api/v1/workspaces/migrations (tags=['workspaces']), /api/v1/workspaces/migrations/{migration_id} (tags=['workspaces']), /api/v1/workspaces/migrations/{migration_id}/chunks/{chunk_id} (tags=['workspaces']), /api/v1/workspaces/migrations/{migration_id}/finalize (tags=['workspaces']), /api/v1/workspaces/migrations/{migration_id}/client-delete-ack (tags=['workspaces']), /api/v1/workspaces/ (tags=['workspaces']), /api/v1/workspaces/{workspace_id} (tags=['workspaces']), /api/v1/workspaces/{workspace_id}/index (tags=['workspaces']), /api/v1/workspaces/{workspace_id}/memberships (tags=['workspaces']), /api/v1/workspaces/{workspace_id}/memberships/{resource_type}/{resource_id} (tags=['workspaces'])
2026-09-15 21:59:53.475 | INFO     | trace= span= tp= req= job= ps=: | tldw_Server_API.app.core.AuthNZ.session_manager:initialize:181 - SessionManager initialized with encryption enabled
2026-09-15 21:59:53.475 | INFO     | trace= span= tp= req= job= ps=: | tldw_Server_API.app.services.startup_auth_runtime:initialize_auth_runtime_services:35 - App Startup: Session manager initialized
2026-09-15 21:59:53.534 | INFO     | trace= span= tp= req= job= ps=: | tldw_Server_API.app.core.PrivilegeMaps.startup:validate_privilege_metadata_on_startup:31 - Privilege catalog validated (version=1.0.0, scopes=112, mapped_routes=282)
2026-09-15 21:59:53.546 | INFO     | trace= span= tp= req= job= ps=: | tldw_Server_API.app.core.Persona.archetype_loader:load_archetypes_from_directory:83 - Loaded 6 archetype(s) from /Users/macbook-dev/Documents/GitHub/tldw_server2/tldw_Server_API/Config_Files/persona_archetypes
2026-09-15 21:59:53.552 | INFO     | trace= span= tp= req= job= ps=: | mcp_unified.federation.catalog_loader:load_mcp_catalog:80 - Loaded 5 MCP catalog entry/entries from /Users/macbook-dev/Documents/GitHub/tldw_server2/tldw_Server_API/Config_Files/mcp_server_catalog.yaml
2026-09-15 21:59:53.553 | INFO     | trace= span= tp= req= job= ps=: | tldw_Server_API.app.services.startup_core_initialization:initialize_startup_core_components:61 - App Startup: Initializing Chat module components...
2026-09-15 21:59:53.555 | INFO     | trace= span= tp= req= job= ps=: | tldw_Server_API.app.core.Local_LLM.LLM_Inference_Manager:__init__:39 - Ollama handler initialized.
2026-09-15 21:59:53.557 | INFO     | trace= span= tp= req= job= ps=: | tldw_Server_API.app.core.Local_LLM.LLM_Inference_Manager:__init__:56 - HuggingFace handler initialized. Models directory: models/huggingface_models
2026-09-15 21:59:53.558 | INFO     | trace= span= tp= req= job= ps=: | tldw_Server_API.app.core.Local_LLM.Llamafile_Handler:_setup_signal_handlers:850 - Registered atexit synchronous cleanup for LlamafileHandler.
2026-09-15 21:59:53.559 | INFO     | trace= span= tp= req= job= ps=: | tldw_Server_API.app.core.Local_LLM.LLM_Inference_Manager:__init__:69 - Llamafile handler initialized. Executable dir: models/llamafile_exec, Models dir: models/llamafile_models
2026-09-15 21:59:53.559 | INFO     | trace= span= tp= req= job= ps=: | tldw_Server_API.app.services.startup_heavy_init:_init_local_llm_manager:124 - App Startup: Local LLM inference manager initialized
2026-09-15 21:59:53.562 | INFO     | trace= span= tp= req= job= ps=: | tldw_Server_API.app.core.MCP_unified.config:get_config:589 - MCP configuration loaded successfully
2026-09-15 21:59:53.564 | INFO     | trace= span= tp= req= job= ps=: | tldw_Server_API.app.core.MCP_unified.modules.registry:__init__:77 - Module registry initialized
2026-09-15 21:59:53.565 | INFO     | trace= span= tp= req= job= ps=: | tldw_Server_API.app.core.MCP_unified.monitoring.metrics:__init__:105 - Metrics collector initialized (Prometheus: True)
2026-09-15 21:59:53.566 | INFO     | trace= span= tp= req= job= ps=: | tldw_Server_API.app.core.MCP_unified.auth.jwt_manager:__init__:79 - JWT Manager initialized with secure configuration
2026-09-15 21:59:53.567 | INFO     | trace= span= tp= req= job= ps=: | tldw_Server_API.app.core.MCP_unified.protocol:__init__:471 - MCP Protocol handler initialized
2026-09-15 21:59:53.568 | INFO     | trace= span= tp= req= job= ps=: | tldw_Server_API.app.core.MCP_unified.server:__init__:386 - MCP Server created
2026-09-15 21:59:53.568 | INFO     | trace= span= tp= req= job= ps=: | tldw_Server_API.app.services.startup_heavy_init:_init_mcp_server:165 - App Startup: Initializing MCP Unified server...
2026-09-15 21:59:53.569 | INFO     | trace= span= tp= req= job= ps=: | tldw_Server_API.app.core.MCP_unified.server:initialize:718 - Initializing MCP Server
2026-09-15 21:59:53.570 | INFO     | trace= span= tp= req= job= ps=: | tldw_Server_API.app.core.MCP_unified.modules.registry:start_health_monitoring:116 - Health monitoring started
2026-09-15 21:59:53.570 | INFO     | trace= span= tp= req= job= ps=: | tldw_Server_API.app.core.MCP_unified.monitoring.metrics:start_collection:713 - Metrics collection started
2026-09-15 21:59:53.577 | INFO     | trace= span= tp= req= job= ps=: | tldw_Server_API.app.core.MCP_unified.server:_register_default_modules:1004 - Loaded 20 MCP modules from tldw_Server_API/Config_Files/mcp_modules.yaml
2026-09-15 21:59:53.579 | INFO     | trace= span= tp= req= job= ps=: | tldw_Server_API.app.core.MCP_unified.modules.registry:register_module:156 - Registering module: media
2026-09-15 21:59:53.581 | INFO     | trace= span= tp= req= job= ps=: | tldw_Server_API.app.core.MCP_unified.modules.base:__init__:371 - Module created: Media v1.0.0
2026-09-15 21:59:53.581 | INFO     | trace= span= tp= req= job= ps=: | tldw_Server_API.app.core.MCP_unified.modules.base:initialize:390 - Initializing module: Media
2026-09-15 21:59:53.583 | INFO     | trace= span= tp= req= job= ps=: | tldw_Server_API.app.core.DB_Management.media_db.runtime.bootstrap_lifecycle_ops:initialize_media_database:79 - Initializing Database object for path: /Users/macbook-dev/Documents/GitHub/tldw_server2/Databases/user_databases/1/Media_DB_v2.db [Client ID: mcp_media_Media]
2026-09-15 21:59:53.592 | INFO     | trace= span= tp= req= job= ps=: | tldw_Server_API.app.core.DB_Management.media_db.schema.backends.sqlite_helpers:bootstrap_sqlite_schema:223 - Checking DB schema. Current version: 26. Code supports: 26
2026-09-15 21:59:53.597 | INFO     | trace= span= tp= req= job= ps=: | tldw_Server_API.app.core.MCP_unified.modules.implementations.media_module:on_initialize:125 - Media module initialized with database: Databases/user_databases/1/Media_DB_v2.db
2026-09-15 21:59:53.606 | INFO     | trace= span= tp= req= job= ps=: | tldw_Server_API.app.core.MCP_unified.modules.base:initialize:405 - Module initialized successfully: Media
2026-09-15 21:59:53.614 | INFO     | trace= span= tp= req= job= ps=: | tldw_Server_API.app.core.MCP_unified.modules.registry:_initialize_module:201 - Module media initialized successfully
2026-09-15 21:59:53.615 | INFO     | trace= span= tp= req= job= ps=: | tldw_Server_API.app.core.MCP_unified.server:_register_default_modules:1260 - Registered MCP module: media (tldw_Server_API.app.core.MCP_unified.modules.implementations.media_module:MediaModule)
2026-09-15 21:59:53.616 | INFO     | trace= span= tp= req= job= ps=: | tldw_Server_API.app.core.MCP_unified.modules.registry:register_module:156 - Registering module: template
2026-09-15 21:59:53.618 | INFO     | trace= span= tp= req= job= ps=: | tldw_Server_API.app.core.MCP_unified.modules.base:__init__:371 - Module created: Template v1.0.0
2026-09-15 21:59:53.618 | INFO     | trace= span= tp= req= job= ps=: | tldw_Server_API.app.core.MCP_unified.modules.base:initialize:390 - Initializing module: Template
2026-09-15 21:59:53.619 | INFO     | trace= span= tp= req= job= ps=: | tldw_Server_API.app.core.MCP_unified.modules.implementations.template_module:on_initialize:19 - Initializing module: Template
2026-09-15 21:59:53.620 | INFO     | trace= span= tp= req= job= ps=: | tldw_Server_API.app.core.MCP_unified.modules.base:initialize:405 - Module initialized successfully: Template
2026-09-15 21:59:53.621 | INFO     | trace= span= tp= req= job= ps=: | tldw_Server_API.app.core.MCP_unified.modules.registry:_initialize_module:201 - Module template initialized successfully
2026-09-15 21:59:53.622 | INFO     | trace= span= tp= req= job= ps=: | tldw_Server_API.app.core.MCP_unified.server:_register_default_modules:1260 - Registered MCP module: template (tldw_Server_API.app.core.MCP_unified.modules.implementations.template_module:TemplateModule)
2026-09-15 21:59:53.623 | INFO     | trace= span= tp= req= job= ps=: | tldw_Server_API.app.core.MCP_unified.modules.registry:register_module:156 - Registering module: mcp_discovery
2026-09-15 21:59:53.624 | INFO     | trace= span= tp= req= job= ps=: | tldw_Server_API.app.core.MCP_unified.modules.base:__init__:371 - Module created: MCP Discovery v1.0.0
2026-09-15 21:59:53.625 | INFO     | trace= span= tp= req= job= ps=: | tldw_Server_API.app.core.MCP_unified.modules.base:initialize:390 - Initializing module: MCP Discovery
2026-09-15 21:59:53.626 | INFO     | trace= span= tp= req= job= ps=: | tldw_Server_API.app.core.MCP_unified.modules.implementations.mcp_discovery_module:on_initialize:27 - Initializing MCP discovery module: MCP Discovery
2026-09-15 21:59:53.627 | INFO     | trace= span= tp= req= job= ps=: | tldw_Server_API.app.core.MCP_unified.modules.base:initialize:405 - Module initialized successfully: MCP Discovery
2026-09-15 21:59:53.629 | INFO     | trace= span= tp= req= job= ps=: | tldw_Server_API.app.core.MCP_unified.modules.registry:_initialize_module:201 - Module mcp_discovery initialized successfully
2026-09-15 21:59:53.630 | INFO     | trace= span= tp= req= job= ps=: | tldw_Server_API.app.core.MCP_unified.server:_register_default_modules:1260 - Registered MCP module: mcp_discovery (tldw_Server_API.app.core.MCP_unified.modules.implementations.mcp_discovery_module:MCPDiscoveryModule)
2026-09-15 21:59:53.636 | INFO     | trace= span= tp= req= job= ps=: | tldw_Server_API.app.core.MCP_unified.modules.registry:register_module:156 - Registering module: governance
2026-09-15 21:59:53.637 | INFO     | trace= span= tp= req= job= ps=: | tldw_Server_API.app.core.MCP_unified.modules.base:__init__:371 - Module created: Governance v1.0.0
2026-09-15 21:59:53.637 | INFO     | trace= span= tp= req= job= ps=: | tldw_Server_API.app.core.MCP_unified.modules.base:initialize:390 - Initializing module: Governance
2026-09-15 21:59:53.640 | INFO     | trace= span= tp= req= job= ps=: | tldw_Server_API.app.core.MCP_unified.modules.implementations.governance_module:on_initialize:33 - Initializing Governance module: Governance
2026-09-15 21:59:53.641 | INFO     | trace= span= tp= req= job= ps=: | tldw_Server_API.app.core.MCP_unified.modules.base:initialize:405 - Module initialized successfully: Governance
2026-09-15 21:59:53.644 | INFO     | trace= span= tp= req= job= ps=: | tldw_Server_API.app.core.MCP_unified.modules.registry:_initialize_module:201 - Module governance initialized successfully
2026-09-15 21:59:53.644 | INFO     | trace= span= tp= req= job= ps=: | tldw_Server_API.app.core.MCP_unified.server:_register_default_modules:1260 - Registered MCP module: governance (tldw_Server_API.app.core.MCP_unified.modules.implementations.governance_module:GovernanceModule)
2026-09-15 21:59:53.645 | INFO     | trace= span= tp= req= job= ps=: | tldw_Server_API.app.core.MCP_unified.server:_register_default_modules:1229 - Skipping disabled module: external_federation
2026-09-15 21:59:53.648 | INFO     | trace= span= tp= req= job= ps=: | tldw_Server_API.app.core.MCP_unified.modules.registry:register_module:156 - Registering module: notes
2026-09-15 21:59:53.649 | INFO     | trace= span= tp= req= job= ps=: | tldw_Server_API.app.core.MCP_unified.modules.base:__init__:371 - Module created: Notes v1.0.0
2026-09-15 21:59:53.650 | INFO     | trace= span= tp= req= job= ps=: | tldw_Server_API.app.core.MCP_unified.modules.base:initialize:390 - Initializing module: Notes
2026-09-15 21:59:53.651 | INFO     | trace= span= tp= req= job= ps=: | tldw_Server_API.app.core.MCP_unified.modules.implementations.notes_module:on_initialize:128 - Initializing Notes module: Notes
2026-09-15 21:59:53.652 | INFO     | trace= span= tp= req= job= ps=: | tldw_Server_API.app.core.MCP_unified.modules.base:initialize:405 - Module initialized successfully: Notes
2026-09-15 21:59:53.664 | INFO     | trace= span= tp= req= job= ps=: | tldw_Server_API.app.core.MCP_unified.modules.registry:_initialize_module:201 - Module notes initialized successfully
2026-09-15 21:59:53.664 | INFO     | trace= span= tp= req= job= ps=: | tldw_Server_API.app.core.MCP_unified.server:_register_default_modules:1260 - Registered MCP module: notes (tldw_Server_API.app.core.MCP_unified.modules.implementations.notes_module:NotesModule)
2026-09-15 21:59:53.666 | INFO     | trace= span= tp= req= job= ps=: | tldw_Server_API.app.core.MCP_unified.modules.registry:register_module:156 - Registering module: prompts
2026-09-15 21:59:53.667 | INFO     | trace= span= tp= req= job= ps=: | tldw_Server_API.app.core.MCP_unified.modules.base:__init__:371 - Module created: Prompts v1.0.0
2026-09-15 21:59:53.668 | INFO     | trace= span= tp= req= job= ps=: | tldw_Server_API.app.core.MCP_unified.modules.base:initialize:390 - Initializing module: Prompts
2026-09-15 21:59:53.669 | INFO     | trace= span= tp= req= job= ps=: | tldw_Server_API.app.core.MCP_unified.modules.implementations.prompts_module:on_initialize:51 - Initializing Prompts module: Prompts
2026-09-15 21:59:53.670 | INFO     | trace= span= tp= req= job= ps=: | tldw_Server_API.app.core.MCP_unified.modules.base:initialize:405 - Module initialized successfully: Prompts
2026-09-15 21:59:53.672 | INFO     | trace= span= tp= req= job= ps=: | tldw_Server_API.app.core.MCP_unified.modules.registry:_initialize_module:201 - Module prompts initialized successfully
2026-09-15 21:59:53.673 | INFO     | trace= span= tp= req= job= ps=: | tldw_Server_API.app.core.MCP_unified.server:_register_default_modules:1260 - Registered MCP module: prompts (tldw_Server_API.app.core.MCP_unified.modules.implementations.prompts_module:PromptsModule)
2026-09-15 21:59:53.674 | INFO     | trace= span= tp= req= job= ps=: | tldw_Server_API.app.core.MCP_unified.modules.registry:register_module:156 - Registering module: skills
2026-09-15 21:59:53.675 | INFO     | trace= span= tp= req= job= ps=: | tldw_Server_API.app.core.MCP_unified.modules.base:__init__:371 - Module created: Skills v0.1.0
2026-09-15 21:59:53.676 | INFO     | trace= span= tp= req= job= ps=: | tldw_Server_API.app.core.MCP_unified.modules.base:initialize:390 - Initializing module: Skills
2026-09-15 21:59:53.677 | INFO     | trace= span= tp= req= job= ps=: | tldw_Server_API.app.core.MCP_unified.modules.base:initialize:405 - Module initialized successfully: Skills
2026-09-15 21:59:53.679 | INFO     | trace= span= tp= req= job= ps=: | tldw_Server_API.app.core.MCP_unified.modules.registry:_initialize_module:201 - Module skills initialized successfully
2026-09-15 21:59:53.680 | INFO     | trace= span= tp= req= job= ps=: | tldw_Server_API.app.core.MCP_unified.server:_register_default_modules:1260 - Registered MCP module: skills (tldw_Server_API.app.core.MCP_unified.modules.implementations.skills_module:SkillsModule)
2026-09-15 21:59:53.681 | INFO     | trace= span= tp= req= job= ps=: | tldw_Server_API.app.core.MCP_unified.modules.registry:register_module:156 - Registering module: cooking
2026-09-15 21:59:53.682 | INFO     | trace= span= tp= req= job= ps=: | tldw_Server_API.app.core.MCP_unified.modules.base:__init__:371 - Module created: Cooking v1.0.0
2026-09-15 21:59:53.683 | INFO     | trace= span= tp= req= job= ps=: | tldw_Server_API.app.core.MCP_unified.modules.base:initialize:390 - Initializing module: Cooking
2026-09-15 21:59:53.684 | INFO     | trace= span= tp= req= job= ps=: | tldw_Server_API.app.core.MCP_unified.modules.base:initialize:405 - Module initialized successfully: Cooking
2026-09-15 21:59:53.685 | INFO     | trace= span= tp= req= job= ps=: | tldw_Server_API.app.core.MCP_unified.modules.registry:_initialize_module:201 - Module cooking initialized successfully
2026-09-15 21:59:53.685 | INFO     | trace= span= tp= req= job= ps=: | tldw_Server_API.app.core.MCP_unified.server:_register_default_modules:1260 - Registered MCP module: cooking (tldw_Server_API.app.core.MCP_unified.modules.implementations.cooking_module:CookingModule)
2026-09-15 21:59:53.686 | INFO     | trace= span= tp= req= job= ps=: | tldw_Server_API.app.core.MCP_unified.server:_register_default_modules:1229 - Skipping disabled module: persona_visuals
2026-09-15 21:59:53.686 | INFO     | trace= span= tp= req= job= ps=: | tldw_Server_API.app.core.MCP_unified.server:_register_default_modules:1229 - Skipping disabled module: filesystem
2026-09-15 21:59:53.687 | INFO     | trace= span= tp= req= job= ps=: | tldw_Server_API.app.core.MCP_unified.server:_register_default_modules:1229 - Skipping disabled module: codegraph
2026-09-15 21:59:53.688 | INFO     | trace= span= tp= req= job= ps=: | tldw_Server_API.app.core.MCP_unified.modules.registry:register_module:156 - Registering module: knowledge
2026-09-15 21:59:53.690 | INFO     | trace= span= tp= req= job= ps=: | tldw_Server_API.app.core.MCP_unified.modules.base:__init__:371 - Module created: Knowledge v1.0.0
2026-09-15 21:59:53.690 | INFO     | trace= span= tp= req= job= ps=: | tldw_Server_API.app.core.MCP_unified.modules.base:initialize:390 - Initializing module: Knowledge
2026-09-15 21:59:53.691 | INFO     | trace= span= tp= req= job= ps=: | tldw_Server_API.app.core.MCP_unified.modules.implementations.knowledge_module:on_initialize:36 - Initializing Knowledge module: Knowledge
2026-09-15 21:59:53.691 | INFO     | trace= span= tp= req= job= ps=: | tldw_Server_API.app.core.MCP_unified.modules.base:initialize:405 - Module initialized successfully: Knowledge
2026-09-15 21:59:53.693 | INFO     | trace= span= tp= req= job= ps=: | tldw_Server_API.app.core.MCP_unified.modules.registry:_initialize_module:201 - Module knowledge initialized successfully
2026-09-15 21:59:53.694 | INFO     | trace= span= tp= req= job= ps=: | tldw_Server_API.app.core.MCP_unified.server:_register_default_modules:1260 - Registered MCP module: knowledge (tldw_Server_API.app.core.MCP_unified.modules.implementations.knowledge_module:KnowledgeModule)
2026-09-15 21:59:53.720 | INFO     | trace= span= tp= req= job= ps=: | tldw_Server_API.app.core.MCP_unified.modules.registry:register_module:156 - Registering module: docs
2026-09-15 21:59:53.721 | INFO     | trace= span= tp= req= job= ps=: | tldw_Server_API.app.core.MCP_unified.modules.base:__init__:371 - Module created: Docs Corpus v0.1.0
2026-09-15 21:59:53.722 | INFO     | trace= span= tp= req= job= ps=: | tldw_Server_API.app.core.MCP_unified.modules.base:initialize:390 - Initializing module: Docs Corpus
2026-09-15 21:59:53.726 | INFO     | trace= span= tp= req= job= ps=: | tldw_Server_API.app.core.MCP_unified.modules.implementations.docs_module:on_initialize:32 - Initialized Docs MCP module with db_path=Databases/mcp_docs.db
2026-09-15 21:59:53.726 | INFO     | trace= span= tp= req= job= ps=: | tldw_Server_API.app.core.MCP_unified.modules.base:initialize:405 - Module initialized successfully: Docs Corpus
2026-09-15 21:59:53.737 | INFO     | trace= span= tp= req= job= ps=: | tldw_Server_API.app.core.MCP_unified.modules.registry:_initialize_module:201 - Module docs initialized successfully
2026-09-15 21:59:53.737 | INFO     | trace= span= tp= req= job= ps=: | tldw_Server_API.app.core.MCP_unified.server:_register_default_modules:1260 - Registered MCP module: docs (tldw_Server_API.app.core.MCP_unified.modules.implementations.docs_module:DocsModule)
2026-09-15 21:59:53.739 | INFO     | trace= span= tp= req= job= ps=: | tldw_Server_API.app.core.MCP_unified.modules.registry:register_module:156 - Registering module: rag
2026-09-15 21:59:53.740 | INFO     | trace= span= tp= req= job= ps=: | tldw_Server_API.app.core.MCP_unified.modules.base:__init__:371 - Module created: RAG v1.0.0
2026-09-15 21:59:53.741 | INFO     | trace= span= tp= req= job= ps=: | tldw_Server_API.app.core.MCP_unified.modules.base:initialize:390 - Initializing module: RAG
2026-09-15 21:59:53.742 | INFO     | trace= span= tp= req= job= ps=: | tldw_Server_API.app.core.MCP_unified.modules.base:initialize:405 - Module initialized successfully: RAG
2026-09-15 21:59:53.746 | INFO     | trace= span= tp= req= job= ps=: | tldw_Server_API.app.core.MCP_unified.modules.registry:_initialize_module:201 - Module rag initialized successfully
2026-09-15 21:59:53.746 | INFO     | trace= span= tp= req= job= ps=: | tldw_Server_API.app.core.MCP_unified.server:_register_default_modules:1260 - Registered MCP module: rag (tldw_Server_API.app.core.MCP_unified.modules.implementations.rag_module:RagModule)
2026-09-15 21:59:53.747 | INFO     | trace= span= tp= req= job= ps=: | tldw_Server_API.app.core.MCP_unified.server:_register_default_modules:1229 - Skipping disabled module: run_command
2026-09-15 21:59:53.748 | INFO     | trace= span= tp= req= job= ps=: | tldw_Server_API.app.core.MCP_unified.modules.registry:register_module:156 - Registering module: kanban
2026-09-15 21:59:53.750 | INFO     | trace= span= tp= req= job= ps=: | tldw_Server_API.app.core.MCP_unified.modules.base:__init__:371 - Module created: Kanban v1.0.0
2026-09-15 21:59:53.751 | INFO     | trace= span= tp= req= job= ps=: | tldw_Server_API.app.core.MCP_unified.modules.base:initialize:390 - Initializing module: Kanban
2026-09-15 21:59:53.751 | INFO     | trace= span= tp= req= job= ps=: | tldw_Server_API.app.core.MCP_unified.modules.implementations.kanban_module:on_initialize:86 - Initializing Kanban module: Kanban
2026-09-15 21:59:53.753 | INFO     | trace= span= tp= req= job= ps=: | tldw_Server_API.app.core.MCP_unified.modules.base:initialize:405 - Module initialized successfully: Kanban
2026-09-15 21:59:53.782 | INFO     | trace= span= tp= req= job= ps=: | tldw_Server_API.app.core.MCP_unified.modules.registry:_initialize_module:201 - Module kanban initialized successfully
2026-09-15 21:59:53.783 | INFO     | trace= span= tp= req= job= ps=: | tldw_Server_API.app.core.MCP_unified.server:_register_default_modules:1260 - Registered MCP module: kanban (tldw_Server_API.app.core.MCP_unified.modules.implementations.kanban_module:KanbanModule)
2026-09-15 21:59:53.784 | INFO     | trace= span= tp= req= job= ps=: | tldw_Server_API.app.core.MCP_unified.modules.registry:register_module:156 - Registering module: quizzes
2026-09-15 21:59:53.786 | INFO     | trace= span= tp= req= job= ps=: | tldw_Server_API.app.core.MCP_unified.modules.base:__init__:371 - Module created: Quizzes v1.0.0
2026-09-15 21:59:53.787 | INFO     | trace= span= tp= req= job= ps=: | tldw_Server_API.app.core.MCP_unified.modules.base:initialize:390 - Initializing module: Quizzes
2026-09-15 21:59:53.788 | INFO     | trace= span= tp= req= job= ps=: | tldw_Server_API.app.core.MCP_unified.modules.implementations.quizzes_module:on_initialize:46 - Initializing Quizzes module: Quizzes
2026-09-15 21:59:53.789 | INFO     | trace= span= tp= req= job= ps=: | tldw_Server_API.app.core.MCP_unified.modules.base:initialize:405 - Module initialized successfully: Quizzes
2026-09-15 21:59:53.798 | INFO     | trace= span= tp= req= job= ps=: | tldw_Server_API.app.core.MCP_unified.modules.registry:_initialize_module:201 - Module quizzes initialized successfully
2026-09-15 21:59:53.799 | INFO     | trace= span= tp= req= job= ps=: | tldw_Server_API.app.core.MCP_unified.server:_register_default_modules:1260 - Registered MCP module: quizzes (tldw_Server_API.app.core.MCP_unified.modules.implementations.quizzes_module:QuizzesModule)
2026-09-15 21:59:53.801 | INFO     | trace= span= tp= req= job= ps=: | tldw_Server_API.app.core.MCP_unified.modules.registry:register_module:156 - Registering module: flashcards
2026-09-15 21:59:53.802 | INFO     | trace= span= tp= req= job= ps=: | tldw_Server_API.app.core.MCP_unified.modules.base:__init__:371 - Module created: Flashcards v1.0.0
2026-09-15 21:59:53.803 | INFO     | trace= span= tp= req= job= ps=: | tldw_Server_API.app.core.MCP_unified.modules.base:initialize:390 - Initializing module: Flashcards
2026-09-15 21:59:53.804 | INFO     | trace= span= tp= req= job= ps=: | tldw_Server_API.app.core.MCP_unified.modules.implementations.flashcards_module:on_initialize:49 - Initializing Flashcards module: Flashcards
2026-09-15 21:59:53.805 | INFO     | trace= span= tp= req= job= ps=: | tldw_Server_API.app.core.MCP_unified.modules.base:initialize:405 - Module initialized successfully: Flashcards
2026-09-15 21:59:53.813 | INFO     | trace= span= tp= req= job= ps=: | tldw_Server_API.app.core.MCP_unified.modules.registry:_initialize_module:201 - Module flashcards initialized successfully
2026-09-15 21:59:53.814 | INFO     | trace= span= tp= req= job= ps=: | tldw_Server_API.app.core.MCP_unified.server:_register_default_modules:1260 - Registered MCP module: flashcards (tldw_Server_API.app.core.MCP_unified.modules.implementations.flashcards_module:FlashcardsModule)
2026-09-15 21:59:53.815 | INFO     | trace= span= tp= req= job= ps=: | tldw_Server_API.app.core.MCP_unified.modules.registry:register_module:156 - Registering module: slides
2026-09-15 21:59:53.817 | INFO     | trace= span= tp= req= job= ps=: | tldw_Server_API.app.core.MCP_unified.modules.base:__init__:371 - Module created: Slides v1.0.0
2026-09-15 21:59:53.818 | INFO     | trace= span= tp= req= job= ps=: | tldw_Server_API.app.core.MCP_unified.modules.base:initialize:390 - Initializing module: Slides
2026-09-15 21:59:53.818 | INFO     | trace= span= tp= req= job= ps=: | tldw_Server_API.app.core.MCP_unified.modules.implementations.slides_module:on_initialize:63 - Initializing Slides module: Slides
2026-09-15 21:59:53.819 | INFO     | trace= span= tp= req= job= ps=: | tldw_Server_API.app.core.MCP_unified.modules.base:initialize:405 - Module initialized successfully: Slides
2026-09-15 21:59:53.833 | INFO     | trace= span= tp= req= job= ps=: | tldw_Server_API.app.core.MCP_unified.modules.registry:_initialize_module:201 - Module slides initialized successfully
2026-09-15 21:59:53.834 | INFO     | trace= span= tp= req= job= ps=: | tldw_Server_API.app.core.MCP_unified.server:_register_default_modules:1260 - Registered MCP module: slides (tldw_Server_API.app.core.MCP_unified.modules.implementations.slides_module:SlidesModule)
2026-09-15 21:59:53.854 | INFO     | trace= span= tp= req= job= ps=: | tldw_Server_API.app.core.MCP_unified.server:initialize:755 - MCP Server initialized successfully
2026-09-15 21:59:53.855 | INFO     | trace= span= tp= req= job= ps=: | tldw_Server_API.app.services.startup_heavy_init:_init_mcp_server:167 - App Startup: MCP Unified server initialized successfully
2026-09-15 21:59:53.939 | INFO     | trace= span= tp= req= job= ps=: | tldw_Server_API.app.services.startup_heavy_init:_init_provider_manager:194 - App Startup: Provider manager initialized with 124 providers
2026-09-15 21:59:53.940 | INFO     | trace= span= tp= req= job= ps=: | tldw_Server_API.app.services.startup_heavy_init:_init_request_queue:236 - App Startup: Request queue disabled (QUEUED_EXECUTION is off)
2026-09-15 21:59:53.941 | INFO     | trace= span= tp= req= job= ps=: | tldw_Server_API.app.services.startup_heavy_init:_init_rate_limiter:270 - App Startup: Rate limiter initialized
2026-09-15 21:59:53.942 | INFO     | trace= span= tp= req= job= ps=: | tldw_Server_API.app.core.config:_buffered_log:210 - Loading TTS configuration from: /Users/macbook-dev/Documents/GitHub/tldw_server2/tldw_Server_API/Config_Files/tts_providers_config.yaml
2026-09-15 21:59:53.959 | INFO     | trace= span= tp= req= job= ps=: | tldw_Server_API.app.core.config:_buffered_log:210 - TTS configuration loaded successfully
2026-09-15 21:59:53.977 | WARNING  | trace= span= tp= req= job= ps=: | tldw_Server_API.app.core.TTS.tts_config:_warn_legacy_tts_setting_keys:307 - [TTS-Settings] 'default_tts_provider' is deprecated; use 'default_provider'. Legacy aliases are scheduled for removal after 2026-06-30.
2026-09-15 21:59:53.977 | WARNING  | trace= span= tp= req= job= ps=: | tldw_Server_API.app.core.TTS.tts_config:_warn_legacy_tts_setting_keys:307 - [TTS-Settings] 'default_tts_voice' is deprecated; use 'default_voice'. Legacy aliases are scheduled for removal after 2026-06-30.
2026-09-15 21:59:53.978 | WARNING  | trace= span= tp= req= job= ps=: | tldw_Server_API.app.core.TTS.tts_config:_warn_legacy_tts_setting_keys:307 - [TTS-Settings] 'default_tts_speed' is deprecated; use 'default_speed'. Legacy aliases are scheduled for removal after 2026-06-30.
2026-09-15 21:59:53.979 | WARNING  | trace= span= tp= req= job= ps=: | tldw_Server_API.app.core.TTS.tts_config:_warn_legacy_tts_setting_keys:307 - [TTS-Settings] 'local_tts_device' is deprecated; use 'local_device'. Legacy aliases are scheduled for removal after 2026-06-30.
2026-09-15 21:59:53.982 | INFO     | trace= span= tp= req= job= ps=: | tldw_Server_API.app.core.TTS.tts_config:reload:281 - TTS configuration loaded with 22 providers
2026-09-15 21:59:53.984 | INFO     | trace= span= tp= req= job= ps=: | tldw_Server_API.app.core.TTS.adapter_registry:get_tts_factory:1599 - TTS Adapter Factory initialized
2026-09-15 21:59:53.985 | INFO     | trace= span= tp= req= job= ps=: | tldw_Server_API.app.core.TTS.circuit_breaker:get_circuit_manager:553 - Circuit breaker manager initialized
2026-09-15 21:59:53.994 | WARNING  | trace= span= tp= req= job= ps=: | tldw_Server_API.app.core.Metrics.metrics_manager:register_metric:1863 - Metric tts_ttfb_seconds already registered with incompatible definition: existing type=histogram, labels=['provider', 'voice', 'format']; candidate type=histogram, labels=['provider', 'voice', 'format']
2026-09-15 21:59:53.995 | WARNING  | trace= span= tp= req= job= ps=: | tldw_Server_API.app.core.Metrics.metrics_manager:register_metric:1863 - Metric voice_to_voice_seconds already registered with incompatible definition: existing type=histogram, labels=['provider', 'route']; candidate type=histogram, labels=['provider', 'route']
2026-09-15 21:59:53.995 | INFO     | trace= span= tp= req= job= ps=: | tldw_Server_API.app.core.TTS.tts_service_v2:get_tts_service_v2:4289 - Enhanced TTS Service (V2) initialized
2026-09-15 21:59:53.996 | INFO     | trace= span= tp= req= job= ps=: | tldw_Server_API.app.core.TTS.voice_manager:start_background_tasks:1562 - Voice manager background tasks started
2026-09-15 21:59:53.997 | INFO     | trace= span= tp= req= job= ps=: | tldw_Server_API.app.core.TTS.voice_manager:init_voice_manager:1615 - Voice manager initialized
2026-09-15 21:59:53.997 | INFO     | trace= span= tp= req= job= ps=: | tldw_Server_API.app.services.startup_heavy_init:_init_tts_service:289 - App Startup: TTS service initialized successfully
2026-09-15 21:59:54.001 | INFO     | trace= span= tp= req= job= ps=: | tldw_Server_API.app.core.DB_Management.media_db.runtime.bootstrap_lifecycle_ops:initialize_media_database:79 - Initializing Database object for path: /private/var/folders/sn/m80n2j152t9gw3w8qwk2nykh0000gn/T/pytest-of-macbook-dev/pytest-11851/test_failed_retry_refuses_extr0/user_dbs/1/Media_DB_v2.db [Client ID: system]
2026-09-15 21:59:54.004 | INFO     | trace= span= tp= req= job= ps=: | tldw_Server_API.app.core.DB_Management.media_db.schema.backends.sqlite_helpers:bootstrap_sqlite_schema:223 - Checking DB schema. Current version: 0. Code supports: 26
2026-09-15 21:59:54.005 | INFO     | trace= span= tp= req= job= ps=: | tldw_Server_API.app.core.DB_Management.media_db.schema.features.core_media:apply_sqlite_core_media_schema:276 - Applying initial schema (Version 1) to DB: /private/var/folders/sn/m80n2j152t9gw3w8qwk2nykh0000gn/T/pytest-of-macbook-dev/pytest-11851/test_failed_retry_refuses_extr0/user_dbs/1/Media_DB_v2.db...
2026-09-15 21:59:54.041 | INFO     | trace= span= tp= req= job= ps=: | tldw_Server_API.app.core.DB_Management.media_db.schema.features.core_media:apply_sqlite_core_media_schema:302 - [Schema V1] Core Schema V1 (incl. version update) applied successfully for DB: /private/var/folders/sn/m80n2j152t9gw3w8qwk2nykh0000gn/T/pytest-of-macbook-dev/pytest-11851/test_failed_retry_refuses_extr0/user_dbs/1/Media_DB_v2.db.
2026-09-15 21:59:54.044 | INFO     | trace= span= tp= req= job= ps=: | tldw_Server_API.app.core.DB_Management.media_db.schema.features.core_media:apply_sqlite_core_media_schema:310 - [Schema V1] FTS Tables created successfully.
2026-09-15 21:59:54.048 | INFO     | trace= span= tp= req= job= ps=: | tldw_Server_API.app.core.DB_Management.media_db.schema.backends.sqlite_helpers:bootstrap_sqlite_schema:267 - Database schema initialized to version 26.
2026-09-15 21:59:54.050 | INFO     | trace= span= tp= req= job= ps=: | tldw_Server_API.app.core.Chunking.template_initialization:_append_template:90 - Loaded template: transcript_dialogue from pkg:transcript_dialogue.json
2026-09-15 21:59:54.050 | INFO     | trace= span= tp= req= job= ps=: | tldw_Server_API.app.core.Chunking.template_initialization:_append_template:90 - Loaded template: legal_document from pkg:legal_document.json
2026-09-15 21:59:54.051 | INFO     | trace= span= tp= req= job= ps=: | tldw_Server_API.app.core.Chunking.template_initialization:_append_template:90 - Loaded template: chat_conversation from pkg:chat_conversation.json
2026-09-15 21:59:54.052 | INFO     | trace= span= tp= req= job= ps=: | tldw_Server_API.app.core.Chunking.template_initialization:_append_template:90 - Loaded template: code_documentation from pkg:code_documentation.json
2026-09-15 21:59:54.053 | INFO     | trace= span= tp= req= job= ps=: | tldw_Server_API.app.core.Chunking.template_initialization:_append_template:90 - Loaded template: book_chapters from pkg:book_chapters.json
2026-09-15 21:59:54.054 | INFO     | trace= span= tp= req= job= ps=: | tldw_Server_API.app.core.Chunking.template_initialization:_append_template:90 - Loaded template: academic_paper from pkg:academic_paper.json
2026-09-15 21:59:54.061 | INFO     | trace= span= tp= req= job= ps=: | tldw_Server_API.app.core.DB_Management.media_db.runtime.chunk_template_ops:create_chunking_template:97 - Created chunking template 'transcript_dialogue' with UUID f3e14cef-27f3-4784-99a5-e47eb15cbb50
2026-09-15 21:59:54.062 | INFO     | trace= span= tp= req= job= ps=: | tldw_Server_API.app.core.DB_Management.media_db.api:seed_builtin_templates:1065 - Seeded built-in template: transcript_dialogue
2026-09-15 21:59:54.069 | INFO     | trace= span= tp= req= job= ps=: | tldw_Server_API.app.core.DB_Management.media_db.runtime.chunk_template_ops:create_chunking_template:97 - Created chunking template 'legal_document' with UUID 6cfccaa9-cf5f-4384-b50b-463e58bf364c
2026-09-15 21:59:54.069 | INFO     | trace= span= tp= req= job= ps=: | tldw_Server_API.app.core.DB_Management.media_db.api:seed_builtin_templates:1065 - Seeded built-in template: legal_document
2026-09-15 21:59:54.076 | INFO     | trace= span= tp= req= job= ps=: | tldw_Server_API.app.core.DB_Management.media_db.runtime.chunk_template_ops:create_chunking_template:97 - Created chunking template 'chat_conversation' with UUID 644541c6-06e3-4dc0-bdfe-b0c80ffd366b
2026-09-15 21:59:54.077 | INFO     | trace= span= tp= req= job= ps=: | tldw_Server_API.app.core.DB_Management.media_db.api:seed_builtin_templates:1065 - Seeded built-in template: chat_conversation
2026-09-15 21:59:54.083 | INFO     | trace= span= tp= req= job= ps=: | tldw_Server_API.app.core.DB_Management.media_db.runtime.chunk_template_ops:create_chunking_template:97 - Created chunking template 'code_documentation' with UUID 4e36302e-903f-4d72-8292-c3c7ca5c73b3
2026-09-15 21:59:54.084 | INFO     | trace= span= tp= req= job= ps=: | tldw_Server_API.app.core.DB_Management.media_db.api:seed_builtin_templates:1065 - Seeded built-in template: code_documentation
2026-09-15 21:59:54.090 | INFO     | trace= span= tp= req= job= ps=: | tldw_Server_API.app.core.DB_Management.media_db.runtime.chunk_template_ops:create_chunking_template:97 - Created chunking template 'book_chapters' with UUID 8c105ba9-0ed4-431d-8dc9-a8d4cb4bebbf
2026-09-15 21:59:54.091 | INFO     | trace= span= tp= req= job= ps=: | tldw_Server_API.app.core.DB_Management.media_db.api:seed_builtin_templates:1065 - Seeded built-in template: book_chapters
2026-09-15 21:59:54.097 | INFO     | trace= span= tp= req= job= ps=: | tldw_Server_API.app.core.DB_Management.media_db.runtime.chunk_template_ops:create_chunking_template:97 - Created chunking template 'academic_paper' with UUID d6b9dbde-a653-4495-bb95-35e5747da3a9
2026-09-15 21:59:54.098 | INFO     | trace= span= tp= req= job= ps=: | tldw_Server_API.app.core.DB_Management.media_db.api:seed_builtin_templates:1065 - Seeded built-in template: academic_paper
2026-09-15 21:59:54.098 | INFO     | trace= span= tp= req= job= ps=: | tldw_Server_API.app.core.Chunking.template_initialization:initialize_chunking_templates:268 - Successfully seeded 6 built-in templates into database
2026-09-15 21:59:54.099 | INFO     | trace= span= tp= req= job= ps=: | tldw_Server_API.app.core.Chunking.template_initialization:ensure_templates_initialized:346 - Initialized 6 chunking templates on startup
2026-09-15 21:59:54.100 | INFO     | trace= span= tp= req= job= ps=: | tldw_Server_API.app.services.startup_heavy_init:_init_chunking_templates:308 - App Startup: Chunking templates initialized successfully
2026-09-15 21:59:54.109 | WARNING  | trace= span= tp= req= job= ps=: | tldw_Server_API.app.services.startup_context_integrity:produce_context_integrity_startup_warnings:444 - Context integrity startup finding: new_unapproved prompt_file:README.md
2026-09-15 21:59:54.110 | WARNING  | trace= span= tp= req= job= ps=: | tldw_Server_API.app.services.startup_context_integrity:produce_context_integrity_startup_warnings:444 - Context integrity startup finding: new_unapproved prompt_file:audio.prompts.md
2026-09-15 21:59:54.111 | WARNING  | trace= span= tp= req= job= ps=: | tldw_Server_API.app.services.startup_context_integrity:produce_context_integrity_startup_warnings:444 - Context integrity startup finding: new_unapproved prompt_file:audio.prompts.yaml
2026-09-15 21:59:54.112 | WARNING  | trace= span= tp= req= job= ps=: | tldw_Server_API.app.services.startup_context_integrity:produce_context_integrity_startup_warnings:444 - Context integrity startup finding: new_unapproved prompt_file:chat.prompts.md
2026-09-15 21:59:54.112 | WARNING  | trace= span= tp= req= job= ps=: | tldw_Server_API.app.services.startup_context_integrity:produce_context_integrity_startup_warnings:444 - Context integrity startup finding: new_unapproved prompt_file:chat.prompts.yaml
2026-09-15 21:59:54.113 | WARNING  | trace= span= tp= req= job= ps=: | tldw_Server_API.app.services.startup_context_integrity:produce_context_integrity_startup_warnings:444 - Context integrity startup finding: new_unapproved prompt_file:chunking.prompts.md
2026-09-15 21:59:54.114 | WARNING  | trace= span= tp= req= job= ps=: | tldw_Server_API.app.services.startup_context_integrity:produce_context_integrity_startup_warnings:444 - Context integrity startup finding: new_unapproved prompt_file:chunking.prompts.yaml
2026-09-15 21:59:54.114 | WARNING  | trace= span= tp= req= job= ps=: | tldw_Server_API.app.services.startup_context_integrity:produce_context_integrity_startup_warnings:444 - Context integrity startup finding: new_unapproved prompt_file:document.prompts.yaml
2026-09-15 21:59:54.115 | WARNING  | trace= span= tp= req= job= ps=: | tldw_Server_API.app.services.startup_context_integrity:produce_context_integrity_startup_warnings:444 - Context integrity startup finding: new_unapproved prompt_file:embeddings.prompts.md
2026-09-15 21:59:54.116 | WARNING  | trace= span= tp= req= job= ps=: | tldw_Server_API.app.services.startup_context_integrity:produce_context_integrity_startup_warnings:444 - Context integrity startup finding: new_unapproved prompt_file:embeddings.prompts.yaml
2026-09-15 21:59:54.117 | WARNING  | trace= span= tp= req= job= ps=: | tldw_Server_API.app.services.startup_context_integrity:produce_context_integrity_startup_warnings:444 - Context integrity startup finding: new_unapproved prompt_file:evals.prompts.md
2026-09-15 21:59:54.117 | WARNING  | trace= span= tp= req= job= ps=: | tldw_Server_API.app.services.startup_context_integrity:produce_context_integrity_startup_warnings:444 - Context integrity startup finding: new_unapproved prompt_file:ingestion.prompts.md
2026-09-15 21:59:54.118 | WARNING  | trace= span= tp= req= job= ps=: | tldw_Server_API.app.services.startup_context_integrity:produce_context_integrity_startup_warnings:444 - Context integrity startup finding: new_unapproved prompt_file:ingestion.prompts.yaml
2026-09-15 21:59:54.119 | WARNING  | trace= span= tp= req= job= ps=: | tldw_Server_API.app.services.startup_context_integrity:produce_context_integrity_startup_warnings:444 - Context integrity startup finding: new_unapproved prompt_file:mcp.prompts.md
2026-09-15 21:59:54.119 | WARNING  | trace= span= tp= req= job= ps=: | tldw_Server_API.app.services.startup_context_integrity:produce_context_integrity_startup_warnings:444 - Context integrity startup finding: new_unapproved prompt_file:rag.prompts.md
2026-09-15 21:59:54.120 | WARNING  | trace= span= tp= req= job= ps=: | tldw_Server_API.app.services.startup_context_integrity:produce_context_integrity_startup_warnings:444 - Context integrity startup finding: new_unapproved prompt_file:rag.prompts.yaml
2026-09-15 21:59:54.121 | WARNING  | trace= span= tp= req= job= ps=: | tldw_Server_API.app.services.startup_context_integrity:produce_context_integrity_startup_warnings:444 - Context integrity startup finding: new_unapproved prompt_file:slides.prompts.md
2026-09-15 21:59:54.121 | WARNING  | trace= span= tp= req= job= ps=: | tldw_Server_API.app.services.startup_context_integrity:produce_context_integrity_startup_warnings:444 - Context integrity startup finding: new_unapproved prompt_file:summarization.prompts.yaml
2026-09-15 21:59:54.122 | WARNING  | trace= span= tp= req= job= ps=: | tldw_Server_API.app.services.startup_context_integrity:produce_context_integrity_startup_warnings:444 - Context integrity startup finding: new_unapproved prompt_file:webscraping.prompts.yaml
2026-09-15 21:59:54.123 | WARNING  | trace= span= tp= req= job= ps=: | tldw_Server_API.app.services.startup_context_integrity:produce_context_integrity_startup_warnings:444 - Context integrity startup finding: degraded_integrity manifest:none
2026-09-15 21:59:54.143 | INFO     | trace= span= tp= req= job= ps=: | tldw_Server_API.app.services.core_jobs_worker:run_chatbooks_core_jobs_worker:81 - Starting Core Jobs worker for Chatbooks domain
2026-09-15 21:59:54.147 | INFO     | trace= span= tp= req= job= ps=: | tldw_Server_API.app.core.Jobs.migrations:ensure_jobs_tables:1505 - Ensured Jobs schema at /Users/macbook-dev/Documents/GitHub/tldw_server2/Databases/jobs.db
2026-09-15 21:59:54.179 | INFO     | trace= span= tp= req= job= ps=: | tldw_Server_API.app.core.Jobs.manager:acquire_next_job:6185 - [JM TEST] acquire_next_job enter backend=sqlite domain=chatbooks queue=default job_type=None owner=None gate=False db=/Users/macbook-dev/Documents/GitHub/tldw_server2/Databases/jobs.db
2026-09-15 21:59:54.181 | INFO     | trace= span= tp= req= job= ps=: | tldw_Server_API.app.core.Jobs.manager:acquire_next_job:6196 - [JM TEST] queue flags paused=False drain=False
2026-09-15 21:59:54.183 | INFO     | trace= span= tp= req= job= ps=: | tldw_Server_API.app.core.Jobs.manager:acquire_next_job:6209 - [JM TEST] inflight quota=0 owner=None
2026-09-15 21:59:54.195 | INFO     | trace= span= tp= req= job= ps=: | tldw_Server_API.app.core.Jobs.migrations:ensure_jobs_tables:1505 - Ensured Jobs schema at /Users/macbook-dev/Documents/GitHub/tldw_server2/Databases/jobs.db
2026-09-15 21:59:54.196 | INFO     | trace= span= tp= req= job= ps=: | tldw_Server_API.app.core.Sharing.shared_workspace_clone_jobs_worker:run_shared_workspace_clone_jobs_worker:1580 - Shared Workspace clone Jobs worker starting
2026-09-15 21:59:54.197 | INFO     | trace= span= tp= req= job= ps=: | tldw_Server_API.app.core.Jobs.manager:acquire_next_job:6185 - [JM TEST] acquire_next_job enter backend=sqlite domain=sharing queue=workspace-clone job_type=workspace_clone owner=None gate=False db=/Users/macbook-dev/Documents/GitHub/tldw_server2/Databases/jobs.db
2026-09-15 21:59:54.198 | INFO     | trace= span= tp= req= job= ps=: | tldw_Server_API.app.core.Jobs.manager:acquire_next_job:6196 - [JM TEST] queue flags paused=False drain=False
2026-09-15 21:59:54.200 | INFO     | trace= span= tp= req= job= ps=: | tldw_Server_API.app.core.Jobs.manager:acquire_next_job:6209 - [JM TEST] inflight quota=0 owner=None
2026-09-15 21:59:54.208 | INFO     | trace= span= tp= req= job= ps=: | tldw_Server_API.app.core.Jobs.migrations:ensure_jobs_tables:1505 - Ensured Jobs schema at /Users/macbook-dev/Documents/GitHub/tldw_server2/Databases/jobs.db
2026-09-15 21:59:54.209 | WARNING  | trace= span= tp= req= job= ps=: | tldw_Server_API.app.services.startup_content_jobs_pollers:_build_standalone_html_generation_runtime:1520 - Standalone HTML generation remains closed; error_type=DigestKeyConfigError
2026-09-15 21:59:54.213 | INFO     | trace= span= tp= req= job= ps=: | tldw_Server_API.app.core.Jobs.migrations:ensure_jobs_tables:1505 - Ensured Jobs schema at /Users/macbook-dev/Documents/GitHub/tldw_server2/Databases/jobs.db
2026-09-15 21:59:54.214 | INFO     | trace= span= tp= req= job= ps=: | tldw_Server_API.app.services.jobs_notifications_service:run_forever:254 - Starting Jobs Notifications bridge service
2026-09-15 21:59:54.250 | WARNING  | trace= span= tp= req= job= ps=: | tldw_Server_API.app.services.jobs_notifications_service:process_event:104 - jobs_notifications_bridge: unresolved owner, skipping event_id=12 type=job.completed
2026-09-15 21:59:54.251 | WARNING  | trace= span= tp= req= job= ps=: | tldw_Server_API.app.services.jobs_notifications_service:process_event:104 - jobs_notifications_bridge: unresolved owner, skipping event_id=19 type=job.completed
2026-09-15 21:59:54.252 | WARNING  | trace= span= tp= req= job= ps=: | tldw_Server_API.app.services.jobs_notifications_service:process_event:104 - jobs_notifications_bridge: unresolved owner, skipping event_id=127 type=job.completed
2026-09-15 21:59:54.253 | WARNING  | trace= span= tp= req= job= ps=: | tldw_Server_API.app.services.jobs_notifications_service:process_event:104 - jobs_notifications_bridge: unresolved owner, skipping event_id=129 type=job.completed
2026-09-15 21:59:54.469 | WARNING  | trace= span= tp= req= job= ps=: | tldw_Server_API.app.services.jobs_notifications_service:process_event:104 - jobs_notifications_bridge: unresolved owner, skipping event_id=271 type=job.completed
2026-09-15 21:59:54.702 | INFO     | trace= span= tp= req= job= ps=: | tldw_Server_API.app.services.llm_usage_aggregator:_aggregator_loop:90 - Starting LLM usage aggregator task (interval: 60 min)
2026-09-15 21:59:54.704 | INFO     | trace= span= tp= req= job= ps=: | tldw_Server_API.app.services.startup_infra_services:_maybe_ensure_pg_rls:128 - PG RLS auto-ensure disabled (set RAG_ENSURE_PG_RLS=true to enable)
2026-09-15 21:59:54.705 | INFO     | trace= span= tp= req= job= ps=: | tldw_Server_API.app.services.startup_environment_reporting:_log_startup_banner:48 - ============================================================
2026-09-15 21:59:54.706 | INFO     | trace= span= tp= req= job= ps=: | tldw_Server_API.app.services.startup_environment_reporting:_log_startup_banner:49 - 🚀 TLDW Server Started Successfully
2026-09-15 21:59:54.707 | INFO     | trace= span= tp= req= job= ps=: | tldw_Server_API.app.services.startup_environment_reporting:_log_startup_banner:50 - ============================================================
2026-09-15 21:59:54.708 | INFO     | trace= span= tp= req= job= ps=: | tldw_Server_API.app.services.startup_environment_reporting:_log_startup_banner:53 - 🔐 Authentication Mode: SINGLE USER
2026-09-15 21:59:54.708 | INFO     | trace= span= tp= req= job= ps=: | tldw_Server_API.app.services.startup_environment_reporting:_log_startup_banner:58 - 🔑 API Key: test...2345 (masked; set SHOW_API_KEY_ON_STARTUP=true to display once)
2026-09-15 21:59:54.709 | INFO     | trace= span= tp= req= job= ps=: | tldw_Server_API.app.services.startup_environment_reporting:_log_startup_banner:59 - ============================================================
2026-09-15 21:59:54.710 | INFO     | trace= span= tp= req= job= ps=: | tldw_Server_API.app.services.startup_environment_reporting:_log_startup_banner:60 - Use this API key in the X-API-KEY header for requests
2026-09-15 21:59:54.711 | INFO     | trace= span= tp= req= job= ps=: | tldw_Server_API.app.services.startup_environment_reporting:_log_startup_banner:74 - 📍 API Documentation: http://127.0.0.1:8000/docs
2026-09-15 21:59:54.712 | INFO     | trace= span= tp= req= job= ps=: | tldw_Server_API.app.services.startup_environment_reporting:_log_startup_banner:75 - 🧭 Quickstart: http://127.0.0.1:8000/api/v1/config/quickstart
2026-09-15 21:59:54.712 | INFO     | trace= span= tp= req= job= ps=: | tldw_Server_API.app.services.startup_environment_reporting:_log_startup_banner:76 - 🛠 Setup UI: http://127.0.0.1:8000/setup (if required)
2026-09-15 21:59:54.713 | INFO     | trace= span= tp= req= job= ps=: | tldw_Server_API.app.services.startup_environment_reporting:_log_startup_banner:77 - ============================================================
2026-09-15 21:59:54.714 | INFO     | trace= span= tp= req= job= ps=: | tldw_Server_API.app.services.startup_environment_reporting:_log_preflight_environment_report:119 - Preflight Environment Report ─────────────────────────────────────────
2026-09-15 21:59:54.714 | INFO     | trace= span= tp= req= job= ps=: | tldw_Server_API.app.services.startup_environment_reporting:_log_preflight_environment_report:120 - • Mode: single_user | Production: False
2026-09-15 21:59:54.715 | INFO     | trace= span= tp= req= job= ps=: | tldw_Server_API.app.services.startup_environment_reporting:_log_preflight_environment_report:121 - • Database: engine=sqlite
2026-09-15 21:59:54.716 | INFO     | trace= span= tp= req= job= ps=: | tldw_Server_API.app.services.startup_environment_reporting:_log_preflight_environment_report:128 - • Database check: OK
2026-09-15 21:59:54.716 | INFO     | trace= span= tp= req= job= ps=: | tldw_Server_API.app.services.startup_environment_reporting:_log_preflight_environment_report:129 - • Redis: enabled=False
2026-09-15 21:59:54.717 | INFO     | trace= span= tp= req= job= ps=: | tldw_Server_API.app.services.startup_environment_reporting:_log_preflight_environment_report:130 - • CSRF: enabled=False
2026-09-15 21:59:54.718 | INFO     | trace= span= tp= req= job= ps=: | tldw_Server_API.app.services.startup_environment_reporting:_log_preflight_environment_report:134 - • CORS: allowed_origins=4 | allow_credentials=False
2026-09-15 21:59:54.719 | INFO     | trace= span= tp= req= job= ps=: | tldw_Server_API.app.services.startup_environment_reporting:_log_preflight_environment_report:135 - • CORS effective settings: disable=False (source=env) | allow_credentials=False (source=env) | origins=4 (source=env)
2026-09-15 21:59:54.720 | INFO     | trace= span= tp= req= job= ps=: | tldw_Server_API.app.services.startup_environment_reporting:_log_preflight_environment_report:141 - • CORS config file: path=/Users/macbook-dev/Documents/GitHub/tldw_server2/tldw_Server_API/Config_Files/config.txt | loaded=True
2026-09-15 21:59:54.720 | INFO     | trace= span= tp= req= job= ps=: | tldw_Server_API.app.services.startup_environment_reporting:_log_preflight_environment_report:147 - • CORS origins preview: http://localhost:3000, http://127.0.0.1:3000, http://localhost:8080, http://127.0.0.1:8080
2026-09-15 21:59:54.721 | INFO     | trace= span= tp= req= job= ps=: | tldw_Server_API.app.services.startup_environment_reporting:_log_preflight_environment_report:148 - • Global rate limiter: False
2026-09-15 21:59:54.722 | INFO     | trace= span= tp= req= job= ps=: | tldw_Server_API.app.services.startup_environment_reporting:_log_preflight_environment_report:149 - • Providers configured: 124
2026-09-15 21:59:54.723 | INFO     | trace= span= tp= req= job= ps=: | tldw_Server_API.app.services.startup_environment_reporting:_log_preflight_environment_report:150 - • OpenTelemetry available: True
2026-09-15 21:59:54.723 | INFO     | trace= span= tp= req= job= ps=: | tldw_Server_API.app.services.startup_environment_reporting:_log_preflight_environment_report:151 - ──────────────────────────────────────────────────────────────────────
2026-09-15 21:59:54.724 | INFO     | trace= span= tp= req= job= ps=: | tldw_Server_API.app.main:lifespan:1295 - App Startup: Audit service available via dependency injection
2026-09-15 21:59:54.725 | INFO     | trace= span= tp= req= job= ps=: | tldw_Server_API.app.core.config:validate_config:6014 - Config validation passed — no issues found
2026-09-15 21:59:54.754 | INFO     | trace= span= tp= req= job= ps=: | tldw_Server_API.app.api.v1.endpoints.embeddings_v5_production_enhanced:_embeddings_router_lifespan:1334 - Starting embeddings service v5 enhanced (with circuit breaker)
2026-09-15 21:59:54.755 | INFO     | trace= span= tp= req= job= ps=: | tldw_Server_API.app.api.v1.endpoints.embeddings_v5_production_enhanced:_embeddings_router_lifespan:1394 - Embeddings service started successfully
2026-09-15 21:59:54.786 | INFO     | trace= span= tp= req=13da2980-2c86-4fc6-a094-2f9cbff21cb7 job= ps=: | tldw_Server_API.app.core.Logging.access_log_middleware:dispatch:70 - HTTP GET /api/v1/health -> 200 in 7ms
2026-09-15 21:59:54.789 | INFO     | trace= span= tp= req= job= ps=: | httpx._client:_send_handling_redirects:979 - HTTP Request: GET http://testserver/api/v1/health "HTTP/1.1 200 OK"
------------------------------ Captured log setup ------------------------------
DEBUG    root:media_database_impl.py:1910 Started SQLite transaction.
DEBUG    root:media_database_impl.py:1914 Committed SQLite transaction.
DEBUG    root:media_database_impl.py:1910 Started SQLite transaction.
DEBUG    root:media_database_impl.py:1914 Committed SQLite transaction.
DEBUG    root:media_database_impl.py:1910 Started SQLite transaction.
DEBUG    root:media_database_impl.py:1914 Committed SQLite transaction.
DEBUG    root:media_database_impl.py:1910 Started SQLite transaction.
DEBUG    root:media_database_impl.py:1914 Committed SQLite transaction.
DEBUG    root:media_database_impl.py:1910 Started SQLite transaction.
DEBUG    root:media_database_impl.py:1914 Committed SQLite transaction.
DEBUG    root:media_database_impl.py:1910 Started SQLite transaction.
DEBUG    root:media_database_impl.py:1914 Committed SQLite transaction.
DEBUG    root:media_database_impl.py:1910 Started SQLite transaction.
DEBUG    root:media_database_impl.py:1914 Committed SQLite transaction.
----------------------------- Captured stderr call -----------------------------
2026-09-15 21:59:54.792 | INFO     | trace= span= tp= req= job= ps=: | tldw_Server_API.app.core.DB_Management.chacha.conversation_store:add_conversation:483 - Added conversation ID: 00a28971-686d-48ad-b543-c4e3778f45e4.
2026-09-15 21:59:54.795 | INFO     | trace= span= tp= req= job= ps=: | tldw_Server_API.app.core.DB_Management.chacha.message_store:add_message:253 - Added message ID: 24c41b47-e16a-4557-833a-63166dc3e2c4 to conversation 00a28971-686d-48ad-b543-c4e3778f45e4 (Images stored: No).
2026-09-15 21:59:54.853 | WARNING  | trace= span= tp= req= job= ps=: | tldw_Server_API.app.core.AuthNZ.jwt_service:__init__:123 - JWTService initialized in single-user mode - JWT features may not work correctly
2026-09-15 21:59:54.886 | INFO     | trace= span= tp= req= job= ps=: | tldw_Server_API.app.api.v1.API_Deps.Audit_DB_Deps:_get_or_create_audit_service_for_key:715 - No cached audit service found for user_id 1. Initializing.
2026-09-15 21:59:54.888 | INFO     | trace= span= tp= req= job= ps=: | tldw_Server_API.app.api.v1.API_Deps.Audit_DB_Deps:_create_audit_service_for_user:653 - Creating audit service for user 1 at path: /private/var/folders/sn/m80n2j152t9gw3w8qwk2nykh0000gn/T/pytest-of-macbook-dev/pytest-11851/test_failed_retry_refuses_extr0/user_dbs/1/audit/unified_audit.db
2026-09-15 21:59:54.897 | INFO     | trace= span= tp= req= job= ps=: | tldw_Server_API.app.api.v1.API_Deps.Audit_DB_Deps:_create_audit_service_for_user:669 - Audit service initialized successfully for user 1
2026-09-15 21:59:54.898 | INFO     | trace= span= tp= req= job= ps=: | tldw_Server_API.app.api.v1.API_Deps.Audit_DB_Deps:_get_or_create_audit_service_for_key:795 - Audit service created and cached successfully for user 1
2026-09-15 21:59:54.919 | INFO     | trace= span= tp= req= job= ps=: | tldw_Server_API.app.core.Jobs.migrations:ensure_jobs_tables:1505 - Ensured Jobs schema at /Users/macbook-dev/Documents/GitHub/tldw_server2/Databases/jobs.db
2026-09-15 21:59:54.964 | WARNING  | trace= span= tp= req= job= ps=: | tldw_Server_API.app.core.Chat.rate_limiter:_emit_chat_legacy_deprecation:161 - Chat legacy rate limiter is deprecated (Phase 2). Context: rg_disabled. Enable RG_ENABLED=true for enforcement. This shim will be removed in a future release.
2026-09-15 21:59:55.012 | INFO     | trace= span= tp= req= job= ps=: | tldw_Server_API.app.api.v1.endpoints.chat:create_chat_completion:4346 - Chat completion request. Provider=openai, Model=gpt-4, User=1, Stream=False, ConvID=00a28971-686d-48ad-b543-c4e3778f45e4, CharID=None
2026-09-15 21:59:55.018 | INFO     | trace= span= tp= req= job= ps=: | tldw_Server_API.app.core.Chat.chat_helpers:get_or_create_character_context:196 - Using default character 'Helpful AI Assistant' (ID: 2)
2026-09-15 21:59:55.024 | INFO     | trace= span= tp= req= job= ps=: | tldw_Server_API.app.core.Chat.chat_service:build_context_and_messages:4235 - Loaded 1 historical messages for conv_id '00a28971-686d-48ad-b543-c4e3778f45e4'.
2026-09-15 21:59:55.028 | INFO     | trace= span= tp= req= job= ps=: | tldw_Server_API.app.core.DB_Management.chacha.message_store:add_message:253 - Added message ID: 27ec6847-eb19-4757-90f3-9f155473e6d0 to conversation 00a28971-686d-48ad-b543-c4e3778f45e4 (Images stored: No).
2026-09-15 21:59:55.059 | INFO     | trace= span= tp= req= job= ps=: | tldw_Server_API.app.core.DB_Management.chacha.message_store:add_message:253 - Added message ID: d39fff5e-37d7-4db6-a041-0f4925a35691 to conversation 00a28971-686d-48ad-b543-c4e3778f45e4 (Images stored: No).
2026-09-15 21:59:55.064 | INFO     | trace= span= tp= req= job= ps=: | tldw_Server_API.app.api.v1.endpoints.chat:create_chat_completion:4909 - Using requested provider openai (health check passed)
2026-09-15 21:59:55.085 | INFO     | trace= span= tp= req= job= ps=: | tldw_Server_API.app.core.DB_Management.Resource_Daily_Ledger:initialize:109 - ResourceDailyLedger initialized (table ensured)
2026-09-15 21:59:55.099 | INFO     | trace= span= tp= req= job= ps=: | tldw_Server_API.app.core.DB_Management.chacha.message_store:add_message:253 - Added message ID: e6bf9a60-7f4d-4ddd-be4d-665cc42fb234 to conversation 00a28971-686d-48ad-b543-c4e3778f45e4 (Images stored: No).
2026-09-15 21:59:55.104 | WARNING  | trace= span= tp= req= job= ps=: | tldw_Server_API.app.core.Metrics.metrics_manager:_sensitive_label_hash_key:178 - MetricsRegistry using process-local sensitive label hash key; set METRICS_SENSITIVE_LABEL_HASH_KEY for stable hashes
2026-09-15 21:59:55.105 | INFO     | trace= span= tp= req= job= ps=: | tldw_Server_API.app.core.Metrics.metrics_logger:log_histogram:114 - metric
2026-09-15 21:59:55.106 | INFO     | trace= span= tp= req= job= ps=: | tldw_Server_API.app.core.Metrics.metrics_logger:log_histogram:114 - metric
2026-09-15 21:59:55.108 | INFO     | trace= span= tp= req= job= ps=: | tldw_Server_API.app.core.Metrics.metrics_logger:log_histogram:114 - metric
2026-09-15 21:59:55.109 | INFO     | trace= span= tp= req= job= ps=: | tldw_Server_API.app.core.Metrics.metrics_logger:log_counter:99 - metric
2026-09-15 21:59:55.112 | INFO     | trace= span= tp= req=46e23357-1c9c-4a0d-9838-3ecf538f6765 job= ps=: | tldw_Server_API.app.core.Logging.access_log_middleware:dispatch:70 - HTTP POST /api/v1/chat/completions -> 200 in 313ms
2026-09-15 21:59:55.114 | INFO     | trace= span= tp= req= job= ps=: | httpx._client:_send_handling_redirects:979 - HTTP Request: POST http://testserver/api/v1/chat/completions "HTTP/1.1 200 OK"
--------------------------- Captured stderr teardown ---------------------------
2026-09-15 21:59:55.294 | INFO     | trace= span= tp= req= job= ps=: | tldw_Server_API.app.api.v1.endpoints.embeddings_v5_production_enhanced:_embeddings_router_lifespan:1400 - Shutting down embeddings service
2026-09-15 21:59:55.295 | INFO     | trace= span= tp= req= job= ps=: | tldw_Server_API.app.api.v1.endpoints.embeddings_v5_production_enhanced:_embeddings_router_lifespan:1403 - Embeddings service shutdown complete
2026-09-15 21:59:55.298 | INFO     | trace= span= tp= req= job= ps=: | tldw_Server_API.app.services.shutdown_transition_handoff:shutdown_transition_handoff:46 - App Shutdown: legacy inventory visible=True phase_groups={'transition': ['lifecycle_gate']}
2026-09-15 21:59:55.300 | INFO     | trace= span= tp= req= job= ps=: | tldw_Server_API.app.services.shutdown_transition_handoff:shutdown_transition_handoff:63 - App Shutdown: legacy transition gate handoff executed via coordinator
2026-09-15 21:59:55.301 | INFO     | trace= span= tp= req= job= ps=: | tldw_Server_API.app.services.shutdown_owned_job_pollers:record_shutdown_timing_segment:131 - App Shutdown Timing: segment=transition_handoff duration_ms=4
2026-09-15 21:59:55.306 | INFO     | trace= span= tp= req= job= ps=: | tldw_Server_API.app.core.Jobs.migrations:ensure_jobs_tables:1505 - Ensured Jobs schema at /Users/macbook-dev/Documents/GitHub/tldw_server2/Databases/jobs.db
2026-09-15 21:59:55.306 | INFO     | trace= span= tp= req= job= ps=: | tldw_Server_API.app.services.shutdown_owned_job_pollers:record_shutdown_timing_segment:127 - App Shutdown Timing: segment=optional_lease_wait duration_ms=0 skipped=True initial_active=0 wait_for_leases_sec=0.0
2026-09-15 21:59:55.308 | INFO     | trace= span= tp= req= job= ps=: | tldw_Server_API.app.core.Sharing.shared_workspace_clone_jobs_worker:run_shared_workspace_clone_jobs_worker:1599 - Shared Workspace clone Jobs worker stopped
2026-09-15 21:59:56.199 | INFO     | trace= span= tp= req= job= ps=: | tldw_Server_API.app.services.core_jobs_worker:run_chatbooks_core_jobs_worker:88 - Stopping Core Jobs worker on shutdown signal
2026-09-15 21:59:56.200 | INFO     | trace= span= tp= req= job= ps=: | tldw_Server_API.app.services.shutdown_owned_job_pollers:record_shutdown_timing_segment:127 - App Shutdown Timing: segment=job_poller_quiesce duration_ms=892 poller_count=3
2026-09-15 21:59:56.201 | INFO     | trace= span= tp= req= job= ps=: | tldw_Server_API.app.services.shutdown_owned_job_pollers:record_shutdown_timing_segment:131 - App Shutdown Timing: segment=background_worker_shutdown duration_ms=0
2026-09-15 21:59:56.204 | INFO     | trace= span= tp= req= job= ps=: | tldw_Server_API.app.services.shutdown_coordinated_runtime:run_coordinated_shutdown:121 - App Shutdown: legacy coordinator summary components=['transport:prompt_studio.websocket', 'transport:mcp.websocket'] phase_groups={'transition': [], 'acceptors': ['transport:prompt_studio.websocket', 'transport:mcp.websocket'], 'producers': [], 'workers': [], 'resources': [], 'finalizers': []} wall_time_ms=0
2026-09-15 21:59:56.206 | INFO     | trace= span= tp= req= job= ps=: | tldw_Server_API.app.services.shutdown_pre_worker_cleanup:_reset_storage_service_singletons:89 - Storage service singletons reset
2026-09-15 21:59:56.207 | INFO     | trace= span= tp= req= job= ps=: | tldw_Server_API.app.services.shutdown_pre_worker_cleanup:_reset_authnz_rate_limiter_singleton:100 - AuthNZ limiter singletons reset
2026-09-15 21:59:56.209 | INFO     | trace= span= tp= req= job= ps=: | tldw_Server_API.app.services.personalization_consolidation:stop:82 - Personalization consolidation service stopped (scaffold)
2026-09-15 21:59:56.210 | INFO     | trace= span= tp= req= job= ps=: | tldw_Server_API.app.services.shutdown_personalization_consolidation:shutdown_personalization_consolidation:20 - Personalization consolidation service stopped
2026-09-15 21:59:56.213 | INFO     | trace= span= tp= req= job= ps=: | tldw_Server_API.app.services.shutdown_cleanup_timed_segments:shutdown_cleanup_timed_segments:33 - App Shutdown: Cleaning up resources...
2026-09-15 21:59:56.213 | INFO     | trace= span= tp= req= job= ps=: | tldw_Server_API.app.services.shutdown_cleanup_timed_segments:shutdown_cleanup_timed_segments:34 - App Shutdown: Audit services cleanup handled by dependency injection
2026-09-15 21:59:56.214 | INFO     | trace= span= tp= req= job= ps=: | tldw_Server_API.app.services.shutdown_auth_db_pool:shutdown_auth_db_pool:23 - App Shutdown: Skipping DB pool close in test context
2026-09-15 21:59:56.216 | INFO     | trace= span= tp= req= job= ps=: | tldw_Server_API.app.core.AuthNZ.session_manager:shutdown:2046 - SessionManager shutdown complete
2026-09-15 21:59:56.216 | INFO     | trace= span= tp= req= job= ps=: | tldw_Server_API.app.services.shutdown_resource_cleanup:_shutdown_session_manager:81 - App Shutdown: Session manager shutdown
2026-09-15 21:59:56.217 | INFO     | trace= span= tp= req= job= ps=: | tldw_Server_API.app.core.MCP_unified.server:shutdown:885 - Shutting down MCP Server
2026-09-15 21:59:56.218 | INFO     | trace= span= tp= req= job= ps=: | tldw_Server_API.app.core.MCP_unified.modules.registry:shutdown_all:530 - Shutting down all modules
2026-09-15 21:59:56.219 | INFO     | trace= span= tp= req= job= ps=: | tldw_Server_API.app.core.MCP_unified.modules.registry:stop_health_monitoring:125 - Health monitoring stopped
2026-09-15 21:59:56.220 | INFO     | trace= span= tp= req= job= ps=: | tldw_Server_API.app.core.MCP_unified.modules.base:shutdown:432 - Shutting down module: Media
2026-09-15 21:59:56.221 | INFO     | trace= span= tp= req= job= ps=: | tldw_Server_API.app.core.MCP_unified.modules.implementations.media_module:on_shutdown:160 - Media module shutdown complete
2026-09-15 21:59:56.221 | INFO     | trace= span= tp= req= job= ps=: | tldw_Server_API.app.core.MCP_unified.modules.base:shutdown:447 - Module shut down successfully: Media
2026-09-15 21:59:56.222 | INFO     | trace= span= tp= req= job= ps=: | tldw_Server_API.app.core.MCP_unified.modules.base:shutdown:432 - Shutting down module: Template
2026-09-15 21:59:56.223 | INFO     | trace= span= tp= req= job= ps=: | tldw_Server_API.app.core.MCP_unified.modules.implementations.template_module:on_shutdown:23 - Shutting down module: Template
2026-09-15 21:59:56.223 | INFO     | trace= span= tp= req= job= ps=: | tldw_Server_API.app.core.MCP_unified.modules.base:shutdown:447 - Module shut down successfully: Template
2026-09-15 21:59:56.224 | INFO     | trace= span= tp= req= job= ps=: | tldw_Server_API.app.core.MCP_unified.modules.base:shutdown:432 - Shutting down module: MCP Discovery
2026-09-15 21:59:56.225 | INFO     | trace= span= tp= req= job= ps=: | tldw_Server_API.app.core.MCP_unified.modules.implementations.mcp_discovery_module:on_shutdown:30 - Shutting down MCP discovery module: MCP Discovery
2026-09-15 21:59:56.225 | INFO     | trace= span= tp= req= job= ps=: | tldw_Server_API.app.core.MCP_unified.modules.base:shutdown:447 - Module shut down successfully: MCP Discovery
2026-09-15 21:59:56.226 | INFO     | trace= span= tp= req= job= ps=: | tldw_Server_API.app.core.MCP_unified.modules.base:shutdown:432 - Shutting down module: Governance
2026-09-15 21:59:56.227 | INFO     | trace= span= tp= req= job= ps=: | tldw_Server_API.app.core.MCP_unified.modules.implementations.governance_module:on_shutdown:36 - Shutting down Governance module: Governance
2026-09-15 21:59:56.228 | INFO     | trace= span= tp= req= job= ps=: | tldw_Server_API.app.core.MCP_unified.modules.base:shutdown:447 - Module shut down successfully: Governance
2026-09-15 21:59:56.228 | INFO     | trace= span= tp= req= job= ps=: | tldw_Server_API.app.core.MCP_unified.modules.base:shutdown:432 - Shutting down module: Notes
2026-09-15 21:59:56.229 | INFO     | trace= span= tp= req= job= ps=: | tldw_Server_API.app.core.MCP_unified.modules.implementations.notes_module:on_shutdown:131 - Shutting down Notes module: Notes
2026-09-15 21:59:56.230 | INFO     | trace= span= tp= req= job= ps=: | tldw_Server_API.app.core.MCP_unified.modules.base:shutdown:447 - Module shut down successfully: Notes
2026-09-15 21:59:56.231 | INFO     | trace= span= tp= req= job= ps=: | tldw_Server_API.app.core.MCP_unified.modules.base:shutdown:432 - Shutting down module: Prompts
2026-09-15 21:59:56.231 | INFO     | trace= span= tp= req= job= ps=: | tldw_Server_API.app.core.MCP_unified.modules.implementations.prompts_module:on_shutdown:67 - Shutting down Prompts module: Prompts
2026-09-15 21:59:56.232 | INFO     | trace= span= tp= req= job= ps=: | tldw_Server_API.app.core.MCP_unified.modules.base:shutdown:447 - Module shut down successfully: Prompts
2026-09-15 21:59:56.233 | INFO     | trace= span= tp= req= job= ps=: | tldw_Server_API.app.core.MCP_unified.modules.base:shutdown:432 - Shutting down module: Skills
2026-09-15 21:59:56.233 | INFO     | trace= span= tp= req= job= ps=: | tldw_Server_API.app.core.MCP_unified.modules.base:shutdown:447 - Module shut down successfully: Skills
2026-09-15 21:59:56.234 | INFO     | trace= span= tp= req= job= ps=: | tldw_Server_API.app.core.MCP_unified.modules.base:shutdown:432 - Shutting down module: Cooking
2026-09-15 21:59:56.235 | INFO     | trace= span= tp= req= job= ps=: | tldw_Server_API.app.core.MCP_unified.modules.base:shutdown:447 - Module shut down successfully: Cooking
2026-09-15 21:59:56.236 | INFO     | trace= span= tp= req= job= ps=: | tldw_Server_API.app.core.MCP_unified.modules.base:shutdown:432 - Shutting down module: Knowledge
2026-09-15 21:59:56.237 | INFO     | trace= span= tp= req= job= ps=: | tldw_Server_API.app.core.MCP_unified.modules.implementations.knowledge_module:on_shutdown:39 - Shutting down Knowledge module: Knowledge
2026-09-15 21:59:56.238 | INFO     | trace= span= tp= req= job= ps=: | tldw_Server_API.app.core.MCP_unified.modules.base:shutdown:447 - Module shut down successfully: Knowledge
2026-09-15 21:59:56.239 | INFO     | trace= span= tp= req= job= ps=: | tldw_Server_API.app.core.MCP_unified.modules.base:shutdown:432 - Shutting down module: Docs Corpus
2026-09-15 21:59:56.239 | INFO     | trace= span= tp= req= job= ps=: | tldw_Server_API.app.core.MCP_unified.modules.base:shutdown:447 - Module shut down successfully: Docs Corpus
2026-09-15 21:59:56.240 | INFO     | trace= span= tp= req= job= ps=: | tldw_Server_API.app.core.MCP_unified.modules.base:shutdown:432 - Shutting down module: RAG
2026-09-15 21:59:56.241 | INFO     | trace= span= tp= req= job= ps=: | tldw_Server_API.app.core.MCP_unified.modules.base:shutdown:447 - Module shut down successfully: RAG
2026-09-15 21:59:56.242 | INFO     | trace= span= tp= req= job= ps=: | tldw_Server_API.app.core.MCP_unified.modules.base:shutdown:432 - Shutting down module: Kanban
2026-09-15 21:59:56.243 | INFO     | trace= span= tp= req= job= ps=: | tldw_Server_API.app.core.MCP_unified.modules.implementations.kanban_module:on_shutdown:89 - Shutting down Kanban module: Kanban
2026-09-15 21:59:56.243 | INFO     | trace= span= tp= req= job= ps=: | tldw_Server_API.app.core.MCP_unified.modules.base:shutdown:447 - Module shut down successfully: Kanban
2026-09-15 21:59:56.244 | INFO     | trace= span= tp= req= job= ps=: | tldw_Server_API.app.core.MCP_unified.modules.base:shutdown:432 - Shutting down module: Quizzes
2026-09-15 21:59:56.245 | INFO     | trace= span= tp= req= job= ps=: | tldw_Server_API.app.core.MCP_unified.modules.implementations.quizzes_module:on_shutdown:49 - Shutting down Quizzes module: Quizzes
2026-09-15 21:59:56.245 | INFO     | trace= span= tp= req= job= ps=: | tldw_Server_API.app.core.MCP_unified.modules.base:shutdown:447 - Module shut down successfully: Quizzes
2026-09-15 21:59:56.246 | INFO     | trace= span= tp= req= job= ps=: | tldw_Server_API.app.core.MCP_unified.modules.base:shutdown:432 - Shutting down module: Flashcards
2026-09-15 21:59:56.247 | INFO     | trace= span= tp= req= job= ps=: | tldw_Server_API.app.core.MCP_unified.modules.implementations.flashcards_module:on_shutdown:52 - Shutting down Flashcards module: Flashcards
2026-09-15 21:59:56.247 | INFO     | trace= span= tp= req= job= ps=: | tldw_Server_API.app.core.MCP_unified.modules.base:shutdown:447 - Module shut down successfully: Flashcards
2026-09-15 21:59:56.248 | INFO     | trace= span= tp= req= job= ps=: | tldw_Server_API.app.core.MCP_unified.modules.base:shutdown:432 - Shutting down module: Slides
2026-09-15 21:59:56.249 | INFO     | trace= span= tp= req= job= ps=: | tldw_Server_API.app.core.MCP_unified.modules.implementations.slides_module:on_shutdown:66 - Shutting down Slides module: Slides
2026-09-15 21:59:56.249 | INFO     | trace= span= tp= req= job= ps=: | tldw_Server_API.app.core.MCP_unified.modules.base:shutdown:447 - Module shut down successfully: Slides
2026-09-15 21:59:56.250 | INFO     | trace= span= tp= req= job= ps=: | tldw_Server_API.app.core.MCP_unified.modules.registry:shutdown_all:559 - All modules shut down
2026-09-15 21:59:56.250 | INFO     | trace= span= tp= req= job= ps=: | tldw_Server_API.app.core.MCP_unified.server:_shutdown_resources:878 - MCP Server shutdown complete module_cleanup=complete
2026-09-15 21:59:56.251 | INFO     | trace= span= tp= req= job= ps=: | tldw_Server_API.app.services.shutdown_resource_cleanup:_shutdown_mcp_server:97 - App Shutdown: MCP Unified server shutdown
2026-09-15 21:59:56.252 | INFO     | trace= span= tp= req= job= ps=: | tldw_Server_API.app.services.shutdown_resource_cleanup:_shutdown_mcp_rate_limiter:116 - App Shutdown: MCP rate limiter cleanup task cancelled
2026-09-15 21:59:56.253 | INFO     | trace= span= tp= req= job= ps=: | tldw_Server_API.app.services.shutdown_resource_cleanup:_shutdown_tts_service:127 - App Shutdown: Skipping TTS service shutdown in test context
2026-09-15 21:59:56.253 | INFO     | trace= span= tp= req= job= ps=: | tldw_Server_API.app.services.shutdown_resource_cleanup:_shutdown_tts_resource_manager:143 - App Shutdown: Skipping TTS resource manager shutdown in test context
2026-09-15 21:59:56.254 | INFO     | trace= span= tp= req= job= ps=: | tldw_Server_API.app.services.shutdown_resource_cleanup:_shutdown_http_client:161 - App Shutdown: HTTP client sessions shutdown complete
2026-09-15 21:59:56.255 | INFO     | trace= span= tp= req= job= ps=: | tldw_Server_API.app.api.v1.API_Deps.ChaCha_Notes_DB_Deps:close_all_chacha_db_instances:862 - Closing all cached ChaChaNotesDB instances (0)...
2026-09-15 21:59:56.256 | INFO     | trace= span= tp= req= job= ps=: | tldw_Server_API.app.api.v1.API_Deps.ChaCha_Notes_DB_Deps:close_all_chacha_db_instances:878 - All ChaChaNotesDB instances closed and cache cleared.
2026-09-15 21:59:56.256 | INFO     | trace= span= tp= req= job= ps=: | tldw_Server_API.app.services.shutdown_resource_cleanup:_shutdown_chacha_resources:176 - App Shutdown: ChaChaNotes resources cleaned up
2026-09-15 21:59:56.257 | INFO     | trace= span= tp= req= job= ps=: | tldw_Server_API.app.api.v1.API_Deps.Prompts_DB_Deps:close_all_cached_prompts_db_instances:443 - Closing all cached PromptsDatabase instances (0)...
2026-09-15 21:59:56.258 | INFO     | trace= span= tp= req= job= ps=: | tldw_Server_API.app.api.v1.API_Deps.Prompts_DB_Deps:close_all_cached_prompts_db_instances:455 - All PromptsDatabase instances cleared from cache and locks removed.
2026-09-15 21:59:56.259 | INFO     | trace= span= tp= req= job= ps=: | tldw_Server_API.app.services.shutdown_resource_cleanup:_shutdown_prompts_resources:193 - App Shutdown: Prompts DB resources cleaned up
2026-09-15 21:59:56.260 | INFO     | trace= span= tp= req= job= ps=: | tldw_Server_API.app.services.shutdown_resource_cleanup:_shutdown_chat_workflows_resources:209 - App Shutdown: Chat workflows resources cleaned up
2026-09-15 21:59:56.260 | INFO     | trace= span= tp= req= job= ps=: | tldw_Server_API.app.services.shutdown_resource_cleanup:shutdown_resource_cleanup:57 - App Shutdown: Cleaning up Chat module components...
2026-09-15 21:59:56.261 | INFO     | trace= span= tp= req= job= ps=: | tldw_Server_API.app.services.shutdown_resource_cleanup:_shutdown_provider_manager:223 - App Shutdown: Provider manager stopped
2026-09-15 21:59:56.262 | INFO     | trace= span= tp= req= job= ps=: | tldw_Server_API.app.core.Local_LLM.LLM_Inference_Manager:cleanup_on_exit:238 - LLMInferenceManager performing cleanup_on_exit...
2026-09-15 21:59:56.263 | INFO     | trace= span= tp= req= job= ps=: | tldw_Server_API.app.core.Local_LLM.handler_utils:safe_log:296 - Cleaning up all managed llamafile servers (sync)...
2026-09-15 21:59:56.263 | INFO     | trace= span= tp= req= job= ps=: | tldw_Server_API.app.core.Local_LLM.handler_utils:safe_log:296 - Managed llamafile server synchronous cleanup complete.
2026-09-15 21:59:56.264 | INFO     | trace= span= tp= req= job= ps=: | tldw_Server_API.app.core.Local_LLM.LLM_Inference_Manager:cleanup_on_exit:247 - LLMInferenceManager cleanup_on_exit complete.
2026-09-15 21:59:56.265 | INFO     | trace= span= tp= req= job= ps=: | tldw_Server_API.app.services.shutdown_resource_cleanup:_shutdown_local_llm_manager:261 - App Shutdown: Local LLM manager cleanup complete
2026-09-15 21:59:56.269 | INFO     | trace= span= tp= req= job= ps=: | tldw_Server_API.app.services.shutdown_evaluations_resources:_shutdown_evaluations_pool:29 - App Shutdown: Evaluations connection manager shutdown (lazy)
2026-09-15 21:59:56.270 | INFO     | trace= span= tp= req= job= ps=: | tldw_Server_API.app.services.shutdown_evaluations_resources:_shutdown_evaluations_webhook_manager:40 - App Shutdown: Evaluations webhook manager shutdown (lazy)
2026-09-15 21:59:56.270 | INFO     | trace= span= tp= req= job= ps=: | tldw_Server_API.app.services.shutdown_owned_job_pollers:record_shutdown_timing_segment:131 - App Shutdown Timing: segment=evaluations_pool_shutdown duration_ms=4
2026-09-15 21:59:56.272 | INFO     | trace= span= tp= req= job= ps=: | tldw_Server_API.app.services.shutdown_unified_audit_services:shutdown_unified_audit_services:17 - App Shutdown: Shutting down unified audit services...
2026-09-15 21:59:56.274 | INFO     | trace= span= tp= req= job= ps=: | tldw_Server_API.app.api.v1.API_Deps.Audit_DB_Deps:shutdown_all_audit_services:1034 - Shutting down audit services for 1 instances...
2026-09-15 21:59:56.286 | INFO     | trace= span= tp= req= job= ps=: | tldw_Server_API.app.api.v1.API_Deps.Audit_DB_Deps:shutdown_all_audit_services:1091 - All audit services shut down successfully.
2026-09-15 21:59:56.289 | INFO     | trace= span= tp= req= job= ps=: | tldw_Server_API.app.services.shutdown_unified_audit_services:shutdown_unified_audit_services:19 - App Shutdown: Unified audit services stopped
2026-09-15 21:59:56.291 | INFO     | trace= span= tp= req= job= ps=: | tldw_Server_API.app.services.shutdown_unified_audit_services:_shutdown_sharing_audit_service:43 - App Shutdown: Sharing audit service stopped
2026-09-15 21:59:56.291 | INFO     | trace= span= tp= req= job= ps=: | tldw_Server_API.app.services.shutdown_unified_audit_services:_shutdown_embeddings_audit_adapter:54 - App Shutdown: Embeddings audit adapter loop stopped
2026-09-15 21:59:56.292 | INFO     | trace= span= tp= req= job= ps=: | tldw_Server_API.app.services.shutdown_unified_audit_services:_shutdown_evaluations_audit_adapter:65 - App Shutdown: Evaluations audit adapter loop stopped
2026-09-15 21:59:56.294 | INFO     | trace= span= tp= req= job= ps=: | tldw_Server_API.app.services.shutdown_executor_resources:shutdown_executor_resources:23 - App Shutdown: Registered executors shutdown
2026-09-15 21:59:56.295 | INFO     | trace= span= tp= req= job= ps=: | tldw_Server_API.app.services.shutdown_executor_resources:_shutdown_default_executor:40 - App Shutdown: Default executor shutdown
2026-09-15 21:59:56.296 | INFO     | trace= span= tp= req= job= ps=: | tldw_Server_API.app.services.shutdown_cpu_pools:shutdown_cpu_pools:17 - App Shutdown: CPU pools cleaned up
2026-09-15 21:59:56.297 | INFO     | trace= span= tp= req= job= ps=: | tldw_Server_API.app.services.shutdown_owned_job_pollers:record_shutdown_timing_segment:131 - App Shutdown Timing: segment=unified_audit_and_executor_shutdown duration_ms=25
2026-09-15 21:59:56.298 | INFO     | trace= span= tp= req= job= ps=: | tldw_Server_API.app.services.shutdown_telemetry_services:shutdown_telemetry_services:17 - App Shutdown: Telemetry shutdown
2026-09-15 21:59:56.298 | INFO     | trace= span= tp= req= job= ps=: | tldw_Server_API.app.services.shutdown_owned_job_pollers:record_shutdown_timing_segment:131 - App Shutdown Timing: segment=telemetry_shutdown duration_ms=1
2026-09-15 21:59:56.299 | INFO     | trace= span= tp= req= job= ps=: | tldw_Server_API.app.services.shutdown_post_runtime_cleanup:_reset_media_db_cache:42 - App Shutdown: Media DB cache cleared
2026-09-15 21:59:56.300 | INFO     | trace= span= tp= req= job= ps=: | tldw_Server_API.app.services.shutdown_post_runtime_cleanup:_shutdown_content_backend:53 - App Shutdown: Content DB backend pool closed
2026-09-15 21:59:56.301 | INFO     | trace= span= tp= req= job= ps=: | tldw_Server_API.app.core.DB_Management.backends.factory:_close_backend_instance:221 - Closed backend: sqlite::/Users/macbook-dev/Documents/GitHub/tldw_server2/Databases/user_databases/1/Media_DB_v2.db
2026-09-15 21:59:56.303 | INFO     | trace= span= tp= req= job= ps=: | tldw_Server_API.app.core.DB_Management.backends.factory:_close_backend_instance:221 - Closed backend: sqlite::/private/var/folders/sn/m80n2j152t9gw3w8qwk2nykh0000gn/T/pytest-of-macbook-dev/pytest-11851/test_failed_retry_refuses_extr0/user_dbs/1/Media_DB_v2.db
2026-09-15 21:59:56.304 | INFO     | trace= span= tp= req= job= ps=: | tldw_Server_API.app.services.shutdown_post_runtime_cleanup:_close_managed_backend_registries:64 - App Shutdown: Database backend registries cleared
2026-09-15 21:59:56.305 | INFO     | trace= span= tp= req= job= ps=: | tldw_Server_API.app.services.shutdown_post_runtime_cleanup:_close_test_db_connections:77 - App Shutdown: No test DB instance found to close
2026-09-15 21:59:56.306 | INFO     | trace= span= tp= req= job= ps=: | tldw_Server_API.app.services.shutdown_owned_job_pollers:record_shutdown_timing_segment:131 - App Shutdown Timing: segment=total app teardown duration_ms=1009
2026-09-15 21:59:56.306 | INFO     | trace= span= tp= req= job= ps=: | tldw_Server_API.app.services.shutdown_owned_job_pollers:record_shutdown_timing_total:184 - App Shutdown Timing: total duration_ms=1009 slowest_segment=job_poller_quiesce slowest_duration_ms=892
2026-09-15 21:59:56.315 | INFO     | trace= span= tp= req= job= ps=: | tldw_Server_API.app.api.v1.API_Deps.ChaCha_Notes_DB_Deps:close_all_chacha_db_instances:862 - Closing all cached ChaChaNotesDB instances (0)...
2026-09-15 21:59:56.316 | INFO     | trace= span= tp= req= job= ps=: | tldw_Server_API.app.api.v1.API_Deps.ChaCha_Notes_DB_Deps:close_all_chacha_db_instances:878 - All ChaChaNotesDB instances closed and cache cleared.
2026-09-15 21:59:56.317 | INFO     | trace= span= tp= req= job= ps=: | tldw_Server_API.app.api.v1.API_Deps.ChaCha_Notes_DB_Deps:close_all_chacha_db_instances:862 - Closing all cached ChaChaNotesDB instances (0)...
2026-09-15 21:59:56.318 | INFO     | trace= span= tp= req= job= ps=: | tldw_Server_API.app.api.v1.API_Deps.ChaCha_Notes_DB_Deps:close_all_chacha_db_instances:878 - All ChaChaNotesDB instances closed and cache cleared.
__ test_failed_provider_persists_client_correlation_before_any_response[True] __
tldw_Server_API/tests/Chat/integration/test_persona_backed_chat_conversations.py:313: in test_failed_provider_persists_client_correlation_before_any_response
    assert saved_metadata["extra"]["client_message_id"] == "pa_local-user"
           ^^^^^^^^^^^^^^^^^^^^^^^^^^^^^^^^^^^^^^^^^^^^
E   KeyError: 'client_message_id'
---------------------------- Captured stderr setup -----------------------------
2026-09-15 21:59:56.320 | INFO     | trace= span= tp= req= job= ps=: | tldw_Server_API.app.core.config:_buffered_log:210 - Determined ACTUAL_PROJECT_ROOT for database paths: /Users/macbook-dev/Documents/GitHub/tldw_server2
2026-09-15 21:59:56.322 | INFO     | trace= span= tp= req= job= ps=: | tldw_Server_API.app.core.config:_buffered_log:210 - Early loading environment variables from: /Users/macbook-dev/Documents/GitHub/tldw_server2/tldw_Server_API/Config_Files/.env
2026-09-15 21:59:56.328 | INFO     | trace= span= tp= req= job= ps=: | tldw_Server_API.app.core.config:_buffered_log:210 - Early loading environment variables from: /Users/macbook-dev/Documents/GitHub/tldw_server2/tldw_Server_API/Config_Files/.ENV
2026-09-15 21:59:56.337 | INFO     | trace= span= tp= req= job= ps=: | tldw_Server_API.app.core.config:_buffered_log:210 - Loading environment variables from: /Users/macbook-dev/Documents/GitHub/tldw_server2/tldw_Server_API/Config_Files/.env
2026-09-15 21:59:56.344 | INFO     | trace= span= tp= req= job= ps=: | tldw_Server_API.app.core.config:_buffered_log:210 - Loading environment variables from: /Users/macbook-dev/Documents/GitHub/tldw_server2/tldw_Server_API/Config_Files/.ENV
2026-09-15 21:59:56.352 | INFO     | trace= span= tp= req= job= ps=: | tldw_Server_API.app.core.config:_buffered_log:210 - Attempting to load comprehensive config from: /Users/macbook-dev/Documents/GitHub/tldw_server2/tldw_Server_API/Config_Files/config.txt
2026-09-15 21:59:56.356 | INFO     | trace= span= tp= req= job= ps=: | tldw_Server_API.app.core.config:_buffered_log:210 - load_comprehensive_config(): Sections found in config: ['Setup', 'UI', 'Server', 'Files', 'Image-Generation', 'ACP', 'WORKSPACES', 'ACP-WORKSPACE', 'ACP-SANDBOX', 'Audit', 'Processing', 'Media-Processing', 'Chat-Dictionaries', 'Chat-Module', 'Chat-Commands', 'Chat-Templating', 'Character-Chat', 'Settings', 'Auto-Save', 'Prompts', 'Database', 'Chunking', 'Visual-RAG', 'AuthNZ', 'Streaming', 'HTTP', 'Egress', 'Embeddings', 'Claims', 'ClaimsMonitoring', 'RAG', 'Search-Agent', 'ResourceGovernor', 'Jobs', 'SlidesStandaloneHtml', 'Diarization', 'API', 'MLX', 'Local-API', 'LlamaCpp', 'STT-Settings', 'external_providers', 'TTS-Settings', 'VibeVoice', 'Audio-Quota', 'API-Routes', 'Search-Engines', 'Web-Scraper', 'Logging', 'Moderation', 'Redis', 'Web-Scraping', 'personalization', 'persona', 'persona.rbac']
2026-09-15 21:59:56.359 | INFO     | trace= span= tp= req= job= ps=: | tldw_Server_API.app.core.config:_buffered_log:210 - Ensured main SQLite database directory exists: /Users/macbook-dev/Documents/GitHub/tldw_server2/Databases
2026-09-15 21:59:56.360 | INFO     | trace= span= tp= req= job= ps=: | tldw_Server_API.app.core.config:_buffered_log:210 - Ensured user data base directory exists: /private/var/folders/sn/m80n2j152t9gw3w8qwk2nykh0000gn/T/pytest-of-macbook-dev/pytest-11851/test_failed_provider_persists_0/user_dbs
2026-09-15 21:59:56.364 | INFO     | trace= span= tp= req= job= ps=: | tldw_Server_API.app.core.DB_Management.ChaChaNotes_DB:__init__:7605 - Initializing CharactersRAGDB for path: /private/var/folders/sn/m80n2j152t9gw3w8qwk2nykh0000gn/T/pytest-of-macbook-dev/pytest-11851/test_failed_provider_persists_0/user_dbs/1/ChaChaNotes.db [Client ID: 1] (backend=sqlite)
2026-09-15 21:59:56.367 | INFO     | trace= span= tp= req= job= ps=: | tldw_Server_API.app.core.DB_Management.ChaChaNotes_DB:_initialize_schema_sqlite:20154 - Checking DB schema 'rag_char_chat_schema'. Current version: 0. Code supports: 67
2026-09-15 21:59:56.367 | INFO     | trace= span= tp= req= job= ps=: | tldw_Server_API.app.core.DB_Management.ChaChaNotes_DB:_apply_schema_v4:8623 - Applying schema Version 4 for 'rag_char_chat_schema' to DB: /private/var/folders/sn/m80n2j152t9gw3w8qwk2nykh0000gn/T/pytest-of-macbook-dev/pytest-11851/test_failed_provider_persists_0/user_dbs/1/ChaChaNotes.db...
2026-09-15 21:59:56.378 | INFO     | trace= span= tp= req= job= ps=: | tldw_Server_API.app.core.DB_Management.ChaChaNotes_DB:_apply_schema_v4:8633 - [rag_char_chat_schema V4] Schema 4 applied and version confirmed for DB: /private/var/folders/sn/m80n2j152t9gw3w8qwk2nykh0000gn/T/pytest-of-macbook-dev/pytest-11851/test_failed_provider_persists_0/user_dbs/1/ChaChaNotes.db.
2026-09-15 21:59:56.379 | INFO     | trace= span= tp= req= job= ps=: | tldw_Server_API.app.core.DB_Management.ChaChaNotes_DB:_migrate_from_v4_to_v5:8680 - Migrating 'rag_char_chat_schema' schema from V4 to V5 for DB: /private/var/folders/sn/m80n2j152t9gw3w8qwk2nykh0000gn/T/pytest-of-macbook-dev/pytest-11851/test_failed_provider_persists_0/user_dbs/1/ChaChaNotes.db...
2026-09-15 21:59:56.385 | INFO     | trace= span= tp= req= job= ps=: | tldw_Server_API.app.core.DB_Management.ChaChaNotes_DB:_migrate_from_v4_to_v5:8687 - [rag_char_chat_schema] Migration to V5 completed.
2026-09-15 21:59:56.386 | INFO     | trace= span= tp= req= job= ps=: | tldw_Server_API.app.core.DB_Management.ChaChaNotes_DB:_migrate_from_v5_to_v6:8701 - Migrating 'rag_char_chat_schema' schema from V5 to V6 for DB: /private/var/folders/sn/m80n2j152t9gw3w8qwk2nykh0000gn/T/pytest-of-macbook-dev/pytest-11851/test_failed_provider_persists_0/user_dbs/1/ChaChaNotes.db...
2026-09-15 21:59:56.390 | INFO     | trace= span= tp= req= job= ps=: | tldw_Server_API.app.core.DB_Management.ChaChaNotes_DB:_migrate_from_v5_to_v6:8708 - [rag_char_chat_schema] Migration to V6 completed.
2026-09-15 21:59:56.391 | INFO     | trace= span= tp= req= job= ps=: | tldw_Server_API.app.core.DB_Management.ChaChaNotes_DB:_migrate_from_v6_to_v7:8720 - Migrating 'rag_char_chat_schema' schema from V6 to V7 for DB: /private/var/folders/sn/m80n2j152t9gw3w8qwk2nykh0000gn/T/pytest-of-macbook-dev/pytest-11851/test_failed_provider_persists_0/user_dbs/1/ChaChaNotes.db...
2026-09-15 21:59:56.393 | INFO     | trace= span= tp= req= job= ps=: | tldw_Server_API.app.core.DB_Management.ChaChaNotes_DB:_migrate_from_v6_to_v7:8727 - [rag_char_chat_schema] Migration to V7 completed.
2026-09-15 21:59:56.394 | INFO     | trace= span= tp= req= job= ps=: | tldw_Server_API.app.core.DB_Management.ChaChaNotes_DB:_migrate_from_v7_to_v8:8739 - Migrating 'rag_char_chat_schema' schema from V7 to V8 for DB: /private/var/folders/sn/m80n2j152t9gw3w8qwk2nykh0000gn/T/pytest-of-macbook-dev/pytest-11851/test_failed_provider_persists_0/user_dbs/1/ChaChaNotes.db...
2026-09-15 21:59:56.395 | INFO     | trace= span= tp= req= job= ps=: | tldw_Server_API.app.core.DB_Management.ChaChaNotes_DB:_migrate_from_v7_to_v8:8746 - [rag_char_chat_schema] Migration to V8 completed.
2026-09-15 21:59:56.395 | INFO     | trace= span= tp= req= job= ps=: | tldw_Server_API.app.core.DB_Management.ChaChaNotes_DB:_migrate_from_v8_to_v9:8758 - Migrating 'rag_char_chat_schema' schema from V8 to V9 for DB: /private/var/folders/sn/m80n2j152t9gw3w8qwk2nykh0000gn/T/pytest-of-macbook-dev/pytest-11851/test_failed_provider_persists_0/user_dbs/1/ChaChaNotes.db...
2026-09-15 21:59:56.397 | INFO     | trace= span= tp= req= job= ps=: | tldw_Server_API.app.core.DB_Management.ChaChaNotes_DB:_migrate_from_v8_to_v9:8765 - [rag_char_chat_schema] Migration to V9 completed.
2026-09-15 21:59:56.397 | INFO     | trace= span= tp= req= job= ps=: | tldw_Server_API.app.core.DB_Management.ChaChaNotes_DB:_migrate_from_v9_to_v10:8777 - Migrating 'rag_char_chat_schema' schema from V9 to V10 for DB: /private/var/folders/sn/m80n2j152t9gw3w8qwk2nykh0000gn/T/pytest-of-macbook-dev/pytest-11851/test_failed_provider_persists_0/user_dbs/1/ChaChaNotes.db...
2026-09-15 21:59:56.410 | INFO     | trace= span= tp= req= job= ps=: | tldw_Server_API.app.core.DB_Management.ChaChaNotes_DB:_migrate_from_v9_to_v10:8785 - [rag_char_chat_schema] Migration to V10 completed.
2026-09-15 21:59:56.411 | INFO     | trace= span= tp= req= job= ps=: | tldw_Server_API.app.core.DB_Management.ChaChaNotes_DB:_migrate_from_v10_to_v11:8797 - Migrating 'rag_char_chat_schema' schema from V10 to V11 for DB: /private/var/folders/sn/m80n2j152t9gw3w8qwk2nykh0000gn/T/pytest-of-macbook-dev/pytest-11851/test_failed_provider_persists_0/user_dbs/1/ChaChaNotes.db...
2026-09-15 21:59:56.420 | INFO     | trace= span= tp= req= job= ps=: | tldw_Server_API.app.core.DB_Management.ChaChaNotes_DB:_migrate_from_v10_to_v11:8816 - [rag_char_chat_schema] Migration to V11 completed.
2026-09-15 21:59:56.421 | INFO     | trace= span= tp= req= job= ps=: | tldw_Server_API.app.core.DB_Management.ChaChaNotes_DB:_migrate_from_v11_to_v12:8828 - Migrating 'rag_char_chat_schema' schema from V11 to V12 for DB: /private/var/folders/sn/m80n2j152t9gw3w8qwk2nykh0000gn/T/pytest-of-macbook-dev/pytest-11851/test_failed_provider_persists_0/user_dbs/1/ChaChaNotes.db...
2026-09-15 21:59:56.424 | INFO     | trace= span= tp= req= job= ps=: | tldw_Server_API.app.core.DB_Management.ChaChaNotes_DB:_migrate_from_v11_to_v12:8836 - [rag_char_chat_schema] Migration to V12 completed.
2026-09-15 21:59:56.425 | INFO     | trace= span= tp= req= job= ps=: | tldw_Server_API.app.core.DB_Management.ChaChaNotes_DB:_migrate_from_v12_to_v13:8848 - Migrating 'rag_char_chat_schema' schema from V12 to V13 for DB: /private/var/folders/sn/m80n2j152t9gw3w8qwk2nykh0000gn/T/pytest-of-macbook-dev/pytest-11851/test_failed_provider_persists_0/user_dbs/1/ChaChaNotes.db...
2026-09-15 21:59:56.426 | INFO     | trace= span= tp= req= job= ps=: | tldw_Server_API.app.core.DB_Management.ChaChaNotes_DB:_migrate_from_v12_to_v13:8856 - [rag_char_chat_schema] Migration to V13 completed.
2026-09-15 21:59:56.427 | INFO     | trace= span= tp= req= job= ps=: | tldw_Server_API.app.core.DB_Management.ChaChaNotes_DB:_migrate_from_v13_to_v14:8868 - Migrating 'rag_char_chat_schema' schema from V13 to V14 for DB: /private/var/folders/sn/m80n2j152t9gw3w8qwk2nykh0000gn/T/pytest-of-macbook-dev/pytest-11851/test_failed_provider_persists_0/user_dbs/1/ChaChaNotes.db...
2026-09-15 21:59:56.437 | INFO     | trace= span= tp= req= job= ps=: | tldw_Server_API.app.core.DB_Management.ChaChaNotes_DB:_migrate_from_v13_to_v14:8934 - [rag_char_chat_schema] Migration to V14 completed.
2026-09-15 21:59:56.438 | INFO     | trace= span= tp= req= job= ps=: | tldw_Server_API.app.core.DB_Management.ChaChaNotes_DB:_migrate_from_v14_to_v15:8946 - Migrating 'rag_char_chat_schema' schema from V14 to V15 for DB: /private/var/folders/sn/m80n2j152t9gw3w8qwk2nykh0000gn/T/pytest-of-macbook-dev/pytest-11851/test_failed_provider_persists_0/user_dbs/1/ChaChaNotes.db...
2026-09-15 21:59:56.442 | INFO     | trace= span= tp= req= job= ps=: | tldw_Server_API.app.core.DB_Management.ChaChaNotes_DB:_migrate_from_v14_to_v15:8954 - [rag_char_chat_schema] Migration to V15 completed.
2026-09-15 21:59:56.443 | INFO     | trace= span= tp= req= job= ps=: | tldw_Server_API.app.core.DB_Management.ChaChaNotes_DB:_migrate_from_v15_to_v16:8966 - Migrating 'rag_char_chat_schema' schema from V15 to V16 for DB: /private/var/folders/sn/m80n2j152t9gw3w8qwk2nykh0000gn/T/pytest-of-macbook-dev/pytest-11851/test_failed_provider_persists_0/user_dbs/1/ChaChaNotes.db...
2026-09-15 21:59:56.444 | INFO     | trace= span= tp= req= job= ps=: | tldw_Server_API.app.core.DB_Management.ChaChaNotes_DB:_migrate_from_v15_to_v16:8974 - [rag_char_chat_schema] Migration to V16 completed.
2026-09-15 21:59:56.444 | INFO     | trace= span= tp= req= job= ps=: | tldw_Server_API.app.core.DB_Management.ChaChaNotes_DB:_migrate_from_v16_to_v17:8986 - Migrating 'rag_char_chat_schema' schema from V16 to V17 for DB: /private/var/folders/sn/m80n2j152t9gw3w8qwk2nykh0000gn/T/pytest-of-macbook-dev/pytest-11851/test_failed_provider_persists_0/user_dbs/1/ChaChaNotes.db...
2026-09-15 21:59:56.445 | INFO     | trace= span= tp= req= job= ps=: | tldw_Server_API.app.core.DB_Management.ChaChaNotes_DB:_migrate_from_v16_to_v17:9013 - [rag_char_chat_schema] Migration to V17 completed.
2026-09-15 21:59:56.446 | INFO     | trace= span= tp= req= job= ps=: | tldw_Server_API.app.core.DB_Management.ChaChaNotes_DB:_migrate_from_v17_to_v18:9025 - Migrating 'rag_char_chat_schema' schema from V17 to V18 for DB: /private/var/folders/sn/m80n2j152t9gw3w8qwk2nykh0000gn/T/pytest-of-macbook-dev/pytest-11851/test_failed_provider_persists_0/user_dbs/1/ChaChaNotes.db...
2026-09-15 21:59:56.448 | INFO     | trace= span= tp= req= job= ps=: | tldw_Server_API.app.core.DB_Management.ChaChaNotes_DB:_migrate_from_v17_to_v18:9033 - [rag_char_chat_schema] Migration to V18 completed.
2026-09-15 21:59:56.449 | INFO     | trace= span= tp= req= job= ps=: | tldw_Server_API.app.core.DB_Management.ChaChaNotes_DB:_migrate_from_v18_to_v19:9045 - Migrating 'rag_char_chat_schema' schema from V18 to V19 for DB: /private/var/folders/sn/m80n2j152t9gw3w8qwk2nykh0000gn/T/pytest-of-macbook-dev/pytest-11851/test_failed_provider_persists_0/user_dbs/1/ChaChaNotes.db...
2026-09-15 21:59:56.450 | INFO     | trace= span= tp= req= job= ps=: | tldw_Server_API.app.core.DB_Management.ChaChaNotes_DB:_migrate_from_v18_to_v19:9053 - [rag_char_chat_schema] Migration to V19 completed.
2026-09-15 21:59:56.451 | INFO     | trace= span= tp= req= job= ps=: | tldw_Server_API.app.core.DB_Management.ChaChaNotes_DB:_migrate_from_v19_to_v20:9065 - Migrating 'rag_char_chat_schema' schema from V19 to V20 for DB: /private/var/folders/sn/m80n2j152t9gw3w8qwk2nykh0000gn/T/pytest-of-macbook-dev/pytest-11851/test_failed_provider_persists_0/user_dbs/1/ChaChaNotes.db...
2026-09-15 21:59:56.452 | INFO     | trace= span= tp= req= job= ps=: | tldw_Server_API.app.core.DB_Management.ChaChaNotes_DB:_migrate_from_v19_to_v20:9073 - [rag_char_chat_schema] Migration to V20 completed.
2026-09-15 21:59:56.453 | INFO     | trace= span= tp= req= job= ps=: | tldw_Server_API.app.core.DB_Management.ChaChaNotes_DB:_migrate_from_v20_to_v21:9085 - Migrating 'rag_char_chat_schema' schema from V20 to V21 for DB: /private/var/folders/sn/m80n2j152t9gw3w8qwk2nykh0000gn/T/pytest-of-macbook-dev/pytest-11851/test_failed_provider_persists_0/user_dbs/1/ChaChaNotes.db...
2026-09-15 21:59:56.454 | INFO     | trace= span= tp= req= job= ps=: | tldw_Server_API.app.core.DB_Management.ChaChaNotes_DB:_migrate_from_v20_to_v21:9093 - [rag_char_chat_schema] Migration to V21 completed.
2026-09-15 21:59:56.455 | INFO     | trace= span= tp= req= job= ps=: | tldw_Server_API.app.core.DB_Management.ChaChaNotes_DB:_migrate_from_v21_to_v22:9105 - Migrating 'rag_char_chat_schema' schema from V21 to V22 for DB: /private/var/folders/sn/m80n2j152t9gw3w8qwk2nykh0000gn/T/pytest-of-macbook-dev/pytest-11851/test_failed_provider_persists_0/user_dbs/1/ChaChaNotes.db...
2026-09-15 21:59:56.458 | INFO     | trace= span= tp= req= job= ps=: | tldw_Server_API.app.core.DB_Management.ChaChaNotes_DB:_migrate_from_v21_to_v22:9113 - [rag_char_chat_schema] Migration to V22 completed.
2026-09-15 21:59:56.459 | INFO     | trace= span= tp= req= job= ps=: | tldw_Server_API.app.core.DB_Management.ChaChaNotes_DB:_migrate_from_v22_to_v23:9125 - Migrating 'rag_char_chat_schema' schema from V22 to V23 for DB: /private/var/folders/sn/m80n2j152t9gw3w8qwk2nykh0000gn/T/pytest-of-macbook-dev/pytest-11851/test_failed_provider_persists_0/user_dbs/1/ChaChaNotes.db...
2026-09-15 21:59:56.469 | INFO     | trace= span= tp= req= job= ps=: | tldw_Server_API.app.core.DB_Management.ChaChaNotes_DB:_migrate_from_v22_to_v23:9133 - [rag_char_chat_schema] Migration to V23 completed.
2026-09-15 21:59:56.470 | INFO     | trace= span= tp= req= job= ps=: | tldw_Server_API.app.core.DB_Management.ChaChaNotes_DB:_migrate_from_v23_to_v24:9145 - Migrating 'rag_char_chat_schema' schema from V23 to V24 for DB: /private/var/folders/sn/m80n2j152t9gw3w8qwk2nykh0000gn/T/pytest-of-macbook-dev/pytest-11851/test_failed_provider_persists_0/user_dbs/1/ChaChaNotes.db...
2026-09-15 21:59:56.482 | INFO     | trace= span= tp= req= job= ps=: | tldw_Server_API.app.core.DB_Management.ChaChaNotes_DB:_migrate_from_v23_to_v24:9153 - [rag_char_chat_schema] Migration to V24 completed.
2026-09-15 21:59:56.483 | INFO     | trace= span= tp= req= job= ps=: | tldw_Server_API.app.core.DB_Management.ChaChaNotes_DB:_migrate_from_v24_to_v25:9165 - Migrating 'rag_char_chat_schema' schema from V24 to V25 for DB: /private/var/folders/sn/m80n2j152t9gw3w8qwk2nykh0000gn/T/pytest-of-macbook-dev/pytest-11851/test_failed_provider_persists_0/user_dbs/1/ChaChaNotes.db...
2026-09-15 21:59:56.492 | INFO     | trace= span= tp= req= job= ps=: | tldw_Server_API.app.core.DB_Management.ChaChaNotes_DB:_migrate_from_v24_to_v25:9191 - [rag_char_chat_schema] Migration to V25 completed.
2026-09-15 21:59:56.492 | INFO     | trace= span= tp= req= job= ps=: | tldw_Server_API.app.core.DB_Management.ChaChaNotes_DB:_migrate_from_v25_to_v26:9203 - Migrating 'rag_char_chat_schema' schema from V25 to V26 for DB: /private/var/folders/sn/m80n2j152t9gw3w8qwk2nykh0000gn/T/pytest-of-macbook-dev/pytest-11851/test_failed_provider_persists_0/user_dbs/1/ChaChaNotes.db...
2026-09-15 21:59:56.500 | INFO     | trace= span= tp= req= job= ps=: | tldw_Server_API.app.core.DB_Management.ChaChaNotes_DB:_migrate_from_v25_to_v26:9211 - [rag_char_chat_schema] Migration to V26 completed.
2026-09-15 21:59:56.500 | INFO     | trace= span= tp= req= job= ps=: | tldw_Server_API.app.core.DB_Management.ChaChaNotes_DB:_migrate_from_v26_to_v27:9223 - Migrating 'rag_char_chat_schema' schema from V26 to V27 for DB: /private/var/folders/sn/m80n2j152t9gw3w8qwk2nykh0000gn/T/pytest-of-macbook-dev/pytest-11851/test_failed_provider_persists_0/user_dbs/1/ChaChaNotes.db...
2026-09-15 21:59:56.507 | INFO     | trace= span= tp= req= job= ps=: | tldw_Server_API.app.core.DB_Management.ChaChaNotes_DB:_migrate_from_v26_to_v27:9251 - [rag_char_chat_schema] Migration to V27 completed.
2026-09-15 21:59:56.508 | INFO     | trace= span= tp= req= job= ps=: | tldw_Server_API.app.core.DB_Management.ChaChaNotes_DB:_migrate_from_v27_to_v28:9263 - Migrating 'rag_char_chat_schema' schema from V27 to V28 for DB: /private/var/folders/sn/m80n2j152t9gw3w8qwk2nykh0000gn/T/pytest-of-macbook-dev/pytest-11851/test_failed_provider_persists_0/user_dbs/1/ChaChaNotes.db...
2026-09-15 21:59:56.512 | INFO     | trace= span= tp= req= job= ps=: | tldw_Server_API.app.core.DB_Management.ChaChaNotes_DB:_migrate_from_v27_to_v28:9284 - [rag_char_chat_schema] Migration to V28 completed.
2026-09-15 21:59:56.512 | INFO     | trace= span= tp= req= job= ps=: | tldw_Server_API.app.core.DB_Management.ChaChaNotes_DB:_migrate_from_v28_to_v29:9296 - Migrating 'rag_char_chat_schema' schema from V28 to V29 for DB: /private/var/folders/sn/m80n2j152t9gw3w8qwk2nykh0000gn/T/pytest-of-macbook-dev/pytest-11851/test_failed_provider_persists_0/user_dbs/1/ChaChaNotes.db...
2026-09-15 21:59:56.514 | INFO     | trace= span= tp= req= job= ps=: | tldw_Server_API.app.core.DB_Management.ChaChaNotes_DB:_migrate_from_v28_to_v29:9304 - [rag_char_chat_schema] Migration to V29 completed.
2026-09-15 21:59:56.515 | INFO     | trace= span= tp= req= job= ps=: | tldw_Server_API.app.core.DB_Management.ChaChaNotes_DB:_migrate_from_v29_to_v30:9316 - Migrating 'rag_char_chat_schema' schema from V29 to V30 for DB: /private/var/folders/sn/m80n2j152t9gw3w8qwk2nykh0000gn/T/pytest-of-macbook-dev/pytest-11851/test_failed_provider_persists_0/user_dbs/1/ChaChaNotes.db...
2026-09-15 21:59:56.518 | INFO     | trace= span= tp= req= job= ps=: | tldw_Server_API.app.core.DB_Management.ChaChaNotes_DB:_migrate_from_v29_to_v30:9334 - [rag_char_chat_schema] Migration to V30 completed.
2026-09-15 21:59:56.519 | INFO     | trace= span= tp= req= job= ps=: | tldw_Server_API.app.core.DB_Management.ChaChaNotes_DB:_migrate_from_v30_to_v31:9346 - Migrating 'rag_char_chat_schema' schema from V30 to V31 for DB: /private/var/folders/sn/m80n2j152t9gw3w8qwk2nykh0000gn/T/pytest-of-macbook-dev/pytest-11851/test_failed_provider_persists_0/user_dbs/1/ChaChaNotes.db...
2026-09-15 21:59:56.529 | INFO     | trace= span= tp= req= job= ps=: | tldw_Server_API.app.core.DB_Management.ChaChaNotes_DB:_migrate_from_v30_to_v31:9368 - [rag_char_chat_schema] Migration to V31 completed.
2026-09-15 21:59:56.529 | INFO     | trace= span= tp= req= job= ps=: | tldw_Server_API.app.core.DB_Management.ChaChaNotes_DB:_migrate_from_v31_to_v32:9380 - Migrating 'rag_char_chat_schema' schema from V31 to V32 for DB: /private/var/folders/sn/m80n2j152t9gw3w8qwk2nykh0000gn/T/pytest-of-macbook-dev/pytest-11851/test_failed_provider_persists_0/user_dbs/1/ChaChaNotes.db...
2026-09-15 21:59:56.539 | INFO     | trace= span= tp= req= job= ps=: | tldw_Server_API.app.core.DB_Management.ChaChaNotes_DB:_migrate_from_v31_to_v32:9424 - [rag_char_chat_schema] Migration to V32 completed.
2026-09-15 21:59:56.540 | INFO     | trace= span= tp= req= job= ps=: | tldw_Server_API.app.core.DB_Management.ChaChaNotes_DB:_migrate_from_v32_to_v33:9436 - Migrating 'rag_char_chat_schema' schema from V32 to V33 for DB: /private/var/folders/sn/m80n2j152t9gw3w8qwk2nykh0000gn/T/pytest-of-macbook-dev/pytest-11851/test_failed_provider_persists_0/user_dbs/1/ChaChaNotes.db...
2026-09-15 21:59:56.541 | INFO     | trace= span= tp= req= job= ps=: | tldw_Server_API.app.core.DB_Management.ChaChaNotes_DB:_migrate_from_v32_to_v33:9444 - [rag_char_chat_schema] Migration to V33 completed.
2026-09-15 21:59:56.542 | INFO     | trace= span= tp= req= job= ps=: | tldw_Server_API.app.core.DB_Management.ChaChaNotes_DB:_migrate_from_v33_to_v34:9456 - Migrating 'rag_char_chat_schema' schema from V33 to V34 for DB: /private/var/folders/sn/m80n2j152t9gw3w8qwk2nykh0000gn/T/pytest-of-macbook-dev/pytest-11851/test_failed_provider_persists_0/user_dbs/1/ChaChaNotes.db...
2026-09-15 21:59:56.546 | INFO     | trace= span= tp= req= job= ps=: | tldw_Server_API.app.core.DB_Management.ChaChaNotes_DB:_migrate_from_v33_to_v34:9476 - [rag_char_chat_schema] Migration to V34 completed.
2026-09-15 21:59:56.547 | INFO     | trace= span= tp= req= job= ps=: | tldw_Server_API.app.core.DB_Management.ChaChaNotes_DB:_migrate_from_v34_to_v35:9488 - Migrating 'rag_char_chat_schema' schema from V34 to V35 for DB: /private/var/folders/sn/m80n2j152t9gw3w8qwk2nykh0000gn/T/pytest-of-macbook-dev/pytest-11851/test_failed_provider_persists_0/user_dbs/1/ChaChaNotes.db...
2026-09-15 21:59:56.551 | INFO     | trace= span= tp= req= job= ps=: | tldw_Server_API.app.core.DB_Management.ChaChaNotes_DB:_migrate_from_v34_to_v35:9508 - [rag_char_chat_schema] Migration to V35 completed.
2026-09-15 21:59:56.552 | INFO     | trace= span= tp= req= job= ps=: | tldw_Server_API.app.core.DB_Management.ChaChaNotes_DB:_migrate_from_v35_to_v36:9520 - Migrating 'rag_char_chat_schema' schema from V35 to V36 for DB: /private/var/folders/sn/m80n2j152t9gw3w8qwk2nykh0000gn/T/pytest-of-macbook-dev/pytest-11851/test_failed_provider_persists_0/user_dbs/1/ChaChaNotes.db...
2026-09-15 21:59:56.559 | INFO     | trace= span= tp= req= job= ps=: | tldw_Server_API.app.core.DB_Management.ChaChaNotes_DB:_migrate_from_v35_to_v36:9571 - [rag_char_chat_schema] Migration to V36 completed.
2026-09-15 21:59:56.560 | INFO     | trace= span= tp= req= job= ps=: | tldw_Server_API.app.core.DB_Management.ChaChaNotes_DB:_migrate_from_v36_to_v37:9583 - Migrating 'rag_char_chat_schema' schema from V36 to V37 for DB: /private/var/folders/sn/m80n2j152t9gw3w8qwk2nykh0000gn/T/pytest-of-macbook-dev/pytest-11851/test_failed_provider_persists_0/user_dbs/1/ChaChaNotes.db...
2026-09-15 21:59:56.639 | INFO     | trace= span= tp= req= job= ps=: | tldw_Server_API.app.core.DB_Management.ChaChaNotes_DB:_migrate_from_v36_to_v37:9594 - [rag_char_chat_schema] Migration to V37 completed.
2026-09-15 21:59:56.640 | INFO     | trace= span= tp= req= job= ps=: | tldw_Server_API.app.core.DB_Management.ChaChaNotes_DB:_migrate_from_v37_to_v38:9606 - Migrating 'rag_char_chat_schema' schema from V37 to V38 for DB: /private/var/folders/sn/m80n2j152t9gw3w8qwk2nykh0000gn/T/pytest-of-macbook-dev/pytest-11851/test_failed_provider_persists_0/user_dbs/1/ChaChaNotes.db...
2026-09-15 21:59:56.641 | INFO     | trace= span= tp= req= job= ps=: | tldw_Server_API.app.core.DB_Management.ChaChaNotes_DB:_migrate_from_v37_to_v38:9615 - [rag_char_chat_schema] Migration to V38 completed.
2026-09-15 21:59:56.642 | INFO     | trace= span= tp= req= job= ps=: | tldw_Server_API.app.core.DB_Management.ChaChaNotes_DB:_migrate_from_v38_to_v39:9627 - Migrating 'rag_char_chat_schema' schema from V38 to V39 for DB: /private/var/folders/sn/m80n2j152t9gw3w8qwk2nykh0000gn/T/pytest-of-macbook-dev/pytest-11851/test_failed_provider_persists_0/user_dbs/1/ChaChaNotes.db...
2026-09-15 21:59:56.647 | INFO     | trace= span= tp= req= job= ps=: | tldw_Server_API.app.core.DB_Management.ChaChaNotes_DB:_migrate_from_v38_to_v39:9636 - [rag_char_chat_schema] Migration to V39 completed.
2026-09-15 21:59:56.648 | INFO     | trace= span= tp= req= job= ps=: | tldw_Server_API.app.core.DB_Management.ChaChaNotes_DB:_migrate_from_v39_to_v40:9648 - Migrating 'rag_char_chat_schema' schema from V39 to V40 for DB: /private/var/folders/sn/m80n2j152t9gw3w8qwk2nykh0000gn/T/pytest-of-macbook-dev/pytest-11851/test_failed_provider_persists_0/user_dbs/1/ChaChaNotes.db...
2026-09-15 21:59:56.649 | INFO     | trace= span= tp= req= job= ps=: | tldw_Server_API.app.core.DB_Management.ChaChaNotes_DB:_migrate_from_v39_to_v40:9656 - [rag_char_chat_schema] Migration to V40 completed.
2026-09-15 21:59:56.650 | INFO     | trace= span= tp= req= job= ps=: | tldw_Server_API.app.core.DB_Management.ChaChaNotes_DB:_migrate_from_v40_to_v41:9668 - Migrating 'rag_char_chat_schema' schema from V40 to V41 for DB: /private/var/folders/sn/m80n2j152t9gw3w8qwk2nykh0000gn/T/pytest-of-macbook-dev/pytest-11851/test_failed_provider_persists_0/user_dbs/1/ChaChaNotes.db...
2026-09-15 21:59:56.656 | INFO     | trace= span= tp= req= job= ps=: | tldw_Server_API.app.core.DB_Management.ChaChaNotes_DB:_migrate_from_v40_to_v41:9676 - [rag_char_chat_schema] Migration to V41 completed.
2026-09-15 21:59:56.657 | INFO     | trace= span= tp= req= job= ps=: | tldw_Server_API.app.core.DB_Management.ChaChaNotes_DB:_migrate_from_v41_to_v42:9688 - Migrating 'rag_char_chat_schema' schema from V41 to V42 for DB: /private/var/folders/sn/m80n2j152t9gw3w8qwk2nykh0000gn/T/pytest-of-macbook-dev/pytest-11851/test_failed_provider_persists_0/user_dbs/1/ChaChaNotes.db...
2026-09-15 21:59:56.667 | INFO     | trace= span= tp= req= job= ps=: | tldw_Server_API.app.core.DB_Management.ChaChaNotes_DB:_migrate_from_v41_to_v42:9696 - [rag_char_chat_schema] Migration to V42 completed.
2026-09-15 21:59:56.668 | INFO     | trace= span= tp= req= job= ps=: | tldw_Server_API.app.core.DB_Management.ChaChaNotes_DB:_migrate_from_v42_to_v43:9708 - Migrating 'rag_char_chat_schema' schema from V42 to V43 for DB: /private/var/folders/sn/m80n2j152t9gw3w8qwk2nykh0000gn/T/pytest-of-macbook-dev/pytest-11851/test_failed_provider_persists_0/user_dbs/1/ChaChaNotes.db...
2026-09-15 21:59:56.670 | INFO     | trace= span= tp= req= job= ps=: | tldw_Server_API.app.core.DB_Management.ChaChaNotes_DB:_migrate_from_v42_to_v43:9716 - [rag_char_chat_schema] Migration to V43 completed.
2026-09-15 21:59:56.671 | INFO     | trace= span= tp= req= job= ps=: | tldw_Server_API.app.core.DB_Management.ChaChaNotes_DB:_migrate_from_v43_to_v44:9728 - Migrating 'rag_char_chat_schema' schema from V43 to V44 for DB: /private/var/folders/sn/m80n2j152t9gw3w8qwk2nykh0000gn/T/pytest-of-macbook-dev/pytest-11851/test_failed_provider_persists_0/user_dbs/1/ChaChaNotes.db...
2026-09-15 21:59:56.673 | INFO     | trace= span= tp= req= job= ps=: | tldw_Server_API.app.core.DB_Management.ChaChaNotes_DB:_migrate_from_v43_to_v44:9749 - [rag_char_chat_schema] Migration to V44 completed.
2026-09-15 21:59:56.674 | INFO     | trace= span= tp= req= job= ps=: | tldw_Server_API.app.core.DB_Management.ChaChaNotes_DB:_migrate_from_v44_to_v45:9761 - Migrating 'rag_char_chat_schema' schema from V44 to V45 for DB: /private/var/folders/sn/m80n2j152t9gw3w8qwk2nykh0000gn/T/pytest-of-macbook-dev/pytest-11851/test_failed_provider_persists_0/user_dbs/1/ChaChaNotes.db...
2026-09-15 21:59:56.687 | INFO     | trace= span= tp= req= job= ps=: | tldw_Server_API.app.core.DB_Management.ChaChaNotes_DB:_migrate_from_v44_to_v45:9770 - [rag_char_chat_schema] Migration to V45 completed.
2026-09-15 21:59:56.688 | INFO     | trace= span= tp= req= job= ps=: | tldw_Server_API.app.core.DB_Management.ChaChaNotes_DB:_migrate_from_v45_to_v46:9782 - Migrating 'rag_char_chat_schema' schema from V45 to V46 for DB: /private/var/folders/sn/m80n2j152t9gw3w8qwk2nykh0000gn/T/pytest-of-macbook-dev/pytest-11851/test_failed_provider_persists_0/user_dbs/1/ChaChaNotes.db...
2026-09-15 21:59:56.689 | INFO     | trace= span= tp= req= job= ps=: | tldw_Server_API.app.core.DB_Management.ChaChaNotes_DB:_migrate_from_v45_to_v46:9790 - [rag_char_chat_schema] Migration to V46 completed.
2026-09-15 21:59:56.690 | INFO     | trace= span= tp= req= job= ps=: | tldw_Server_API.app.core.DB_Management.ChaChaNotes_DB:_migrate_from_v46_to_v47:9802 - Migrating 'rag_char_chat_schema' schema from V46 to V47 for DB: /private/var/folders/sn/m80n2j152t9gw3w8qwk2nykh0000gn/T/pytest-of-macbook-dev/pytest-11851/test_failed_provider_persists_0/user_dbs/1/ChaChaNotes.db...
2026-09-15 21:59:56.697 | INFO     | trace= span= tp= req= job= ps=: | tldw_Server_API.app.core.DB_Management.ChaChaNotes_DB:_migrate_from_v46_to_v47:9817 - [rag_char_chat_schema] Migration to V47 completed.
2026-09-15 21:59:56.698 | INFO     | trace= span= tp= req= job= ps=: | tldw_Server_API.app.core.DB_Management.ChaChaNotes_DB:_migrate_from_v47_to_v48:9829 - Migrating 'rag_char_chat_schema' schema from V47 to V48 for DB: /private/var/folders/sn/m80n2j152t9gw3w8qwk2nykh0000gn/T/pytest-of-macbook-dev/pytest-11851/test_failed_provider_persists_0/user_dbs/1/ChaChaNotes.db...
2026-09-15 21:59:56.702 | INFO     | trace= span= tp= req= job= ps=: | tldw_Server_API.app.core.DB_Management.ChaChaNotes_DB:_migrate_from_v47_to_v48:9837 - [rag_char_chat_schema] Migration to V48 completed.
2026-09-15 21:59:56.702 | INFO     | trace= span= tp= req= job= ps=: | tldw_Server_API.app.core.DB_Management.ChaChaNotes_DB:_migrate_from_v48_to_v49:9849 - Migrating 'rag_char_chat_schema' schema from V48 to V49 for DB: /private/var/folders/sn/m80n2j152t9gw3w8qwk2nykh0000gn/T/pytest-of-macbook-dev/pytest-11851/test_failed_provider_persists_0/user_dbs/1/ChaChaNotes.db...
2026-09-15 21:59:56.703 | INFO     | trace= span= tp= req= job= ps=: | tldw_Server_API.app.core.DB_Management.ChaChaNotes_DB:_migrate_from_v48_to_v49:9858 - [rag_char_chat_schema] Migration to V49 completed.
2026-09-15 21:59:56.704 | INFO     | trace= span= tp= req= job= ps=: | tldw_Server_API.app.core.DB_Management.ChaChaNotes_DB:_migrate_from_v49_to_v50:9870 - Migrating 'rag_char_chat_schema' schema from V49 to V50 for DB: /private/var/folders/sn/m80n2j152t9gw3w8qwk2nykh0000gn/T/pytest-of-macbook-dev/pytest-11851/test_failed_provider_persists_0/user_dbs/1/ChaChaNotes.db...
2026-09-15 21:59:56.705 | INFO     | trace= span= tp= req= job= ps=: | tldw_Server_API.app.core.DB_Management.ChaChaNotes_DB:_migrate_from_v49_to_v50:9879 - [rag_char_chat_schema] Migration to V50 completed.
2026-09-15 21:59:56.706 | INFO     | trace= span= tp= req= job= ps=: | tldw_Server_API.app.core.DB_Management.ChaChaNotes_DB:_migrate_from_v50_to_v51:9891 - Migrating 'rag_char_chat_schema' schema from V50 to V51 for DB: /private/var/folders/sn/m80n2j152t9gw3w8qwk2nykh0000gn/T/pytest-of-macbook-dev/pytest-11851/test_failed_provider_persists_0/user_dbs/1/ChaChaNotes.db...
2026-09-15 21:59:56.709 | INFO     | trace= span= tp= req= job= ps=: | tldw_Server_API.app.core.DB_Management.ChaChaNotes_DB:_migrate_from_v50_to_v51:9907 - [rag_char_chat_schema] Migration to V51 completed.
2026-09-15 21:59:56.709 | INFO     | trace= span= tp= req= job= ps=: | tldw_Server_API.app.core.DB_Management.ChaChaNotes_DB:_migrate_from_v51_to_v52:9919 - Migrating 'rag_char_chat_schema' schema from V51 to V52 for DB: /private/var/folders/sn/m80n2j152t9gw3w8qwk2nykh0000gn/T/pytest-of-macbook-dev/pytest-11851/test_failed_provider_persists_0/user_dbs/1/ChaChaNotes.db...
2026-09-15 21:59:56.716 | INFO     | trace= span= tp= req= job= ps=: | tldw_Server_API.app.core.DB_Management.ChaChaNotes_DB:_migrate_from_v51_to_v52:9931 - [rag_char_chat_schema] Migration to V52 completed.
2026-09-15 21:59:56.717 | INFO     | trace= span= tp= req= job= ps=: | tldw_Server_API.app.core.DB_Management.ChaChaNotes_DB:_migrate_from_v52_to_v53:9945 - Migrating 'rag_char_chat_schema' schema from V52 to V53 for DB: /private/var/folders/sn/m80n2j152t9gw3w8qwk2nykh0000gn/T/pytest-of-macbook-dev/pytest-11851/test_failed_provider_persists_0/user_dbs/1/ChaChaNotes.db...
2026-09-15 21:59:56.730 | INFO     | trace= span= tp= req= job= ps=: | tldw_Server_API.app.core.DB_Management.ChaChaNotes_DB:_migrate_from_v52_to_v53:9958 - [rag_char_chat_schema] Migration to V53 completed.
2026-09-15 21:59:56.731 | INFO     | trace= span= tp= req= job= ps=: | tldw_Server_API.app.core.DB_Management.ChaChaNotes_DB:_migrate_from_v53_to_v54:9972 - Migrating 'rag_char_chat_schema' schema from V53 to V54 for DB: /private/var/folders/sn/m80n2j152t9gw3w8qwk2nykh0000gn/T/pytest-of-macbook-dev/pytest-11851/test_failed_provider_persists_0/user_dbs/1/ChaChaNotes.db...
2026-09-15 21:59:56.733 | INFO     | trace= span= tp= req= job= ps=: | tldw_Server_API.app.core.DB_Management.ChaChaNotes_DB:_migrate_from_v53_to_v54:9984 - [rag_char_chat_schema] Migration to V54 completed.
2026-09-15 21:59:56.733 | INFO     | trace= span= tp= req= job= ps=: | tldw_Server_API.app.core.DB_Management.ChaChaNotes_DB:_migrate_from_v54_to_v55:9998 - Migrating 'rag_char_chat_schema' schema from V54 to V55 for DB: /private/var/folders/sn/m80n2j152t9gw3w8qwk2nykh0000gn/T/pytest-of-macbook-dev/pytest-11851/test_failed_provider_persists_0/user_dbs/1/ChaChaNotes.db...
2026-09-15 21:59:56.739 | INFO     | trace= span= tp= req= job= ps=: | tldw_Server_API.app.core.DB_Management.ChaChaNotes_DB:_migrate_from_v54_to_v55:10076 - [rag_char_chat_schema] Migration to V55 completed.
2026-09-15 21:59:56.739 | INFO     | trace= span= tp= req= job= ps=: | tldw_Server_API.app.core.DB_Management.ChaChaNotes_DB:_migrate_from_v55_to_v56:10180 - Migrating 'rag_char_chat_schema' schema from V55 to V56 for DB: /private/var/folders/sn/m80n2j152t9gw3w8qwk2nykh0000gn/T/pytest-of-macbook-dev/pytest-11851/test_failed_provider_persists_0/user_dbs/1/ChaChaNotes.db...
2026-09-15 21:59:57.120 | INFO     | trace= span= tp= req= job= ps=: | tldw_Server_API.app.core.DB_Management.ChaChaNotes_DB:_migrate_from_v64_to_v65:17609 - Migrating 'rag_char_chat_schema' schema from V64 to V65 for DB: /private/var/folders/sn/m80n2j152t9gw3w8qwk2nykh0000gn/T/pytest-of-macbook-dev/pytest-11851/test_failed_provider_persists_0/user_dbs/1/ChaChaNotes.db...
2026-09-15 21:59:57.132 | INFO     | trace= span= tp= req= job= ps=: | tldw_Server_API.app.core.DB_Management.ChaChaNotes_DB:_migrate_from_v64_to_v65:17626 - [rag_char_chat_schema] Migration to V65 completed.
2026-09-15 21:59:57.238 | WARNING  | trace= span= tp= req= job= ps=: | tldw_Server_API.app.core.DB_Management.ChaChaNotes_DB:_self_heal_character_cards_fts_sqlite:24635 - character_cards_fts out of sync (active=1 indexed=0); rebuilding.
2026-09-15 21:59:57.239 | INFO     | trace= span= tp= req= job= ps=: | tldw_Server_API.app.core.DB_Management.ChaChaNotes_DB:_initialize_schema_sqlite:20934 - Database schema 'rag_char_chat_schema' successfully initialized/migrated to version 67.
2026-09-15 21:59:57.244 | INFO     | trace= span= tp= req= job= ps=: | tldw_Server_API.app.core.DB_Management.chacha.character_store:add_character_card:162 - Added character card 'Helpful AI Assistant' with ID: 2.
2026-09-15 21:59:57.246 | INFO     | trace= span= tp= req= job= ps=: | tldw_Server_API.app.core.DB_Management.chacha.character_store:add_character_card:162 - Added character card 'Source Character' with ID: 3.
2026-09-15 21:59:57.251 | INFO     | trace= span= tp= req= job= ps=: | tldw_Server_API.app.core.startup_preflight:run_preflight_checks:202 - Preflight [ffmpeg_available]: ok - found at /opt/homebrew/bin/ffmpeg
2026-09-15 21:59:57.251 | INFO     | trace= span= tp= req= job= ps=: | tldw_Server_API.app.core.startup_preflight:run_preflight_checks:202 - Preflight [disk_space]: ok - 83871 MB free
2026-09-15 21:59:57.252 | INFO     | trace= span= tp= req= job= ps=: | tldw_Server_API.app.core.startup_preflight:run_preflight_checks:202 - Preflight [database_directories]: ok - /Users/macbook-dev/Documents/GitHub/tldw_server2/tldw_Server_API/Databases
2026-09-15 21:59:57.252 | INFO     | trace= span= tp= req= job= ps=: | tldw_Server_API.app.core.startup_preflight:run_preflight_checks:202 - Preflight [python_dependencies]: ok
2026-09-15 21:59:57.252 | INFO     | trace= span= tp= req= job= ps=: | tldw_Server_API.app.core.startup_preflight:run_preflight_checks:202 - Preflight [database_connectivity]: ok - SQLite (no remote check needed)
2026-09-15 21:59:57.253 | INFO     | trace= span= tp= req= job= ps=: | tldw_Server_API.app.services.startup_preflight_reporting:run_startup_preflight_checks:17 - Preflight: 5 checks, 0 warnings, 0 failures
2026-09-15 21:59:57.255 | INFO     | trace= span= tp= req= job= ps=: | tldw_Server_API.app.services.startup_acp_validation:validate_startup_acp_configuration:30 - App Startup: ACP runner configuration validated
2026-09-15 21:59:57.255 | INFO     | trace= span= tp= req= job= ps=: | tldw_Server_API.app.services.startup_content_backend_validation:validate_startup_content_backend:13 - App Startup: PostgreSQL content backend validated
2026-09-15 21:59:57.256 | INFO     | trace= span= tp= req= job= ps=: | tldw_Server_API.app.services.startup_claims_prompt_validation:validate_startup_claims_prompt_validation:31 - App Startup: Claims prompt validation completed (mode=warning, strict=False)
2026-09-15 21:59:57.257 | INFO     | trace= span= tp= req= job= ps=: | tldw_Server_API.app.services.startup_telemetry:initialize_startup_telemetry:16 - App Startup: Initializing telemetry and metrics...
2026-09-15 21:59:57.257 | INFO     | trace= span= tp= req= job= ps=: | tldw_Server_API.app.core.Metrics.telemetry:__init__:460 - OpenTelemetry SDK disabled via OTEL_SDK_DISABLED
2026-09-15 21:59:57.258 | INFO     | trace= span= tp= req= job= ps=: | tldw_Server_API.app.services.startup_telemetry:initialize_startup_telemetry:21 - App Startup: OpenTelemetry initialized for service: tldw_server
2026-09-15 21:59:57.260 | WARNING  | trace= span= tp= req= job= ps=: | tldw_Server_API.app.services.startup_validation:run_startup_validations:31 - First-time setup is enabled. The setup API is local-only and blocks proxied requests. If running behind a reverse proxy, ensure /setup and /api/v1/setup are not publicly exposed, or set TLDW_SETUP_ALLOW_REMOTE=1 temporarily on trusted networks.
2026-09-15 21:59:57.278 | INFO     | trace= span= tp= req= job= ps=: | tldw_Server_API.app.core.AuthNZ.settings:get_settings:1588 - Settings initialized - Auth mode: single_user, profile=local-single-user
2026-09-15 21:59:57.286 | INFO     | trace= span= tp= req= job= ps=: | tldw_Server_API.app.core.AuthNZ.startup_integrity:verify_authnz_sqlite_startup_integrity:173 - AuthNZ startup integrity check passed for /Users/macbook-dev/Documents/GitHub/tldw_server2/Databases/users.db
2026-09-15 21:59:57.287 | INFO     | trace= span= tp= req= job= ps=: | tldw_Server_API.app.services.startup_core_initialization:initialize_startup_core_components:36 - App Startup: Initializing authentication services...
2026-09-15 21:59:57.287 | INFO     | trace= span= tp= req= job= ps=: | tldw_Server_API.app.services.startup_auth:init_auth_services:45 - App Startup: Database pool initialized
2026-09-15 21:59:57.306 | INFO     | trace= span= tp= req= job= ps=: | tldw_Server_API.app.core.AuthNZ.settings:get_settings:1588 - Settings initialized - Auth mode: single_user, profile=local-single-user
2026-09-15 21:59:57.306 | INFO     | trace= span= tp= req= job= ps=: | tldw_Server_API.app.core.AuthNZ.db_config:_detect_backend:83 - Detected database backend: sqlite
2026-09-15 21:59:57.307 | INFO     | trace= span= tp= req= job= ps=: | tldw_Server_API.app.core.AuthNZ.database:close:1665 - Database pool closed
2026-09-15 21:59:57.307 | INFO     | trace= span= tp= req= job= ps=: | tldw_Server_API.app.core.MCP_unified.server:shutdown:885 - Shutting down MCP Server
2026-09-15 21:59:57.307 | INFO     | trace= span= tp= req= job= ps=: | tldw_Server_API.app.core.MCP_unified.modules.registry:shutdown_all:530 - Shutting down all modules
2026-09-15 21:59:57.308 | INFO     | trace= span= tp= req= job= ps=: | tldw_Server_API.app.core.MCP_unified.modules.registry:shutdown_all:559 - All modules shut down
2026-09-15 21:59:57.327 | INFO     | trace= span= tp= req= job= ps=: | tldw_Server_API.app.core.AuthNZ.settings:get_settings:1588 - Settings initialized - Auth mode: single_user, profile=local-single-user
2026-09-15 21:59:57.328 | INFO     | trace= span= tp= req= job= ps=: | tldw_Server_API.app.core.AuthNZ.database:initialize:942 - Using SQLite database
2026-09-15 21:59:57.333 | INFO     | trace= span= tp= req= job= ps=: | tldw_Server_API.app.core.AuthNZ.database:_create_sqlite_schema:1150 - SQLite schema harmonization: ensuring AuthNZ tables
2026-09-15 21:59:57.351 | INFO     | trace= span= tp= req= job= ps=: | tldw_Server_API.app.core.AuthNZ.database:initialize:948 - Database pool initialized successfully
2026-09-15 21:59:57.377 | INFO     | trace= span= tp= req= job= ps=: | tldw_Server_API.app.services.startup_auth:init_auth_services:74 - App Startup: Ensured single-user RBAC seed (baseline roles/permissions)
2026-09-15 21:59:57.378 | INFO     | trace= span= tp= req= job= ps=: | tldw_Server_API.app.core.AuthNZ.database:initialize:942 - Using SQLite database
2026-09-15 21:59:57.382 | INFO     | trace= span= tp= req= job= ps=: | tldw_Server_API.app.core.AuthNZ.database:_create_sqlite_schema:1150 - SQLite schema harmonization: ensuring AuthNZ tables
2026-09-15 21:59:57.399 | INFO     | trace= span= tp= req= job= ps=: | tldw_Server_API.app.core.AuthNZ.database:initialize:948 - Database pool initialized successfully
2026-09-15 21:59:57.403 | INFO     | trace= span= tp= req= job= ps=: | tldw_Server_API.app.services.startup_auth:init_auth_services:87 - App Startup: Loaded LLM provider overrides
2026-09-15 21:59:57.415 | INFO     | trace= span= tp= req= job= ps=: | tldw_Server_API.app.core.Resource_Governance.policy_loader:load_once:134 - ResourceGovernor policy loaded: version=1, policies=43, path=/Users/macbook-dev/Documents/GitHub/tldw_server2/tldw_Server_API/Config_Files/resource_governor_policies.yaml
2026-09-15 21:59:57.416 | INFO     | trace= span= tp= req= job= ps=: | tldw_Server_API.app.services.startup_resource_governor:init_resource_governor:106 - ResourceGovernor initialized (memory backend)
2026-09-15 21:59:57.427 | WARNING  | trace= span= tp= req= job= ps=: | tldw_Server_API.app.services.startup_resource_governor:_audit_route_map_coverage:227 - RG route_map missing coverage for 387 routes; sample: /api/v1/workspaces/migrations (tags=['workspaces']), /api/v1/workspaces/migrations/{migration_id} (tags=['workspaces']), /api/v1/workspaces/migrations/{migration_id}/chunks/{chunk_id} (tags=['workspaces']), /api/v1/workspaces/migrations/{migration_id}/finalize (tags=['workspaces']), /api/v1/workspaces/migrations/{migration_id}/client-delete-ack (tags=['workspaces']), /api/v1/workspaces/ (tags=['workspaces']), /api/v1/workspaces/{workspace_id} (tags=['workspaces']), /api/v1/workspaces/{workspace_id}/index (tags=['workspaces']), /api/v1/workspaces/{workspace_id}/memberships (tags=['workspaces']), /api/v1/workspaces/{workspace_id}/memberships/{resource_type}/{resource_id} (tags=['workspaces'])
2026-09-15 21:59:57.428 | INFO     | trace= span= tp= req= job= ps=: | tldw_Server_API.app.services.startup_auth_runtime:initialize_auth_runtime_services:35 - App Startup: Session manager initialized
2026-09-15 21:59:57.442 | INFO     | trace= span= tp= req= job= ps=: | tldw_Server_API.app.core.PrivilegeMaps.startup:validate_privilege_metadata_on_startup:31 - Privilege catalog validated (version=1.0.0, scopes=112, mapped_routes=282)
2026-09-15 21:59:57.451 | INFO     | trace= span= tp= req= job= ps=: | tldw_Server_API.app.core.Persona.archetype_loader:load_archetypes_from_directory:83 - Loaded 6 archetype(s) from /Users/macbook-dev/Documents/GitHub/tldw_server2/tldw_Server_API/Config_Files/persona_archetypes
2026-09-15 21:59:57.454 | INFO     | trace= span= tp= req= job= ps=: | mcp_unified.federation.catalog_loader:load_mcp_catalog:80 - Loaded 5 MCP catalog entry/entries from /Users/macbook-dev/Documents/GitHub/tldw_server2/tldw_Server_API/Config_Files/mcp_server_catalog.yaml
2026-09-15 21:59:57.455 | INFO     | trace= span= tp= req= job= ps=: | tldw_Server_API.app.services.startup_core_initialization:initialize_startup_core_components:61 - App Startup: Initializing Chat module components...
2026-09-15 21:59:57.456 | INFO     | trace= span= tp= req= job= ps=: | tldw_Server_API.app.core.MCP_unified.config:get_config:589 - MCP configuration loaded successfully
2026-09-15 21:59:57.457 | INFO     | trace= span= tp= req= job= ps=: | tldw_Server_API.app.core.MCP_unified.modules.registry:__init__:77 - Module registry initialized
2026-09-15 21:59:57.457 | INFO     | trace= span= tp= req= job= ps=: | tldw_Server_API.app.core.MCP_unified.protocol:__init__:471 - MCP Protocol handler initialized
2026-09-15 21:59:57.457 | WARNING  | trace= span= tp= req= job= ps=: | tldw_Server_API.app.services.shutdown_transport_registry:register_family:89 - Shutdown transport family re-registered; replacing existing entry: mcp.websocket
2026-09-15 21:59:57.458 | INFO     | trace= span= tp= req= job= ps=: | tldw_Server_API.app.core.MCP_unified.server:__init__:386 - MCP Server created
2026-09-15 21:59:57.458 | INFO     | trace= span= tp= req= job= ps=: | tldw_Server_API.app.services.startup_heavy_init:_init_mcp_server:165 - App Startup: Initializing MCP Unified server...
2026-09-15 21:59:57.459 | INFO     | trace= span= tp= req= job= ps=: | tldw_Server_API.app.core.MCP_unified.server:initialize:718 - Initializing MCP Server
2026-09-15 21:59:57.459 | INFO     | trace= span= tp= req= job= ps=: | tldw_Server_API.app.core.MCP_unified.modules.registry:start_health_monitoring:116 - Health monitoring started
2026-09-15 21:59:57.464 | INFO     | trace= span= tp= req= job= ps=: | tldw_Server_API.app.core.MCP_unified.server:_register_default_modules:1004 - Loaded 20 MCP modules from tldw_Server_API/Config_Files/mcp_modules.yaml
2026-09-15 21:59:57.464 | INFO     | trace= span= tp= req= job= ps=: | tldw_Server_API.app.core.MCP_unified.modules.registry:register_module:156 - Registering module: media
2026-09-15 21:59:57.465 | INFO     | trace= span= tp= req= job= ps=: | tldw_Server_API.app.core.MCP_unified.modules.base:__init__:371 - Module created: Media v1.0.0
2026-09-15 21:59:57.466 | INFO     | trace= span= tp= req= job= ps=: | tldw_Server_API.app.core.MCP_unified.modules.base:initialize:390 - Initializing module: Media
2026-09-15 21:59:57.467 | INFO     | trace= span= tp= req= job= ps=: | tldw_Server_API.app.core.DB_Management.media_db.runtime.bootstrap_lifecycle_ops:initialize_media_database:79 - Initializing Database object for path: /Users/macbook-dev/Documents/GitHub/tldw_server2/Databases/user_databases/1/Media_DB_v2.db [Client ID: mcp_media_Media]
2026-09-15 21:59:57.471 | INFO     | trace= span= tp= req= job= ps=: | tldw_Server_API.app.core.DB_Management.media_db.schema.backends.sqlite_helpers:bootstrap_sqlite_schema:223 - Checking DB schema. Current version: 26. Code supports: 26
2026-09-15 21:59:57.471 | INFO     | trace= span= tp= req= job= ps=: | tldw_Server_API.app.core.MCP_unified.modules.implementations.media_module:on_initialize:125 - Media module initialized with database: Databases/user_databases/1/Media_DB_v2.db
2026-09-15 21:59:57.478 | INFO     | trace= span= tp= req= job= ps=: | tldw_Server_API.app.core.MCP_unified.modules.base:initialize:405 - Module initialized successfully: Media
2026-09-15 21:59:57.482 | INFO     | trace= span= tp= req= job= ps=: | tldw_Server_API.app.core.MCP_unified.modules.registry:_initialize_module:201 - Module media initialized successfully
2026-09-15 21:59:57.483 | INFO     | trace= span= tp= req= job= ps=: | tldw_Server_API.app.core.MCP_unified.server:_register_default_modules:1260 - Registered MCP module: media (tldw_Server_API.app.core.MCP_unified.modules.implementations.media_module:MediaModule)
2026-09-15 21:59:57.483 | INFO     | trace= span= tp= req= job= ps=: | tldw_Server_API.app.core.MCP_unified.modules.registry:register_module:156 - Registering module: template
2026-09-15 21:59:57.484 | INFO     | trace= span= tp= req= job= ps=: | tldw_Server_API.app.core.MCP_unified.modules.base:__init__:371 - Module created: Template v1.0.0
2026-09-15 21:59:57.484 | INFO     | trace= span= tp= req= job= ps=: | tldw_Server_API.app.core.MCP_unified.modules.base:initialize:390 - Initializing module: Template
2026-09-15 21:59:57.485 | INFO     | trace= span= tp= req= job= ps=: | tldw_Server_API.app.core.MCP_unified.modules.implementations.template_module:on_initialize:19 - Initializing module: Template
2026-09-15 21:59:57.485 | INFO     | trace= span= tp= req= job= ps=: | tldw_Server_API.app.core.MCP_unified.modules.base:initialize:405 - Module initialized successfully: Template
2026-09-15 21:59:57.486 | INFO     | trace= span= tp= req= job= ps=: | tldw_Server_API.app.core.MCP_unified.modules.registry:_initialize_module:201 - Module template initialized successfully
2026-09-15 21:59:57.486 | INFO     | trace= span= tp= req= job= ps=: | tldw_Server_API.app.core.MCP_unified.server:_register_default_modules:1260 - Registered MCP module: template (tldw_Server_API.app.core.MCP_unified.modules.implementations.template_module:TemplateModule)
2026-09-15 21:59:57.486 | INFO     | trace= span= tp= req= job= ps=: | tldw_Server_API.app.core.MCP_unified.modules.registry:register_module:156 - Registering module: mcp_discovery
2026-09-15 21:59:57.487 | INFO     | trace= span= tp= req= job= ps=: | tldw_Server_API.app.core.MCP_unified.modules.base:__init__:371 - Module created: MCP Discovery v1.0.0
2026-09-15 21:59:57.488 | INFO     | trace= span= tp= req= job= ps=: | tldw_Server_API.app.core.MCP_unified.modules.base:initialize:390 - Initializing module: MCP Discovery
2026-09-15 21:59:57.488 | INFO     | trace= span= tp= req= job= ps=: | tldw_Server_API.app.core.MCP_unified.modules.implementations.mcp_discovery_module:on_initialize:27 - Initializing MCP discovery module: MCP Discovery
2026-09-15 21:59:57.488 | INFO     | trace= span= tp= req= job= ps=: | tldw_Server_API.app.core.MCP_unified.modules.base:initialize:405 - Module initialized successfully: MCP Discovery
2026-09-15 21:59:57.490 | INFO     | trace= span= tp= req= job= ps=: | tldw_Server_API.app.core.MCP_unified.modules.registry:_initialize_module:201 - Module mcp_discovery initialized successfully
2026-09-15 21:59:57.490 | INFO     | trace= span= tp= req= job= ps=: | tldw_Server_API.app.core.MCP_unified.server:_register_default_modules:1260 - Registered MCP module: mcp_discovery (tldw_Server_API.app.core.MCP_unified.modules.implementations.mcp_discovery_module:MCPDiscoveryModule)
2026-09-15 21:59:57.490 | INFO     | trace= span= tp= req= job= ps=: | tldw_Server_API.app.core.MCP_unified.modules.registry:register_module:156 - Registering module: governance
2026-09-15 21:59:57.491 | INFO     | trace= span= tp= req= job= ps=: | tldw_Server_API.app.core.MCP_unified.modules.base:__init__:371 - Module created: Governance v1.0.0
2026-09-15 21:59:57.491 | INFO     | trace= span= tp= req= job= ps=: | tldw_Server_API.app.core.MCP_unified.modules.base:initialize:390 - Initializing module: Governance
2026-09-15 21:59:57.493 | INFO     | trace= span= tp= req= job= ps=: | tldw_Server_API.app.core.MCP_unified.modules.implementations.governance_module:on_initialize:33 - Initializing Governance module: Governance
2026-09-15 21:59:57.493 | INFO     | trace= span= tp= req= job= ps=: | tldw_Server_API.app.core.MCP_unified.modules.base:initialize:405 - Module initialized successfully: Governance
2026-09-15 21:59:57.495 | INFO     | trace= span= tp= req= job= ps=: | tldw_Server_API.app.core.MCP_unified.modules.registry:_initialize_module:201 - Module governance initialized successfully
2026-09-15 21:59:57.495 | INFO     | trace= span= tp= req= job= ps=: | tldw_Server_API.app.core.MCP_unified.server:_register_default_modules:1260 - Registered MCP module: governance (tldw_Server_API.app.core.MCP_unified.modules.implementations.governance_module:GovernanceModule)
2026-09-15 21:59:57.495 | INFO     | trace= span= tp= req= job= ps=: | tldw_Server_API.app.core.MCP_unified.server:_register_default_modules:1229 - Skipping disabled module: external_federation
2026-09-15 21:59:57.496 | INFO     | trace= span= tp= req= job= ps=: | tldw_Server_API.app.core.MCP_unified.modules.registry:register_module:156 - Registering module: notes
2026-09-15 21:59:57.496 | INFO     | trace= span= tp= req= job= ps=: | tldw_Server_API.app.core.MCP_unified.modules.base:__init__:371 - Module created: Notes v1.0.0
2026-09-15 21:59:57.497 | INFO     | trace= span= tp= req= job= ps=: | tldw_Server_API.app.core.MCP_unified.modules.base:initialize:390 - Initializing module: Notes
2026-09-15 21:59:57.497 | INFO     | trace= span= tp= req= job= ps=: | tldw_Server_API.app.core.MCP_unified.modules.implementations.notes_module:on_initialize:128 - Initializing Notes module: Notes
2026-09-15 21:59:57.498 | INFO     | trace= span= tp= req= job= ps=: | tldw_Server_API.app.core.MCP_unified.modules.base:initialize:405 - Module initialized successfully: Notes
2026-09-15 21:59:57.503 | INFO     | trace= span= tp= req= job= ps=: | tldw_Server_API.app.core.MCP_unified.modules.registry:_initialize_module:201 - Module notes initialized successfully
2026-09-15 21:59:57.503 | INFO     | trace= span= tp= req= job= ps=: | tldw_Server_API.app.core.MCP_unified.server:_register_default_modules:1260 - Registered MCP module: notes (tldw_Server_API.app.core.MCP_unified.modules.implementations.notes_module:NotesModule)
2026-09-15 21:59:57.504 | INFO     | trace= span= tp= req= job= ps=: | tldw_Server_API.app.core.MCP_unified.modules.registry:register_module:156 - Registering module: prompts
2026-09-15 21:59:57.505 | INFO     | trace= span= tp= req= job= ps=: | tldw_Server_API.app.core.MCP_unified.modules.base:__init__:371 - Module created: Prompts v1.0.0
2026-09-15 21:59:57.505 | INFO     | trace= span= tp= req= job= ps=: | tldw_Server_API.app.core.MCP_unified.modules.base:initialize:390 - Initializing module: Prompts
2026-09-15 21:59:57.505 | INFO     | trace= span= tp= req= job= ps=: | tldw_Server_API.app.core.MCP_unified.modules.implementations.prompts_module:on_initialize:51 - Initializing Prompts module: Prompts
2026-09-15 21:59:57.506 | INFO     | trace= span= tp= req= job= ps=: | tldw_Server_API.app.core.MCP_unified.modules.base:initialize:405 - Module initialized successfully: Prompts
2026-09-15 21:59:57.507 | INFO     | trace= span= tp= req= job= ps=: | tldw_Server_API.app.core.MCP_unified.modules.registry:_initialize_module:201 - Module prompts initialized successfully
2026-09-15 21:59:57.507 | INFO     | trace= span= tp= req= job= ps=: | tldw_Server_API.app.core.MCP_unified.server:_register_default_modules:1260 - Registered MCP module: prompts (tldw_Server_API.app.core.MCP_unified.modules.implementations.prompts_module:PromptsModule)
2026-09-15 21:59:57.507 | INFO     | trace= span= tp= req= job= ps=: | tldw_Server_API.app.core.MCP_unified.modules.registry:register_module:156 - Registering module: skills
2026-09-15 21:59:57.508 | INFO     | trace= span= tp= req= job= ps=: | tldw_Server_API.app.core.MCP_unified.modules.base:__init__:371 - Module created: Skills v0.1.0
2026-09-15 21:59:57.508 | INFO     | trace= span= tp= req= job= ps=: | tldw_Server_API.app.core.MCP_unified.modules.base:initialize:390 - Initializing module: Skills
2026-09-15 21:59:57.509 | INFO     | trace= span= tp= req= job= ps=: | tldw_Server_API.app.core.MCP_unified.modules.base:initialize:405 - Module initialized successfully: Skills
2026-09-15 21:59:57.510 | INFO     | trace= span= tp= req= job= ps=: | tldw_Server_API.app.core.MCP_unified.modules.registry:_initialize_module:201 - Module skills initialized successfully
2026-09-15 21:59:57.510 | INFO     | trace= span= tp= req= job= ps=: | tldw_Server_API.app.core.MCP_unified.server:_register_default_modules:1260 - Registered MCP module: skills (tldw_Server_API.app.core.MCP_unified.modules.implementations.skills_module:SkillsModule)
2026-09-15 21:59:57.511 | INFO     | trace= span= tp= req= job= ps=: | tldw_Server_API.app.core.MCP_unified.modules.registry:register_module:156 - Registering module: cooking
2026-09-15 21:59:57.511 | INFO     | trace= span= tp= req= job= ps=: | tldw_Server_API.app.core.MCP_unified.modules.base:__init__:371 - Module created: Cooking v1.0.0
2026-09-15 21:59:57.512 | INFO     | trace= span= tp= req= job= ps=: | tldw_Server_API.app.core.MCP_unified.modules.base:initialize:390 - Initializing module: Cooking
2026-09-15 21:59:57.512 | INFO     | trace= span= tp= req= job= ps=: | tldw_Server_API.app.core.MCP_unified.modules.base:initialize:405 - Module initialized successfully: Cooking
2026-09-15 21:59:57.513 | INFO     | trace= span= tp= req= job= ps=: | tldw_Server_API.app.core.MCP_unified.modules.registry:_initialize_module:201 - Module cooking initialized successfully
2026-09-15 21:59:57.513 | INFO     | trace= span= tp= req= job= ps=: | tldw_Server_API.app.core.MCP_unified.server:_register_default_modules:1260 - Registered MCP module: cooking (tldw_Server_API.app.core.MCP_unified.modules.implementations.cooking_module:CookingModule)
2026-09-15 21:59:57.513 | INFO     | trace= span= tp= req= job= ps=: | tldw_Server_API.app.core.MCP_unified.server:_register_default_modules:1229 - Skipping disabled module: persona_visuals
2026-09-15 21:59:57.514 | INFO     | trace= span= tp= req= job= ps=: | tldw_Server_API.app.core.MCP_unified.server:_register_default_modules:1229 - Skipping disabled module: filesystem
2026-09-15 21:59:57.514 | INFO     | trace= span= tp= req= job= ps=: | tldw_Server_API.app.core.MCP_unified.server:_register_default_modules:1229 - Skipping disabled module: codegraph
2026-09-15 21:59:57.514 | INFO     | trace= span= tp= req= job= ps=: | tldw_Server_API.app.core.MCP_unified.modules.registry:register_module:156 - Registering module: knowledge
2026-09-15 21:59:57.515 | INFO     | trace= span= tp= req= job= ps=: | tldw_Server_API.app.core.MCP_unified.modules.base:__init__:371 - Module created: Knowledge v1.0.0
2026-09-15 21:59:57.515 | INFO     | trace= span= tp= req= job= ps=: | tldw_Server_API.app.core.MCP_unified.modules.base:initialize:390 - Initializing module: Knowledge
2026-09-15 21:59:57.516 | INFO     | trace= span= tp= req= job= ps=: | tldw_Server_API.app.core.MCP_unified.modules.implementations.knowledge_module:on_initialize:36 - Initializing Knowledge module: Knowledge
2026-09-15 21:59:57.516 | INFO     | trace= span= tp= req= job= ps=: | tldw_Server_API.app.core.MCP_unified.modules.base:initialize:405 - Module initialized successfully: Knowledge
2026-09-15 21:59:57.517 | INFO     | trace= span= tp= req= job= ps=: | tldw_Server_API.app.core.MCP_unified.modules.registry:_initialize_module:201 - Module knowledge initialized successfully
2026-09-15 21:59:57.517 | INFO     | trace= span= tp= req= job= ps=: | tldw_Server_API.app.core.MCP_unified.server:_register_default_modules:1260 - Registered MCP module: knowledge (tldw_Server_API.app.core.MCP_unified.modules.implementations.knowledge_module:KnowledgeModule)
2026-09-15 21:59:57.518 | INFO     | trace= span= tp= req= job= ps=: | tldw_Server_API.app.core.MCP_unified.modules.registry:register_module:156 - Registering module: docs
2026-09-15 21:59:57.519 | INFO     | trace= span= tp= req= job= ps=: | tldw_Server_API.app.core.MCP_unified.modules.base:__init__:371 - Module created: Docs Corpus v0.1.0
2026-09-15 21:59:57.519 | INFO     | trace= span= tp= req= job= ps=: | tldw_Server_API.app.core.MCP_unified.modules.base:initialize:390 - Initializing module: Docs Corpus
2026-09-15 21:59:57.521 | INFO     | trace= span= tp= req= job= ps=: | tldw_Server_API.app.core.MCP_unified.modules.implementations.docs_module:on_initialize:32 - Initialized Docs MCP module with db_path=Databases/mcp_docs.db
2026-09-15 21:59:57.522 | INFO     | trace= span= tp= req= job= ps=: | tldw_Server_API.app.core.MCP_unified.modules.base:initialize:405 - Module initialized successfully: Docs Corpus
2026-09-15 21:59:57.527 | INFO     | trace= span= tp= req= job= ps=: | tldw_Server_API.app.core.MCP_unified.modules.registry:_initialize_module:201 - Module docs initialized successfully
2026-09-15 21:59:57.528 | INFO     | trace= span= tp= req= job= ps=: | tldw_Server_API.app.core.MCP_unified.server:_register_default_modules:1260 - Registered MCP module: docs (tldw_Server_API.app.core.MCP_unified.modules.implementations.docs_module:DocsModule)
2026-09-15 21:59:57.528 | INFO     | trace= span= tp= req= job= ps=: | tldw_Server_API.app.core.MCP_unified.modules.registry:register_module:156 - Registering module: rag
2026-09-15 21:59:57.529 | INFO     | trace= span= tp= req= job= ps=: | tldw_Server_API.app.core.MCP_unified.modules.base:__init__:371 - Module created: RAG v1.0.0
2026-09-15 21:59:57.529 | INFO     | trace= span= tp= req= job= ps=: | tldw_Server_API.app.core.MCP_unified.modules.base:initialize:390 - Initializing module: RAG
2026-09-15 21:59:57.529 | INFO     | trace= span= tp= req= job= ps=: | tldw_Server_API.app.core.MCP_unified.modules.base:initialize:405 - Module initialized successfully: RAG
2026-09-15 21:59:57.531 | INFO     | trace= span= tp= req= job= ps=: | tldw_Server_API.app.core.MCP_unified.modules.registry:_initialize_module:201 - Module rag initialized successfully
2026-09-15 21:59:57.532 | INFO     | trace= span= tp= req= job= ps=: | tldw_Server_API.app.core.MCP_unified.server:_register_default_modules:1260 - Registered MCP module: rag (tldw_Server_API.app.core.MCP_unified.modules.implementations.rag_module:RagModule)
2026-09-15 21:59:57.532 | INFO     | trace= span= tp= req= job= ps=: | tldw_Server_API.app.core.MCP_unified.server:_register_default_modules:1229 - Skipping disabled module: run_command
2026-09-15 21:59:57.532 | INFO     | trace= span= tp= req= job= ps=: | tldw_Server_API.app.core.MCP_unified.modules.registry:register_module:156 - Registering module: kanban
2026-09-15 21:59:57.533 | INFO     | trace= span= tp= req= job= ps=: | tldw_Server_API.app.core.MCP_unified.modules.base:__init__:371 - Module created: Kanban v1.0.0
2026-09-15 21:59:57.533 | INFO     | trace= span= tp= req= job= ps=: | tldw_Server_API.app.core.MCP_unified.modules.base:initialize:390 - Initializing module: Kanban
2026-09-15 21:59:57.534 | INFO     | trace= span= tp= req= job= ps=: | tldw_Server_API.app.core.MCP_unified.modules.implementations.kanban_module:on_initialize:86 - Initializing Kanban module: Kanban
2026-09-15 21:59:57.534 | INFO     | trace= span= tp= req= job= ps=: | tldw_Server_API.app.core.MCP_unified.modules.base:initialize:405 - Module initialized successfully: Kanban
2026-09-15 21:59:57.549 | INFO     | trace= span= tp= req= job= ps=: | tldw_Server_API.app.core.MCP_unified.modules.registry:_initialize_module:201 - Module kanban initialized successfully
2026-09-15 21:59:57.550 | INFO     | trace= span= tp= req= job= ps=: | tldw_Server_API.app.core.MCP_unified.server:_register_default_modules:1260 - Registered MCP module: kanban (tldw_Server_API.app.core.MCP_unified.modules.implementations.kanban_module:KanbanModule)
2026-09-15 21:59:57.550 | INFO     | trace= span= tp= req= job= ps=: | tldw_Server_API.app.core.MCP_unified.modules.registry:register_module:156 - Registering module: quizzes
2026-09-15 21:59:57.551 | INFO     | trace= span= tp= req= job= ps=: | tldw_Server_API.app.core.MCP_unified.modules.base:__init__:371 - Module created: Quizzes v1.0.0
2026-09-15 21:59:57.551 | INFO     | trace= span= tp= req= job= ps=: | tldw_Server_API.app.core.MCP_unified.modules.base:initialize:390 - Initializing module: Quizzes
2026-09-15 21:59:57.551 | INFO     | trace= span= tp= req= job= ps=: | tldw_Server_API.app.core.MCP_unified.modules.implementations.quizzes_module:on_initialize:46 - Initializing Quizzes module: Quizzes
2026-09-15 21:59:57.552 | INFO     | trace= span= tp= req= job= ps=: | tldw_Server_API.app.core.MCP_unified.modules.base:initialize:405 - Module initialized successfully: Quizzes
2026-09-15 21:59:57.557 | INFO     | trace= span= tp= req= job= ps=: | tldw_Server_API.app.core.MCP_unified.modules.registry:_initialize_module:201 - Module quizzes initialized successfully
2026-09-15 21:59:57.557 | INFO     | trace= span= tp= req= job= ps=: | tldw_Server_API.app.core.MCP_unified.server:_register_default_modules:1260 - Registered MCP module: quizzes (tldw_Server_API.app.core.MCP_unified.modules.implementations.quizzes_module:QuizzesModule)
2026-09-15 21:59:57.557 | INFO     | trace= span= tp= req= job= ps=: | tldw_Server_API.app.core.MCP_unified.modules.registry:register_module:156 - Registering module: flashcards
2026-09-15 21:59:57.558 | INFO     | trace= span= tp= req= job= ps=: | tldw_Server_API.app.core.MCP_unified.modules.base:__init__:371 - Module created: Flashcards v1.0.0
2026-09-15 21:59:57.559 | INFO     | trace= span= tp= req= job= ps=: | tldw_Server_API.app.core.MCP_unified.modules.base:initialize:390 - Initializing module: Flashcards
2026-09-15 21:59:57.559 | INFO     | trace= span= tp= req= job= ps=: | tldw_Server_API.app.core.MCP_unified.modules.implementations.flashcards_module:on_initialize:49 - Initializing Flashcards module: Flashcards
2026-09-15 21:59:57.560 | INFO     | trace= span= tp= req= job= ps=: | tldw_Server_API.app.core.MCP_unified.modules.base:initialize:405 - Module initialized successfully: Flashcards
2026-09-15 21:59:57.564 | INFO     | trace= span= tp= req= job= ps=: | tldw_Server_API.app.core.MCP_unified.modules.registry:_initialize_module:201 - Module flashcards initialized successfully
2026-09-15 21:59:57.565 | INFO     | trace= span= tp= req= job= ps=: | tldw_Server_API.app.core.MCP_unified.server:_register_default_modules:1260 - Registered MCP module: flashcards (tldw_Server_API.app.core.MCP_unified.modules.implementations.flashcards_module:FlashcardsModule)
2026-09-15 21:59:57.565 | INFO     | trace= span= tp= req= job= ps=: | tldw_Server_API.app.core.MCP_unified.modules.registry:register_module:156 - Registering module: slides
2026-09-15 21:59:57.566 | INFO     | trace= span= tp= req= job= ps=: | tldw_Server_API.app.core.MCP_unified.modules.base:__init__:371 - Module created: Slides v1.0.0
2026-09-15 21:59:57.566 | INFO     | trace= span= tp= req= job= ps=: | tldw_Server_API.app.core.MCP_unified.modules.base:initialize:390 - Initializing module: Slides
2026-09-15 21:59:57.566 | INFO     | trace= span= tp= req= job= ps=: | tldw_Server_API.app.core.MCP_unified.modules.implementations.slides_module:on_initialize:63 - Initializing Slides module: Slides
2026-09-15 21:59:57.567 | INFO     | trace= span= tp= req= job= ps=: | tldw_Server_API.app.core.MCP_unified.modules.base:initialize:405 - Module initialized successfully: Slides
2026-09-15 21:59:57.574 | INFO     | trace= span= tp= req= job= ps=: | tldw_Server_API.app.core.MCP_unified.modules.registry:_initialize_module:201 - Module slides initialized successfully
2026-09-15 21:59:57.574 | INFO     | trace= span= tp= req= job= ps=: | tldw_Server_API.app.core.MCP_unified.server:_register_default_modules:1260 - Registered MCP module: slides (tldw_Server_API.app.core.MCP_unified.modules.implementations.slides_module:SlidesModule)
2026-09-15 21:59:57.585 | INFO     | trace= span= tp= req= job= ps=: | tldw_Server_API.app.core.MCP_unified.server:initialize:755 - MCP Server initialized successfully
2026-09-15 21:59:57.586 | INFO     | trace= span= tp= req= job= ps=: | tldw_Server_API.app.services.startup_heavy_init:_init_mcp_server:167 - App Startup: MCP Unified server initialized successfully
2026-09-15 21:59:57.627 | INFO     | trace= span= tp= req= job= ps=: | tldw_Server_API.app.services.startup_heavy_init:_init_provider_manager:194 - App Startup: Provider manager initialized with 124 providers
2026-09-15 21:59:57.627 | INFO     | trace= span= tp= req= job= ps=: | tldw_Server_API.app.services.startup_heavy_init:_init_request_queue:236 - App Startup: Request queue disabled (QUEUED_EXECUTION is off)
2026-09-15 21:59:57.628 | INFO     | trace= span= tp= req= job= ps=: | tldw_Server_API.app.services.startup_heavy_init:_init_rate_limiter:270 - App Startup: Rate limiter initialized
2026-09-15 21:59:57.628 | INFO     | trace= span= tp= req= job= ps=: | tldw_Server_API.app.core.TTS.voice_manager:start_background_tasks:1562 - Voice manager background tasks started
2026-09-15 21:59:57.628 | INFO     | trace= span= tp= req= job= ps=: | tldw_Server_API.app.core.TTS.voice_manager:init_voice_manager:1615 - Voice manager initialized
2026-09-15 21:59:57.629 | INFO     | trace= span= tp= req= job= ps=: | tldw_Server_API.app.services.startup_heavy_init:_init_tts_service:289 - App Startup: TTS service initialized successfully
2026-09-15 21:59:57.630 | INFO     | trace= span= tp= req= job= ps=: | tldw_Server_API.app.core.DB_Management.media_db.runtime.bootstrap_lifecycle_ops:initialize_media_database:79 - Initializing Database object for path: /private/var/folders/sn/m80n2j152t9gw3w8qwk2nykh0000gn/T/pytest-of-macbook-dev/pytest-11851/test_failed_provider_persists_0/user_dbs/1/Media_DB_v2.db [Client ID: system]
2026-09-15 21:59:57.632 | INFO     | trace= span= tp= req= job= ps=: | tldw_Server_API.app.core.DB_Management.media_db.schema.backends.sqlite_helpers:bootstrap_sqlite_schema:223 - Checking DB schema. Current version: 0. Code supports: 26
2026-09-15 21:59:57.632 | INFO     | trace= span= tp= req= job= ps=: | tldw_Server_API.app.core.DB_Management.media_db.schema.features.core_media:apply_sqlite_core_media_schema:276 - Applying initial schema (Version 1) to DB: /private/var/folders/sn/m80n2j152t9gw3w8qwk2nykh0000gn/T/pytest-of-macbook-dev/pytest-11851/test_failed_provider_persists_0/user_dbs/1/Media_DB_v2.db...
2026-09-15 21:59:57.652 | INFO     | trace= span= tp= req= job= ps=: | tldw_Server_API.app.core.DB_Management.media_db.schema.features.core_media:apply_sqlite_core_media_schema:302 - [Schema V1] Core Schema V1 (incl. version update) applied successfully for DB: /private/var/folders/sn/m80n2j152t9gw3w8qwk2nykh0000gn/T/pytest-of-macbook-dev/pytest-11851/test_failed_provider_persists_0/user_dbs/1/Media_DB_v2.db.
2026-09-15 21:59:57.654 | INFO     | trace= span= tp= req= job= ps=: | tldw_Server_API.app.core.DB_Management.media_db.schema.features.core_media:apply_sqlite_core_media_schema:310 - [Schema V1] FTS Tables created successfully.
2026-09-15 21:59:57.656 | INFO     | trace= span= tp= req= job= ps=: | tldw_Server_API.app.core.DB_Management.media_db.schema.backends.sqlite_helpers:bootstrap_sqlite_schema:267 - Database schema initialized to version 26.
2026-09-15 21:59:57.657 | INFO     | trace= span= tp= req= job= ps=: | tldw_Server_API.app.core.Chunking.template_initialization:_append_template:90 - Loaded template: transcript_dialogue from pkg:transcript_dialogue.json
2026-09-15 21:59:57.657 | INFO     | trace= span= tp= req= job= ps=: | tldw_Server_API.app.core.Chunking.template_initialization:_append_template:90 - Loaded template: legal_document from pkg:legal_document.json
2026-09-15 21:59:57.657 | INFO     | trace= span= tp= req= job= ps=: | tldw_Server_API.app.core.Chunking.template_initialization:_append_template:90 - Loaded template: chat_conversation from pkg:chat_conversation.json
2026-09-15 21:59:57.658 | INFO     | trace= span= tp= req= job= ps=: | tldw_Server_API.app.core.Chunking.template_initialization:_append_template:90 - Loaded template: code_documentation from pkg:code_documentation.json
2026-09-15 21:59:57.658 | INFO     | trace= span= tp= req= job= ps=: | tldw_Server_API.app.core.Chunking.template_initialization:_append_template:90 - Loaded template: book_chapters from pkg:book_chapters.json
2026-09-15 21:59:57.659 | INFO     | trace= span= tp= req= job= ps=: | tldw_Server_API.app.core.Chunking.template_initialization:_append_template:90 - Loaded template: academic_paper from pkg:academic_paper.json
2026-09-15 21:59:57.663 | INFO     | trace= span= tp= req= job= ps=: | tldw_Server_API.app.core.DB_Management.media_db.runtime.chunk_template_ops:create_chunking_template:97 - Created chunking template 'transcript_dialogue' with UUID c8fb8eac-7456-414f-9dcd-fb416d0f2583
2026-09-15 21:59:57.663 | INFO     | trace= span= tp= req= job= ps=: | tldw_Server_API.app.core.DB_Management.media_db.api:seed_builtin_templates:1065 - Seeded built-in template: transcript_dialogue
2026-09-15 21:59:57.667 | INFO     | trace= span= tp= req= job= ps=: | tldw_Server_API.app.core.DB_Management.media_db.runtime.chunk_template_ops:create_chunking_template:97 - Created chunking template 'legal_document' with UUID cfcd885b-73cb-4b64-a0d3-215505f9f244
2026-09-15 21:59:57.667 | INFO     | trace= span= tp= req= job= ps=: | tldw_Server_API.app.core.DB_Management.media_db.api:seed_builtin_templates:1065 - Seeded built-in template: legal_document
2026-09-15 21:59:57.672 | INFO     | trace= span= tp= req= job= ps=: | tldw_Server_API.app.core.DB_Management.media_db.runtime.chunk_template_ops:create_chunking_template:97 - Created chunking template 'chat_conversation' with UUID c065088e-583c-48eb-bac7-bdb1e573d87d
2026-09-15 21:59:57.672 | INFO     | trace= span= tp= req= job= ps=: | tldw_Server_API.app.core.DB_Management.media_db.api:seed_builtin_templates:1065 - Seeded built-in template: chat_conversation
2026-09-15 21:59:57.676 | INFO     | trace= span= tp= req= job= ps=: | tldw_Server_API.app.core.DB_Management.media_db.runtime.chunk_template_ops:create_chunking_template:97 - Created chunking template 'code_documentation' with UUID 168b6ce7-4097-4e72-98cc-034b38772e03
2026-09-15 21:59:57.676 | INFO     | trace= span= tp= req= job= ps=: | tldw_Server_API.app.core.DB_Management.media_db.api:seed_builtin_templates:1065 - Seeded built-in template: code_documentation
2026-09-15 21:59:57.680 | INFO     | trace= span= tp= req= job= ps=: | tldw_Server_API.app.core.DB_Management.media_db.runtime.chunk_template_ops:create_chunking_template:97 - Created chunking template 'book_chapters' with UUID 8fbc94f4-da09-4410-93ce-9a7658f1caf9
2026-09-15 21:59:57.680 | INFO     | trace= span= tp= req= job= ps=: | tldw_Server_API.app.core.DB_Management.media_db.api:seed_builtin_templates:1065 - Seeded built-in template: book_chapters
2026-09-15 21:59:57.683 | INFO     | trace= span= tp= req= job= ps=: | tldw_Server_API.app.core.DB_Management.media_db.runtime.chunk_template_ops:create_chunking_template:97 - Created chunking template 'academic_paper' with UUID 99597db5-1ede-4dcc-b41a-f0bc6b15ad1c
2026-09-15 21:59:57.684 | INFO     | trace= span= tp= req= job= ps=: | tldw_Server_API.app.core.DB_Management.media_db.api:seed_builtin_templates:1065 - Seeded built-in template: academic_paper
2026-09-15 21:59:57.684 | INFO     | trace= span= tp= req= job= ps=: | tldw_Server_API.app.core.Chunking.template_initialization:initialize_chunking_templates:268 - Successfully seeded 6 built-in templates into database
2026-09-15 21:59:57.684 | INFO     | trace= span= tp= req= job= ps=: | tldw_Server_API.app.core.Chunking.template_initialization:ensure_templates_initialized:346 - Initialized 6 chunking templates on startup
2026-09-15 21:59:57.685 | INFO     | trace= span= tp= req= job= ps=: | tldw_Server_API.app.services.startup_heavy_init:_init_chunking_templates:308 - App Startup: Chunking templates initialized successfully
2026-09-15 21:59:57.687 | WARNING  | trace= span= tp= req= job= ps=: | tldw_Server_API.app.services.startup_context_integrity:produce_context_integrity_startup_warnings:444 - Context integrity startup finding: new_unapproved prompt_file:README.md
2026-09-15 21:59:57.687 | WARNING  | trace= span= tp= req= job= ps=: | tldw_Server_API.app.services.startup_context_integrity:produce_context_integrity_startup_warnings:444 - Context integrity startup finding: new_unapproved prompt_file:audio.prompts.md
2026-09-15 21:59:57.687 | WARNING  | trace= span= tp= req= job= ps=: | tldw_Server_API.app.services.startup_context_integrity:produce_context_integrity_startup_warnings:444 - Context integrity startup finding: new_unapproved prompt_file:audio.prompts.yaml
2026-09-15 21:59:57.688 | WARNING  | trace= span= tp= req= job= ps=: | tldw_Server_API.app.services.startup_context_integrity:produce_context_integrity_startup_warnings:444 - Context integrity startup finding: new_unapproved prompt_file:chat.prompts.md
2026-09-15 21:59:57.688 | WARNING  | trace= span= tp= req= job= ps=: | tldw_Server_API.app.services.startup_context_integrity:produce_context_integrity_startup_warnings:444 - Context integrity startup finding: new_unapproved prompt_file:chat.prompts.yaml
2026-09-15 21:59:57.688 | WARNING  | trace= span= tp= req= job= ps=: | tldw_Server_API.app.services.startup_context_integrity:produce_context_integrity_startup_warnings:444 - Context integrity startup finding: new_unapproved prompt_file:chunking.prompts.md
2026-09-15 21:59:57.689 | WARNING  | trace= span= tp= req= job= ps=: | tldw_Server_API.app.services.startup_context_integrity:produce_context_integrity_startup_warnings:444 - Context integrity startup finding: new_unapproved prompt_file:chunking.prompts.yaml
2026-09-15 21:59:57.689 | WARNING  | trace= span= tp= req= job= ps=: | tldw_Server_API.app.services.startup_context_integrity:produce_context_integrity_startup_warnings:444 - Context integrity startup finding: new_unapproved prompt_file:document.prompts.yaml
2026-09-15 21:59:57.689 | WARNING  | trace= span= tp= req= job= ps=: | tldw_Server_API.app.services.startup_context_integrity:produce_context_integrity_startup_warnings:444 - Context integrity startup finding: new_unapproved prompt_file:embeddings.prompts.md
2026-09-15 21:59:57.690 | WARNING  | trace= span= tp= req= job= ps=: | tldw_Server_API.app.services.startup_context_integrity:produce_context_integrity_startup_warnings:444 - Context integrity startup finding: new_unapproved prompt_file:embeddings.prompts.yaml
2026-09-15 21:59:57.690 | WARNING  | trace= span= tp= req= job= ps=: | tldw_Server_API.app.services.startup_context_integrity:produce_context_integrity_startup_warnings:444 - Context integrity startup finding: new_unapproved prompt_file:evals.prompts.md
2026-09-15 21:59:57.690 | WARNING  | trace= span= tp= req= job= ps=: | tldw_Server_API.app.services.startup_context_integrity:produce_context_integrity_startup_warnings:444 - Context integrity startup finding: new_unapproved prompt_file:ingestion.prompts.md
2026-09-15 21:59:57.691 | WARNING  | trace= span= tp= req= job= ps=: | tldw_Server_API.app.services.startup_context_integrity:produce_context_integrity_startup_warnings:444 - Context integrity startup finding: new_unapproved prompt_file:ingestion.prompts.yaml
2026-09-15 21:59:57.691 | WARNING  | trace= span= tp= req= job= ps=: | tldw_Server_API.app.services.startup_context_integrity:produce_context_integrity_startup_warnings:444 - Context integrity startup finding: new_unapproved prompt_file:mcp.prompts.md
2026-09-15 21:59:57.691 | WARNING  | trace= span= tp= req= job= ps=: | tldw_Server_API.app.services.startup_context_integrity:produce_context_integrity_startup_warnings:444 - Context integrity startup finding: new_unapproved prompt_file:rag.prompts.md
2026-09-15 21:59:57.692 | WARNING  | trace= span= tp= req= job= ps=: | tldw_Server_API.app.services.startup_context_integrity:produce_context_integrity_startup_warnings:444 - Context integrity startup finding: new_unapproved prompt_file:rag.prompts.yaml
2026-09-15 21:59:57.692 | WARNING  | trace= span= tp= req= job= ps=: | tldw_Server_API.app.services.startup_context_integrity:produce_context_integrity_startup_warnings:444 - Context integrity startup finding: new_unapproved prompt_file:slides.prompts.md
2026-09-15 21:59:57.692 | WARNING  | trace= span= tp= req= job= ps=: | tldw_Server_API.app.services.startup_context_integrity:produce_context_integrity_startup_warnings:444 - Context integrity startup finding: new_unapproved prompt_file:summarization.prompts.yaml
2026-09-15 21:59:57.693 | WARNING  | trace= span= tp= req= job= ps=: | tldw_Server_API.app.services.startup_context_integrity:produce_context_integrity_startup_warnings:444 - Context integrity startup finding: new_unapproved prompt_file:webscraping.prompts.yaml
2026-09-15 21:59:57.693 | WARNING  | trace= span= tp= req= job= ps=: | tldw_Server_API.app.services.startup_context_integrity:produce_context_integrity_startup_warnings:444 - Context integrity startup finding: degraded_integrity manifest:none
2026-09-15 21:59:57.694 | INFO     | trace= span= tp= req= job= ps=: | tldw_Server_API.app.services.core_jobs_worker:run_chatbooks_core_jobs_worker:81 - Starting Core Jobs worker for Chatbooks domain
2026-09-15 21:59:57.696 | INFO     | trace= span= tp= req= job= ps=: | tldw_Server_API.app.core.Jobs.migrations:ensure_jobs_tables:1505 - Ensured Jobs schema at /Users/macbook-dev/Documents/GitHub/tldw_server2/Databases/jobs.db
2026-09-15 21:59:57.697 | INFO     | trace= span= tp= req= job= ps=: | tldw_Server_API.app.core.Jobs.manager:acquire_next_job:6185 - [JM TEST] acquire_next_job enter backend=sqlite domain=chatbooks queue=default job_type=None owner=None gate=False db=/Users/macbook-dev/Documents/GitHub/tldw_server2/Databases/jobs.db
2026-09-15 21:59:57.698 | INFO     | trace= span= tp= req= job= ps=: | tldw_Server_API.app.core.Jobs.manager:acquire_next_job:6196 - [JM TEST] queue flags paused=False drain=False
2026-09-15 21:59:57.698 | INFO     | trace= span= tp= req= job= ps=: | tldw_Server_API.app.core.Jobs.manager:acquire_next_job:6209 - [JM TEST] inflight quota=0 owner=None
2026-09-15 21:59:57.702 | INFO     | trace= span= tp= req= job= ps=: | tldw_Server_API.app.core.Jobs.migrations:ensure_jobs_tables:1505 - Ensured Jobs schema at /Users/macbook-dev/Documents/GitHub/tldw_server2/Databases/jobs.db
2026-09-15 21:59:57.702 | INFO     | trace= span= tp= req= job= ps=: | tldw_Server_API.app.core.Sharing.shared_workspace_clone_jobs_worker:run_shared_workspace_clone_jobs_worker:1580 - Shared Workspace clone Jobs worker starting
2026-09-15 21:59:57.703 | INFO     | trace= span= tp= req= job= ps=: | tldw_Server_API.app.core.Jobs.manager:acquire_next_job:6185 - [JM TEST] acquire_next_job enter backend=sqlite domain=sharing queue=workspace-clone job_type=workspace_clone owner=None gate=False db=/Users/macbook-dev/Documents/GitHub/tldw_server2/Databases/jobs.db
2026-09-15 21:59:57.703 | INFO     | trace= span= tp= req= job= ps=: | tldw_Server_API.app.core.Jobs.manager:acquire_next_job:6196 - [JM TEST] queue flags paused=False drain=False
2026-09-15 21:59:57.704 | INFO     | trace= span= tp= req= job= ps=: | tldw_Server_API.app.core.Jobs.manager:acquire_next_job:6209 - [JM TEST] inflight quota=0 owner=None
2026-09-15 21:59:57.710 | INFO     | trace= span= tp= req= job= ps=: | tldw_Server_API.app.core.Jobs.migrations:ensure_jobs_tables:1505 - Ensured Jobs schema at /Users/macbook-dev/Documents/GitHub/tldw_server2/Databases/jobs.db
2026-09-15 21:59:57.711 | WARNING  | trace= span= tp= req= job= ps=: | tldw_Server_API.app.services.startup_content_jobs_pollers:_build_standalone_html_generation_runtime:1520 - Standalone HTML generation remains closed; error_type=DigestKeyConfigError
2026-09-15 21:59:57.714 | INFO     | trace= span= tp= req= job= ps=: | tldw_Server_API.app.core.Jobs.migrations:ensure_jobs_tables:1505 - Ensured Jobs schema at /Users/macbook-dev/Documents/GitHub/tldw_server2/Databases/jobs.db
2026-09-15 21:59:57.714 | INFO     | trace= span= tp= req= job= ps=: | tldw_Server_API.app.services.jobs_notifications_service:run_forever:254 - Starting Jobs Notifications bridge service
2026-09-15 21:59:57.729 | WARNING  | trace= span= tp= req= job= ps=: | tldw_Server_API.app.services.jobs_notifications_service:process_event:104 - jobs_notifications_bridge: unresolved owner, skipping event_id=12 type=job.completed
2026-09-15 21:59:57.729 | WARNING  | trace= span= tp= req= job= ps=: | tldw_Server_API.app.services.jobs_notifications_service:process_event:104 - jobs_notifications_bridge: unresolved owner, skipping event_id=19 type=job.completed
2026-09-15 21:59:57.730 | WARNING  | trace= span= tp= req= job= ps=: | tldw_Server_API.app.services.jobs_notifications_service:process_event:104 - jobs_notifications_bridge: unresolved owner, skipping event_id=127 type=job.completed
2026-09-15 21:59:57.730 | WARNING  | trace= span= tp= req= job= ps=: | tldw_Server_API.app.services.jobs_notifications_service:process_event:104 - jobs_notifications_bridge: unresolved owner, skipping event_id=129 type=job.completed
2026-09-15 21:59:57.830 | WARNING  | trace= span= tp= req= job= ps=: | tldw_Server_API.app.services.jobs_notifications_service:process_event:104 - jobs_notifications_bridge: unresolved owner, skipping event_id=271 type=job.completed
2026-09-15 21:59:57.934 | INFO     | trace= span= tp= req= job= ps=: | tldw_Server_API.app.services.llm_usage_aggregator:_aggregator_loop:90 - Starting LLM usage aggregator task (interval: 60 min)
2026-09-15 21:59:57.935 | INFO     | trace= span= tp= req= job= ps=: | tldw_Server_API.app.services.startup_infra_services:_maybe_ensure_pg_rls:128 - PG RLS auto-ensure disabled (set RAG_ENSURE_PG_RLS=true to enable)
2026-09-15 21:59:57.936 | INFO     | trace= span= tp= req= job= ps=: | tldw_Server_API.app.services.startup_environment_reporting:_log_startup_banner:48 - ============================================================
2026-09-15 21:59:57.936 | INFO     | trace= span= tp= req= job= ps=: | tldw_Server_API.app.services.startup_environment_reporting:_log_startup_banner:49 - 🚀 TLDW Server Started Successfully
2026-09-15 21:59:57.937 | INFO     | trace= span= tp= req= job= ps=: | tldw_Server_API.app.services.startup_environment_reporting:_log_startup_banner:50 - ============================================================
2026-09-15 21:59:57.937 | INFO     | trace= span= tp= req= job= ps=: | tldw_Server_API.app.services.startup_environment_reporting:_log_startup_banner:53 - 🔐 Authentication Mode: SINGLE USER
2026-09-15 21:59:57.938 | INFO     | trace= span= tp= req= job= ps=: | tldw_Server_API.app.services.startup_environment_reporting:_log_startup_banner:58 - 🔑 API Key: test...2345 (masked; set SHOW_API_KEY_ON_STARTUP=true to display once)
2026-09-15 21:59:57.938 | INFO     | trace= span= tp= req= job= ps=: | tldw_Server_API.app.services.startup_environment_reporting:_log_startup_banner:59 - ============================================================
2026-09-15 21:59:57.938 | INFO     | trace= span= tp= req= job= ps=: | tldw_Server_API.app.services.startup_environment_reporting:_log_startup_banner:60 - Use this API key in the X-API-KEY header for requests
2026-09-15 21:59:57.939 | INFO     | trace= span= tp= req= job= ps=: | tldw_Server_API.app.services.startup_environment_reporting:_log_startup_banner:74 - 📍 API Documentation: http://127.0.0.1:8000/docs
2026-09-15 21:59:57.939 | INFO     | trace= span= tp= req= job= ps=: | tldw_Server_API.app.services.startup_environment_reporting:_log_startup_banner:75 - 🧭 Quickstart: http://127.0.0.1:8000/api/v1/config/quickstart
2026-09-15 21:59:57.939 | INFO     | trace= span= tp= req= job= ps=: | tldw_Server_API.app.services.startup_environment_reporting:_log_startup_banner:76 - 🛠 Setup UI: http://127.0.0.1:8000/setup (if required)
2026-09-15 21:59:57.940 | INFO     | trace= span= tp= req= job= ps=: | tldw_Server_API.app.services.startup_environment_reporting:_log_startup_banner:77 - ============================================================
2026-09-15 21:59:57.940 | INFO     | trace= span= tp= req= job= ps=: | tldw_Server_API.app.services.startup_environment_reporting:_log_preflight_environment_report:119 - Preflight Environment Report ─────────────────────────────────────────
2026-09-15 21:59:57.941 | INFO     | trace= span= tp= req= job= ps=: | tldw_Server_API.app.services.startup_environment_reporting:_log_preflight_environment_report:120 - • Mode: single_user | Production: False
2026-09-15 21:59:57.941 | INFO     | trace= span= tp= req= job= ps=: | tldw_Server_API.app.services.startup_environment_reporting:_log_preflight_environment_report:121 - • Database: engine=sqlite
2026-09-15 21:59:57.941 | INFO     | trace= span= tp= req= job= ps=: | tldw_Server_API.app.services.startup_environment_reporting:_log_preflight_environment_report:128 - • Database check: OK
2026-09-15 21:59:57.942 | INFO     | trace= span= tp= req= job= ps=: | tldw_Server_API.app.services.startup_environment_reporting:_log_preflight_environment_report:129 - • Redis: enabled=False
2026-09-15 21:59:57.942 | INFO     | trace= span= tp= req= job= ps=: | tldw_Server_API.app.services.startup_environment_reporting:_log_preflight_environment_report:130 - • CSRF: enabled=False
2026-09-15 21:59:57.943 | INFO     | trace= span= tp= req= job= ps=: | tldw_Server_API.app.services.startup_environment_reporting:_log_preflight_environment_report:134 - • CORS: allowed_origins=4 | allow_credentials=False
2026-09-15 21:59:57.943 | INFO     | trace= span= tp= req= job= ps=: | tldw_Server_API.app.services.startup_environment_reporting:_log_preflight_environment_report:135 - • CORS effective settings: disable=False (source=env) | allow_credentials=False (source=env) | origins=4 (source=env)
2026-09-15 21:59:57.944 | INFO     | trace= span= tp= req= job= ps=: | tldw_Server_API.app.services.startup_environment_reporting:_log_preflight_environment_report:141 - • CORS config file: path=/Users/macbook-dev/Documents/GitHub/tldw_server2/tldw_Server_API/Config_Files/config.txt | loaded=True
2026-09-15 21:59:57.944 | INFO     | trace= span= tp= req= job= ps=: | tldw_Server_API.app.services.startup_environment_reporting:_log_preflight_environment_report:147 - • CORS origins preview: http://localhost:3000, http://127.0.0.1:3000, http://localhost:8080, http://127.0.0.1:8080
2026-09-15 21:59:57.944 | INFO     | trace= span= tp= req= job= ps=: | tldw_Server_API.app.services.startup_environment_reporting:_log_preflight_environment_report:148 - • Global rate limiter: False
2026-09-15 21:59:57.945 | INFO     | trace= span= tp= req= job= ps=: | tldw_Server_API.app.services.startup_environment_reporting:_log_preflight_environment_report:149 - • Providers configured: 124
2026-09-15 21:59:57.945 | INFO     | trace= span= tp= req= job= ps=: | tldw_Server_API.app.services.startup_environment_reporting:_log_preflight_environment_report:150 - • OpenTelemetry available: True
2026-09-15 21:59:57.945 | INFO     | trace= span= tp= req= job= ps=: | tldw_Server_API.app.services.startup_environment_reporting:_log_preflight_environment_report:151 - ──────────────────────────────────────────────────────────────────────
2026-09-15 21:59:57.946 | INFO     | trace= span= tp= req= job= ps=: | tldw_Server_API.app.main:lifespan:1295 - App Startup: Audit service available via dependency injection
2026-09-15 21:59:57.950 | INFO     | trace= span= tp= req= job= ps=: | tldw_Server_API.app.core.config:validate_config:6014 - Config validation passed — no issues found
2026-09-15 21:59:57.950 | INFO     | trace= span= tp= req= job= ps=: | tldw_Server_API.app.api.v1.endpoints.embeddings_v5_production_enhanced:_embeddings_router_lifespan:1334 - Starting embeddings service v5 enhanced (with circuit breaker)
2026-09-15 21:59:57.951 | INFO     | trace= span= tp= req= job= ps=: | tldw_Server_API.app.api.v1.endpoints.embeddings_v5_production_enhanced:_embeddings_router_lifespan:1394 - Embeddings service started successfully
2026-09-15 21:59:57.962 | INFO     | trace= span= tp= req=44f2ab65-83dc-45b0-bb40-755e4d9d7024 job= ps=: | tldw_Server_API.app.core.Logging.access_log_middleware:dispatch:70 - HTTP GET /api/v1/health -> 200 in 9ms
2026-09-15 21:59:57.964 | INFO     | trace= span= tp= req= job= ps=: | httpx._client:_send_handling_redirects:979 - HTTP Request: GET http://testserver/api/v1/health "HTTP/1.1 200 OK"
------------------------------ Captured log setup ------------------------------
DEBUG    root:media_database_impl.py:1910 Started SQLite transaction.
DEBUG    root:media_database_impl.py:1914 Committed SQLite transaction.
DEBUG    root:media_database_impl.py:1910 Started SQLite transaction.
DEBUG    root:media_database_impl.py:1914 Committed SQLite transaction.
DEBUG    root:media_database_impl.py:1910 Started SQLite transaction.
DEBUG    root:media_database_impl.py:1914 Committed SQLite transaction.
DEBUG    root:media_database_impl.py:1910 Started SQLite transaction.
DEBUG    root:media_database_impl.py:1914 Committed SQLite transaction.
DEBUG    root:media_database_impl.py:1910 Started SQLite transaction.
DEBUG    root:media_database_impl.py:1914 Committed SQLite transaction.
DEBUG    root:media_database_impl.py:1910 Started SQLite transaction.
DEBUG    root:media_database_impl.py:1914 Committed SQLite transaction.
DEBUG    root:media_database_impl.py:1910 Started SQLite transaction.
DEBUG    root:media_database_impl.py:1914 Committed SQLite transaction.
----------------------------- Captured stderr call -----------------------------
2026-09-15 21:59:57.966 | INFO     | trace= span= tp= req= job= ps=: | tldw_Server_API.app.core.DB_Management.chacha.conversation_store:add_conversation:483 - Added conversation ID: fae0196c-8377-4fa5-90fb-2de84bc31f41.
2026-09-15 21:59:57.996 | WARNING  | trace= span= tp= req= job= ps=: | tldw_Server_API.app.core.AuthNZ.jwt_service:__init__:123 - JWTService initialized in single-user mode - JWT features may not work correctly
2026-09-15 21:59:58.014 | INFO     | trace= span= tp= req= job= ps=: | tldw_Server_API.app.api.v1.API_Deps.Audit_DB_Deps:_get_or_create_audit_service_for_key:715 - No cached audit service found for user_id 1. Initializing.
2026-09-15 21:59:58.015 | INFO     | trace= span= tp= req= job= ps=: | tldw_Server_API.app.api.v1.API_Deps.Audit_DB_Deps:_create_audit_service_for_user:653 - Creating audit service for user 1 at path: /private/var/folders/sn/m80n2j152t9gw3w8qwk2nykh0000gn/T/pytest-of-macbook-dev/pytest-11851/test_failed_provider_persists_0/user_dbs/1/audit/unified_audit.db
2026-09-15 21:59:58.019 | INFO     | trace= span= tp= req= job= ps=: | tldw_Server_API.app.api.v1.API_Deps.Audit_DB_Deps:_create_audit_service_for_user:669 - Audit service initialized successfully for user 1
2026-09-15 21:59:58.020 | INFO     | trace= span= tp= req= job= ps=: | tldw_Server_API.app.api.v1.API_Deps.Audit_DB_Deps:_get_or_create_audit_service_for_key:795 - Audit service created and cached successfully for user 1
2026-09-15 21:59:58.072 | INFO     | trace= span= tp= req= job= ps=: | tldw_Server_API.app.api.v1.endpoints.chat:create_chat_completion:4346 - Chat completion request. Provider=openai, Model=gpt-4, User=1, Stream=True, ConvID=fae0196c-8377-4fa5-90fb-2de84bc31f41, CharID=None
2026-09-15 21:59:58.075 | INFO     | trace= span= tp= req= job= ps=: | tldw_Server_API.app.core.Chat.chat_helpers:get_or_create_character_context:196 - Using default character 'Helpful AI Assistant' (ID: 2)
2026-09-15 21:59:58.076 | INFO     | trace= span= tp= req= job= ps=: | tldw_Server_API.app.core.Chat.chat_service:build_context_and_messages:4235 - Loaded 0 historical messages for conv_id 'fae0196c-8377-4fa5-90fb-2de84bc31f41'.
2026-09-15 21:59:58.077 | INFO     | trace= span= tp= req= job= ps=: | tldw_Server_API.app.core.DB_Management.chacha.message_store:add_message:253 - Added message ID: b91dec7c-d72f-4ab3-a8b0-16b931968791 to conversation fae0196c-8377-4fa5-90fb-2de84bc31f41 (Images stored: No).
2026-09-15 21:59:58.093 | INFO     | trace= span= tp= req= job= ps=: | tldw_Server_API.app.core.DB_Management.chacha.message_store:add_message:253 - Added message ID: 9edb4fd6-703c-4a84-95c5-ac80f9dc63ed to conversation fae0196c-8377-4fa5-90fb-2de84bc31f41 (Images stored: No).
2026-09-15 21:59:58.094 | INFO     | trace= span= tp= req= job= ps=: | tldw_Server_API.app.api.v1.endpoints.chat:create_chat_completion:4909 - Using requested provider openai (health check passed)
2026-09-15 21:59:58.098 | INFO     | trace= span= tp= req= job= ps=: | tldw_Server_API.app.core.Chat.streaming_utils:safe_stream_generator:2004 - Client disconnected from stream for fae0196c-8377-4fa5-90fb-2de84bc31f41
2026-09-15 21:59:58.098 | INFO     | trace= span= tp= req= job= ps=: | tldw_Server_API.app.core.Chat.streaming_utils:cancel:1417 - Stream cancelled for conversation fae0196c-8377-4fa5-90fb-2de84bc31f41
2026-09-15 21:59:58.099 | ERROR    | trace= span= tp= req= job= ps=: | tldw_Server_API.app.api.v1.endpoints.chat:create_chat_completion:5775 - HTTPException server error status=502 error_type=HTTPException
2026-09-15 21:59:58.100 | WARNING  | trace= span= tp= req=b405c0f9-0d54-401d-97ac-59216ebcda16 job= ps=: | tldw_Server_API.app.core.Logging.access_log_middleware:dispatch:70 - HTTP POST /api/v1/chat/completions -> 502 in 132ms
2026-09-15 21:59:58.102 | INFO     | trace= span= tp= req= job= ps=: | httpx._client:_send_handling_redirects:979 - HTTP Request: POST http://testserver/api/v1/chat/completions "HTTP/1.1 502 Bad Gateway"
--------------------------- Captured stderr teardown ---------------------------
2026-09-15 21:59:58.110 | INFO     | trace= span= tp= req= job= ps=: | tldw_Server_API.app.api.v1.endpoints.embeddings_v5_production_enhanced:_embeddings_router_lifespan:1400 - Shutting down embeddings service
2026-09-15 21:59:58.111 | INFO     | trace= span= tp= req= job= ps=: | tldw_Server_API.app.api.v1.endpoints.embeddings_v5_production_enhanced:_embeddings_router_lifespan:1403 - Embeddings service shutdown complete
2026-09-15 21:59:58.111 | INFO     | trace= span= tp= req= job= ps=: | tldw_Server_API.app.services.shutdown_transition_handoff:shutdown_transition_handoff:46 - App Shutdown: legacy inventory visible=True phase_groups={'transition': ['lifecycle_gate']}
2026-09-15 21:59:58.112 | INFO     | trace= span= tp= req= job= ps=: | tldw_Server_API.app.services.shutdown_transition_handoff:shutdown_transition_handoff:63 - App Shutdown: legacy transition gate handoff executed via coordinator
2026-09-15 21:59:58.112 | INFO     | trace= span= tp= req= job= ps=: | tldw_Server_API.app.services.shutdown_owned_job_pollers:record_shutdown_timing_segment:131 - App Shutdown Timing: segment=transition_handoff duration_ms=1
2026-09-15 21:59:58.115 | INFO     | trace= span= tp= req= job= ps=: | tldw_Server_API.app.core.Jobs.migrations:ensure_jobs_tables:1505 - Ensured Jobs schema at /Users/macbook-dev/Documents/GitHub/tldw_server2/Databases/jobs.db
2026-09-15 21:59:58.115 | INFO     | trace= span= tp= req= job= ps=: | tldw_Server_API.app.services.shutdown_owned_job_pollers:record_shutdown_timing_segment:127 - App Shutdown Timing: segment=optional_lease_wait duration_ms=0 skipped=True initial_active=0 wait_for_leases_sec=0.0
2026-09-15 21:59:58.116 | INFO     | trace= span= tp= req= job= ps=: | tldw_Server_API.app.core.Sharing.shared_workspace_clone_jobs_worker:run_shared_workspace_clone_jobs_worker:1599 - Shared Workspace clone Jobs worker stopped
2026-09-15 21:59:58.276 | INFO     | trace= span= tp= req= job= ps=: | tldw_Server_API.app.api.v1.API_Deps.Audit_DB_Deps:_stop:309 - Audit service for user 1 stopped (removed).
2026-09-15 21:59:58.701 | INFO     | trace= span= tp= req= job= ps=: | tldw_Server_API.app.services.core_jobs_worker:run_chatbooks_core_jobs_worker:88 - Stopping Core Jobs worker on shutdown signal
2026-09-15 21:59:58.703 | INFO     | trace= span= tp= req= job= ps=: | tldw_Server_API.app.services.shutdown_owned_job_pollers:record_shutdown_timing_segment:127 - App Shutdown Timing: segment=job_poller_quiesce duration_ms=587 poller_count=3
2026-09-15 21:59:58.705 | INFO     | trace= span= tp= req= job= ps=: | tldw_Server_API.app.services.shutdown_owned_job_pollers:record_shutdown_timing_segment:131 - App Shutdown Timing: segment=background_worker_shutdown duration_ms=1
2026-09-15 21:59:58.708 | INFO     | trace= span= tp= req= job= ps=: | tldw_Server_API.app.services.shutdown_coordinated_runtime:run_coordinated_shutdown:121 - App Shutdown: legacy coordinator summary components=['transport:prompt_studio.websocket', 'transport:mcp.websocket'] phase_groups={'transition': [], 'acceptors': ['transport:prompt_studio.websocket', 'transport:mcp.websocket'], 'producers': [], 'workers': [], 'resources': [], 'finalizers': []} wall_time_ms=1
2026-09-15 21:59:58.710 | INFO     | trace= span= tp= req= job= ps=: | tldw_Server_API.app.services.shutdown_pre_worker_cleanup:_reset_storage_service_singletons:89 - Storage service singletons reset
2026-09-15 21:59:58.711 | INFO     | trace= span= tp= req= job= ps=: | tldw_Server_API.app.services.shutdown_pre_worker_cleanup:_reset_authnz_rate_limiter_singleton:100 - AuthNZ limiter singletons reset
2026-09-15 21:59:58.712 | INFO     | trace= span= tp= req= job= ps=: | tldw_Server_API.app.services.personalization_consolidation:stop:82 - Personalization consolidation service stopped (scaffold)
2026-09-15 21:59:58.713 | INFO     | trace= span= tp= req= job= ps=: | tldw_Server_API.app.services.shutdown_personalization_consolidation:shutdown_personalization_consolidation:20 - Personalization consolidation service stopped
2026-09-15 21:59:58.715 | INFO     | trace= span= tp= req= job= ps=: | tldw_Server_API.app.services.shutdown_cleanup_timed_segments:shutdown_cleanup_timed_segments:33 - App Shutdown: Cleaning up resources...
2026-09-15 21:59:58.717 | INFO     | trace= span= tp= req= job= ps=: | tldw_Server_API.app.services.shutdown_cleanup_timed_segments:shutdown_cleanup_timed_segments:34 - App Shutdown: Audit services cleanup handled by dependency injection
2026-09-15 21:59:58.718 | INFO     | trace= span= tp= req= job= ps=: | tldw_Server_API.app.services.shutdown_auth_db_pool:shutdown_auth_db_pool:23 - App Shutdown: Skipping DB pool close in test context
2026-09-15 21:59:58.719 | INFO     | trace= span= tp= req= job= ps=: | tldw_Server_API.app.core.AuthNZ.session_manager:shutdown:2046 - SessionManager shutdown complete
2026-09-15 21:59:58.719 | INFO     | trace= span= tp= req= job= ps=: | tldw_Server_API.app.services.shutdown_resource_cleanup:_shutdown_session_manager:81 - App Shutdown: Session manager shutdown
2026-09-15 21:59:58.721 | INFO     | trace= span= tp= req= job= ps=: | tldw_Server_API.app.core.MCP_unified.server:shutdown:885 - Shutting down MCP Server
2026-09-15 21:59:58.722 | INFO     | trace= span= tp= req= job= ps=: | tldw_Server_API.app.core.MCP_unified.modules.registry:shutdown_all:530 - Shutting down all modules
2026-09-15 21:59:58.723 | INFO     | trace= span= tp= req= job= ps=: | tldw_Server_API.app.core.MCP_unified.modules.registry:stop_health_monitoring:125 - Health monitoring stopped
2026-09-15 21:59:58.724 | INFO     | trace= span= tp= req= job= ps=: | tldw_Server_API.app.core.MCP_unified.modules.base:shutdown:432 - Shutting down module: Media
2026-09-15 21:59:58.725 | INFO     | trace= span= tp= req= job= ps=: | tldw_Server_API.app.core.MCP_unified.modules.implementations.media_module:on_shutdown:160 - Media module shutdown complete
2026-09-15 21:59:58.726 | INFO     | trace= span= tp= req= job= ps=: | tldw_Server_API.app.core.MCP_unified.modules.base:shutdown:447 - Module shut down successfully: Media
2026-09-15 21:59:58.727 | INFO     | trace= span= tp= req= job= ps=: | tldw_Server_API.app.core.MCP_unified.modules.base:shutdown:432 - Shutting down module: Template
2026-09-15 21:59:58.728 | INFO     | trace= span= tp= req= job= ps=: | tldw_Server_API.app.core.MCP_unified.modules.implementations.template_module:on_shutdown:23 - Shutting down module: Template
2026-09-15 21:59:58.729 | INFO     | trace= span= tp= req= job= ps=: | tldw_Server_API.app.core.MCP_unified.modules.base:shutdown:447 - Module shut down successfully: Template
2026-09-15 21:59:58.730 | INFO     | trace= span= tp= req= job= ps=: | tldw_Server_API.app.core.MCP_unified.modules.base:shutdown:432 - Shutting down module: MCP Discovery
2026-09-15 21:59:58.731 | INFO     | trace= span= tp= req= job= ps=: | tldw_Server_API.app.core.MCP_unified.modules.implementations.mcp_discovery_module:on_shutdown:30 - Shutting down MCP discovery module: MCP Discovery
2026-09-15 21:59:58.732 | INFO     | trace= span= tp= req= job= ps=: | tldw_Server_API.app.core.MCP_unified.modules.base:shutdown:447 - Module shut down successfully: MCP Discovery
2026-09-15 21:59:58.733 | INFO     | trace= span= tp= req= job= ps=: | tldw_Server_API.app.core.MCP_unified.modules.base:shutdown:432 - Shutting down module: Governance
2026-09-15 21:59:58.734 | INFO     | trace= span= tp= req= job= ps=: | tldw_Server_API.app.core.MCP_unified.modules.implementations.governance_module:on_shutdown:36 - Shutting down Governance module: Governance
2026-09-15 21:59:58.735 | INFO     | trace= span= tp= req= job= ps=: | tldw_Server_API.app.core.MCP_unified.modules.base:shutdown:447 - Module shut down successfully: Governance
2026-09-15 21:59:58.736 | INFO     | trace= span= tp= req= job= ps=: | tldw_Server_API.app.core.MCP_unified.modules.base:shutdown:432 - Shutting down module: Notes
2026-09-15 21:59:58.737 | INFO     | trace= span= tp= req= job= ps=: | tldw_Server_API.app.core.MCP_unified.modules.implementations.notes_module:on_shutdown:131 - Shutting down Notes module: Notes
2026-09-15 21:59:58.738 | INFO     | trace= span= tp= req= job= ps=: | tldw_Server_API.app.core.MCP_unified.modules.base:shutdown:447 - Module shut down successfully: Notes
2026-09-15 21:59:58.739 | INFO     | trace= span= tp= req= job= ps=: | tldw_Server_API.app.core.MCP_unified.modules.base:shutdown:432 - Shutting down module: Prompts
2026-09-15 21:59:58.740 | INFO     | trace= span= tp= req= job= ps=: | tldw_Server_API.app.core.MCP_unified.modules.implementations.prompts_module:on_shutdown:67 - Shutting down Prompts module: Prompts
2026-09-15 21:59:58.741 | INFO     | trace= span= tp= req= job= ps=: | tldw_Server_API.app.core.MCP_unified.modules.base:shutdown:447 - Module shut down successfully: Prompts
2026-09-15 21:59:58.741 | INFO     | trace= span= tp= req= job= ps=: | tldw_Server_API.app.core.MCP_unified.modules.base:shutdown:432 - Shutting down module: Skills
2026-09-15 21:59:58.742 | INFO     | trace= span= tp= req= job= ps=: | tldw_Server_API.app.core.MCP_unified.modules.base:shutdown:447 - Module shut down successfully: Skills
2026-09-15 21:59:58.743 | INFO     | trace= span= tp= req= job= ps=: | tldw_Server_API.app.core.MCP_unified.modules.base:shutdown:432 - Shutting down module: Cooking
2026-09-15 21:59:58.744 | INFO     | trace= span= tp= req= job= ps=: | tldw_Server_API.app.core.MCP_unified.modules.base:shutdown:447 - Module shut down successfully: Cooking
2026-09-15 21:59:58.745 | INFO     | trace= span= tp= req= job= ps=: | tldw_Server_API.app.core.MCP_unified.modules.base:shutdown:432 - Shutting down module: Knowledge
2026-09-15 21:59:58.746 | INFO     | trace= span= tp= req= job= ps=: | tldw_Server_API.app.core.MCP_unified.modules.implementations.knowledge_module:on_shutdown:39 - Shutting down Knowledge module: Knowledge
2026-09-15 21:59:58.747 | INFO     | trace= span= tp= req= job= ps=: | tldw_Server_API.app.core.MCP_unified.modules.base:shutdown:447 - Module shut down successfully: Knowledge
2026-09-15 21:59:58.747 | INFO     | trace= span= tp= req= job= ps=: | tldw_Server_API.app.core.MCP_unified.modules.base:shutdown:432 - Shutting down module: Docs Corpus
2026-09-15 21:59:58.749 | INFO     | trace= span= tp= req= job= ps=: | tldw_Server_API.app.core.MCP_unified.modules.base:shutdown:447 - Module shut down successfully: Docs Corpus
2026-09-15 21:59:58.749 | INFO     | trace= span= tp= req= job= ps=: | tldw_Server_API.app.core.MCP_unified.modules.base:shutdown:432 - Shutting down module: RAG
2026-09-15 21:59:58.750 | INFO     | trace= span= tp= req= job= ps=: | tldw_Server_API.app.core.MCP_unified.modules.base:shutdown:447 - Module shut down successfully: RAG
2026-09-15 21:59:58.751 | INFO     | trace= span= tp= req= job= ps=: | tldw_Server_API.app.core.MCP_unified.modules.base:shutdown:432 - Shutting down module: Kanban
2026-09-15 21:59:58.752 | INFO     | trace= span= tp= req= job= ps=: | tldw_Server_API.app.core.MCP_unified.modules.implementations.kanban_module:on_shutdown:89 - Shutting down Kanban module: Kanban
2026-09-15 21:59:58.753 | INFO     | trace= span= tp= req= job= ps=: | tldw_Server_API.app.core.MCP_unified.modules.base:shutdown:447 - Module shut down successfully: Kanban
2026-09-15 21:59:58.754 | INFO     | trace= span= tp= req= job= ps=: | tldw_Server_API.app.core.MCP_unified.modules.base:shutdown:432 - Shutting down module: Quizzes
2026-09-15 21:59:58.755 | INFO     | trace= span= tp= req= job= ps=: | tldw_Server_API.app.core.MCP_unified.modules.implementations.quizzes_module:on_shutdown:49 - Shutting down Quizzes module: Quizzes
2026-09-15 21:59:58.756 | INFO     | trace= span= tp= req= job= ps=: | tldw_Server_API.app.core.MCP_unified.modules.base:shutdown:447 - Module shut down successfully: Quizzes
2026-09-15 21:59:58.757 | INFO     | trace= span= tp= req= job= ps=: | tldw_Server_API.app.core.MCP_unified.modules.base:shutdown:432 - Shutting down module: Flashcards
2026-09-15 21:59:58.758 | INFO     | trace= span= tp= req= job= ps=: | tldw_Server_API.app.core.MCP_unified.modules.implementations.flashcards_module:on_shutdown:52 - Shutting down Flashcards module: Flashcards
2026-09-15 21:59:58.759 | INFO     | trace= span= tp= req= job= ps=: | tldw_Server_API.app.core.MCP_unified.modules.base:shutdown:447 - Module shut down successfully: Flashcards
2026-09-15 21:59:58.760 | INFO     | trace= span= tp= req= job= ps=: | tldw_Server_API.app.core.MCP_unified.modules.base:shutdown:432 - Shutting down module: Slides
2026-09-15 21:59:58.761 | INFO     | trace= span= tp= req= job= ps=: | tldw_Server_API.app.core.MCP_unified.modules.implementations.slides_module:on_shutdown:66 - Shutting down Slides module: Slides
2026-09-15 21:59:58.762 | INFO     | trace= span= tp= req= job= ps=: | tldw_Server_API.app.core.MCP_unified.modules.base:shutdown:447 - Module shut down successfully: Slides
2026-09-15 21:59:58.763 | INFO     | trace= span= tp= req= job= ps=: | tldw_Server_API.app.core.MCP_unified.modules.registry:shutdown_all:559 - All modules shut down
2026-09-15 21:59:58.764 | INFO     | trace= span= tp= req= job= ps=: | tldw_Server_API.app.core.MCP_unified.server:_shutdown_resources:878 - MCP Server shutdown complete module_cleanup=complete
2026-09-15 21:59:58.765 | INFO     | trace= span= tp= req= job= ps=: | tldw_Server_API.app.services.shutdown_resource_cleanup:_shutdown_mcp_server:97 - App Shutdown: MCP Unified server shutdown
2026-09-15 21:59:58.766 | INFO     | trace= span= tp= req= job= ps=: | tldw_Server_API.app.services.shutdown_resource_cleanup:_shutdown_mcp_rate_limiter:116 - App Shutdown: MCP rate limiter cleanup task cancelled
2026-09-15 21:59:58.767 | INFO     | trace= span= tp= req= job= ps=: | tldw_Server_API.app.services.shutdown_resource_cleanup:_shutdown_tts_service:127 - App Shutdown: Skipping TTS service shutdown in test context
2026-09-15 21:59:58.768 | INFO     | trace= span= tp= req= job= ps=: | tldw_Server_API.app.services.shutdown_resource_cleanup:_shutdown_tts_resource_manager:143 - App Shutdown: Skipping TTS resource manager shutdown in test context
2026-09-15 21:59:58.769 | INFO     | trace= span= tp= req= job= ps=: | tldw_Server_API.app.services.shutdown_resource_cleanup:_shutdown_http_client:161 - App Shutdown: HTTP client sessions shutdown complete
2026-09-15 21:59:58.770 | INFO     | trace= span= tp= req= job= ps=: | tldw_Server_API.app.api.v1.API_Deps.ChaCha_Notes_DB_Deps:close_all_chacha_db_instances:862 - Closing all cached ChaChaNotesDB instances (0)...
2026-09-15 21:59:58.771 | INFO     | trace= span= tp= req= job= ps=: | tldw_Server_API.app.api.v1.API_Deps.ChaCha_Notes_DB_Deps:close_all_chacha_db_instances:878 - All ChaChaNotesDB instances closed and cache cleared.
2026-09-15 21:59:58.772 | INFO     | trace= span= tp= req= job= ps=: | tldw_Server_API.app.services.shutdown_resource_cleanup:_shutdown_chacha_resources:176 - App Shutdown: ChaChaNotes resources cleaned up
2026-09-15 21:59:58.773 | INFO     | trace= span= tp= req= job= ps=: | tldw_Server_API.app.api.v1.API_Deps.Prompts_DB_Deps:close_all_cached_prompts_db_instances:443 - Closing all cached PromptsDatabase instances (0)...
2026-09-15 21:59:58.774 | INFO     | trace= span= tp= req= job= ps=: | tldw_Server_API.app.api.v1.API_Deps.Prompts_DB_Deps:close_all_cached_prompts_db_instances:455 - All PromptsDatabase instances cleared from cache and locks removed.
2026-09-15 21:59:58.775 | INFO     | trace= span= tp= req= job= ps=: | tldw_Server_API.app.services.shutdown_resource_cleanup:_shutdown_prompts_resources:193 - App Shutdown: Prompts DB resources cleaned up
2026-09-15 21:59:58.776 | INFO     | trace= span= tp= req= job= ps=: | tldw_Server_API.app.services.shutdown_resource_cleanup:_shutdown_chat_workflows_resources:209 - App Shutdown: Chat workflows resources cleaned up
2026-09-15 21:59:58.777 | INFO     | trace= span= tp= req= job= ps=: | tldw_Server_API.app.services.shutdown_resource_cleanup:shutdown_resource_cleanup:57 - App Shutdown: Cleaning up Chat module components...
2026-09-15 21:59:58.778 | INFO     | trace= span= tp= req= job= ps=: | tldw_Server_API.app.services.shutdown_resource_cleanup:_shutdown_provider_manager:223 - App Shutdown: Provider manager stopped
2026-09-15 21:59:58.780 | INFO     | trace= span= tp= req= job= ps=: | tldw_Server_API.app.core.Local_LLM.LLM_Inference_Manager:cleanup_on_exit:238 - LLMInferenceManager performing cleanup_on_exit...
2026-09-15 21:59:58.781 | INFO     | trace= span= tp= req= job= ps=: | tldw_Server_API.app.core.Local_LLM.LLM_Inference_Manager:cleanup_on_exit:247 - LLMInferenceManager cleanup_on_exit complete.
2026-09-15 21:59:58.782 | INFO     | trace= span= tp= req= job= ps=: | tldw_Server_API.app.services.shutdown_resource_cleanup:_shutdown_local_llm_manager:261 - App Shutdown: Local LLM manager cleanup complete
2026-09-15 21:59:58.783 | INFO     | trace= span= tp= req= job= ps=: | tldw_Server_API.app.services.shutdown_evaluations_resources:_shutdown_evaluations_pool:29 - App Shutdown: Evaluations connection manager shutdown (lazy)
2026-09-15 21:59:58.784 | INFO     | trace= span= tp= req= job= ps=: | tldw_Server_API.app.services.shutdown_evaluations_resources:_shutdown_evaluations_webhook_manager:40 - App Shutdown: Evaluations webhook manager shutdown (lazy)
2026-09-15 21:59:58.785 | INFO     | trace= span= tp= req= job= ps=: | tldw_Server_API.app.services.shutdown_owned_job_pollers:record_shutdown_timing_segment:131 - App Shutdown Timing: segment=evaluations_pool_shutdown duration_ms=2
2026-09-15 21:59:58.786 | INFO     | trace= span= tp= req= job= ps=: | tldw_Server_API.app.services.shutdown_unified_audit_services:shutdown_unified_audit_services:17 - App Shutdown: Shutting down unified audit services...
2026-09-15 21:59:58.790 | INFO     | trace= span= tp= req= job= ps=: | tldw_Server_API.app.api.v1.API_Deps.Audit_DB_Deps:shutdown_all_audit_services:1034 - Shutting down audit services for 1 instances...
2026-09-15 21:59:58.800 | INFO     | trace= span= tp= req= job= ps=: | tldw_Server_API.app.api.v1.API_Deps.Audit_DB_Deps:shutdown_all_audit_services:1091 - All audit services shut down successfully.
2026-09-15 21:59:58.801 | INFO     | trace= span= tp= req= job= ps=: | tldw_Server_API.app.services.shutdown_unified_audit_services:shutdown_unified_audit_services:19 - App Shutdown: Unified audit services stopped
2026-09-15 21:59:58.802 | INFO     | trace= span= tp= req= job= ps=: | tldw_Server_API.app.services.shutdown_unified_audit_services:_shutdown_sharing_audit_service:43 - App Shutdown: Sharing audit service stopped
2026-09-15 21:59:58.803 | INFO     | trace= span= tp= req= job= ps=: | tldw_Server_API.app.services.shutdown_unified_audit_services:_shutdown_embeddings_audit_adapter:54 - App Shutdown: Embeddings audit adapter loop stopped
2026-09-15 21:59:58.804 | INFO     | trace= span= tp= req= job= ps=: | tldw_Server_API.app.services.shutdown_unified_audit_services:_shutdown_evaluations_audit_adapter:65 - App Shutdown: Evaluations audit adapter loop stopped
2026-09-15 21:59:58.805 | INFO     | trace= span= tp= req= job= ps=: | tldw_Server_API.app.services.shutdown_executor_resources:shutdown_executor_resources:23 - App Shutdown: Registered executors shutdown
2026-09-15 21:59:58.806 | INFO     | trace= span= tp= req= job= ps=: | tldw_Server_API.app.services.shutdown_executor_resources:_shutdown_default_executor:40 - App Shutdown: Default executor shutdown
2026-09-15 21:59:58.807 | INFO     | trace= span= tp= req= job= ps=: | tldw_Server_API.app.services.shutdown_cpu_pools:shutdown_cpu_pools:17 - App Shutdown: CPU pools cleaned up
2026-09-15 21:59:58.808 | INFO     | trace= span= tp= req= job= ps=: | tldw_Server_API.app.services.shutdown_owned_job_pollers:record_shutdown_timing_segment:131 - App Shutdown Timing: segment=unified_audit_and_executor_shutdown duration_ms=22
2026-09-15 21:59:58.809 | INFO     | trace= span= tp= req= job= ps=: | tldw_Server_API.app.services.shutdown_telemetry_services:shutdown_telemetry_services:17 - App Shutdown: Telemetry shutdown
2026-09-15 21:59:58.810 | INFO     | trace= span= tp= req= job= ps=: | tldw_Server_API.app.services.shutdown_owned_job_pollers:record_shutdown_timing_segment:131 - App Shutdown Timing: segment=telemetry_shutdown duration_ms=0
2026-09-15 21:59:58.811 | INFO     | trace= span= tp= req= job= ps=: | tldw_Server_API.app.services.shutdown_post_runtime_cleanup:_reset_media_db_cache:42 - App Shutdown: Media DB cache cleared
2026-09-15 21:59:58.812 | INFO     | trace= span= tp= req= job= ps=: | tldw_Server_API.app.services.shutdown_post_runtime_cleanup:_shutdown_content_backend:53 - App Shutdown: Content DB backend pool closed
2026-09-15 21:59:58.814 | INFO     | trace= span= tp= req= job= ps=: | tldw_Server_API.app.core.DB_Management.backends.factory:_close_backend_instance:221 - Closed backend: sqlite::/Users/macbook-dev/Documents/GitHub/tldw_server2/Databases/user_databases/1/Media_DB_v2.db
2026-09-15 21:59:58.817 | INFO     | trace= span= tp= req= job= ps=: | tldw_Server_API.app.core.DB_Management.backends.factory:_close_backend_instance:221 - Closed backend: sqlite::/private/var/folders/sn/m80n2j152t9gw3w8qwk2nykh0000gn/T/pytest-of-macbook-dev/pytest-11851/test_failed_provider_persists_0/user_dbs/1/Media_DB_v2.db
2026-09-15 21:59:58.818 | INFO     | trace= span= tp= req= job= ps=: | tldw_Server_API.app.services.shutdown_post_runtime_cleanup:_close_managed_backend_registries:64 - App Shutdown: Database backend registries cleared
2026-09-15 21:59:58.819 | INFO     | trace= span= tp= req= job= ps=: | tldw_Server_API.app.services.shutdown_post_runtime_cleanup:_close_test_db_connections:77 - App Shutdown: No test DB instance found to close
2026-09-15 21:59:58.820 | INFO     | trace= span= tp= req= job= ps=: | tldw_Server_API.app.services.shutdown_owned_job_pollers:record_shutdown_timing_segment:131 - App Shutdown Timing: segment=total app teardown duration_ms=709
2026-09-15 21:59:58.821 | INFO     | trace= span= tp= req= job= ps=: | tldw_Server_API.app.services.shutdown_owned_job_pollers:record_shutdown_timing_total:184 - App Shutdown Timing: total duration_ms=709 slowest_segment=job_poller_quiesce slowest_duration_ms=587
2026-09-15 21:59:58.834 | INFO     | trace= span= tp= req= job= ps=: | tldw_Server_API.app.api.v1.API_Deps.ChaCha_Notes_DB_Deps:close_all_chacha_db_instances:862 - Closing all cached ChaChaNotesDB instances (0)...
2026-09-15 21:59:58.835 | INFO     | trace= span= tp= req= job= ps=: | tldw_Server_API.app.api.v1.API_Deps.ChaCha_Notes_DB_Deps:close_all_chacha_db_instances:878 - All ChaChaNotesDB instances closed and cache cleared.
2026-09-15 21:59:58.836 | INFO     | trace= span= tp= req= job= ps=: | tldw_Server_API.app.api.v1.API_Deps.ChaCha_Notes_DB_Deps:close_all_chacha_db_instances:862 - Closing all cached ChaChaNotesDB instances (0)...
2026-09-15 21:59:58.837 | INFO     | trace= span= tp= req= job= ps=: | tldw_Server_API.app.api.v1.API_Deps.ChaCha_Notes_DB_Deps:close_all_chacha_db_instances:878 - All ChaChaNotesDB instances closed and cache cleared.
_ test_failed_provider_persists_client_correlation_before_any_response[False] __
tldw_Server_API/tests/Chat/integration/test_persona_backed_chat_conversations.py:313: in test_failed_provider_persists_client_correlation_before_any_response
    assert saved_metadata["extra"]["client_message_id"] == "pa_local-user"
           ^^^^^^^^^^^^^^^^^^^^^^^^^^^^^^^^^^^^^^^^^^^^
E   KeyError: 'client_message_id'
---------------------------- Captured stderr setup -----------------------------
2026-09-15 21:59:58.843 | INFO     | trace= span= tp= req= job= ps=: | tldw_Server_API.app.core.config:_buffered_log:210 - Determined ACTUAL_PROJECT_ROOT for database paths: /Users/macbook-dev/Documents/GitHub/tldw_server2
2026-09-15 21:59:58.845 | INFO     | trace= span= tp= req= job= ps=: | tldw_Server_API.app.core.config:_buffered_log:210 - Early loading environment variables from: /Users/macbook-dev/Documents/GitHub/tldw_server2/tldw_Server_API/Config_Files/.env
2026-09-15 21:59:58.857 | INFO     | trace= span= tp= req= job= ps=: | tldw_Server_API.app.core.config:_buffered_log:210 - Early loading environment variables from: /Users/macbook-dev/Documents/GitHub/tldw_server2/tldw_Server_API/Config_Files/.ENV
2026-09-15 21:59:58.873 | INFO     | trace= span= tp= req= job= ps=: | tldw_Server_API.app.core.config:_buffered_log:210 - Loading environment variables from: /Users/macbook-dev/Documents/GitHub/tldw_server2/tldw_Server_API/Config_Files/.env
2026-09-15 21:59:58.888 | INFO     | trace= span= tp= req= job= ps=: | tldw_Server_API.app.core.config:_buffered_log:210 - Loading environment variables from: /Users/macbook-dev/Documents/GitHub/tldw_server2/tldw_Server_API/Config_Files/.ENV
2026-09-15 21:59:58.901 | INFO     | trace= span= tp= req= job= ps=: | tldw_Server_API.app.core.config:_buffered_log:210 - Attempting to load comprehensive config from: /Users/macbook-dev/Documents/GitHub/tldw_server2/tldw_Server_API/Config_Files/config.txt
2026-09-15 21:59:58.909 | INFO     | trace= span= tp= req= job= ps=: | tldw_Server_API.app.core.config:_buffered_log:210 - load_comprehensive_config(): Sections found in config: ['Setup', 'UI', 'Server', 'Files', 'Image-Generation', 'ACP', 'WORKSPACES', 'ACP-WORKSPACE', 'ACP-SANDBOX', 'Audit', 'Processing', 'Media-Processing', 'Chat-Dictionaries', 'Chat-Module', 'Chat-Commands', 'Chat-Templating', 'Character-Chat', 'Settings', 'Auto-Save', 'Prompts', 'Database', 'Chunking', 'Visual-RAG', 'AuthNZ', 'Streaming', 'HTTP', 'Egress', 'Embeddings', 'Claims', 'ClaimsMonitoring', 'RAG', 'Search-Agent', 'ResourceGovernor', 'Jobs', 'SlidesStandaloneHtml', 'Diarization', 'API', 'MLX', 'Local-API', 'LlamaCpp', 'STT-Settings', 'external_providers', 'TTS-Settings', 'VibeVoice', 'Audio-Quota', 'API-Routes', 'Search-Engines', 'Web-Scraper', 'Logging', 'Moderation', 'Redis', 'Web-Scraping', 'personalization', 'persona', 'persona.rbac']
2026-09-15 21:59:58.915 | INFO     | trace= span= tp= req= job= ps=: | tldw_Server_API.app.core.config:_buffered_log:210 - Ensured main SQLite database directory exists: /Users/macbook-dev/Documents/GitHub/tldw_server2/Databases
2026-09-15 21:59:58.916 | INFO     | trace= span= tp= req= job= ps=: | tldw_Server_API.app.core.config:_buffered_log:210 - Ensured user data base directory exists: /private/var/folders/sn/m80n2j152t9gw3w8qwk2nykh0000gn/T/pytest-of-macbook-dev/pytest-11851/test_failed_provider_persists_1/user_dbs
2026-09-15 21:59:58.921 | INFO     | trace= span= tp= req= job= ps=: | tldw_Server_API.app.core.DB_Management.ChaChaNotes_DB:__init__:7605 - Initializing CharactersRAGDB for path: /private/var/folders/sn/m80n2j152t9gw3w8qwk2nykh0000gn/T/pytest-of-macbook-dev/pytest-11851/test_failed_provider_persists_1/user_dbs/1/ChaChaNotes.db [Client ID: 1] (backend=sqlite)
2026-09-15 21:59:58.926 | INFO     | trace= span= tp= req= job= ps=: | tldw_Server_API.app.core.DB_Management.ChaChaNotes_DB:_initialize_schema_sqlite:20154 - Checking DB schema 'rag_char_chat_schema'. Current version: 0. Code supports: 67
2026-09-15 21:59:58.927 | INFO     | trace= span= tp= req= job= ps=: | tldw_Server_API.app.core.DB_Management.ChaChaNotes_DB:_apply_schema_v4:8623 - Applying schema Version 4 for 'rag_char_chat_schema' to DB: /private/var/folders/sn/m80n2j152t9gw3w8qwk2nykh0000gn/T/pytest-of-macbook-dev/pytest-11851/test_failed_provider_persists_1/user_dbs/1/ChaChaNotes.db...
2026-09-15 21:59:58.953 | INFO     | trace= span= tp= req= job= ps=: | tldw_Server_API.app.core.DB_Management.ChaChaNotes_DB:_apply_schema_v4:8633 - [rag_char_chat_schema V4] Schema 4 applied and version confirmed for DB: /private/var/folders/sn/m80n2j152t9gw3w8qwk2nykh0000gn/T/pytest-of-macbook-dev/pytest-11851/test_failed_provider_persists_1/user_dbs/1/ChaChaNotes.db.
2026-09-15 21:59:58.954 | INFO     | trace= span= tp= req= job= ps=: | tldw_Server_API.app.core.DB_Management.ChaChaNotes_DB:_migrate_from_v4_to_v5:8680 - Migrating 'rag_char_chat_schema' schema from V4 to V5 for DB: /private/var/folders/sn/m80n2j152t9gw3w8qwk2nykh0000gn/T/pytest-of-macbook-dev/pytest-11851/test_failed_provider_persists_1/user_dbs/1/ChaChaNotes.db...
2026-09-15 21:59:58.965 | INFO     | trace= span= tp= req= job= ps=: | tldw_Server_API.app.core.DB_Management.ChaChaNotes_DB:_migrate_from_v4_to_v5:8687 - [rag_char_chat_schema] Migration to V5 completed.
2026-09-15 21:59:58.966 | INFO     | trace= span= tp= req= job= ps=: | tldw_Server_API.app.core.DB_Management.ChaChaNotes_DB:_migrate_from_v5_to_v6:8701 - Migrating 'rag_char_chat_schema' schema from V5 to V6 for DB: /private/var/folders/sn/m80n2j152t9gw3w8qwk2nykh0000gn/T/pytest-of-macbook-dev/pytest-11851/test_failed_provider_persists_1/user_dbs/1/ChaChaNotes.db...
2026-09-15 21:59:58.975 | INFO     | trace= span= tp= req= job= ps=: | tldw_Server_API.app.core.DB_Management.ChaChaNotes_DB:_migrate_from_v5_to_v6:8708 - [rag_char_chat_schema] Migration to V6 completed.
2026-09-15 21:59:58.976 | INFO     | trace= span= tp= req= job= ps=: | tldw_Server_API.app.core.DB_Management.ChaChaNotes_DB:_migrate_from_v6_to_v7:8720 - Migrating 'rag_char_chat_schema' schema from V6 to V7 for DB: /private/var/folders/sn/m80n2j152t9gw3w8qwk2nykh0000gn/T/pytest-of-macbook-dev/pytest-11851/test_failed_provider_persists_1/user_dbs/1/ChaChaNotes.db...
2026-09-15 21:59:58.980 | INFO     | trace= span= tp= req= job= ps=: | tldw_Server_API.app.core.DB_Management.ChaChaNotes_DB:_migrate_from_v6_to_v7:8727 - [rag_char_chat_schema] Migration to V7 completed.
2026-09-15 21:59:58.981 | INFO     | trace= span= tp= req= job= ps=: | tldw_Server_API.app.core.DB_Management.ChaChaNotes_DB:_migrate_from_v7_to_v8:8739 - Migrating 'rag_char_chat_schema' schema from V7 to V8 for DB: /private/var/folders/sn/m80n2j152t9gw3w8qwk2nykh0000gn/T/pytest-of-macbook-dev/pytest-11851/test_failed_provider_persists_1/user_dbs/1/ChaChaNotes.db...
2026-09-15 21:59:58.983 | INFO     | trace= span= tp= req= job= ps=: | tldw_Server_API.app.core.DB_Management.ChaChaNotes_DB:_migrate_from_v7_to_v8:8746 - [rag_char_chat_schema] Migration to V8 completed.
2026-09-15 21:59:58.984 | INFO     | trace= span= tp= req= job= ps=: | tldw_Server_API.app.core.DB_Management.ChaChaNotes_DB:_migrate_from_v8_to_v9:8758 - Migrating 'rag_char_chat_schema' schema from V8 to V9 for DB: /private/var/folders/sn/m80n2j152t9gw3w8qwk2nykh0000gn/T/pytest-of-macbook-dev/pytest-11851/test_failed_provider_persists_1/user_dbs/1/ChaChaNotes.db...
2026-09-15 21:59:58.987 | INFO     | trace= span= tp= req= job= ps=: | tldw_Server_API.app.core.DB_Management.ChaChaNotes_DB:_migrate_from_v8_to_v9:8765 - [rag_char_chat_schema] Migration to V9 completed.
2026-09-15 21:59:58.988 | INFO     | trace= span= tp= req= job= ps=: | tldw_Server_API.app.core.DB_Management.ChaChaNotes_DB:_migrate_from_v9_to_v10:8777 - Migrating 'rag_char_chat_schema' schema from V9 to V10 for DB: /private/var/folders/sn/m80n2j152t9gw3w8qwk2nykh0000gn/T/pytest-of-macbook-dev/pytest-11851/test_failed_provider_persists_1/user_dbs/1/ChaChaNotes.db...
2026-09-15 21:59:59.012 | INFO     | trace= span= tp= req= job= ps=: | tldw_Server_API.app.core.DB_Management.ChaChaNotes_DB:_migrate_from_v9_to_v10:8785 - [rag_char_chat_schema] Migration to V10 completed.
2026-09-15 21:59:59.013 | INFO     | trace= span= tp= req= job= ps=: | tldw_Server_API.app.core.DB_Management.ChaChaNotes_DB:_migrate_from_v10_to_v11:8797 - Migrating 'rag_char_chat_schema' schema from V10 to V11 for DB: /private/var/folders/sn/m80n2j152t9gw3w8qwk2nykh0000gn/T/pytest-of-macbook-dev/pytest-11851/test_failed_provider_persists_1/user_dbs/1/ChaChaNotes.db...
2026-09-15 21:59:59.033 | INFO     | trace= span= tp= req= job= ps=: | tldw_Server_API.app.core.DB_Management.ChaChaNotes_DB:_migrate_from_v10_to_v11:8816 - [rag_char_chat_schema] Migration to V11 completed.
2026-09-15 21:59:59.034 | INFO     | trace= span= tp= req= job= ps=: | tldw_Server_API.app.core.DB_Management.ChaChaNotes_DB:_migrate_from_v11_to_v12:8828 - Migrating 'rag_char_chat_schema' schema from V11 to V12 for DB: /private/var/folders/sn/m80n2j152t9gw3w8qwk2nykh0000gn/T/pytest-of-macbook-dev/pytest-11851/test_failed_provider_persists_1/user_dbs/1/ChaChaNotes.db...
2026-09-15 21:59:59.039 | INFO     | trace= span= tp= req= job= ps=: | tldw_Server_API.app.core.DB_Management.ChaChaNotes_DB:_migrate_from_v11_to_v12:8836 - [rag_char_chat_schema] Migration to V12 completed.
2026-09-15 21:59:59.040 | INFO     | trace= span= tp= req= job= ps=: | tldw_Server_API.app.core.DB_Management.ChaChaNotes_DB:_migrate_from_v12_to_v13:8848 - Migrating 'rag_char_chat_schema' schema from V12 to V13 for DB: /private/var/folders/sn/m80n2j152t9gw3w8qwk2nykh0000gn/T/pytest-of-macbook-dev/pytest-11851/test_failed_provider_persists_1/user_dbs/1/ChaChaNotes.db...
2026-09-15 21:59:59.042 | INFO     | trace= span= tp= req= job= ps=: | tldw_Server_API.app.core.DB_Management.ChaChaNotes_DB:_migrate_from_v12_to_v13:8856 - [rag_char_chat_schema] Migration to V13 completed.
2026-09-15 21:59:59.043 | INFO     | trace= span= tp= req= job= ps=: | tldw_Server_API.app.core.DB_Management.ChaChaNotes_DB:_migrate_from_v13_to_v14:8868 - Migrating 'rag_char_chat_schema' schema from V13 to V14 for DB: /private/var/folders/sn/m80n2j152t9gw3w8qwk2nykh0000gn/T/pytest-of-macbook-dev/pytest-11851/test_failed_provider_persists_1/user_dbs/1/ChaChaNotes.db...
2026-09-15 21:59:59.064 | INFO     | trace= span= tp= req= job= ps=: | tldw_Server_API.app.core.DB_Management.ChaChaNotes_DB:_migrate_from_v13_to_v14:8934 - [rag_char_chat_schema] Migration to V14 completed.
2026-09-15 21:59:59.065 | INFO     | trace= span= tp= req= job= ps=: | tldw_Server_API.app.core.DB_Management.ChaChaNotes_DB:_migrate_from_v14_to_v15:8946 - Migrating 'rag_char_chat_schema' schema from V14 to V15 for DB: /private/var/folders/sn/m80n2j152t9gw3w8qwk2nykh0000gn/T/pytest-of-macbook-dev/pytest-11851/test_failed_provider_persists_1/user_dbs/1/ChaChaNotes.db...
2026-09-15 21:59:59.074 | INFO     | trace= span= tp= req= job= ps=: | tldw_Server_API.app.core.DB_Management.ChaChaNotes_DB:_migrate_from_v14_to_v15:8954 - [rag_char_chat_schema] Migration to V15 completed.
2026-09-15 21:59:59.075 | INFO     | trace= span= tp= req= job= ps=: | tldw_Server_API.app.core.DB_Management.ChaChaNotes_DB:_migrate_from_v15_to_v16:8966 - Migrating 'rag_char_chat_schema' schema from V15 to V16 for DB: /private/var/folders/sn/m80n2j152t9gw3w8qwk2nykh0000gn/T/pytest-of-macbook-dev/pytest-11851/test_failed_provider_persists_1/user_dbs/1/ChaChaNotes.db...
2026-09-15 21:59:59.077 | INFO     | trace= span= tp= req= job= ps=: | tldw_Server_API.app.core.DB_Management.ChaChaNotes_DB:_migrate_from_v15_to_v16:8974 - [rag_char_chat_schema] Migration to V16 completed.
2026-09-15 21:59:59.078 | INFO     | trace= span= tp= req= job= ps=: | tldw_Server_API.app.core.DB_Management.ChaChaNotes_DB:_migrate_from_v16_to_v17:8986 - Migrating 'rag_char_chat_schema' schema from V16 to V17 for DB: /private/var/folders/sn/m80n2j152t9gw3w8qwk2nykh0000gn/T/pytest-of-macbook-dev/pytest-11851/test_failed_provider_persists_1/user_dbs/1/ChaChaNotes.db...
2026-09-15 21:59:59.080 | INFO     | trace= span= tp= req= job= ps=: | tldw_Server_API.app.core.DB_Management.ChaChaNotes_DB:_migrate_from_v16_to_v17:9013 - [rag_char_chat_schema] Migration to V17 completed.
2026-09-15 21:59:59.081 | INFO     | trace= span= tp= req= job= ps=: | tldw_Server_API.app.core.DB_Management.ChaChaNotes_DB:_migrate_from_v17_to_v18:9025 - Migrating 'rag_char_chat_schema' schema from V17 to V18 for DB: /private/var/folders/sn/m80n2j152t9gw3w8qwk2nykh0000gn/T/pytest-of-macbook-dev/pytest-11851/test_failed_provider_persists_1/user_dbs/1/ChaChaNotes.db...
2026-09-15 21:59:59.085 | INFO     | trace= span= tp= req= job= ps=: | tldw_Server_API.app.core.DB_Management.ChaChaNotes_DB:_migrate_from_v17_to_v18:9033 - [rag_char_chat_schema] Migration to V18 completed.
2026-09-15 21:59:59.086 | INFO     | trace= span= tp= req= job= ps=: | tldw_Server_API.app.core.DB_Management.ChaChaNotes_DB:_migrate_from_v18_to_v19:9045 - Migrating 'rag_char_chat_schema' schema from V18 to V19 for DB: /private/var/folders/sn/m80n2j152t9gw3w8qwk2nykh0000gn/T/pytest-of-macbook-dev/pytest-11851/test_failed_provider_persists_1/user_dbs/1/ChaChaNotes.db...
2026-09-15 21:59:59.088 | INFO     | trace= span= tp= req= job= ps=: | tldw_Server_API.app.core.DB_Management.ChaChaNotes_DB:_migrate_from_v18_to_v19:9053 - [rag_char_chat_schema] Migration to V19 completed.
2026-09-15 21:59:59.089 | INFO     | trace= span= tp= req= job= ps=: | tldw_Server_API.app.core.DB_Management.ChaChaNotes_DB:_migrate_from_v19_to_v20:9065 - Migrating 'rag_char_chat_schema' schema from V19 to V20 for DB: /private/var/folders/sn/m80n2j152t9gw3w8qwk2nykh0000gn/T/pytest-of-macbook-dev/pytest-11851/test_failed_provider_persists_1/user_dbs/1/ChaChaNotes.db...
2026-09-15 21:59:59.091 | INFO     | trace= span= tp= req= job= ps=: | tldw_Server_API.app.core.DB_Management.ChaChaNotes_DB:_migrate_from_v19_to_v20:9073 - [rag_char_chat_schema] Migration to V20 completed.
2026-09-15 21:59:59.092 | INFO     | trace= span= tp= req= job= ps=: | tldw_Server_API.app.core.DB_Management.ChaChaNotes_DB:_migrate_from_v20_to_v21:9085 - Migrating 'rag_char_chat_schema' schema from V20 to V21 for DB: /private/var/folders/sn/m80n2j152t9gw3w8qwk2nykh0000gn/T/pytest-of-macbook-dev/pytest-11851/test_failed_provider_persists_1/user_dbs/1/ChaChaNotes.db...
2026-09-15 21:59:59.094 | INFO     | trace= span= tp= req= job= ps=: | tldw_Server_API.app.core.DB_Management.ChaChaNotes_DB:_migrate_from_v20_to_v21:9093 - [rag_char_chat_schema] Migration to V21 completed.
2026-09-15 21:59:59.095 | INFO     | trace= span= tp= req= job= ps=: | tldw_Server_API.app.core.DB_Management.ChaChaNotes_DB:_migrate_from_v21_to_v22:9105 - Migrating 'rag_char_chat_schema' schema from V21 to V22 for DB: /private/var/folders/sn/m80n2j152t9gw3w8qwk2nykh0000gn/T/pytest-of-macbook-dev/pytest-11851/test_failed_provider_persists_1/user_dbs/1/ChaChaNotes.db...
2026-09-15 21:59:59.100 | INFO     | trace= span= tp= req= job= ps=: | tldw_Server_API.app.core.DB_Management.ChaChaNotes_DB:_migrate_from_v21_to_v22:9113 - [rag_char_chat_schema] Migration to V22 completed.
2026-09-15 21:59:59.101 | INFO     | trace= span= tp= req= job= ps=: | tldw_Server_API.app.core.DB_Management.ChaChaNotes_DB:_migrate_from_v22_to_v23:9125 - Migrating 'rag_char_chat_schema' schema from V22 to V23 for DB: /private/var/folders/sn/m80n2j152t9gw3w8qwk2nykh0000gn/T/pytest-of-macbook-dev/pytest-11851/test_failed_provider_persists_1/user_dbs/1/ChaChaNotes.db...
2026-09-15 21:59:59.124 | INFO     | trace= span= tp= req= job= ps=: | tldw_Server_API.app.core.DB_Management.ChaChaNotes_DB:_migrate_from_v22_to_v23:9133 - [rag_char_chat_schema] Migration to V23 completed.
2026-09-15 21:59:59.125 | INFO     | trace= span= tp= req= job= ps=: | tldw_Server_API.app.core.DB_Management.ChaChaNotes_DB:_migrate_from_v23_to_v24:9145 - Migrating 'rag_char_chat_schema' schema from V23 to V24 for DB: /private/var/folders/sn/m80n2j152t9gw3w8qwk2nykh0000gn/T/pytest-of-macbook-dev/pytest-11851/test_failed_provider_persists_1/user_dbs/1/ChaChaNotes.db...
2026-09-15 21:59:59.145 | INFO     | trace= span= tp= req= job= ps=: | tldw_Server_API.app.core.DB_Management.ChaChaNotes_DB:_migrate_from_v23_to_v24:9153 - [rag_char_chat_schema] Migration to V24 completed.
2026-09-15 21:59:59.146 | INFO     | trace= span= tp= req= job= ps=: | tldw_Server_API.app.core.DB_Management.ChaChaNotes_DB:_migrate_from_v24_to_v25:9165 - Migrating 'rag_char_chat_schema' schema from V24 to V25 for DB: /private/var/folders/sn/m80n2j152t9gw3w8qwk2nykh0000gn/T/pytest-of-macbook-dev/pytest-11851/test_failed_provider_persists_1/user_dbs/1/ChaChaNotes.db...
2026-09-15 21:59:59.161 | INFO     | trace= span= tp= req= job= ps=: | tldw_Server_API.app.core.DB_Management.ChaChaNotes_DB:_migrate_from_v24_to_v25:9191 - [rag_char_chat_schema] Migration to V25 completed.
2026-09-15 21:59:59.162 | INFO     | trace= span= tp= req= job= ps=: | tldw_Server_API.app.core.DB_Management.ChaChaNotes_DB:_migrate_from_v25_to_v26:9203 - Migrating 'rag_char_chat_schema' schema from V25 to V26 for DB: /private/var/folders/sn/m80n2j152t9gw3w8qwk2nykh0000gn/T/pytest-of-macbook-dev/pytest-11851/test_failed_provider_persists_1/user_dbs/1/ChaChaNotes.db...
2026-09-15 21:59:59.175 | INFO     | trace= span= tp= req= job= ps=: | tldw_Server_API.app.core.DB_Management.ChaChaNotes_DB:_migrate_from_v25_to_v26:9211 - [rag_char_chat_schema] Migration to V26 completed.
2026-09-15 21:59:59.176 | INFO     | trace= span= tp= req= job= ps=: | tldw_Server_API.app.core.DB_Management.ChaChaNotes_DB:_migrate_from_v26_to_v27:9223 - Migrating 'rag_char_chat_schema' schema from V26 to V27 for DB: /private/var/folders/sn/m80n2j152t9gw3w8qwk2nykh0000gn/T/pytest-of-macbook-dev/pytest-11851/test_failed_provider_persists_1/user_dbs/1/ChaChaNotes.db...
2026-09-15 21:59:59.189 | INFO     | trace= span= tp= req= job= ps=: | tldw_Server_API.app.core.DB_Management.ChaChaNotes_DB:_migrate_from_v26_to_v27:9251 - [rag_char_chat_schema] Migration to V27 completed.
2026-09-15 21:59:59.190 | INFO     | trace= span= tp= req= job= ps=: | tldw_Server_API.app.core.DB_Management.ChaChaNotes_DB:_migrate_from_v27_to_v28:9263 - Migrating 'rag_char_chat_schema' schema from V27 to V28 for DB: /private/var/folders/sn/m80n2j152t9gw3w8qwk2nykh0000gn/T/pytest-of-macbook-dev/pytest-11851/test_failed_provider_persists_1/user_dbs/1/ChaChaNotes.db...
2026-09-15 21:59:59.196 | INFO     | trace= span= tp= req= job= ps=: | tldw_Server_API.app.core.DB_Management.ChaChaNotes_DB:_migrate_from_v27_to_v28:9284 - [rag_char_chat_schema] Migration to V28 completed.
2026-09-15 21:59:59.198 | INFO     | trace= span= tp= req= job= ps=: | tldw_Server_API.app.core.DB_Management.ChaChaNotes_DB:_migrate_from_v28_to_v29:9296 - Migrating 'rag_char_chat_schema' schema from V28 to V29 for DB: /private/var/folders/sn/m80n2j152t9gw3w8qwk2nykh0000gn/T/pytest-of-macbook-dev/pytest-11851/test_failed_provider_persists_1/user_dbs/1/ChaChaNotes.db...
2026-09-15 21:59:59.201 | INFO     | trace= span= tp= req= job= ps=: | tldw_Server_API.app.core.DB_Management.ChaChaNotes_DB:_migrate_from_v28_to_v29:9304 - [rag_char_chat_schema] Migration to V29 completed.
2026-09-15 21:59:59.202 | INFO     | trace= span= tp= req= job= ps=: | tldw_Server_API.app.core.DB_Management.ChaChaNotes_DB:_migrate_from_v29_to_v30:9316 - Migrating 'rag_char_chat_schema' schema from V29 to V30 for DB: /private/var/folders/sn/m80n2j152t9gw3w8qwk2nykh0000gn/T/pytest-of-macbook-dev/pytest-11851/test_failed_provider_persists_1/user_dbs/1/ChaChaNotes.db...
2026-09-15 21:59:59.208 | INFO     | trace= span= tp= req= job= ps=: | tldw_Server_API.app.core.DB_Management.ChaChaNotes_DB:_migrate_from_v29_to_v30:9334 - [rag_char_chat_schema] Migration to V30 completed.
2026-09-15 21:59:59.210 | INFO     | trace= span= tp= req= job= ps=: | tldw_Server_API.app.core.DB_Management.ChaChaNotes_DB:_migrate_from_v30_to_v31:9346 - Migrating 'rag_char_chat_schema' schema from V30 to V31 for DB: /private/var/folders/sn/m80n2j152t9gw3w8qwk2nykh0000gn/T/pytest-of-macbook-dev/pytest-11851/test_failed_provider_persists_1/user_dbs/1/ChaChaNotes.db...
2026-09-15 21:59:59.227 | INFO     | trace= span= tp= req= job= ps=: | tldw_Server_API.app.core.DB_Management.ChaChaNotes_DB:_migrate_from_v30_to_v31:9368 - [rag_char_chat_schema] Migration to V31 completed.
2026-09-15 21:59:59.228 | INFO     | trace= span= tp= req= job= ps=: | tldw_Server_API.app.core.DB_Management.ChaChaNotes_DB:_migrate_from_v31_to_v32:9380 - Migrating 'rag_char_chat_schema' schema from V31 to V32 for DB: /private/var/folders/sn/m80n2j152t9gw3w8qwk2nykh0000gn/T/pytest-of-macbook-dev/pytest-11851/test_failed_provider_persists_1/user_dbs/1/ChaChaNotes.db...
2026-09-15 21:59:59.247 | INFO     | trace= span= tp= req= job= ps=: | tldw_Server_API.app.core.DB_Management.ChaChaNotes_DB:_migrate_from_v31_to_v32:9424 - [rag_char_chat_schema] Migration to V32 completed.
2026-09-15 21:59:59.248 | INFO     | trace= span= tp= req= job= ps=: | tldw_Server_API.app.core.DB_Management.ChaChaNotes_DB:_migrate_from_v32_to_v33:9436 - Migrating 'rag_char_chat_schema' schema from V32 to V33 for DB: /private/var/folders/sn/m80n2j152t9gw3w8qwk2nykh0000gn/T/pytest-of-macbook-dev/pytest-11851/test_failed_provider_persists_1/user_dbs/1/ChaChaNotes.db...
2026-09-15 21:59:59.251 | INFO     | trace= span= tp= req= job= ps=: | tldw_Server_API.app.core.DB_Management.ChaChaNotes_DB:_migrate_from_v32_to_v33:9444 - [rag_char_chat_schema] Migration to V33 completed.
2026-09-15 21:59:59.253 | INFO     | trace= span= tp= req= job= ps=: | tldw_Server_API.app.core.DB_Management.ChaChaNotes_DB:_migrate_from_v33_to_v34:9456 - Migrating 'rag_char_chat_schema' schema from V33 to V34 for DB: /private/var/folders/sn/m80n2j152t9gw3w8qwk2nykh0000gn/T/pytest-of-macbook-dev/pytest-11851/test_failed_provider_persists_1/user_dbs/1/ChaChaNotes.db...
2026-09-15 21:59:59.260 | INFO     | trace= span= tp= req= job= ps=: | tldw_Server_API.app.core.DB_Management.ChaChaNotes_DB:_migrate_from_v33_to_v34:9476 - [rag_char_chat_schema] Migration to V34 completed.
2026-09-15 21:59:59.261 | INFO     | trace= span= tp= req= job= ps=: | tldw_Server_API.app.core.DB_Management.ChaChaNotes_DB:_migrate_from_v34_to_v35:9488 - Migrating 'rag_char_chat_schema' schema from V34 to V35 for DB: /private/var/folders/sn/m80n2j152t9gw3w8qwk2nykh0000gn/T/pytest-of-macbook-dev/pytest-11851/test_failed_provider_persists_1/user_dbs/1/ChaChaNotes.db...
2026-09-15 21:59:59.268 | INFO     | trace= span= tp= req= job= ps=: | tldw_Server_API.app.core.DB_Management.ChaChaNotes_DB:_migrate_from_v34_to_v35:9508 - [rag_char_chat_schema] Migration to V35 completed.
2026-09-15 21:59:59.269 | INFO     | trace= span= tp= req= job= ps=: | tldw_Server_API.app.core.DB_Management.ChaChaNotes_DB:_migrate_from_v35_to_v36:9520 - Migrating 'rag_char_chat_schema' schema from V35 to V36 for DB: /private/var/folders/sn/m80n2j152t9gw3w8qwk2nykh0000gn/T/pytest-of-macbook-dev/pytest-11851/test_failed_provider_persists_1/user_dbs/1/ChaChaNotes.db...
2026-09-15 21:59:59.281 | INFO     | trace= span= tp= req= job= ps=: | tldw_Server_API.app.core.DB_Management.ChaChaNotes_DB:_migrate_from_v35_to_v36:9571 - [rag_char_chat_schema] Migration to V36 completed.
2026-09-15 21:59:59.282 | INFO     | trace= span= tp= req= job= ps=: | tldw_Server_API.app.core.DB_Management.ChaChaNotes_DB:_migrate_from_v36_to_v37:9583 - Migrating 'rag_char_chat_schema' schema from V36 to V37 for DB: /private/var/folders/sn/m80n2j152t9gw3w8qwk2nykh0000gn/T/pytest-of-macbook-dev/pytest-11851/test_failed_provider_persists_1/user_dbs/1/ChaChaNotes.db...
2026-09-15 21:59:59.434 | INFO     | trace= span= tp= req= job= ps=: | tldw_Server_API.app.core.DB_Management.ChaChaNotes_DB:_migrate_from_v36_to_v37:9594 - [rag_char_chat_schema] Migration to V37 completed.
2026-09-15 21:59:59.435 | INFO     | trace= span= tp= req= job= ps=: | tldw_Server_API.app.core.DB_Management.ChaChaNotes_DB:_migrate_from_v37_to_v38:9606 - Migrating 'rag_char_chat_schema' schema from V37 to V38 for DB: /private/var/folders/sn/m80n2j152t9gw3w8qwk2nykh0000gn/T/pytest-of-macbook-dev/pytest-11851/test_failed_provider_persists_1/user_dbs/1/ChaChaNotes.db...
2026-09-15 21:59:59.438 | INFO     | trace= span= tp= req= job= ps=: | tldw_Server_API.app.core.DB_Management.ChaChaNotes_DB:_migrate_from_v37_to_v38:9615 - [rag_char_chat_schema] Migration to V38 completed.
2026-09-15 21:59:59.439 | INFO     | trace= span= tp= req= job= ps=: | tldw_Server_API.app.core.DB_Management.ChaChaNotes_DB:_migrate_from_v38_to_v39:9627 - Migrating 'rag_char_chat_schema' schema from V38 to V39 for DB: /private/var/folders/sn/m80n2j152t9gw3w8qwk2nykh0000gn/T/pytest-of-macbook-dev/pytest-11851/test_failed_provider_persists_1/user_dbs/1/ChaChaNotes.db...
2026-09-15 21:59:59.447 | INFO     | trace= span= tp= req= job= ps=: | tldw_Server_API.app.core.DB_Management.ChaChaNotes_DB:_migrate_from_v38_to_v39:9636 - [rag_char_chat_schema] Migration to V39 completed.
2026-09-15 21:59:59.448 | INFO     | trace= span= tp= req= job= ps=: | tldw_Server_API.app.core.DB_Management.ChaChaNotes_DB:_migrate_from_v39_to_v40:9648 - Migrating 'rag_char_chat_schema' schema from V39 to V40 for DB: /private/var/folders/sn/m80n2j152t9gw3w8qwk2nykh0000gn/T/pytest-of-macbook-dev/pytest-11851/test_failed_provider_persists_1/user_dbs/1/ChaChaNotes.db...
2026-09-15 21:59:59.450 | INFO     | trace= span= tp= req= job= ps=: | tldw_Server_API.app.core.DB_Management.ChaChaNotes_DB:_migrate_from_v39_to_v40:9656 - [rag_char_chat_schema] Migration to V40 completed.
2026-09-15 21:59:59.451 | INFO     | trace= span= tp= req= job= ps=: | tldw_Server_API.app.core.DB_Management.ChaChaNotes_DB:_migrate_from_v40_to_v41:9668 - Migrating 'rag_char_chat_schema' schema from V40 to V41 for DB: /private/var/folders/sn/m80n2j152t9gw3w8qwk2nykh0000gn/T/pytest-of-macbook-dev/pytest-11851/test_failed_provider_persists_1/user_dbs/1/ChaChaNotes.db...
2026-09-15 21:59:59.463 | INFO     | trace= span= tp= req= job= ps=: | tldw_Server_API.app.core.DB_Management.ChaChaNotes_DB:_migrate_from_v40_to_v41:9676 - [rag_char_chat_schema] Migration to V41 completed.
2026-09-15 21:59:59.464 | INFO     | trace= span= tp= req= job= ps=: | tldw_Server_API.app.core.DB_Management.ChaChaNotes_DB:_migrate_from_v41_to_v42:9688 - Migrating 'rag_char_chat_schema' schema from V41 to V42 for DB: /private/var/folders/sn/m80n2j152t9gw3w8qwk2nykh0000gn/T/pytest-of-macbook-dev/pytest-11851/test_failed_provider_persists_1/user_dbs/1/ChaChaNotes.db...
2026-09-15 21:59:59.483 | INFO     | trace= span= tp= req= job= ps=: | tldw_Server_API.app.core.DB_Management.ChaChaNotes_DB:_migrate_from_v41_to_v42:9696 - [rag_char_chat_schema] Migration to V42 completed.
2026-09-15 21:59:59.484 | INFO     | trace= span= tp= req= job= ps=: | tldw_Server_API.app.core.DB_Management.ChaChaNotes_DB:_migrate_from_v42_to_v43:9708 - Migrating 'rag_char_chat_schema' schema from V42 to V43 for DB: /private/var/folders/sn/m80n2j152t9gw3w8qwk2nykh0000gn/T/pytest-of-macbook-dev/pytest-11851/test_failed_provider_persists_1/user_dbs/1/ChaChaNotes.db...
2026-09-15 21:59:59.487 | INFO     | trace= span= tp= req= job= ps=: | tldw_Server_API.app.core.DB_Management.ChaChaNotes_DB:_migrate_from_v42_to_v43:9716 - [rag_char_chat_schema] Migration to V43 completed.
2026-09-15 21:59:59.488 | INFO     | trace= span= tp= req= job= ps=: | tldw_Server_API.app.core.DB_Management.ChaChaNotes_DB:_migrate_from_v43_to_v44:9728 - Migrating 'rag_char_chat_schema' schema from V43 to V44 for DB: /private/var/folders/sn/m80n2j152t9gw3w8qwk2nykh0000gn/T/pytest-of-macbook-dev/pytest-11851/test_failed_provider_persists_1/user_dbs/1/ChaChaNotes.db...
2026-09-15 21:59:59.492 | INFO     | trace= span= tp= req= job= ps=: | tldw_Server_API.app.core.DB_Management.ChaChaNotes_DB:_migrate_from_v43_to_v44:9749 - [rag_char_chat_schema] Migration to V44 completed.
2026-09-15 21:59:59.493 | INFO     | trace= span= tp= req= job= ps=: | tldw_Server_API.app.core.DB_Management.ChaChaNotes_DB:_migrate_from_v44_to_v45:9761 - Migrating 'rag_char_chat_schema' schema from V44 to V45 for DB: /private/var/folders/sn/m80n2j152t9gw3w8qwk2nykh0000gn/T/pytest-of-macbook-dev/pytest-11851/test_failed_provider_persists_1/user_dbs/1/ChaChaNotes.db...
2026-09-15 21:59:59.517 | INFO     | trace= span= tp= req= job= ps=: | tldw_Server_API.app.core.DB_Management.ChaChaNotes_DB:_migrate_from_v44_to_v45:9770 - [rag_char_chat_schema] Migration to V45 completed.
2026-09-15 21:59:59.518 | INFO     | trace= span= tp= req= job= ps=: | tldw_Server_API.app.core.DB_Management.ChaChaNotes_DB:_migrate_from_v45_to_v46:9782 - Migrating 'rag_char_chat_schema' schema from V45 to V46 for DB: /private/var/folders/sn/m80n2j152t9gw3w8qwk2nykh0000gn/T/pytest-of-macbook-dev/pytest-11851/test_failed_provider_persists_1/user_dbs/1/ChaChaNotes.db...
2026-09-15 21:59:59.521 | INFO     | trace= span= tp= req= job= ps=: | tldw_Server_API.app.core.DB_Management.ChaChaNotes_DB:_migrate_from_v45_to_v46:9790 - [rag_char_chat_schema] Migration to V46 completed.
2026-09-15 21:59:59.521 | INFO     | trace= span= tp= req= job= ps=: | tldw_Server_API.app.core.DB_Management.ChaChaNotes_DB:_migrate_from_v46_to_v47:9802 - Migrating 'rag_char_chat_schema' schema from V46 to V47 for DB: /private/var/folders/sn/m80n2j152t9gw3w8qwk2nykh0000gn/T/pytest-of-macbook-dev/pytest-11851/test_failed_provider_persists_1/user_dbs/1/ChaChaNotes.db...
2026-09-15 21:59:59.536 | INFO     | trace= span= tp= req= job= ps=: | tldw_Server_API.app.core.DB_Management.ChaChaNotes_DB:_migrate_from_v46_to_v47:9817 - [rag_char_chat_schema] Migration to V47 completed.
2026-09-15 21:59:59.537 | INFO     | trace= span= tp= req= job= ps=: | tldw_Server_API.app.core.DB_Management.ChaChaNotes_DB:_migrate_from_v47_to_v48:9829 - Migrating 'rag_char_chat_schema' schema from V47 to V48 for DB: /private/var/folders/sn/m80n2j152t9gw3w8qwk2nykh0000gn/T/pytest-of-macbook-dev/pytest-11851/test_failed_provider_persists_1/user_dbs/1/ChaChaNotes.db...
2026-09-15 21:59:59.544 | INFO     | trace= span= tp= req= job= ps=: | tldw_Server_API.app.core.DB_Management.ChaChaNotes_DB:_migrate_from_v47_to_v48:9837 - [rag_char_chat_schema] Migration to V48 completed.
2026-09-15 21:59:59.545 | INFO     | trace= span= tp= req= job= ps=: | tldw_Server_API.app.core.DB_Management.ChaChaNotes_DB:_migrate_from_v48_to_v49:9849 - Migrating 'rag_char_chat_schema' schema from V48 to V49 for DB: /private/var/folders/sn/m80n2j152t9gw3w8qwk2nykh0000gn/T/pytest-of-macbook-dev/pytest-11851/test_failed_provider_persists_1/user_dbs/1/ChaChaNotes.db...
2026-09-15 21:59:59.547 | INFO     | trace= span= tp= req= job= ps=: | tldw_Server_API.app.core.DB_Management.ChaChaNotes_DB:_migrate_from_v48_to_v49:9858 - [rag_char_chat_schema] Migration to V49 completed.
2026-09-15 21:59:59.548 | INFO     | trace= span= tp= req= job= ps=: | tldw_Server_API.app.core.DB_Management.ChaChaNotes_DB:_migrate_from_v49_to_v50:9870 - Migrating 'rag_char_chat_schema' schema from V49 to V50 for DB: /private/var/folders/sn/m80n2j152t9gw3w8qwk2nykh0000gn/T/pytest-of-macbook-dev/pytest-11851/test_failed_provider_persists_1/user_dbs/1/ChaChaNotes.db...
2026-09-15 21:59:59.549 | INFO     | trace= span= tp= req= job= ps=: | tldw_Server_API.app.core.DB_Management.ChaChaNotes_DB:_migrate_from_v49_to_v50:9879 - [rag_char_chat_schema] Migration to V50 completed.
2026-09-15 21:59:59.551 | INFO     | trace= span= tp= req= job= ps=: | tldw_Server_API.app.core.DB_Management.ChaChaNotes_DB:_migrate_from_v50_to_v51:9891 - Migrating 'rag_char_chat_schema' schema from V50 to V51 for DB: /private/var/folders/sn/m80n2j152t9gw3w8qwk2nykh0000gn/T/pytest-of-macbook-dev/pytest-11851/test_failed_provider_persists_1/user_dbs/1/ChaChaNotes.db...
2026-09-15 21:59:59.555 | INFO     | trace= span= tp= req= job= ps=: | tldw_Server_API.app.core.DB_Management.ChaChaNotes_DB:_migrate_from_v50_to_v51:9907 - [rag_char_chat_schema] Migration to V51 completed.
2026-09-15 21:59:59.556 | INFO     | trace= span= tp= req= job= ps=: | tldw_Server_API.app.core.DB_Management.ChaChaNotes_DB:_migrate_from_v51_to_v52:9919 - Migrating 'rag_char_chat_schema' schema from V51 to V52 for DB: /private/var/folders/sn/m80n2j152t9gw3w8qwk2nykh0000gn/T/pytest-of-macbook-dev/pytest-11851/test_failed_provider_persists_1/user_dbs/1/ChaChaNotes.db...
2026-09-15 21:59:59.569 | INFO     | trace= span= tp= req= job= ps=: | tldw_Server_API.app.core.DB_Management.ChaChaNotes_DB:_migrate_from_v51_to_v52:9931 - [rag_char_chat_schema] Migration to V52 completed.
2026-09-15 21:59:59.570 | INFO     | trace= span= tp= req= job= ps=: | tldw_Server_API.app.core.DB_Management.ChaChaNotes_DB:_migrate_from_v52_to_v53:9945 - Migrating 'rag_char_chat_schema' schema from V52 to V53 for DB: /private/var/folders/sn/m80n2j152t9gw3w8qwk2nykh0000gn/T/pytest-of-macbook-dev/pytest-11851/test_failed_provider_persists_1/user_dbs/1/ChaChaNotes.db...
2026-09-15 21:59:59.596 | INFO     | trace= span= tp= req= job= ps=: | tldw_Server_API.app.core.DB_Management.ChaChaNotes_DB:_migrate_from_v52_to_v53:9958 - [rag_char_chat_schema] Migration to V53 completed.
2026-09-15 21:59:59.597 | INFO     | trace= span= tp= req= job= ps=: | tldw_Server_API.app.core.DB_Management.ChaChaNotes_DB:_migrate_from_v53_to_v54:9972 - Migrating 'rag_char_chat_schema' schema from V53 to V54 for DB: /private/var/folders/sn/m80n2j152t9gw3w8qwk2nykh0000gn/T/pytest-of-macbook-dev/pytest-11851/test_failed_provider_persists_1/user_dbs/1/ChaChaNotes.db...
2026-09-15 21:59:59.599 | INFO     | trace= span= tp= req= job= ps=: | tldw_Server_API.app.core.DB_Management.ChaChaNotes_DB:_migrate_from_v53_to_v54:9984 - [rag_char_chat_schema] Migration to V54 completed.
2026-09-15 21:59:59.600 | INFO     | trace= span= tp= req= job= ps=: | tldw_Server_API.app.core.DB_Management.ChaChaNotes_DB:_migrate_from_v54_to_v55:9998 - Migrating 'rag_char_chat_schema' schema from V54 to V55 for DB: /private/var/folders/sn/m80n2j152t9gw3w8qwk2nykh0000gn/T/pytest-of-macbook-dev/pytest-11851/test_failed_provider_persists_1/user_dbs/1/ChaChaNotes.db...
2026-09-15 21:59:59.608 | INFO     | trace= span= tp= req= job= ps=: | tldw_Server_API.app.core.DB_Management.ChaChaNotes_DB:_migrate_from_v54_to_v55:10076 - [rag_char_chat_schema] Migration to V55 completed.
2026-09-15 21:59:59.609 | INFO     | trace= span= tp= req= job= ps=: | tldw_Server_API.app.core.DB_Management.ChaChaNotes_DB:_migrate_from_v55_to_v56:10180 - Migrating 'rag_char_chat_schema' schema from V55 to V56 for DB: /private/var/folders/sn/m80n2j152t9gw3w8qwk2nykh0000gn/T/pytest-of-macbook-dev/pytest-11851/test_failed_provider_persists_1/user_dbs/1/ChaChaNotes.db...
2026-09-15 22:00:00.428 | INFO     | trace= span= tp= req= job= ps=: | tldw_Server_API.app.core.DB_Management.ChaChaNotes_DB:_migrate_from_v64_to_v65:17609 - Migrating 'rag_char_chat_schema' schema from V64 to V65 for DB: /private/var/folders/sn/m80n2j152t9gw3w8qwk2nykh0000gn/T/pytest-of-macbook-dev/pytest-11851/test_failed_provider_persists_1/user_dbs/1/ChaChaNotes.db...
2026-09-15 22:00:00.461 | INFO     | trace= span= tp= req= job= ps=: | tldw_Server_API.app.core.DB_Management.ChaChaNotes_DB:_migrate_from_v64_to_v65:17626 - [rag_char_chat_schema] Migration to V65 completed.
2026-09-15 22:00:00.770 | WARNING  | trace= span= tp= req= job= ps=: | tldw_Server_API.app.core.DB_Management.ChaChaNotes_DB:_self_heal_character_cards_fts_sqlite:24635 - character_cards_fts out of sync (active=1 indexed=0); rebuilding.
2026-09-15 22:00:00.772 | INFO     | trace= span= tp= req= job= ps=: | tldw_Server_API.app.core.DB_Management.ChaChaNotes_DB:_initialize_schema_sqlite:20934 - Database schema 'rag_char_chat_schema' successfully initialized/migrated to version 67.
2026-09-15 22:00:00.784 | INFO     | trace= span= tp= req= job= ps=: | tldw_Server_API.app.core.DB_Management.chacha.character_store:add_character_card:162 - Added character card 'Helpful AI Assistant' with ID: 2.
2026-09-15 22:00:00.787 | INFO     | trace= span= tp= req= job= ps=: | tldw_Server_API.app.core.DB_Management.chacha.character_store:add_character_card:162 - Added character card 'Source Character' with ID: 3.
2026-09-15 22:00:00.792 | INFO     | trace= span= tp= req= job= ps=: | tldw_Server_API.app.api.v1.API_Deps.Audit_DB_Deps:_stop:309 - Audit service for user 1 stopped (removed).
2026-09-15 22:00:00.804 | INFO     | trace= span= tp= req= job= ps=: | tldw_Server_API.app.core.startup_preflight:run_preflight_checks:202 - Preflight [ffmpeg_available]: ok - found at /opt/homebrew/bin/ffmpeg
2026-09-15 22:00:00.805 | INFO     | trace= span= tp= req= job= ps=: | tldw_Server_API.app.core.startup_preflight:run_preflight_checks:202 - Preflight [disk_space]: ok - 83861 MB free
2026-09-15 22:00:00.806 | INFO     | trace= span= tp= req= job= ps=: | tldw_Server_API.app.core.startup_preflight:run_preflight_checks:202 - Preflight [database_directories]: ok - /Users/macbook-dev/Documents/GitHub/tldw_server2/tldw_Server_API/Databases
2026-09-15 22:00:00.807 | INFO     | trace= span= tp= req= job= ps=: | tldw_Server_API.app.core.startup_preflight:run_preflight_checks:202 - Preflight [python_dependencies]: ok
2026-09-15 22:00:00.808 | INFO     | trace= span= tp= req= job= ps=: | tldw_Server_API.app.core.startup_preflight:run_preflight_checks:202 - Preflight [database_connectivity]: ok - SQLite (no remote check needed)
2026-09-15 22:00:00.809 | INFO     | trace= span= tp= req= job= ps=: | tldw_Server_API.app.services.startup_preflight_reporting:run_startup_preflight_checks:17 - Preflight: 5 checks, 0 warnings, 0 failures
2026-09-15 22:00:00.814 | INFO     | trace= span= tp= req= job= ps=: | tldw_Server_API.app.services.startup_acp_validation:validate_startup_acp_configuration:30 - App Startup: ACP runner configuration validated
2026-09-15 22:00:00.815 | INFO     | trace= span= tp= req= job= ps=: | tldw_Server_API.app.services.startup_content_backend_validation:validate_startup_content_backend:13 - App Startup: PostgreSQL content backend validated
2026-09-15 22:00:00.819 | INFO     | trace= span= tp= req= job= ps=: | tldw_Server_API.app.services.startup_claims_prompt_validation:validate_startup_claims_prompt_validation:31 - App Startup: Claims prompt validation completed (mode=warning, strict=False)
2026-09-15 22:00:00.820 | INFO     | trace= span= tp= req= job= ps=: | tldw_Server_API.app.services.startup_telemetry:initialize_startup_telemetry:16 - App Startup: Initializing telemetry and metrics...
2026-09-15 22:00:00.821 | INFO     | trace= span= tp= req= job= ps=: | tldw_Server_API.app.core.Metrics.telemetry:__init__:460 - OpenTelemetry SDK disabled via OTEL_SDK_DISABLED
2026-09-15 22:00:00.822 | INFO     | trace= span= tp= req= job= ps=: | tldw_Server_API.app.services.startup_telemetry:initialize_startup_telemetry:21 - App Startup: OpenTelemetry initialized for service: tldw_server
2026-09-15 22:00:00.829 | WARNING  | trace= span= tp= req= job= ps=: | tldw_Server_API.app.services.startup_validation:run_startup_validations:31 - First-time setup is enabled. The setup API is local-only and blocks proxied requests. If running behind a reverse proxy, ensure /setup and /api/v1/setup are not publicly exposed, or set TLDW_SETUP_ALLOW_REMOTE=1 temporarily on trusted networks.
2026-09-15 22:00:00.886 | INFO     | trace= span= tp= req= job= ps=: | tldw_Server_API.app.core.AuthNZ.settings:get_settings:1588 - Settings initialized - Auth mode: single_user, profile=local-single-user
2026-09-15 22:00:00.906 | INFO     | trace= span= tp= req= job= ps=: | tldw_Server_API.app.core.AuthNZ.startup_integrity:verify_authnz_sqlite_startup_integrity:173 - AuthNZ startup integrity check passed for /Users/macbook-dev/Documents/GitHub/tldw_server2/Databases/users.db
2026-09-15 22:00:00.907 | INFO     | trace= span= tp= req= job= ps=: | tldw_Server_API.app.services.startup_core_initialization:initialize_startup_core_components:36 - App Startup: Initializing authentication services...
2026-09-15 22:00:00.908 | INFO     | trace= span= tp= req= job= ps=: | tldw_Server_API.app.services.startup_auth:init_auth_services:45 - App Startup: Database pool initialized
2026-09-15 22:00:00.969 | INFO     | trace= span= tp= req= job= ps=: | tldw_Server_API.app.core.AuthNZ.settings:get_settings:1588 - Settings initialized - Auth mode: single_user, profile=local-single-user
2026-09-15 22:00:00.970 | INFO     | trace= span= tp= req= job= ps=: | tldw_Server_API.app.core.AuthNZ.db_config:_detect_backend:83 - Detected database backend: sqlite
2026-09-15 22:00:00.971 | INFO     | trace= span= tp= req= job= ps=: | tldw_Server_API.app.core.AuthNZ.database:close:1665 - Database pool closed
2026-09-15 22:00:00.972 | INFO     | trace= span= tp= req= job= ps=: | tldw_Server_API.app.core.MCP_unified.server:shutdown:885 - Shutting down MCP Server
2026-09-15 22:00:00.973 | INFO     | trace= span= tp= req= job= ps=: | tldw_Server_API.app.core.MCP_unified.modules.registry:shutdown_all:530 - Shutting down all modules
2026-09-15 22:00:00.974 | INFO     | trace= span= tp= req= job= ps=: | tldw_Server_API.app.core.MCP_unified.modules.registry:shutdown_all:559 - All modules shut down
2026-09-15 22:00:01.031 | INFO     | trace= span= tp= req= job= ps=: | tldw_Server_API.app.core.AuthNZ.settings:get_settings:1588 - Settings initialized - Auth mode: single_user, profile=local-single-user
2026-09-15 22:00:01.032 | INFO     | trace= span= tp= req= job= ps=: | tldw_Server_API.app.core.AuthNZ.database:initialize:942 - Using SQLite database
2026-09-15 22:00:01.044 | INFO     | trace= span= tp= req= job= ps=: | tldw_Server_API.app.core.AuthNZ.database:_create_sqlite_schema:1150 - SQLite schema harmonization: ensuring AuthNZ tables
2026-09-15 22:00:01.095 | INFO     | trace= span= tp= req= job= ps=: | tldw_Server_API.app.core.AuthNZ.database:initialize:948 - Database pool initialized successfully
2026-09-15 22:00:01.165 | INFO     | trace= span= tp= req= job= ps=: | tldw_Server_API.app.services.startup_auth:init_auth_services:74 - App Startup: Ensured single-user RBAC seed (baseline roles/permissions)
2026-09-15 22:00:01.166 | INFO     | trace= span= tp= req= job= ps=: | tldw_Server_API.app.core.AuthNZ.database:initialize:942 - Using SQLite database
2026-09-15 22:00:01.176 | INFO     | trace= span= tp= req= job= ps=: | tldw_Server_API.app.core.AuthNZ.database:_create_sqlite_schema:1150 - SQLite schema harmonization: ensuring AuthNZ tables
2026-09-15 22:00:01.221 | INFO     | trace= span= tp= req= job= ps=: | tldw_Server_API.app.core.AuthNZ.database:initialize:948 - Database pool initialized successfully
2026-09-15 22:00:01.230 | INFO     | trace= span= tp= req= job= ps=: | tldw_Server_API.app.services.startup_auth:init_auth_services:87 - App Startup: Loaded LLM provider overrides
2026-09-15 22:00:01.263 | INFO     | trace= span= tp= req= job= ps=: | tldw_Server_API.app.core.Resource_Governance.policy_loader:load_once:134 - ResourceGovernor policy loaded: version=1, policies=43, path=/Users/macbook-dev/Documents/GitHub/tldw_server2/tldw_Server_API/Config_Files/resource_governor_policies.yaml
2026-09-15 22:00:01.264 | INFO     | trace= span= tp= req= job= ps=: | tldw_Server_API.app.services.startup_resource_governor:init_resource_governor:106 - ResourceGovernor initialized (memory backend)
2026-09-15 22:00:01.290 | WARNING  | trace= span= tp= req= job= ps=: | tldw_Server_API.app.services.startup_resource_governor:_audit_route_map_coverage:227 - RG route_map missing coverage for 387 routes; sample: /api/v1/workspaces/migrations (tags=['workspaces']), /api/v1/workspaces/migrations/{migration_id} (tags=['workspaces']), /api/v1/workspaces/migrations/{migration_id}/chunks/{chunk_id} (tags=['workspaces']), /api/v1/workspaces/migrations/{migration_id}/finalize (tags=['workspaces']), /api/v1/workspaces/migrations/{migration_id}/client-delete-ack (tags=['workspaces']), /api/v1/workspaces/ (tags=['workspaces']), /api/v1/workspaces/{workspace_id} (tags=['workspaces']), /api/v1/workspaces/{workspace_id}/index (tags=['workspaces']), /api/v1/workspaces/{workspace_id}/memberships (tags=['workspaces']), /api/v1/workspaces/{workspace_id}/memberships/{resource_type}/{resource_id} (tags=['workspaces'])
2026-09-15 22:00:01.292 | INFO     | trace= span= tp= req= job= ps=: | tldw_Server_API.app.services.startup_auth_runtime:initialize_auth_runtime_services:35 - App Startup: Session manager initialized
2026-09-15 22:00:01.321 | INFO     | trace= span= tp= req= job= ps=: | tldw_Server_API.app.core.PrivilegeMaps.startup:validate_privilege_metadata_on_startup:31 - Privilege catalog validated (version=1.0.0, scopes=112, mapped_routes=282)
2026-09-15 22:00:01.342 | INFO     | trace= span= tp= req= job= ps=: | tldw_Server_API.app.core.Persona.archetype_loader:load_archetypes_from_directory:83 - Loaded 6 archetype(s) from /Users/macbook-dev/Documents/GitHub/tldw_server2/tldw_Server_API/Config_Files/persona_archetypes
2026-09-15 22:00:01.350 | INFO     | trace= span= tp= req= job= ps=: | mcp_unified.federation.catalog_loader:load_mcp_catalog:80 - Loaded 5 MCP catalog entry/entries from /Users/macbook-dev/Documents/GitHub/tldw_server2/tldw_Server_API/Config_Files/mcp_server_catalog.yaml
2026-09-15 22:00:01.351 | INFO     | trace= span= tp= req= job= ps=: | tldw_Server_API.app.services.startup_core_initialization:initialize_startup_core_components:61 - App Startup: Initializing Chat module components...
2026-09-15 22:00:01.355 | INFO     | trace= span= tp= req= job= ps=: | tldw_Server_API.app.core.MCP_unified.config:get_config:589 - MCP configuration loaded successfully
2026-09-15 22:00:01.356 | INFO     | trace= span= tp= req= job= ps=: | tldw_Server_API.app.core.MCP_unified.modules.registry:__init__:77 - Module registry initialized
2026-09-15 22:00:01.357 | INFO     | trace= span= tp= req= job= ps=: | tldw_Server_API.app.core.MCP_unified.protocol:__init__:471 - MCP Protocol handler initialized
2026-09-15 22:00:01.358 | WARNING  | trace= span= tp= req= job= ps=: | tldw_Server_API.app.services.shutdown_transport_registry:register_family:89 - Shutdown transport family re-registered; replacing existing entry: mcp.websocket
2026-09-15 22:00:01.359 | INFO     | trace= span= tp= req= job= ps=: | tldw_Server_API.app.core.MCP_unified.server:__init__:386 - MCP Server created
2026-09-15 22:00:01.360 | INFO     | trace= span= tp= req= job= ps=: | tldw_Server_API.app.services.startup_heavy_init:_init_mcp_server:165 - App Startup: Initializing MCP Unified server...
2026-09-15 22:00:01.361 | INFO     | trace= span= tp= req= job= ps=: | tldw_Server_API.app.core.MCP_unified.server:initialize:718 - Initializing MCP Server
2026-09-15 22:00:01.361 | INFO     | trace= span= tp= req= job= ps=: | tldw_Server_API.app.core.MCP_unified.modules.registry:start_health_monitoring:116 - Health monitoring started
2026-09-15 22:00:01.375 | INFO     | trace= span= tp= req= job= ps=: | tldw_Server_API.app.core.MCP_unified.server:_register_default_modules:1004 - Loaded 20 MCP modules from tldw_Server_API/Config_Files/mcp_modules.yaml
2026-09-15 22:00:01.376 | INFO     | trace= span= tp= req= job= ps=: | tldw_Server_API.app.core.MCP_unified.modules.registry:register_module:156 - Registering module: media
2026-09-15 22:00:01.378 | INFO     | trace= span= tp= req= job= ps=: | tldw_Server_API.app.core.MCP_unified.modules.base:__init__:371 - Module created: Media v1.0.0
2026-09-15 22:00:01.379 | INFO     | trace= span= tp= req= job= ps=: | tldw_Server_API.app.core.MCP_unified.modules.base:initialize:390 - Initializing module: Media
2026-09-15 22:00:01.382 | INFO     | trace= span= tp= req= job= ps=: | tldw_Server_API.app.core.DB_Management.media_db.runtime.bootstrap_lifecycle_ops:initialize_media_database:79 - Initializing Database object for path: /Users/macbook-dev/Documents/GitHub/tldw_server2/Databases/user_databases/1/Media_DB_v2.db [Client ID: mcp_media_Media]
2026-09-15 22:00:01.390 | INFO     | trace= span= tp= req= job= ps=: | tldw_Server_API.app.core.DB_Management.media_db.schema.backends.sqlite_helpers:bootstrap_sqlite_schema:223 - Checking DB schema. Current version: 26. Code supports: 26
2026-09-15 22:00:01.392 | INFO     | trace= span= tp= req= job= ps=: | tldw_Server_API.app.core.MCP_unified.modules.implementations.media_module:on_initialize:125 - Media module initialized with database: Databases/user_databases/1/Media_DB_v2.db
2026-09-15 22:00:01.407 | INFO     | trace= span= tp= req= job= ps=: | tldw_Server_API.app.core.MCP_unified.modules.base:initialize:405 - Module initialized successfully: Media
2026-09-15 22:00:01.418 | INFO     | trace= span= tp= req= job= ps=: | tldw_Server_API.app.core.MCP_unified.modules.registry:_initialize_module:201 - Module media initialized successfully
2026-09-15 22:00:01.419 | INFO     | trace= span= tp= req= job= ps=: | tldw_Server_API.app.core.MCP_unified.server:_register_default_modules:1260 - Registered MCP module: media (tldw_Server_API.app.core.MCP_unified.modules.implementations.media_module:MediaModule)
2026-09-15 22:00:01.420 | INFO     | trace= span= tp= req= job= ps=: | tldw_Server_API.app.core.MCP_unified.modules.registry:register_module:156 - Registering module: template
2026-09-15 22:00:01.422 | INFO     | trace= span= tp= req= job= ps=: | tldw_Server_API.app.core.MCP_unified.modules.base:__init__:371 - Module created: Template v1.0.0
2026-09-15 22:00:01.423 | INFO     | trace= span= tp= req= job= ps=: | tldw_Server_API.app.core.MCP_unified.modules.base:initialize:390 - Initializing module: Template
2026-09-15 22:00:01.424 | INFO     | trace= span= tp= req= job= ps=: | tldw_Server_API.app.core.MCP_unified.modules.implementations.template_module:on_initialize:19 - Initializing module: Template
2026-09-15 22:00:01.425 | INFO     | trace= span= tp= req= job= ps=: | tldw_Server_API.app.core.MCP_unified.modules.base:initialize:405 - Module initialized successfully: Template
2026-09-15 22:00:01.427 | INFO     | trace= span= tp= req= job= ps=: | tldw_Server_API.app.core.MCP_unified.modules.registry:_initialize_module:201 - Module template initialized successfully
2026-09-15 22:00:01.427 | INFO     | trace= span= tp= req= job= ps=: | tldw_Server_API.app.core.MCP_unified.server:_register_default_modules:1260 - Registered MCP module: template (tldw_Server_API.app.core.MCP_unified.modules.implementations.template_module:TemplateModule)
2026-09-15 22:00:01.428 | INFO     | trace= span= tp= req= job= ps=: | tldw_Server_API.app.core.MCP_unified.modules.registry:register_module:156 - Registering module: mcp_discovery
2026-09-15 22:00:01.430 | INFO     | trace= span= tp= req= job= ps=: | tldw_Server_API.app.core.MCP_unified.modules.base:__init__:371 - Module created: MCP Discovery v1.0.0
2026-09-15 22:00:01.431 | INFO     | trace= span= tp= req= job= ps=: | tldw_Server_API.app.core.MCP_unified.modules.base:initialize:390 - Initializing module: MCP Discovery
2026-09-15 22:00:01.432 | INFO     | trace= span= tp= req= job= ps=: | tldw_Server_API.app.core.MCP_unified.modules.implementations.mcp_discovery_module:on_initialize:27 - Initializing MCP discovery module: MCP Discovery
2026-09-15 22:00:01.433 | INFO     | trace= span= tp= req= job= ps=: | tldw_Server_API.app.core.MCP_unified.modules.base:initialize:405 - Module initialized successfully: MCP Discovery
2026-09-15 22:00:01.436 | INFO     | trace= span= tp= req= job= ps=: | tldw_Server_API.app.core.MCP_unified.modules.registry:_initialize_module:201 - Module mcp_discovery initialized successfully
2026-09-15 22:00:01.437 | INFO     | trace= span= tp= req= job= ps=: | tldw_Server_API.app.core.MCP_unified.server:_register_default_modules:1260 - Registered MCP module: mcp_discovery (tldw_Server_API.app.core.MCP_unified.modules.implementations.mcp_discovery_module:MCPDiscoveryModule)
2026-09-15 22:00:01.438 | INFO     | trace= span= tp= req= job= ps=: | tldw_Server_API.app.core.MCP_unified.modules.registry:register_module:156 - Registering module: governance
2026-09-15 22:00:01.440 | INFO     | trace= span= tp= req= job= ps=: | tldw_Server_API.app.core.MCP_unified.modules.base:__init__:371 - Module created: Governance v1.0.0
2026-09-15 22:00:01.441 | INFO     | trace= span= tp= req= job= ps=: | tldw_Server_API.app.core.MCP_unified.modules.base:initialize:390 - Initializing module: Governance
2026-09-15 22:00:01.445 | INFO     | trace= span= tp= req= job= ps=: | tldw_Server_API.app.core.MCP_unified.modules.implementations.governance_module:on_initialize:33 - Initializing Governance module: Governance
2026-09-15 22:00:01.446 | INFO     | trace= span= tp= req= job= ps=: | tldw_Server_API.app.core.MCP_unified.modules.base:initialize:405 - Module initialized successfully: Governance
2026-09-15 22:00:01.450 | INFO     | trace= span= tp= req= job= ps=: | tldw_Server_API.app.core.MCP_unified.modules.registry:_initialize_module:201 - Module governance initialized successfully
2026-09-15 22:00:01.451 | INFO     | trace= span= tp= req= job= ps=: | tldw_Server_API.app.core.MCP_unified.server:_register_default_modules:1260 - Registered MCP module: governance (tldw_Server_API.app.core.MCP_unified.modules.implementations.governance_module:GovernanceModule)
2026-09-15 22:00:01.452 | INFO     | trace= span= tp= req= job= ps=: | tldw_Server_API.app.core.MCP_unified.server:_register_default_modules:1229 - Skipping disabled module: external_federation
2026-09-15 22:00:01.453 | INFO     | trace= span= tp= req= job= ps=: | tldw_Server_API.app.core.MCP_unified.modules.registry:register_module:156 - Registering module: notes
2026-09-15 22:00:01.455 | INFO     | trace= span= tp= req= job= ps=: | tldw_Server_API.app.core.MCP_unified.modules.base:__init__:371 - Module created: Notes v1.0.0
2026-09-15 22:00:01.456 | INFO     | trace= span= tp= req= job= ps=: | tldw_Server_API.app.core.MCP_unified.modules.base:initialize:390 - Initializing module: Notes
2026-09-15 22:00:01.457 | INFO     | trace= span= tp= req= job= ps=: | tldw_Server_API.app.core.MCP_unified.modules.implementations.notes_module:on_initialize:128 - Initializing Notes module: Notes
2026-09-15 22:00:01.459 | INFO     | trace= span= tp= req= job= ps=: | tldw_Server_API.app.core.MCP_unified.modules.base:initialize:405 - Module initialized successfully: Notes
2026-09-15 22:00:01.474 | INFO     | trace= span= tp= req= job= ps=: | tldw_Server_API.app.core.MCP_unified.modules.registry:_initialize_module:201 - Module notes initialized successfully
2026-09-15 22:00:01.476 | INFO     | trace= span= tp= req= job= ps=: | tldw_Server_API.app.core.MCP_unified.server:_register_default_modules:1260 - Registered MCP module: notes (tldw_Server_API.app.core.MCP_unified.modules.implementations.notes_module:NotesModule)
2026-09-15 22:00:01.477 | INFO     | trace= span= tp= req= job= ps=: | tldw_Server_API.app.core.MCP_unified.modules.registry:register_module:156 - Registering module: prompts
2026-09-15 22:00:01.479 | INFO     | trace= span= tp= req= job= ps=: | tldw_Server_API.app.core.MCP_unified.modules.base:__init__:371 - Module created: Prompts v1.0.0
2026-09-15 22:00:01.480 | INFO     | trace= span= tp= req= job= ps=: | tldw_Server_API.app.core.MCP_unified.modules.base:initialize:390 - Initializing module: Prompts
2026-09-15 22:00:01.481 | INFO     | trace= span= tp= req= job= ps=: | tldw_Server_API.app.core.MCP_unified.modules.implementations.prompts_module:on_initialize:51 - Initializing Prompts module: Prompts
2026-09-15 22:00:01.482 | INFO     | trace= span= tp= req= job= ps=: | tldw_Server_API.app.core.MCP_unified.modules.base:initialize:405 - Module initialized successfully: Prompts
2026-09-15 22:00:01.485 | INFO     | trace= span= tp= req= job= ps=: | tldw_Server_API.app.core.MCP_unified.modules.registry:_initialize_module:201 - Module prompts initialized successfully
2026-09-15 22:00:01.486 | INFO     | trace= span= tp= req= job= ps=: | tldw_Server_API.app.core.MCP_unified.server:_register_default_modules:1260 - Registered MCP module: prompts (tldw_Server_API.app.core.MCP_unified.modules.implementations.prompts_module:PromptsModule)
2026-09-15 22:00:01.487 | INFO     | trace= span= tp= req= job= ps=: | tldw_Server_API.app.core.MCP_unified.modules.registry:register_module:156 - Registering module: skills
2026-09-15 22:00:01.489 | INFO     | trace= span= tp= req= job= ps=: | tldw_Server_API.app.core.MCP_unified.modules.base:__init__:371 - Module created: Skills v0.1.0
2026-09-15 22:00:01.490 | INFO     | trace= span= tp= req= job= ps=: | tldw_Server_API.app.core.MCP_unified.modules.base:initialize:390 - Initializing module: Skills
2026-09-15 22:00:01.491 | INFO     | trace= span= tp= req= job= ps=: | tldw_Server_API.app.core.MCP_unified.modules.base:initialize:405 - Module initialized successfully: Skills
2026-09-15 22:00:01.494 | INFO     | trace= span= tp= req= job= ps=: | tldw_Server_API.app.core.MCP_unified.modules.registry:_initialize_module:201 - Module skills initialized successfully
2026-09-15 22:00:01.496 | INFO     | trace= span= tp= req= job= ps=: | tldw_Server_API.app.core.MCP_unified.server:_register_default_modules:1260 - Registered MCP module: skills (tldw_Server_API.app.core.MCP_unified.modules.implementations.skills_module:SkillsModule)
2026-09-15 22:00:01.497 | INFO     | trace= span= tp= req= job= ps=: | tldw_Server_API.app.core.MCP_unified.modules.registry:register_module:156 - Registering module: cooking
2026-09-15 22:00:01.499 | INFO     | trace= span= tp= req= job= ps=: | tldw_Server_API.app.core.MCP_unified.modules.base:__init__:371 - Module created: Cooking v1.0.0
2026-09-15 22:00:01.500 | INFO     | trace= span= tp= req= job= ps=: | tldw_Server_API.app.core.MCP_unified.modules.base:initialize:390 - Initializing module: Cooking
2026-09-15 22:00:01.501 | INFO     | trace= span= tp= req= job= ps=: | tldw_Server_API.app.core.MCP_unified.modules.base:initialize:405 - Module initialized successfully: Cooking
2026-09-15 22:00:01.503 | INFO     | trace= span= tp= req= job= ps=: | tldw_Server_API.app.core.MCP_unified.modules.registry:_initialize_module:201 - Module cooking initialized successfully
2026-09-15 22:00:01.504 | INFO     | trace= span= tp= req= job= ps=: | tldw_Server_API.app.core.MCP_unified.server:_register_default_modules:1260 - Registered MCP module: cooking (tldw_Server_API.app.core.MCP_unified.modules.implementations.cooking_module:CookingModule)
2026-09-15 22:00:01.504 | INFO     | trace= span= tp= req= job= ps=: | tldw_Server_API.app.core.MCP_unified.server:_register_default_modules:1229 - Skipping disabled module: persona_visuals
2026-09-15 22:00:01.506 | INFO     | trace= span= tp= req= job= ps=: | tldw_Server_API.app.core.MCP_unified.server:_register_default_modules:1229 - Skipping disabled module: filesystem
2026-09-15 22:00:01.507 | INFO     | trace= span= tp= req= job= ps=: | tldw_Server_API.app.core.MCP_unified.server:_register_default_modules:1229 - Skipping disabled module: codegraph
2026-09-15 22:00:01.507 | INFO     | trace= span= tp= req= job= ps=: | tldw_Server_API.app.core.MCP_unified.modules.registry:register_module:156 - Registering module: knowledge
2026-09-15 22:00:01.509 | INFO     | trace= span= tp= req= job= ps=: | tldw_Server_API.app.core.MCP_unified.modules.base:__init__:371 - Module created: Knowledge v1.0.0
2026-09-15 22:00:01.511 | INFO     | trace= span= tp= req= job= ps=: | tldw_Server_API.app.core.MCP_unified.modules.base:initialize:390 - Initializing module: Knowledge
2026-09-15 22:00:01.512 | INFO     | trace= span= tp= req= job= ps=: | tldw_Server_API.app.core.MCP_unified.modules.implementations.knowledge_module:on_initialize:36 - Initializing Knowledge module: Knowledge
2026-09-15 22:00:01.513 | INFO     | trace= span= tp= req= job= ps=: | tldw_Server_API.app.core.MCP_unified.modules.base:initialize:405 - Module initialized successfully: Knowledge
2026-09-15 22:00:01.516 | INFO     | trace= span= tp= req= job= ps=: | tldw_Server_API.app.core.MCP_unified.modules.registry:_initialize_module:201 - Module knowledge initialized successfully
2026-09-15 22:00:01.517 | INFO     | trace= span= tp= req= job= ps=: | tldw_Server_API.app.core.MCP_unified.server:_register_default_modules:1260 - Registered MCP module: knowledge (tldw_Server_API.app.core.MCP_unified.modules.implementations.knowledge_module:KnowledgeModule)
2026-09-15 22:00:01.518 | INFO     | trace= span= tp= req= job= ps=: | tldw_Server_API.app.core.MCP_unified.modules.registry:register_module:156 - Registering module: docs
2026-09-15 22:00:01.520 | INFO     | trace= span= tp= req= job= ps=: | tldw_Server_API.app.core.MCP_unified.modules.base:__init__:371 - Module created: Docs Corpus v0.1.0
2026-09-15 22:00:01.521 | INFO     | trace= span= tp= req= job= ps=: | tldw_Server_API.app.core.MCP_unified.modules.base:initialize:390 - Initializing module: Docs Corpus
2026-09-15 22:00:01.528 | INFO     | trace= span= tp= req= job= ps=: | tldw_Server_API.app.core.MCP_unified.modules.implementations.docs_module:on_initialize:32 - Initialized Docs MCP module with db_path=Databases/mcp_docs.db
2026-09-15 22:00:01.529 | INFO     | trace= span= tp= req= job= ps=: | tldw_Server_API.app.core.MCP_unified.modules.base:initialize:405 - Module initialized successfully: Docs Corpus
2026-09-15 22:00:01.542 | INFO     | trace= span= tp= req= job= ps=: | tldw_Server_API.app.core.MCP_unified.modules.registry:_initialize_module:201 - Module docs initialized successfully
2026-09-15 22:00:01.543 | INFO     | trace= span= tp= req= job= ps=: | tldw_Server_API.app.core.MCP_unified.server:_register_default_modules:1260 - Registered MCP module: docs (tldw_Server_API.app.core.MCP_unified.modules.implementations.docs_module:DocsModule)
2026-09-15 22:00:01.544 | INFO     | trace= span= tp= req= job= ps=: | tldw_Server_API.app.core.MCP_unified.modules.registry:register_module:156 - Registering module: rag
2026-09-15 22:00:01.547 | INFO     | trace= span= tp= req= job= ps=: | tldw_Server_API.app.core.MCP_unified.modules.base:__init__:371 - Module created: RAG v1.0.0
2026-09-15 22:00:01.547 | INFO     | trace= span= tp= req= job= ps=: | tldw_Server_API.app.core.MCP_unified.modules.base:initialize:390 - Initializing module: RAG
2026-09-15 22:00:01.548 | INFO     | trace= span= tp= req= job= ps=: | tldw_Server_API.app.core.MCP_unified.modules.base:initialize:405 - Module initialized successfully: RAG
2026-09-15 22:00:01.553 | INFO     | trace= span= tp= req= job= ps=: | tldw_Server_API.app.core.MCP_unified.modules.registry:_initialize_module:201 - Module rag initialized successfully
2026-09-15 22:00:01.554 | INFO     | trace= span= tp= req= job= ps=: | tldw_Server_API.app.core.MCP_unified.server:_register_default_modules:1260 - Registered MCP module: rag (tldw_Server_API.app.core.MCP_unified.modules.implementations.rag_module:RagModule)
2026-09-15 22:00:01.555 | INFO     | trace= span= tp= req= job= ps=: | tldw_Server_API.app.core.MCP_unified.server:_register_default_modules:1229 - Skipping disabled module: run_command
2026-09-15 22:00:01.556 | INFO     | trace= span= tp= req= job= ps=: | tldw_Server_API.app.core.MCP_unified.modules.registry:register_module:156 - Registering module: kanban
2026-09-15 22:00:01.558 | INFO     | trace= span= tp= req= job= ps=: | tldw_Server_API.app.core.MCP_unified.modules.base:__init__:371 - Module created: Kanban v1.0.0
2026-09-15 22:00:01.559 | INFO     | trace= span= tp= req= job= ps=: | tldw_Server_API.app.core.MCP_unified.modules.base:initialize:390 - Initializing module: Kanban
2026-09-15 22:00:01.560 | INFO     | trace= span= tp= req= job= ps=: | tldw_Server_API.app.core.MCP_unified.modules.implementations.kanban_module:on_initialize:86 - Initializing Kanban module: Kanban
2026-09-15 22:00:01.562 | INFO     | trace= span= tp= req= job= ps=: | tldw_Server_API.app.core.MCP_unified.modules.base:initialize:405 - Module initialized successfully: Kanban
2026-09-15 22:00:01.607 | INFO     | trace= span= tp= req= job= ps=: | tldw_Server_API.app.core.MCP_unified.modules.registry:_initialize_module:201 - Module kanban initialized successfully
2026-09-15 22:00:01.608 | INFO     | trace= span= tp= req= job= ps=: | tldw_Server_API.app.core.MCP_unified.server:_register_default_modules:1260 - Registered MCP module: kanban (tldw_Server_API.app.core.MCP_unified.modules.implementations.kanban_module:KanbanModule)
2026-09-15 22:00:01.609 | INFO     | trace= span= tp= req= job= ps=: | tldw_Server_API.app.core.MCP_unified.modules.registry:register_module:156 - Registering module: quizzes
2026-09-15 22:00:01.611 | INFO     | trace= span= tp= req= job= ps=: | tldw_Server_API.app.core.MCP_unified.modules.base:__init__:371 - Module created: Quizzes v1.0.0
2026-09-15 22:00:01.612 | INFO     | trace= span= tp= req= job= ps=: | tldw_Server_API.app.core.MCP_unified.modules.base:initialize:390 - Initializing module: Quizzes
2026-09-15 22:00:01.613 | INFO     | trace= span= tp= req= job= ps=: | tldw_Server_API.app.core.MCP_unified.modules.implementations.quizzes_module:on_initialize:46 - Initializing Quizzes module: Quizzes
2026-09-15 22:00:01.615 | INFO     | trace= span= tp= req= job= ps=: | tldw_Server_API.app.core.MCP_unified.modules.base:initialize:405 - Module initialized successfully: Quizzes
2026-09-15 22:00:01.628 | INFO     | trace= span= tp= req= job= ps=: | tldw_Server_API.app.core.MCP_unified.modules.registry:_initialize_module:201 - Module quizzes initialized successfully
2026-09-15 22:00:01.630 | INFO     | trace= span= tp= req= job= ps=: | tldw_Server_API.app.core.MCP_unified.server:_register_default_modules:1260 - Registered MCP module: quizzes (tldw_Server_API.app.core.MCP_unified.modules.implementations.quizzes_module:QuizzesModule)
2026-09-15 22:00:01.631 | INFO     | trace= span= tp= req= job= ps=: | tldw_Server_API.app.core.MCP_unified.modules.registry:register_module:156 - Registering module: flashcards
2026-09-15 22:00:01.633 | INFO     | trace= span= tp= req= job= ps=: | tldw_Server_API.app.core.MCP_unified.modules.base:__init__:371 - Module created: Flashcards v1.0.0
2026-09-15 22:00:01.634 | INFO     | trace= span= tp= req= job= ps=: | tldw_Server_API.app.core.MCP_unified.modules.base:initialize:390 - Initializing module: Flashcards
2026-09-15 22:00:01.635 | INFO     | trace= span= tp= req= job= ps=: | tldw_Server_API.app.core.MCP_unified.modules.implementations.flashcards_module:on_initialize:49 - Initializing Flashcards module: Flashcards
2026-09-15 22:00:01.637 | INFO     | trace= span= tp= req= job= ps=: | tldw_Server_API.app.core.MCP_unified.modules.base:initialize:405 - Module initialized successfully: Flashcards
2026-09-15 22:00:01.650 | INFO     | trace= span= tp= req= job= ps=: | tldw_Server_API.app.core.MCP_unified.modules.registry:_initialize_module:201 - Module flashcards initialized successfully
2026-09-15 22:00:01.651 | INFO     | trace= span= tp= req= job= ps=: | tldw_Server_API.app.core.MCP_unified.server:_register_default_modules:1260 - Registered MCP module: flashcards (tldw_Server_API.app.core.MCP_unified.modules.implementations.flashcards_module:FlashcardsModule)
2026-09-15 22:00:01.652 | INFO     | trace= span= tp= req= job= ps=: | tldw_Server_API.app.core.MCP_unified.modules.registry:register_module:156 - Registering module: slides
2026-09-15 22:00:01.654 | INFO     | trace= span= tp= req= job= ps=: | tldw_Server_API.app.core.MCP_unified.modules.base:__init__:371 - Module created: Slides v1.0.0
2026-09-15 22:00:01.655 | INFO     | trace= span= tp= req= job= ps=: | tldw_Server_API.app.core.MCP_unified.modules.base:initialize:390 - Initializing module: Slides
2026-09-15 22:00:01.656 | INFO     | trace= span= tp= req= job= ps=: | tldw_Server_API.app.core.MCP_unified.modules.implementations.slides_module:on_initialize:63 - Initializing Slides module: Slides
2026-09-15 22:00:01.658 | INFO     | trace= span= tp= req= job= ps=: | tldw_Server_API.app.core.MCP_unified.modules.base:initialize:405 - Module initialized successfully: Slides
2026-09-15 22:00:01.678 | INFO     | trace= span= tp= req= job= ps=: | tldw_Server_API.app.core.MCP_unified.modules.registry:_initialize_module:201 - Module slides initialized successfully
2026-09-15 22:00:01.679 | INFO     | trace= span= tp= req= job= ps=: | tldw_Server_API.app.core.MCP_unified.server:_register_default_modules:1260 - Registered MCP module: slides (tldw_Server_API.app.core.MCP_unified.modules.implementations.slides_module:SlidesModule)
2026-09-15 22:00:01.718 | INFO     | trace= span= tp= req= job= ps=: | tldw_Server_API.app.core.MCP_unified.server:initialize:755 - MCP Server initialized successfully
2026-09-15 22:00:01.719 | INFO     | trace= span= tp= req= job= ps=: | tldw_Server_API.app.services.startup_heavy_init:_init_mcp_server:167 - App Startup: MCP Unified server initialized successfully
2026-09-15 22:00:01.843 | INFO     | trace= span= tp= req= job= ps=: | tldw_Server_API.app.services.startup_heavy_init:_init_provider_manager:194 - App Startup: Provider manager initialized with 124 providers
2026-09-15 22:00:01.845 | INFO     | trace= span= tp= req= job= ps=: | tldw_Server_API.app.services.startup_heavy_init:_init_request_queue:236 - App Startup: Request queue disabled (QUEUED_EXECUTION is off)
2026-09-15 22:00:01.846 | INFO     | trace= span= tp= req= job= ps=: | tldw_Server_API.app.services.startup_heavy_init:_init_rate_limiter:270 - App Startup: Rate limiter initialized
2026-09-15 22:00:01.847 | INFO     | trace= span= tp= req= job= ps=: | tldw_Server_API.app.core.TTS.voice_manager:start_background_tasks:1562 - Voice manager background tasks started
2026-09-15 22:00:01.848 | INFO     | trace= span= tp= req= job= ps=: | tldw_Server_API.app.core.TTS.voice_manager:init_voice_manager:1615 - Voice manager initialized
2026-09-15 22:00:01.848 | INFO     | trace= span= tp= req= job= ps=: | tldw_Server_API.app.services.startup_heavy_init:_init_tts_service:289 - App Startup: TTS service initialized successfully
2026-09-15 22:00:01.851 | INFO     | trace= span= tp= req= job= ps=: | tldw_Server_API.app.core.DB_Management.media_db.runtime.bootstrap_lifecycle_ops:initialize_media_database:79 - Initializing Database object for path: /private/var/folders/sn/m80n2j152t9gw3w8qwk2nykh0000gn/T/pytest-of-macbook-dev/pytest-11851/test_failed_provider_persists_1/user_dbs/1/Media_DB_v2.db [Client ID: system]
2026-09-15 22:00:01.858 | INFO     | trace= span= tp= req= job= ps=: | tldw_Server_API.app.core.DB_Management.media_db.schema.backends.sqlite_helpers:bootstrap_sqlite_schema:223 - Checking DB schema. Current version: 0. Code supports: 26
2026-09-15 22:00:01.859 | INFO     | trace= span= tp= req= job= ps=: | tldw_Server_API.app.core.DB_Management.media_db.schema.features.core_media:apply_sqlite_core_media_schema:276 - Applying initial schema (Version 1) to DB: /private/var/folders/sn/m80n2j152t9gw3w8qwk2nykh0000gn/T/pytest-of-macbook-dev/pytest-11851/test_failed_provider_persists_1/user_dbs/1/Media_DB_v2.db...
2026-09-15 22:00:01.935 | INFO     | trace= span= tp= req= job= ps=: | tldw_Server_API.app.core.DB_Management.media_db.schema.features.core_media:apply_sqlite_core_media_schema:302 - [Schema V1] Core Schema V1 (incl. version update) applied successfully for DB: /private/var/folders/sn/m80n2j152t9gw3w8qwk2nykh0000gn/T/pytest-of-macbook-dev/pytest-11851/test_failed_provider_persists_1/user_dbs/1/Media_DB_v2.db.
2026-09-15 22:00:01.941 | INFO     | trace= span= tp= req= job= ps=: | tldw_Server_API.app.core.DB_Management.media_db.schema.features.core_media:apply_sqlite_core_media_schema:310 - [Schema V1] FTS Tables created successfully.
2026-09-15 22:00:01.948 | INFO     | trace= span= tp= req= job= ps=: | tldw_Server_API.app.core.DB_Management.media_db.schema.backends.sqlite_helpers:bootstrap_sqlite_schema:267 - Database schema initialized to version 26.
2026-09-15 22:00:01.951 | INFO     | trace= span= tp= req= job= ps=: | tldw_Server_API.app.core.Chunking.template_initialization:_append_template:90 - Loaded template: transcript_dialogue from pkg:transcript_dialogue.json
2026-09-15 22:00:01.952 | INFO     | trace= span= tp= req= job= ps=: | tldw_Server_API.app.core.Chunking.template_initialization:_append_template:90 - Loaded template: legal_document from pkg:legal_document.json
2026-09-15 22:00:01.953 | INFO     | trace= span= tp= req= job= ps=: | tldw_Server_API.app.core.Chunking.template_initialization:_append_template:90 - Loaded template: chat_conversation from pkg:chat_conversation.json
2026-09-15 22:00:01.955 | INFO     | trace= span= tp= req= job= ps=: | tldw_Server_API.app.core.Chunking.template_initialization:_append_template:90 - Loaded template: code_documentation from pkg:code_documentation.json
2026-09-15 22:00:01.956 | INFO     | trace= span= tp= req= job= ps=: | tldw_Server_API.app.core.Chunking.template_initialization:_append_template:90 - Loaded template: book_chapters from pkg:book_chapters.json
2026-09-15 22:00:01.957 | INFO     | trace= span= tp= req= job= ps=: | tldw_Server_API.app.core.Chunking.template_initialization:_append_template:90 - Loaded template: academic_paper from pkg:academic_paper.json
2026-09-15 22:00:01.972 | INFO     | trace= span= tp= req= job= ps=: | tldw_Server_API.app.core.DB_Management.media_db.runtime.chunk_template_ops:create_chunking_template:97 - Created chunking template 'transcript_dialogue' with UUID af3aabc4-acfa-482a-b501-74c5d12bf66c
2026-09-15 22:00:01.973 | INFO     | trace= span= tp= req= job= ps=: | tldw_Server_API.app.core.DB_Management.media_db.api:seed_builtin_templates:1065 - Seeded built-in template: transcript_dialogue
2026-09-15 22:00:01.984 | INFO     | trace= span= tp= req= job= ps=: | tldw_Server_API.app.core.DB_Management.media_db.runtime.chunk_template_ops:create_chunking_template:97 - Created chunking template 'legal_document' with UUID b978e0f6-8f9c-41f0-b698-b488885d012c
2026-09-15 22:00:01.985 | INFO     | trace= span= tp= req= job= ps=: | tldw_Server_API.app.core.DB_Management.media_db.api:seed_builtin_templates:1065 - Seeded built-in template: legal_document
2026-09-15 22:00:01.996 | INFO     | trace= span= tp= req= job= ps=: | tldw_Server_API.app.core.DB_Management.media_db.runtime.chunk_template_ops:create_chunking_template:97 - Created chunking template 'chat_conversation' with UUID 602b5204-771c-4156-bdef-41844dd0722e
2026-09-15 22:00:01.997 | INFO     | trace= span= tp= req= job= ps=: | tldw_Server_API.app.core.DB_Management.media_db.api:seed_builtin_templates:1065 - Seeded built-in template: chat_conversation
2026-09-15 22:00:02.009 | INFO     | trace= span= tp= req= job= ps=: | tldw_Server_API.app.core.DB_Management.media_db.runtime.chunk_template_ops:create_chunking_template:97 - Created chunking template 'code_documentation' with UUID 2b51a101-8ec1-493f-84ff-245f31a2a59c
2026-09-15 22:00:02.010 | INFO     | trace= span= tp= req= job= ps=: | tldw_Server_API.app.core.DB_Management.media_db.api:seed_builtin_templates:1065 - Seeded built-in template: code_documentation
2026-09-15 22:00:02.024 | INFO     | trace= span= tp= req= job= ps=: | tldw_Server_API.app.core.DB_Management.media_db.runtime.chunk_template_ops:create_chunking_template:97 - Created chunking template 'book_chapters' with UUID 1fee2627-6f8e-4cf1-8650-d04150d56897
2026-09-15 22:00:02.025 | INFO     | trace= span= tp= req= job= ps=: | tldw_Server_API.app.core.DB_Management.media_db.api:seed_builtin_templates:1065 - Seeded built-in template: book_chapters
2026-09-15 22:00:02.039 | INFO     | trace= span= tp= req= job= ps=: | tldw_Server_API.app.core.DB_Management.media_db.runtime.chunk_template_ops:create_chunking_template:97 - Created chunking template 'academic_paper' with UUID aa74adba-4bcf-42ff-9259-4ea2530af3c5
2026-09-15 22:00:02.040 | INFO     | trace= span= tp= req= job= ps=: | tldw_Server_API.app.core.DB_Management.media_db.api:seed_builtin_templates:1065 - Seeded built-in template: academic_paper
2026-09-15 22:00:02.041 | INFO     | trace= span= tp= req= job= ps=: | tldw_Server_API.app.core.Chunking.template_initialization:initialize_chunking_templates:268 - Successfully seeded 6 built-in templates into database
2026-09-15 22:00:02.042 | INFO     | trace= span= tp= req= job= ps=: | tldw_Server_API.app.core.Chunking.template_initialization:ensure_templates_initialized:346 - Initialized 6 chunking templates on startup
2026-09-15 22:00:02.043 | INFO     | trace= span= tp= req= job= ps=: | tldw_Server_API.app.services.startup_heavy_init:_init_chunking_templates:308 - App Startup: Chunking templates initialized successfully
2026-09-15 22:00:02.051 | WARNING  | trace= span= tp= req= job= ps=: | tldw_Server_API.app.services.startup_context_integrity:produce_context_integrity_startup_warnings:444 - Context integrity startup finding: new_unapproved prompt_file:README.md
2026-09-15 22:00:02.052 | WARNING  | trace= span= tp= req= job= ps=: | tldw_Server_API.app.services.startup_context_integrity:produce_context_integrity_startup_warnings:444 - Context integrity startup finding: new_unapproved prompt_file:audio.prompts.md
2026-09-15 22:00:02.053 | WARNING  | trace= span= tp= req= job= ps=: | tldw_Server_API.app.services.startup_context_integrity:produce_context_integrity_startup_warnings:444 - Context integrity startup finding: new_unapproved prompt_file:audio.prompts.yaml
2026-09-15 22:00:02.054 | WARNING  | trace= span= tp= req= job= ps=: | tldw_Server_API.app.services.startup_context_integrity:produce_context_integrity_startup_warnings:444 - Context integrity startup finding: new_unapproved prompt_file:chat.prompts.md
2026-09-15 22:00:02.055 | WARNING  | trace= span= tp= req= job= ps=: | tldw_Server_API.app.services.startup_context_integrity:produce_context_integrity_startup_warnings:444 - Context integrity startup finding: new_unapproved prompt_file:chat.prompts.yaml
2026-09-15 22:00:02.055 | WARNING  | trace= span= tp= req= job= ps=: | tldw_Server_API.app.services.startup_context_integrity:produce_context_integrity_startup_warnings:444 - Context integrity startup finding: new_unapproved prompt_file:chunking.prompts.md
2026-09-15 22:00:02.056 | WARNING  | trace= span= tp= req= job= ps=: | tldw_Server_API.app.services.startup_context_integrity:produce_context_integrity_startup_warnings:444 - Context integrity startup finding: new_unapproved prompt_file:chunking.prompts.yaml
2026-09-15 22:00:02.057 | WARNING  | trace= span= tp= req= job= ps=: | tldw_Server_API.app.services.startup_context_integrity:produce_context_integrity_startup_warnings:444 - Context integrity startup finding: new_unapproved prompt_file:document.prompts.yaml
2026-09-15 22:00:02.059 | WARNING  | trace= span= tp= req= job= ps=: | tldw_Server_API.app.services.startup_context_integrity:produce_context_integrity_startup_warnings:444 - Context integrity startup finding: new_unapproved prompt_file:embeddings.prompts.md
2026-09-15 22:00:02.059 | WARNING  | trace= span= tp= req= job= ps=: | tldw_Server_API.app.services.startup_context_integrity:produce_context_integrity_startup_warnings:444 - Context integrity startup finding: new_unapproved prompt_file:embeddings.prompts.yaml
2026-09-15 22:00:02.060 | WARNING  | trace= span= tp= req= job= ps=: | tldw_Server_API.app.services.startup_context_integrity:produce_context_integrity_startup_warnings:444 - Context integrity startup finding: new_unapproved prompt_file:evals.prompts.md
2026-09-15 22:00:02.062 | WARNING  | trace= span= tp= req= job= ps=: | tldw_Server_API.app.services.startup_context_integrity:produce_context_integrity_startup_warnings:444 - Context integrity startup finding: new_unapproved prompt_file:ingestion.prompts.md
2026-09-15 22:00:02.062 | WARNING  | trace= span= tp= req= job= ps=: | tldw_Server_API.app.services.startup_context_integrity:produce_context_integrity_startup_warnings:444 - Context integrity startup finding: new_unapproved prompt_file:ingestion.prompts.yaml
2026-09-15 22:00:02.063 | WARNING  | trace= span= tp= req= job= ps=: | tldw_Server_API.app.services.startup_context_integrity:produce_context_integrity_startup_warnings:444 - Context integrity startup finding: new_unapproved prompt_file:mcp.prompts.md
2026-09-15 22:00:02.064 | WARNING  | trace= span= tp= req= job= ps=: | tldw_Server_API.app.services.startup_context_integrity:produce_context_integrity_startup_warnings:444 - Context integrity startup finding: new_unapproved prompt_file:rag.prompts.md
2026-09-15 22:00:02.065 | WARNING  | trace= span= tp= req= job= ps=: | tldw_Server_API.app.services.startup_context_integrity:produce_context_integrity_startup_warnings:444 - Context integrity startup finding: new_unapproved prompt_file:rag.prompts.yaml
2026-09-15 22:00:02.066 | WARNING  | trace= span= tp= req= job= ps=: | tldw_Server_API.app.services.startup_context_integrity:produce_context_integrity_startup_warnings:444 - Context integrity startup finding: new_unapproved prompt_file:slides.prompts.md
2026-09-15 22:00:02.067 | WARNING  | trace= span= tp= req= job= ps=: | tldw_Server_API.app.services.startup_context_integrity:produce_context_integrity_startup_warnings:444 - Context integrity startup finding: new_unapproved prompt_file:summarization.prompts.yaml
2026-09-15 22:00:02.068 | WARNING  | trace= span= tp= req= job= ps=: | tldw_Server_API.app.services.startup_context_integrity:produce_context_integrity_startup_warnings:444 - Context integrity startup finding: new_unapproved prompt_file:webscraping.prompts.yaml
2026-09-15 22:00:02.069 | WARNING  | trace= span= tp= req= job= ps=: | tldw_Server_API.app.services.startup_context_integrity:produce_context_integrity_startup_warnings:444 - Context integrity startup finding: degraded_integrity manifest:none
2026-09-15 22:00:02.071 | INFO     | trace= span= tp= req= job= ps=: | tldw_Server_API.app.services.core_jobs_worker:run_chatbooks_core_jobs_worker:81 - Starting Core Jobs worker for Chatbooks domain
2026-09-15 22:00:02.081 | INFO     | trace= span= tp= req= job= ps=: | tldw_Server_API.app.core.Jobs.migrations:ensure_jobs_tables:1505 - Ensured Jobs schema at /Users/macbook-dev/Documents/GitHub/tldw_server2/Databases/jobs.db
2026-09-15 22:00:02.083 | INFO     | trace= span= tp= req= job= ps=: | tldw_Server_API.app.core.Jobs.manager:acquire_next_job:6185 - [JM TEST] acquire_next_job enter backend=sqlite domain=chatbooks queue=default job_type=None owner=None gate=False db=/Users/macbook-dev/Documents/GitHub/tldw_server2/Databases/jobs.db
2026-09-15 22:00:02.085 | INFO     | trace= span= tp= req= job= ps=: | tldw_Server_API.app.core.Jobs.manager:acquire_next_job:6196 - [JM TEST] queue flags paused=False drain=False
2026-09-15 22:00:02.088 | INFO     | trace= span= tp= req= job= ps=: | tldw_Server_API.app.core.Jobs.manager:acquire_next_job:6209 - [JM TEST] inflight quota=0 owner=None
2026-09-15 22:00:02.100 | INFO     | trace= span= tp= req= job= ps=: | tldw_Server_API.app.core.Jobs.migrations:ensure_jobs_tables:1505 - Ensured Jobs schema at /Users/macbook-dev/Documents/GitHub/tldw_server2/Databases/jobs.db
2026-09-15 22:00:02.101 | INFO     | trace= span= tp= req= job= ps=: | tldw_Server_API.app.core.Sharing.shared_workspace_clone_jobs_worker:run_shared_workspace_clone_jobs_worker:1580 - Shared Workspace clone Jobs worker starting
2026-09-15 22:00:02.103 | INFO     | trace= span= tp= req= job= ps=: | tldw_Server_API.app.core.Jobs.manager:acquire_next_job:6185 - [JM TEST] acquire_next_job enter backend=sqlite domain=sharing queue=workspace-clone job_type=workspace_clone owner=None gate=False db=/Users/macbook-dev/Documents/GitHub/tldw_server2/Databases/jobs.db
2026-09-15 22:00:02.106 | INFO     | trace= span= tp= req= job= ps=: | tldw_Server_API.app.core.Jobs.manager:acquire_next_job:6196 - [JM TEST] queue flags paused=False drain=False
2026-09-15 22:00:02.108 | INFO     | trace= span= tp= req= job= ps=: | tldw_Server_API.app.core.Jobs.manager:acquire_next_job:6209 - [JM TEST] inflight quota=0 owner=None
2026-09-15 22:00:02.126 | INFO     | trace= span= tp= req= job= ps=: | tldw_Server_API.app.core.Jobs.migrations:ensure_jobs_tables:1505 - Ensured Jobs schema at /Users/macbook-dev/Documents/GitHub/tldw_server2/Databases/jobs.db
2026-09-15 22:00:02.128 | WARNING  | trace= span= tp= req= job= ps=: | tldw_Server_API.app.services.startup_content_jobs_pollers:_build_standalone_html_generation_runtime:1520 - Standalone HTML generation remains closed; error_type=DigestKeyConfigError
2026-09-15 22:00:02.136 | INFO     | trace= span= tp= req= job= ps=: | tldw_Server_API.app.core.Jobs.migrations:ensure_jobs_tables:1505 - Ensured Jobs schema at /Users/macbook-dev/Documents/GitHub/tldw_server2/Databases/jobs.db
2026-09-15 22:00:02.138 | INFO     | trace= span= tp= req= job= ps=: | tldw_Server_API.app.services.jobs_notifications_service:run_forever:254 - Starting Jobs Notifications bridge service
2026-09-15 22:00:02.199 | WARNING  | trace= span= tp= req= job= ps=: | tldw_Server_API.app.services.jobs_notifications_service:process_event:104 - jobs_notifications_bridge: unresolved owner, skipping event_id=12 type=job.completed
2026-09-15 22:00:02.200 | WARNING  | trace= span= tp= req= job= ps=: | tldw_Server_API.app.services.jobs_notifications_service:process_event:104 - jobs_notifications_bridge: unresolved owner, skipping event_id=19 type=job.completed
2026-09-15 22:00:02.201 | WARNING  | trace= span= tp= req= job= ps=: | tldw_Server_API.app.services.jobs_notifications_service:process_event:104 - jobs_notifications_bridge: unresolved owner, skipping event_id=127 type=job.completed
2026-09-15 22:00:02.202 | WARNING  | trace= span= tp= req= job= ps=: | tldw_Server_API.app.services.jobs_notifications_service:process_event:104 - jobs_notifications_bridge: unresolved owner, skipping event_id=129 type=job.completed
2026-09-15 22:00:02.598 | WARNING  | trace= span= tp= req= job= ps=: | tldw_Server_API.app.services.jobs_notifications_service:process_event:104 - jobs_notifications_bridge: unresolved owner, skipping event_id=271 type=job.completed
2026-09-15 22:00:03.010 | INFO     | trace= span= tp= req= job= ps=: | tldw_Server_API.app.services.llm_usage_aggregator:_aggregator_loop:90 - Starting LLM usage aggregator task (interval: 60 min)
2026-09-15 22:00:03.012 | INFO     | trace= span= tp= req= job= ps=: | tldw_Server_API.app.services.startup_infra_services:_maybe_ensure_pg_rls:128 - PG RLS auto-ensure disabled (set RAG_ENSURE_PG_RLS=true to enable)
2026-09-15 22:00:03.013 | INFO     | trace= span= tp= req= job= ps=: | tldw_Server_API.app.services.startup_environment_reporting:_log_startup_banner:48 - ============================================================
2026-09-15 22:00:03.014 | INFO     | trace= span= tp= req= job= ps=: | tldw_Server_API.app.services.startup_environment_reporting:_log_startup_banner:49 - 🚀 TLDW Server Started Successfully
2026-09-15 22:00:03.016 | INFO     | trace= span= tp= req= job= ps=: | tldw_Server_API.app.services.startup_environment_reporting:_log_startup_banner:50 - ============================================================
2026-09-15 22:00:03.017 | INFO     | trace= span= tp= req= job= ps=: | tldw_Server_API.app.services.startup_environment_reporting:_log_startup_banner:53 - 🔐 Authentication Mode: SINGLE USER
2026-09-15 22:00:03.018 | INFO     | trace= span= tp= req= job= ps=: | tldw_Server_API.app.services.startup_environment_reporting:_log_startup_banner:58 - 🔑 API Key: test...2345 (masked; set SHOW_API_KEY_ON_STARTUP=true to display once)
2026-09-15 22:00:03.019 | INFO     | trace= span= tp= req= job= ps=: | tldw_Server_API.app.services.startup_environment_reporting:_log_startup_banner:59 - ============================================================
2026-09-15 22:00:03.020 | INFO     | trace= span= tp= req= job= ps=: | tldw_Server_API.app.services.startup_environment_reporting:_log_startup_banner:60 - Use this API key in the X-API-KEY header for requests
2026-09-15 22:00:03.021 | INFO     | trace= span= tp= req= job= ps=: | tldw_Server_API.app.services.startup_environment_reporting:_log_startup_banner:74 - 📍 API Documentation: http://127.0.0.1:8000/docs
2026-09-15 22:00:03.022 | INFO     | trace= span= tp= req= job= ps=: | tldw_Server_API.app.services.startup_environment_reporting:_log_startup_banner:75 - 🧭 Quickstart: http://127.0.0.1:8000/api/v1/config/quickstart
2026-09-15 22:00:03.023 | INFO     | trace= span= tp= req= job= ps=: | tldw_Server_API.app.services.startup_environment_reporting:_log_startup_banner:76 - 🛠 Setup UI: http://127.0.0.1:8000/setup (if required)
2026-09-15 22:00:03.024 | INFO     | trace= span= tp= req= job= ps=: | tldw_Server_API.app.services.startup_environment_reporting:_log_startup_banner:77 - ============================================================
2026-09-15 22:00:03.026 | INFO     | trace= span= tp= req= job= ps=: | tldw_Server_API.app.services.startup_environment_reporting:_log_preflight_environment_report:119 - Preflight Environment Report ─────────────────────────────────────────
2026-09-15 22:00:03.026 | INFO     | trace= span= tp= req= job= ps=: | tldw_Server_API.app.services.startup_environment_reporting:_log_preflight_environment_report:120 - • Mode: single_user | Production: False
2026-09-15 22:00:03.027 | INFO     | trace= span= tp= req= job= ps=: | tldw_Server_API.app.services.startup_environment_reporting:_log_preflight_environment_report:121 - • Database: engine=sqlite
2026-09-15 22:00:03.028 | INFO     | trace= span= tp= req= job= ps=: | tldw_Server_API.app.services.startup_environment_reporting:_log_preflight_environment_report:128 - • Database check: OK
2026-09-15 22:00:03.029 | INFO     | trace= span= tp= req= job= ps=: | tldw_Server_API.app.services.startup_environment_reporting:_log_preflight_environment_report:129 - • Redis: enabled=False
2026-09-15 22:00:03.030 | INFO     | trace= span= tp= req= job= ps=: | tldw_Server_API.app.services.startup_environment_reporting:_log_preflight_environment_report:130 - • CSRF: enabled=False
2026-09-15 22:00:03.031 | INFO     | trace= span= tp= req= job= ps=: | tldw_Server_API.app.services.startup_environment_reporting:_log_preflight_environment_report:134 - • CORS: allowed_origins=4 | allow_credentials=False
2026-09-15 22:00:03.032 | INFO     | trace= span= tp= req= job= ps=: | tldw_Server_API.app.services.startup_environment_reporting:_log_preflight_environment_report:135 - • CORS effective settings: disable=False (source=env) | allow_credentials=False (source=env) | origins=4 (source=env)
2026-09-15 22:00:03.033 | INFO     | trace= span= tp= req= job= ps=: | tldw_Server_API.app.services.startup_environment_reporting:_log_preflight_environment_report:141 - • CORS config file: path=/Users/macbook-dev/Documents/GitHub/tldw_server2/tldw_Server_API/Config_Files/config.txt | loaded=True
2026-09-15 22:00:03.034 | INFO     | trace= span= tp= req= job= ps=: | tldw_Server_API.app.services.startup_environment_reporting:_log_preflight_environment_report:147 - • CORS origins preview: http://localhost:3000, http://127.0.0.1:3000, http://localhost:8080, http://127.0.0.1:8080
2026-09-15 22:00:03.035 | INFO     | trace= span= tp= req= job= ps=: | tldw_Server_API.app.services.startup_environment_reporting:_log_preflight_environment_report:148 - • Global rate limiter: False
2026-09-15 22:00:03.035 | INFO     | trace= span= tp= req= job= ps=: | tldw_Server_API.app.services.startup_environment_reporting:_log_preflight_environment_report:149 - • Providers configured: 124
2026-09-15 22:00:03.036 | INFO     | trace= span= tp= req= job= ps=: | tldw_Server_API.app.services.startup_environment_reporting:_log_preflight_environment_report:150 - • OpenTelemetry available: True
2026-09-15 22:00:03.038 | INFO     | trace= span= tp= req= job= ps=: | tldw_Server_API.app.services.startup_environment_reporting:_log_preflight_environment_report:151 - ──────────────────────────────────────────────────────────────────────
2026-09-15 22:00:03.038 | INFO     | trace= span= tp= req= job= ps=: | tldw_Server_API.app.main:lifespan:1295 - App Startup: Audit service available via dependency injection
2026-09-15 22:00:03.049 | INFO     | trace= span= tp= req= job= ps=: | tldw_Server_API.app.core.config:validate_config:6014 - Config validation passed — no issues found
2026-09-15 22:00:03.050 | INFO     | trace= span= tp= req= job= ps=: | tldw_Server_API.app.api.v1.endpoints.embeddings_v5_production_enhanced:_embeddings_router_lifespan:1334 - Starting embeddings service v5 enhanced (with circuit breaker)
2026-09-15 22:00:03.051 | INFO     | trace= span= tp= req= job= ps=: | tldw_Server_API.app.api.v1.endpoints.embeddings_v5_production_enhanced:_embeddings_router_lifespan:1394 - Embeddings service started successfully
2026-09-15 22:00:03.095 | INFO     | trace= span= tp= req= job= ps=: | tldw_Server_API.app.core.Jobs.manager:acquire_next_job:6185 - [JM TEST] acquire_next_job enter backend=sqlite domain=chatbooks queue=default job_type=None owner=None gate=False db=/Users/macbook-dev/Documents/GitHub/tldw_server2/Databases/jobs.db
2026-09-15 22:00:03.099 | INFO     | trace= span= tp= req= job= ps=: | tldw_Server_API.app.core.Jobs.manager:acquire_next_job:6196 - [JM TEST] queue flags paused=False drain=False
2026-09-15 22:00:03.101 | INFO     | trace= span= tp= req= job= ps=: | tldw_Server_API.app.core.Jobs.manager:acquire_next_job:6209 - [JM TEST] inflight quota=0 owner=None
2026-09-15 22:00:03.108 | INFO     | trace= span= tp= req=740d30e8-b8f6-4b81-966b-29d12f29b123 job= ps=: | tldw_Server_API.app.core.Logging.access_log_middleware:dispatch:70 - HTTP GET /api/v1/health -> 200 in 51ms
2026-09-15 22:00:03.113 | INFO     | trace= span= tp= req= job= ps=: | httpx._client:_send_handling_redirects:979 - HTTP Request: GET http://testserver/api/v1/health "HTTP/1.1 200 OK"
------------------------------ Captured log setup ------------------------------
DEBUG    root:media_database_impl.py:1910 Started SQLite transaction.
DEBUG    root:media_database_impl.py:1914 Committed SQLite transaction.
DEBUG    root:media_database_impl.py:1910 Started SQLite transaction.
DEBUG    root:media_database_impl.py:1914 Committed SQLite transaction.
DEBUG    root:media_database_impl.py:1910 Started SQLite transaction.
DEBUG    root:media_database_impl.py:1914 Committed SQLite transaction.
DEBUG    root:media_database_impl.py:1910 Started SQLite transaction.
DEBUG    root:media_database_impl.py:1914 Committed SQLite transaction.
DEBUG    root:media_database_impl.py:1910 Started SQLite transaction.
DEBUG    root:media_database_impl.py:1914 Committed SQLite transaction.
DEBUG    root:media_database_impl.py:1910 Started SQLite transaction.
DEBUG    root:media_database_impl.py:1914 Committed SQLite transaction.
DEBUG    root:media_database_impl.py:1910 Started SQLite transaction.
DEBUG    root:media_database_impl.py:1914 Committed SQLite transaction.
----------------------------- Captured stderr call -----------------------------
2026-09-15 22:00:03.118 | INFO     | trace= span= tp= req= job= ps=: | tldw_Server_API.app.core.DB_Management.chacha.conversation_store:add_conversation:483 - Added conversation ID: 5ab7f085-da31-440b-b7f4-88b355a02701.
2026-09-15 22:00:03.177 | WARNING  | trace= span= tp= req= job= ps=: | tldw_Server_API.app.core.AuthNZ.jwt_service:__init__:123 - JWTService initialized in single-user mode - JWT features may not work correctly
2026-09-15 22:00:03.229 | INFO     | trace= span= tp= req= job= ps=: | tldw_Server_API.app.api.v1.API_Deps.Audit_DB_Deps:_get_or_create_audit_service_for_key:715 - No cached audit service found for user_id 1. Initializing.
2026-09-15 22:00:03.231 | INFO     | trace= span= tp= req= job= ps=: | tldw_Server_API.app.api.v1.API_Deps.Audit_DB_Deps:_create_audit_service_for_user:653 - Creating audit service for user 1 at path: /private/var/folders/sn/m80n2j152t9gw3w8qwk2nykh0000gn/T/pytest-of-macbook-dev/pytest-11851/test_failed_provider_persists_1/user_dbs/1/audit/unified_audit.db
2026-09-15 22:00:03.244 | INFO     | trace= span= tp= req= job= ps=: | tldw_Server_API.app.api.v1.API_Deps.Audit_DB_Deps:_create_audit_service_for_user:669 - Audit service initialized successfully for user 1
2026-09-15 22:00:03.245 | INFO     | trace= span= tp= req= job= ps=: | tldw_Server_API.app.api.v1.API_Deps.Audit_DB_Deps:_get_or_create_audit_service_for_key:795 - Audit service created and cached successfully for user 1
2026-09-15 22:00:03.397 | INFO     | trace= span= tp= req= job= ps=: | tldw_Server_API.app.api.v1.endpoints.chat:create_chat_completion:4346 - Chat completion request. Provider=openai, Model=gpt-4, User=1, Stream=False, ConvID=5ab7f085-da31-440b-b7f4-88b355a02701, CharID=None
2026-09-15 22:00:03.405 | INFO     | trace= span= tp= req= job= ps=: | tldw_Server_API.app.core.Chat.chat_helpers:get_or_create_character_context:196 - Using default character 'Helpful AI Assistant' (ID: 2)
2026-09-15 22:00:03.408 | INFO     | trace= span= tp= req= job= ps=: | tldw_Server_API.app.core.Chat.chat_service:build_context_and_messages:4235 - Loaded 0 historical messages for conv_id '5ab7f085-da31-440b-b7f4-88b355a02701'.
2026-09-15 22:00:03.413 | INFO     | trace= span= tp= req= job= ps=: | tldw_Server_API.app.core.DB_Management.chacha.message_store:add_message:253 - Added message ID: e321c096-58dc-4ba6-a062-85877418a048 to conversation 5ab7f085-da31-440b-b7f4-88b355a02701 (Images stored: No).
2026-09-15 22:00:03.454 | INFO     | trace= span= tp= req= job= ps=: | tldw_Server_API.app.core.DB_Management.chacha.message_store:add_message:253 - Added message ID: b7b1b65b-32f3-401f-8aea-bbd81b3862c8 to conversation 5ab7f085-da31-440b-b7f4-88b355a02701 (Images stored: No).
2026-09-15 22:00:03.462 | INFO     | trace= span= tp= req= job= ps=: | tldw_Server_API.app.api.v1.endpoints.chat:create_chat_completion:4909 - Using requested provider openai (health check passed)
2026-09-15 22:00:03.465 | WARNING  | trace= span= tp= req= job= ps=: | tldw_Server_API.app.core.Chat.provider_manager:record_failure:259 - Provider openai failure recorded: The chat service provider is currently unavailable.
2026-09-15 22:00:03.466 | ERROR    | trace= span= tp= req= job= ps=: | tldw_Server_API.app.api.v1.endpoints.chat:create_chat_completion:5958 - Chat Library Error: error_type=SanitizedProviderStreamError provider=None upstream_status=502 code=provider_unavailable
2026-09-15 22:00:03.470 | WARNING  | trace= span= tp= req=277dcc3c-c38d-4341-be73-87d4880bbf01 job= ps=: | tldw_Server_API.app.core.Logging.access_log_middleware:dispatch:70 - HTTP POST /api/v1/chat/completions -> 502 in 348ms
2026-09-15 22:00:03.473 | INFO     | trace= span= tp= req= job= ps=: | httpx._client:_send_handling_redirects:979 - HTTP Request: POST http://testserver/api/v1/chat/completions "HTTP/1.1 502 Bad Gateway"
--------------------------- Captured stderr teardown ---------------------------
2026-09-15 22:00:03.500 | INFO     | trace= span= tp= req= job= ps=: | tldw_Server_API.app.api.v1.endpoints.embeddings_v5_production_enhanced:_embeddings_router_lifespan:1400 - Shutting down embeddings service
2026-09-15 22:00:03.501 | INFO     | trace= span= tp= req= job= ps=: | tldw_Server_API.app.api.v1.endpoints.embeddings_v5_production_enhanced:_embeddings_router_lifespan:1403 - Embeddings service shutdown complete
2026-09-15 22:00:03.502 | INFO     | trace= span= tp= req= job= ps=: | tldw_Server_API.app.services.shutdown_transition_handoff:shutdown_transition_handoff:46 - App Shutdown: legacy inventory visible=True phase_groups={'transition': ['lifecycle_gate']}
2026-09-15 22:00:03.504 | INFO     | trace= span= tp= req= job= ps=: | tldw_Server_API.app.services.shutdown_transition_handoff:shutdown_transition_handoff:63 - App Shutdown: legacy transition gate handoff executed via coordinator
2026-09-15 22:00:03.505 | INFO     | trace= span= tp= req= job= ps=: | tldw_Server_API.app.services.shutdown_owned_job_pollers:record_shutdown_timing_segment:131 - App Shutdown Timing: segment=transition_handoff duration_ms=3
2026-09-15 22:00:03.513 | INFO     | trace= span= tp= req= job= ps=: | tldw_Server_API.app.core.Jobs.migrations:ensure_jobs_tables:1505 - Ensured Jobs schema at /Users/macbook-dev/Documents/GitHub/tldw_server2/Databases/jobs.db
2026-09-15 22:00:03.514 | INFO     | trace= span= tp= req= job= ps=: | tldw_Server_API.app.services.shutdown_owned_job_pollers:record_shutdown_timing_segment:127 - App Shutdown Timing: segment=optional_lease_wait duration_ms=0 skipped=True initial_active=0 wait_for_leases_sec=0.0
2026-09-15 22:00:03.516 | INFO     | trace= span= tp= req= job= ps=: | tldw_Server_API.app.core.Sharing.shared_workspace_clone_jobs_worker:run_shared_workspace_clone_jobs_worker:1599 - Shared Workspace clone Jobs worker stopped
2026-09-15 22:00:04.126 | INFO     | trace= span= tp= req= job= ps=: | tldw_Server_API.app.services.core_jobs_worker:run_chatbooks_core_jobs_worker:88 - Stopping Core Jobs worker on shutdown signal
2026-09-15 22:00:04.128 | INFO     | trace= span= tp= req= job= ps=: | tldw_Server_API.app.services.shutdown_owned_job_pollers:record_shutdown_timing_segment:127 - App Shutdown Timing: segment=job_poller_quiesce duration_ms=612 poller_count=3
2026-09-15 22:00:04.130 | INFO     | trace= span= tp= req= job= ps=: | tldw_Server_API.app.services.shutdown_owned_job_pollers:record_shutdown_timing_segment:131 - App Shutdown Timing: segment=background_worker_shutdown duration_ms=1
2026-09-15 22:00:04.132 | INFO     | trace= span= tp= req= job= ps=: | tldw_Server_API.app.services.shutdown_coordinated_runtime:run_coordinated_shutdown:121 - App Shutdown: legacy coordinator summary components=['transport:prompt_studio.websocket', 'transport:mcp.websocket'] phase_groups={'transition': [], 'acceptors': ['transport:prompt_studio.websocket', 'transport:mcp.websocket'], 'producers': [], 'workers': [], 'resources': [], 'finalizers': []} wall_time_ms=0
2026-09-15 22:00:04.133 | INFO     | trace= span= tp= req= job= ps=: | tldw_Server_API.app.services.shutdown_pre_worker_cleanup:_reset_storage_service_singletons:89 - Storage service singletons reset
2026-09-15 22:00:04.134 | INFO     | trace= span= tp= req= job= ps=: | tldw_Server_API.app.services.shutdown_pre_worker_cleanup:_reset_authnz_rate_limiter_singleton:100 - AuthNZ limiter singletons reset
2026-09-15 22:00:04.135 | INFO     | trace= span= tp= req= job= ps=: | tldw_Server_API.app.services.personalization_consolidation:stop:82 - Personalization consolidation service stopped (scaffold)
2026-09-15 22:00:04.136 | INFO     | trace= span= tp= req= job= ps=: | tldw_Server_API.app.services.shutdown_personalization_consolidation:shutdown_personalization_consolidation:20 - Personalization consolidation service stopped
2026-09-15 22:00:04.138 | INFO     | trace= span= tp= req= job= ps=: | tldw_Server_API.app.services.shutdown_cleanup_timed_segments:shutdown_cleanup_timed_segments:33 - App Shutdown: Cleaning up resources...
2026-09-15 22:00:04.139 | INFO     | trace= span= tp= req= job= ps=: | tldw_Server_API.app.services.shutdown_cleanup_timed_segments:shutdown_cleanup_timed_segments:34 - App Shutdown: Audit services cleanup handled by dependency injection
2026-09-15 22:00:04.140 | INFO     | trace= span= tp= req= job= ps=: | tldw_Server_API.app.services.shutdown_auth_db_pool:shutdown_auth_db_pool:23 - App Shutdown: Skipping DB pool close in test context
2026-09-15 22:00:04.141 | INFO     | trace= span= tp= req= job= ps=: | tldw_Server_API.app.core.AuthNZ.session_manager:shutdown:2046 - SessionManager shutdown complete
2026-09-15 22:00:04.142 | INFO     | trace= span= tp= req= job= ps=: | tldw_Server_API.app.services.shutdown_resource_cleanup:_shutdown_session_manager:81 - App Shutdown: Session manager shutdown
2026-09-15 22:00:04.143 | INFO     | trace= span= tp= req= job= ps=: | tldw_Server_API.app.core.MCP_unified.server:shutdown:885 - Shutting down MCP Server
2026-09-15 22:00:04.144 | INFO     | trace= span= tp= req= job= ps=: | tldw_Server_API.app.core.MCP_unified.modules.registry:shutdown_all:530 - Shutting down all modules
2026-09-15 22:00:04.145 | INFO     | trace= span= tp= req= job= ps=: | tldw_Server_API.app.core.MCP_unified.modules.registry:stop_health_monitoring:125 - Health monitoring stopped
2026-09-15 22:00:04.147 | INFO     | trace= span= tp= req= job= ps=: | tldw_Server_API.app.core.MCP_unified.modules.base:shutdown:432 - Shutting down module: Media
2026-09-15 22:00:04.148 | INFO     | trace= span= tp= req= job= ps=: | tldw_Server_API.app.core.MCP_unified.modules.implementations.media_module:on_shutdown:160 - Media module shutdown complete
2026-09-15 22:00:04.149 | INFO     | trace= span= tp= req= job= ps=: | tldw_Server_API.app.core.MCP_unified.modules.base:shutdown:447 - Module shut down successfully: Media
2026-09-15 22:00:04.150 | INFO     | trace= span= tp= req= job= ps=: | tldw_Server_API.app.core.MCP_unified.modules.base:shutdown:432 - Shutting down module: Template
2026-09-15 22:00:04.151 | INFO     | trace= span= tp= req= job= ps=: | tldw_Server_API.app.core.MCP_unified.modules.implementations.template_module:on_shutdown:23 - Shutting down module: Template
2026-09-15 22:00:04.152 | INFO     | trace= span= tp= req= job= ps=: | tldw_Server_API.app.core.MCP_unified.modules.base:shutdown:447 - Module shut down successfully: Template
2026-09-15 22:00:04.153 | INFO     | trace= span= tp= req= job= ps=: | tldw_Server_API.app.core.MCP_unified.modules.base:shutdown:432 - Shutting down module: MCP Discovery
2026-09-15 22:00:04.154 | INFO     | trace= span= tp= req= job= ps=: | tldw_Server_API.app.core.MCP_unified.modules.implementations.mcp_discovery_module:on_shutdown:30 - Shutting down MCP discovery module: MCP Discovery
2026-09-15 22:00:04.154 | INFO     | trace= span= tp= req= job= ps=: | tldw_Server_API.app.core.MCP_unified.modules.base:shutdown:447 - Module shut down successfully: MCP Discovery
2026-09-15 22:00:04.155 | INFO     | trace= span= tp= req= job= ps=: | tldw_Server_API.app.core.MCP_unified.modules.base:shutdown:432 - Shutting down module: Governance
2026-09-15 22:00:04.156 | INFO     | trace= span= tp= req= job= ps=: | tldw_Server_API.app.core.MCP_unified.modules.implementations.governance_module:on_shutdown:36 - Shutting down Governance module: Governance
2026-09-15 22:00:04.157 | INFO     | trace= span= tp= req= job= ps=: | tldw_Server_API.app.core.MCP_unified.modules.base:shutdown:447 - Module shut down successfully: Governance
2026-09-15 22:00:04.158 | INFO     | trace= span= tp= req= job= ps=: | tldw_Server_API.app.core.MCP_unified.modules.base:shutdown:432 - Shutting down module: Notes
2026-09-15 22:00:04.159 | INFO     | trace= span= tp= req= job= ps=: | tldw_Server_API.app.core.MCP_unified.modules.implementations.notes_module:on_shutdown:131 - Shutting down Notes module: Notes
2026-09-15 22:00:04.160 | INFO     | trace= span= tp= req= job= ps=: | tldw_Server_API.app.core.MCP_unified.modules.base:shutdown:447 - Module shut down successfully: Notes
2026-09-15 22:00:04.161 | INFO     | trace= span= tp= req= job= ps=: | tldw_Server_API.app.core.MCP_unified.modules.base:shutdown:432 - Shutting down module: Prompts
2026-09-15 22:00:04.162 | INFO     | trace= span= tp= req= job= ps=: | tldw_Server_API.app.core.MCP_unified.modules.implementations.prompts_module:on_shutdown:67 - Shutting down Prompts module: Prompts
2026-09-15 22:00:04.163 | INFO     | trace= span= tp= req= job= ps=: | tldw_Server_API.app.core.MCP_unified.modules.base:shutdown:447 - Module shut down successfully: Prompts
2026-09-15 22:00:04.163 | INFO     | trace= span= tp= req= job= ps=: | tldw_Server_API.app.core.MCP_unified.modules.base:shutdown:432 - Shutting down module: Skills
2026-09-15 22:00:04.164 | INFO     | trace= span= tp= req= job= ps=: | tldw_Server_API.app.core.MCP_unified.modules.base:shutdown:447 - Module shut down successfully: Skills
2026-09-15 22:00:04.165 | INFO     | trace= span= tp= req= job= ps=: | tldw_Server_API.app.core.MCP_unified.modules.base:shutdown:432 - Shutting down module: Cooking
2026-09-15 22:00:04.166 | INFO     | trace= span= tp= req= job= ps=: | tldw_Server_API.app.core.MCP_unified.modules.base:shutdown:447 - Module shut down successfully: Cooking
2026-09-15 22:00:04.167 | INFO     | trace= span= tp= req= job= ps=: | tldw_Server_API.app.core.MCP_unified.modules.base:shutdown:432 - Shutting down module: Knowledge
2026-09-15 22:00:04.168 | INFO     | trace= span= tp= req= job= ps=: | tldw_Server_API.app.core.MCP_unified.modules.implementations.knowledge_module:on_shutdown:39 - Shutting down Knowledge module: Knowledge
2026-09-15 22:00:04.169 | INFO     | trace= span= tp= req= job= ps=: | tldw_Server_API.app.core.MCP_unified.modules.base:shutdown:447 - Module shut down successfully: Knowledge
2026-09-15 22:00:04.170 | INFO     | trace= span= tp= req= job= ps=: | tldw_Server_API.app.core.MCP_unified.modules.base:shutdown:432 - Shutting down module: Docs Corpus
2026-09-15 22:00:04.171 | INFO     | trace= span= tp= req= job= ps=: | tldw_Server_API.app.core.MCP_unified.modules.base:shutdown:447 - Module shut down successfully: Docs Corpus
2026-09-15 22:00:04.172 | INFO     | trace= span= tp= req= job= ps=: | tldw_Server_API.app.core.MCP_unified.modules.base:shutdown:432 - Shutting down module: RAG
2026-09-15 22:00:04.173 | INFO     | trace= span= tp= req= job= ps=: | tldw_Server_API.app.core.MCP_unified.modules.base:shutdown:447 - Module shut down successfully: RAG
2026-09-15 22:00:04.174 | INFO     | trace= span= tp= req= job= ps=: | tldw_Server_API.app.core.MCP_unified.modules.base:shutdown:432 - Shutting down module: Kanban
2026-09-15 22:00:04.175 | INFO     | trace= span= tp= req= job= ps=: | tldw_Server_API.app.core.MCP_unified.modules.implementations.kanban_module:on_shutdown:89 - Shutting down Kanban module: Kanban
2026-09-15 22:00:04.176 | INFO     | trace= span= tp= req= job= ps=: | tldw_Server_API.app.core.MCP_unified.modules.base:shutdown:447 - Module shut down successfully: Kanban
2026-09-15 22:00:04.177 | INFO     | trace= span= tp= req= job= ps=: | tldw_Server_API.app.core.MCP_unified.modules.base:shutdown:432 - Shutting down module: Quizzes
2026-09-15 22:00:04.178 | INFO     | trace= span= tp= req= job= ps=: | tldw_Server_API.app.core.MCP_unified.modules.implementations.quizzes_module:on_shutdown:49 - Shutting down Quizzes module: Quizzes
2026-09-15 22:00:04.179 | INFO     | trace= span= tp= req= job= ps=: | tldw_Server_API.app.core.MCP_unified.modules.base:shutdown:447 - Module shut down successfully: Quizzes
2026-09-15 22:00:04.180 | INFO     | trace= span= tp= req= job= ps=: | tldw_Server_API.app.core.MCP_unified.modules.base:shutdown:432 - Shutting down module: Flashcards
2026-09-15 22:00:04.181 | INFO     | trace= span= tp= req= job= ps=: | tldw_Server_API.app.core.MCP_unified.modules.implementations.flashcards_module:on_shutdown:52 - Shutting down Flashcards module: Flashcards
2026-09-15 22:00:04.182 | INFO     | trace= span= tp= req= job= ps=: | tldw_Server_API.app.core.MCP_unified.modules.base:shutdown:447 - Module shut down successfully: Flashcards
2026-09-15 22:00:04.183 | INFO     | trace= span= tp= req= job= ps=: | tldw_Server_API.app.core.MCP_unified.modules.base:shutdown:432 - Shutting down module: Slides
2026-09-15 22:00:04.183 | INFO     | trace= span= tp= req= job= ps=: | tldw_Server_API.app.core.MCP_unified.modules.implementations.slides_module:on_shutdown:66 - Shutting down Slides module: Slides
2026-09-15 22:00:04.184 | INFO     | trace= span= tp= req= job= ps=: | tldw_Server_API.app.core.MCP_unified.modules.base:shutdown:447 - Module shut down successfully: Slides
2026-09-15 22:00:04.185 | INFO     | trace= span= tp= req= job= ps=: | tldw_Server_API.app.core.MCP_unified.modules.registry:shutdown_all:559 - All modules shut down
2026-09-15 22:00:04.186 | INFO     | trace= span= tp= req= job= ps=: | tldw_Server_API.app.core.MCP_unified.server:_shutdown_resources:878 - MCP Server shutdown complete module_cleanup=complete
2026-09-15 22:00:04.188 | INFO     | trace= span= tp= req= job= ps=: | tldw_Server_API.app.services.shutdown_resource_cleanup:_shutdown_mcp_server:97 - App Shutdown: MCP Unified server shutdown
2026-09-15 22:00:04.189 | INFO     | trace= span= tp= req= job= ps=: | tldw_Server_API.app.services.shutdown_resource_cleanup:_shutdown_mcp_rate_limiter:116 - App Shutdown: MCP rate limiter cleanup task cancelled
2026-09-15 22:00:04.190 | INFO     | trace= span= tp= req= job= ps=: | tldw_Server_API.app.services.shutdown_resource_cleanup:_shutdown_tts_service:127 - App Shutdown: Skipping TTS service shutdown in test context
2026-09-15 22:00:04.191 | INFO     | trace= span= tp= req= job= ps=: | tldw_Server_API.app.services.shutdown_resource_cleanup:_shutdown_tts_resource_manager:143 - App Shutdown: Skipping TTS resource manager shutdown in test context
2026-09-15 22:00:04.192 | INFO     | trace= span= tp= req= job= ps=: | tldw_Server_API.app.services.shutdown_resource_cleanup:_shutdown_http_client:161 - App Shutdown: HTTP client sessions shutdown complete
2026-09-15 22:00:04.193 | INFO     | trace= span= tp= req= job= ps=: | tldw_Server_API.app.api.v1.API_Deps.ChaCha_Notes_DB_Deps:close_all_chacha_db_instances:862 - Closing all cached ChaChaNotesDB instances (0)...
2026-09-15 22:00:04.194 | INFO     | trace= span= tp= req= job= ps=: | tldw_Server_API.app.api.v1.API_Deps.ChaCha_Notes_DB_Deps:close_all_chacha_db_instances:878 - All ChaChaNotesDB instances closed and cache cleared.
2026-09-15 22:00:04.195 | INFO     | trace= span= tp= req= job= ps=: | tldw_Server_API.app.services.shutdown_resource_cleanup:_shutdown_chacha_resources:176 - App Shutdown: ChaChaNotes resources cleaned up
2026-09-15 22:00:04.196 | INFO     | trace= span= tp= req= job= ps=: | tldw_Server_API.app.api.v1.API_Deps.Prompts_DB_Deps:close_all_cached_prompts_db_instances:443 - Closing all cached PromptsDatabase instances (0)...
2026-09-15 22:00:04.197 | INFO     | trace= span= tp= req= job= ps=: | tldw_Server_API.app.api.v1.API_Deps.Prompts_DB_Deps:close_all_cached_prompts_db_instances:455 - All PromptsDatabase instances cleared from cache and locks removed.
2026-09-15 22:00:04.198 | INFO     | trace= span= tp= req= job= ps=: | tldw_Server_API.app.services.shutdown_resource_cleanup:_shutdown_prompts_resources:193 - App Shutdown: Prompts DB resources cleaned up
2026-09-15 22:00:04.199 | INFO     | trace= span= tp= req= job= ps=: | tldw_Server_API.app.services.shutdown_resource_cleanup:_shutdown_chat_workflows_resources:209 - App Shutdown: Chat workflows resources cleaned up
2026-09-15 22:00:04.200 | INFO     | trace= span= tp= req= job= ps=: | tldw_Server_API.app.services.shutdown_resource_cleanup:shutdown_resource_cleanup:57 - App Shutdown: Cleaning up Chat module components...
2026-09-15 22:00:04.202 | INFO     | trace= span= tp= req= job= ps=: | tldw_Server_API.app.services.shutdown_resource_cleanup:_shutdown_provider_manager:223 - App Shutdown: Provider manager stopped
2026-09-15 22:00:04.203 | INFO     | trace= span= tp= req= job= ps=: | tldw_Server_API.app.core.Local_LLM.LLM_Inference_Manager:cleanup_on_exit:238 - LLMInferenceManager performing cleanup_on_exit...
2026-09-15 22:00:04.204 | INFO     | trace= span= tp= req= job= ps=: | tldw_Server_API.app.core.Local_LLM.LLM_Inference_Manager:cleanup_on_exit:247 - LLMInferenceManager cleanup_on_exit complete.
2026-09-15 22:00:04.205 | INFO     | trace= span= tp= req= job= ps=: | tldw_Server_API.app.services.shutdown_resource_cleanup:_shutdown_local_llm_manager:261 - App Shutdown: Local LLM manager cleanup complete
2026-09-15 22:00:04.207 | INFO     | trace= span= tp= req= job= ps=: | tldw_Server_API.app.services.shutdown_evaluations_resources:_shutdown_evaluations_pool:29 - App Shutdown: Evaluations connection manager shutdown (lazy)
2026-09-15 22:00:04.208 | INFO     | trace= span= tp= req= job= ps=: | tldw_Server_API.app.services.shutdown_evaluations_resources:_shutdown_evaluations_webhook_manager:40 - App Shutdown: Evaluations webhook manager shutdown (lazy)
2026-09-15 22:00:04.208 | INFO     | trace= span= tp= req= job= ps=: | tldw_Server_API.app.services.shutdown_owned_job_pollers:record_shutdown_timing_segment:131 - App Shutdown Timing: segment=evaluations_pool_shutdown duration_ms=1
2026-09-15 22:00:04.210 | INFO     | trace= span= tp= req= job= ps=: | tldw_Server_API.app.services.shutdown_unified_audit_services:shutdown_unified_audit_services:17 - App Shutdown: Shutting down unified audit services...
2026-09-15 22:00:04.213 | INFO     | trace= span= tp= req= job= ps=: | tldw_Server_API.app.api.v1.API_Deps.Audit_DB_Deps:shutdown_all_audit_services:1034 - Shutting down audit services for 1 instances...
2026-09-15 22:00:04.225 | INFO     | trace= span= tp= req= job= ps=: | tldw_Server_API.app.api.v1.API_Deps.Audit_DB_Deps:shutdown_all_audit_services:1091 - All audit services shut down successfully.
2026-09-15 22:00:04.226 | INFO     | trace= span= tp= req= job= ps=: | tldw_Server_API.app.services.shutdown_unified_audit_services:shutdown_unified_audit_services:19 - App Shutdown: Unified audit services stopped
2026-09-15 22:00:04.227 | INFO     | trace= span= tp= req= job= ps=: | tldw_Server_API.app.services.shutdown_unified_audit_services:_shutdown_sharing_audit_service:43 - App Shutdown: Sharing audit service stopped
2026-09-15 22:00:04.228 | INFO     | trace= span= tp= req= job= ps=: | tldw_Server_API.app.services.shutdown_unified_audit_services:_shutdown_embeddings_audit_adapter:54 - App Shutdown: Embeddings audit adapter loop stopped
2026-09-15 22:00:04.229 | INFO     | trace= span= tp= req= job= ps=: | tldw_Server_API.app.services.shutdown_unified_audit_services:_shutdown_evaluations_audit_adapter:65 - App Shutdown: Evaluations audit adapter loop stopped
2026-09-15 22:00:04.229 | INFO     | trace= span= tp= req= job= ps=: | tldw_Server_API.app.services.shutdown_executor_resources:shutdown_executor_resources:23 - App Shutdown: Registered executors shutdown
2026-09-15 22:00:04.231 | INFO     | trace= span= tp= req= job= ps=: | tldw_Server_API.app.services.shutdown_executor_resources:_shutdown_default_executor:40 - App Shutdown: Default executor shutdown
2026-09-15 22:00:04.232 | INFO     | trace= span= tp= req= job= ps=: | tldw_Server_API.app.services.shutdown_cpu_pools:shutdown_cpu_pools:17 - App Shutdown: CPU pools cleaned up
2026-09-15 22:00:04.233 | INFO     | trace= span= tp= req= job= ps=: | tldw_Server_API.app.services.shutdown_owned_job_pollers:record_shutdown_timing_segment:131 - App Shutdown Timing: segment=unified_audit_and_executor_shutdown duration_ms=23
2026-09-15 22:00:04.234 | INFO     | trace= span= tp= req= job= ps=: | tldw_Server_API.app.services.shutdown_telemetry_services:shutdown_telemetry_services:17 - App Shutdown: Telemetry shutdown
2026-09-15 22:00:04.235 | INFO     | trace= span= tp= req= job= ps=: | tldw_Server_API.app.services.shutdown_owned_job_pollers:record_shutdown_timing_segment:131 - App Shutdown Timing: segment=telemetry_shutdown duration_ms=1
2026-09-15 22:00:04.236 | INFO     | trace= span= tp= req= job= ps=: | tldw_Server_API.app.services.shutdown_post_runtime_cleanup:_reset_media_db_cache:42 - App Shutdown: Media DB cache cleared
2026-09-15 22:00:04.237 | INFO     | trace= span= tp= req= job= ps=: | tldw_Server_API.app.services.shutdown_post_runtime_cleanup:_shutdown_content_backend:53 - App Shutdown: Content DB backend pool closed
2026-09-15 22:00:04.239 | INFO     | trace= span= tp= req= job= ps=: | tldw_Server_API.app.core.DB_Management.backends.factory:_close_backend_instance:221 - Closed backend: sqlite::/Users/macbook-dev/Documents/GitHub/tldw_server2/Databases/user_databases/1/Media_DB_v2.db
2026-09-15 22:00:04.243 | INFO     | trace= span= tp= req= job= ps=: | tldw_Server_API.app.core.DB_Management.backends.factory:_close_backend_instance:221 - Closed backend: sqlite::/private/var/folders/sn/m80n2j152t9gw3w8qwk2nykh0000gn/T/pytest-of-macbook-dev/pytest-11851/test_failed_provider_persists_1/user_dbs/1/Media_DB_v2.db
2026-09-15 22:00:04.245 | INFO     | trace= span= tp= req= job= ps=: | tldw_Server_API.app.services.shutdown_post_runtime_cleanup:_close_managed_backend_registries:64 - App Shutdown: Database backend registries cleared
2026-09-15 22:00:04.246 | INFO     | trace= span= tp= req= job= ps=: | tldw_Server_API.app.services.shutdown_post_runtime_cleanup:_close_test_db_connections:77 - App Shutdown: No test DB instance found to close
2026-09-15 22:00:04.247 | INFO     | trace= span= tp= req= job= ps=: | tldw_Server_API.app.services.shutdown_owned_job_pollers:record_shutdown_timing_segment:131 - App Shutdown Timing: segment=total app teardown duration_ms=745
2026-09-15 22:00:04.248 | INFO     | trace= span= tp= req= job= ps=: | tldw_Server_API.app.services.shutdown_owned_job_pollers:record_shutdown_timing_total:184 - App Shutdown Timing: total duration_ms=745 slowest_segment=job_poller_quiesce slowest_duration_ms=612
2026-09-15 22:00:04.262 | INFO     | trace= span= tp= req= job= ps=: | tldw_Server_API.app.api.v1.API_Deps.ChaCha_Notes_DB_Deps:close_all_chacha_db_instances:862 - Closing all cached ChaChaNotesDB instances (0)...
2026-09-15 22:00:04.263 | INFO     | trace= span= tp= req= job= ps=: | tldw_Server_API.app.api.v1.API_Deps.ChaCha_Notes_DB_Deps:close_all_chacha_db_instances:878 - All ChaChaNotesDB instances closed and cache cleared.
2026-09-15 22:00:04.265 | INFO     | trace= span= tp= req= job= ps=: | tldw_Server_API.app.api.v1.API_Deps.ChaCha_Notes_DB_Deps:close_all_chacha_db_instances:862 - Closing all cached ChaChaNotesDB instances (0)...
2026-09-15 22:00:04.266 | INFO     | trace= span= tp= req= job= ps=: | tldw_Server_API.app.api.v1.API_Deps.ChaCha_Notes_DB_Deps:close_all_chacha_db_instances:878 - All ChaChaNotesDB instances closed and cache cleared.2026-09-15 22:00:07.089 | INFO     | trace= span= tp= req= job= ps=: | tldw_Server_API.app.api.v1.API_Deps.Audit_DB_Deps:_stop:309 - Audit service for user 1 stopped (removed).

=========================== short test summary info ============================
FAILED tldw_Server_API/tests/Chat/integration/test_persona_backed_chat_conversations.py::test_failed_retry_refuses_extra_unmatched_users_without_partial_writes
FAILED tldw_Server_API/tests/Chat/integration/test_persona_backed_chat_conversations.py::test_failed_provider_persists_client_correlation_before_any_response[True]
FAILED tldw_Server_API/tests/Chat/integration/test_persona_backed_chat_conversations.py::test_failed_provider_persists_client_correlation_before_any_response[False]
================ 3 failed, 23 deselected, 6 warnings in 21.26s =================
/Users/macbook-dev/Documents/GitHub/tldw_server2/.venv/lib/python3.11/site-packages/_pytest/pathlib.py:96: PytestWarning: (rm_rf) error removing /private/var/folders/sn/m80n2j152t9gw3w8qwk2nykh0000gn/T/pytest-of-macbook-dev/garbage-4b0a87c0-7537-43be-bb24-18f9ed9825cf/test_kokoro_constructor_direct3
<class 'OSError'>: [Errno 66] Directory not empty: 'test_kokoro_constructor_direct3'
  warnings.warn(
/Users/macbook-dev/Documents/GitHub/tldw_server2/.venv/lib/python3.11/site-packages/_pytest/pathlib.py:96: PytestWarning: (rm_rf) error removing /private/var/folders/sn/m80n2j152t9gw3w8qwk2nykh0000gn/T/pytest-of-macbook-dev/garbage-4b0a87c0-7537-43be-bb24-18f9ed9825cf
<class 'OSError'>: [Errno 66] Directory not empty: '/private/var/folders/sn/m80n2j152t9gw3w8qwk2nykh0000gn/T/pytest-of-macbook-dev/garbage-4b0a87c0-7537-43be-bb24-18f9ed9825cf'
  warnings.warn(
